ticket_id,created_at,customer_id,customer_segment,channel,product_area,issue_type,priority,status,sla_plan,initial_message,agent_first_reply,resolution_summary,resolution_time_hours,reopened,customer_sentiment,csat_score,has_attachment,platform,region
TCKT_000061,2023-01-06 20:57:25,CUST_00771,small_business,chat,notifications,other,medium,resolved,standard,"Something seems off, can you please check my workspace?",Thanks for contacting support. Our team is reviewing this and will follow up within 24 hours.,Provided general guidance and confirmed the issue was resolved.,28.68,0,positive,5,0,ios,EU
TCKT_000125,2023-01-06 04:31:27,CUST_06507,education,phone_transcript,billing,billing_problem,low,closed_no_action,standard,My invoice amount is incorrect compared to the plan I selected.,Thanks for reaching out about the billing issue. We will look into this and get back to you within the next 48 hours.,Ticket closed without further action after no response from the customer.,144.14,0,neutral,0,1,ios,LATAM
TCKT_000226,2023-01-06 10:20:16,CUST_01578,individual,email,mobile_app,account_access,medium,in_progress,gold,I cannot log in; the system says my password is incorrect.,Sorry to hear you're having trouble accessing your account. Our team is reviewing this and will follow up within 24 hours.,,,0,neutral,3,1,web,MEA
TCKT_000249,2023-01-16 23:33:01,CUST_04977,education,email,analytics_dashboard,performance,low,open,standard,The analytics dashboard page is very slow and takes a long time to load.,We understand performance issues can be frustrating. We will look into this and get back to you within the next 48 hours.,,,0,negative,2,0,desktop_app,
TCKT_000258,2023-01-20 12:24:25,CUST_03260,enterprise,email,api_integration,bug,low,on_hold,standard,I am seeing an error message when I click on api integration.,Thanks for reporting this bug. We will look into this and get back to you within the next 48 hours.,,,0,neutral,3,0,desktop_app,
TCKT_000284,2023-01-17 21:32:19,CUST_09011,non_profit,email,billing,account_access,medium,closed_no_action,standard,My 2FA code is not working when I try to sign in.,Sorry to hear you're having trouble accessing your account. Our team is reviewing this and will follow up within 24 hours.,Ticket closed without further action after no response from the customer.,232.24,0,very_negative,2,0,desktop_app,MEA
TCKT_000291,2023-01-03 11:48:25,CUST_00675,non_profit,chat,api_integration,feature_request,medium,resolved,standard,It would be great to have api integration support in your product.,Thanks for your feature suggestion. Our team is reviewing this and will follow up within 24 hours.,Captured the request and added it to the product backlog.,30.19,1,very_negative,2,0,api_client,MEA
TCKT_000315,2023-01-20 11:29:03,CUST_05811,non_profit,in_app,login_auth,bug,low,in_progress,standard,The login auth feature is not saving my changes.,Thanks for reporting this bug. We will look into this and get back to you within the next 48 hours.,,,0,positive,4,0,desktop_app,EU
TCKT_000349,2023-01-31 05:49:49,CUST_07082,education,email,api_integration,other,high,in_progress,gold,I have a general question about my account.,Thanks for contacting support. We are prioritizing this and will update you as soon as possible.,,,0,neutral,0,0,desktop_app,EU
TCKT_000352,2023-01-14 12:05:02,CUST_00205,individual,email,analytics_dashboard,performance,medium,resolved,platinum,Queries in the analytics dashboard module are timing out.,We understand performance issues can be frustrating. Our team is reviewing this and will follow up within 24 hours.,Optimized queries and increased resource allocation.,23.32,0,very_positive,5,0,web,MEA
TCKT_000393,2023-01-07 07:19:42,CUST_01997,individual,in_app,billing,billing_problem,low,resolved,platinum,I was charged twice for my subscription this month.,Thanks for reaching out about the billing issue. We will look into this and get back to you within the next 48 hours.,Adjusted the invoice and issued a refund where applicable.,10.56,0,negative,0,0,api_client,LATAM
TCKT_000424,2023-01-04 02:02:40,CUST_04052,individual,email,mobile_app,billing_problem,low,resolved,standard,I downgraded my plan but I am still being billed for the higher tier.,Thanks for reaching out about the billing issue. We will look into this and get back to you within the next 48 hours.,Adjusted the invoice and issued a refund where applicable.,57.93,0,very_positive,0,0,api_client,MEA
TCKT_000493,2023-01-30 02:31:04,CUST_00067,individual,email,login_auth,bug,low,in_progress,gold,I am seeing an error message when I click on login auth.,Thanks for reporting this bug. We will look into this and get back to you within the next 48 hours.,,,0,negative,0,0,ios,LATAM
TCKT_000554,2023-01-04 18:28:27,CUST_05093,individual,web_form,billing,account_access,low,resolved,standard,My account was locked after multiple failed login attempts.,Sorry to hear you're having trouble accessing your account. We will look into this and get back to you within the next 48 hours.,Reset account credentials and confirmed successful login.,10.25,0,neutral,3,0,api_client,LATAM
TCKT_000573,2023-01-27 07:14:35,CUST_04223,enterprise,phone_transcript,mobile_app,account_access,low,closed_no_action,standard,My 2FA code is not working when I try to sign in.,Sorry to hear you're having trouble accessing your account. We will look into this and get back to you within the next 48 hours.,Ticket closed without further action after no response from the customer.,142.22,0,positive,0,0,web,EU
TCKT_000602,2023-01-30 18:04:18,CUST_03484,small_business,phone_transcript,analytics_dashboard,other,urgent,closed_no_action,standard,I have a general question about my account.,Thanks for contacting support. This has been escalated to our on-call team for immediate attention.,Ticket closed without further action after no response from the customer.,32.63,0,neutral,4,0,ios,EU
TCKT_000626,2023-01-07 18:44:47,CUST_07457,education,email,billing,bug,low,in_progress,standard,The page keeps crashing whenever I try to open the billing section.,Thanks for reporting this bug. We will look into this and get back to you within the next 48 hours.,,,0,positive,5,0,android,EU
TCKT_000650,2023-01-07 08:50:15,CUST_02264,education,web_form,data_export,feature_request,medium,resolved,standard,Can you add an option to customize data export?,Thanks for your feature suggestion. Our team is reviewing this and will follow up within 24 hours.,Captured the request and added it to the product backlog.,22.39,0,very_positive,5,1,web,MEA
TCKT_000746,2023-01-20 17:12:18,CUST_02569,enterprise,chat,data_export,bug,medium,resolved,platinum,The page keeps crashing whenever I try to open the data export section.,Thanks for reporting this bug. Our team is reviewing this and will follow up within 24 hours.,Patched the bug and deployed a fix to production.,12.82,0,negative,0,0,web,APAC
TCKT_000870,2023-01-22 14:09:19,CUST_00145,education,in_app,data_export,bug,low,in_progress,standard,The page keeps crashing whenever I try to open the data export section.,Thanks for reporting this bug. We will look into this and get back to you within the next 48 hours.,,,0,positive,0,0,android,MEA
TCKT_000873,2023-01-18 02:00:55,CUST_00771,individual,phone_transcript,analytics_dashboard,bug,low,in_progress,standard,The analytics dashboard feature is not saving my changes.,Thanks for reporting this bug. We will look into this and get back to you within the next 48 hours.,,,0,neutral,4,0,ios,EU
TCKT_000911,2023-01-08 01:41:28,CUST_09272,individual,phone_transcript,mobile_app,security_concern,medium,in_progress,gold,There seems to be a vulnerability in the mobile app functionality.,We take security very seriously. Our team is reviewing this and will follow up within 24 hours.,,,0,very_negative,1,0,android,EU
TCKT_000945,2023-01-14 16:40:52,CUST_01621,small_business,chat,login_auth,account_access,low,in_progress,standard,My 2FA code is not working when I try to sign in.,Sorry to hear you're having trouble accessing your account. We will look into this and get back to you within the next 48 hours.,,,0,negative,3,0,desktop_app,EU
TCKT_001040,2023-01-26 05:35:18,CUST_01218,small_business,web_form,data_export,billing_problem,medium,resolved,standard,I downgraded my plan but I am still being billed for the higher tier.,Thanks for reaching out about the billing issue. Our team is reviewing this and will follow up within 24 hours.,Adjusted the invoice and issued a refund where applicable.,29.95,0,very_negative,0,1,ios,APAC
TCKT_001071,2023-01-09 18:08:27,CUST_02402,enterprise,email,login_auth,performance,urgent,resolved,gold,Overall performance has degraded in the last few days.,We understand performance issues can be frustrating. This has been escalated to our on-call team for immediate attention.,Optimized queries and increased resource allocation.,6.6,1,very_negative,0,0,desktop_app,EU
TCKT_001331,2023-01-03 16:24:49,CUST_08108,education,phone_transcript,billing,account_access,low,resolved,gold,My 2FA code is not working when I try to sign in.,Sorry to hear you're having trouble accessing your account. We will look into this and get back to you within the next 48 hours.,Reset account credentials and confirmed successful login.,34.16,0,neutral,0,0,api_client,EU
TCKT_001414,2023-01-26 22:38:32,CUST_07085,individual,chat,analytics_dashboard,security_concern,low,on_hold,standard,There seems to be a vulnerability in the analytics dashboard functionality.,We take security very seriously. We will look into this and get back to you within the next 48 hours.,,,0,very_negative,2,0,web,APAC
TCKT_001493,2023-01-04 00:40:03,CUST_02302,enterprise,chat,notifications,performance,high,resolved,standard,Overall performance has degraded in the last few days.,We understand performance issues can be frustrating. We are prioritizing this and will update you as soon as possible.,Optimized queries and increased resource allocation.,16.45,0,negative,0,0,api_client,
TCKT_001504,2023-01-18 14:24:38,CUST_02370,individual,phone_transcript,analytics_dashboard,feature_request,urgent,resolved,standard,Our team needs more advanced options for analytics dashboard.,Thanks for your feature suggestion. This has been escalated to our on-call team for immediate attention.,Captured the request and added it to the product backlog.,5.46,0,positive,5,1,android,LATAM
TCKT_001527,2023-01-19 03:47:00,CUST_06799,non_profit,chat,billing,account_access,low,in_progress,gold,My account was locked after multiple failed login attempts.,Sorry to hear you're having trouble accessing your account. We will look into this and get back to you within the next 48 hours.,,,0,positive,4,0,android,APAC
TCKT_001534,2023-01-11 12:54:21,CUST_05970,non_profit,phone_transcript,data_export,account_access,urgent,in_progress,gold,My account was locked after multiple failed login attempts.,Sorry to hear you're having trouble accessing your account. This has been escalated to our on-call team for immediate attention.,,,0,negative,0,1,ios,MEA
TCKT_001600,2023-01-17 23:09:43,CUST_02424,education,chat,notifications,feature_request,medium,resolved,gold,It would be great to have notifications support in your product.,Thanks for your feature suggestion. Our team is reviewing this and will follow up within 24 hours.,Captured the request and added it to the product backlog.,23.89,0,neutral,3,0,api_client,LATAM
TCKT_001626,2023-01-16 20:28:16,CUST_00196,small_business,email,billing,performance,medium,open,gold,Overall performance has degraded in the last few days.,We understand performance issues can be frustrating. Our team is reviewing this and will follow up within 24 hours.,,,0,negative,0,1,android,APAC
TCKT_001744,2023-01-17 14:17:36,CUST_03430,non_profit,chat,data_export,billing_problem,high,closed_no_action,standard,I downgraded my plan but I am still being billed for the higher tier.,Thanks for reaching out about the billing issue. We are prioritizing this and will update you as soon as possible.,Ticket closed without further action after no response from the customer.,148.28,0,negative,2,0,web,
TCKT_001754,2023-01-02 04:59:37,CUST_07766,small_business,web_form,api_integration,security_concern,low,resolved,standard,There seems to be a vulnerability in the api integration functionality.,We take security very seriously. We will look into this and get back to you within the next 48 hours.,"Investigated logs, mitigated the issue, and updated security settings.",64.05,0,neutral,4,0,ios,
TCKT_001814,2023-01-06 19:33:31,CUST_01752,small_business,in_app,data_export,account_access,low,resolved,standard,I cannot log in; the system says my password is incorrect.,Sorry to hear you're having trouble accessing your account. We will look into this and get back to you within the next 48 hours.,Reset account credentials and confirmed successful login.,45.59,0,very_negative,0,0,ios,MEA
TCKT_001845,2023-01-19 06:45:50,CUST_01003,individual,email,login_auth,other,low,resolved,standard,I have a general question about my account.,Thanks for contacting support. We will look into this and get back to you within the next 48 hours.,Provided general guidance and confirmed the issue was resolved.,10.48,0,very_negative,0,1,ios,
TCKT_001861,2023-01-02 23:13:06,CUST_00089,non_profit,web_form,analytics_dashboard,account_access,urgent,in_progress,standard,I cannot log in; the system says my password is incorrect.,Sorry to hear you're having trouble accessing your account. This has been escalated to our on-call team for immediate attention.,,,0,negative,3,1,desktop_app,LATAM
TCKT_001946,2023-01-15 16:03:31,CUST_09428,small_business,web_form,mobile_app,other,high,in_progress,gold,I need help but I'm not sure which category this fits in.,Thanks for contacting support. We are prioritizing this and will update you as soon as possible.,,,0,positive,4,1,web,APAC
TCKT_002020,2023-01-05 17:30:57,CUST_07729,education,in_app,analytics_dashboard,how_to,medium,resolved,standard,I need help setting up analytics dashboard for my team.,Happy to help with your question. Our team is reviewing this and will follow up within 24 hours.,Provided step-by-step instructions and relevant documentation.,16.2,0,very_positive,5,0,desktop_app,MEA
TCKT_002049,2023-01-05 09:40:47,CUST_00708,enterprise,web_form,api_integration,performance,medium,in_progress,standard,The api integration page is very slow and takes a long time to load.,We understand performance issues can be frustrating. Our team is reviewing this and will follow up within 24 hours.,,,0,neutral,4,0,android,EU
TCKT_002083,2023-01-23 13:17:04,CUST_05434,enterprise,web_form,mobile_app,other,high,on_hold,standard,I need help but I'm not sure which category this fits in.,Thanks for contacting support. We are prioritizing this and will update you as soon as possible.,,,0,very_negative,0,0,ios,MEA
TCKT_002110,2023-01-26 06:54:41,CUST_03910,small_business,chat,billing,security_concern,high,in_progress,standard,There seems to be a vulnerability in the billing functionality.,We take security very seriously. We are prioritizing this and will update you as soon as possible.,,,0,very_negative,2,1,ios,
TCKT_002167,2023-01-01 06:02:37,CUST_03385,enterprise,chat,mobile_app,performance,high,resolved,standard,Queries in the mobile app module are timing out.,We understand performance issues can be frustrating. We are prioritizing this and will update you as soon as possible.,Optimized queries and increased resource allocation.,22.46,0,neutral,4,1,web,LATAM
TCKT_002202,2023-01-02 18:47:51,CUST_01395,non_profit,phone_transcript,analytics_dashboard,account_access,medium,resolved,standard,My 2FA code is not working when I try to sign in.,Sorry to hear you're having trouble accessing your account. Our team is reviewing this and will follow up within 24 hours.,Reset account credentials and confirmed successful login.,42.05,0,very_negative,2,0,web,
TCKT_002219,2023-01-25 06:29:00,CUST_01761,education,in_app,data_export,how_to,medium,resolved,standard,How can I export my data from the data export section?,Happy to help with your question. Our team is reviewing this and will follow up within 24 hours.,Provided step-by-step instructions and relevant documentation.,37.92,0,negative,3,0,web,
TCKT_002262,2023-01-19 04:24:03,CUST_06388,non_profit,email,login_auth,how_to,low,in_progress,standard,I need help setting up login auth for my team.,Happy to help with your question. We will look into this and get back to you within the next 48 hours.,,,1,very_positive,0,1,api_client,MEA
TCKT_002277,2023-01-31 06:30:41,CUST_03985,small_business,email,api_integration,other,low,resolved,standard,I have a general question about my account.,Thanks for contacting support. We will look into this and get back to you within the next 48 hours.,Provided general guidance and confirmed the issue was resolved.,53.82,0,very_negative,1,0,android,MEA
TCKT_002541,2023-01-26 20:03:17,CUST_02145,education,phone_transcript,analytics_dashboard,billing_problem,urgent,resolved,standard,I was charged twice for my subscription this month.,Thanks for reaching out about the billing issue. This has been escalated to our on-call team for immediate attention.,Adjusted the invoice and issued a refund where applicable.,3.37,0,very_negative,2,0,web,APAC
TCKT_002547,2023-01-11 01:52:07,CUST_05920,non_profit,phone_transcript,data_export,performance,low,resolved,platinum,Queries in the data export module are timing out.,We understand performance issues can be frustrating. We will look into this and get back to you within the next 48 hours.,Optimized queries and increased resource allocation.,18.37,0,neutral,4,0,android,MEA
TCKT_002588,2023-01-25 00:53:59,CUST_07103,education,phone_transcript,billing,billing_problem,low,resolved,standard,I was charged twice for my subscription this month.,Thanks for reaching out about the billing issue. We will look into this and get back to you within the next 48 hours.,Adjusted the invoice and issued a refund where applicable.,49.91,0,very_negative,0,0,android,LATAM
TCKT_002615,2023-01-21 06:55:52,CUST_01361,enterprise,phone_transcript,login_auth,how_to,medium,on_hold,standard,How can I export my data from the login auth section?,Happy to help with your question. Our team is reviewing this and will follow up within 24 hours.,,,0,positive,0,0,api_client,MEA
TCKT_002618,2023-01-13 11:25:07,CUST_04685,individual,phone_transcript,mobile_app,how_to,low,resolved,standard,Can you explain how to configure mobile app properly?,Happy to help with your question. We will look into this and get back to you within the next 48 hours.,Provided step-by-step instructions and relevant documentation.,13.93,0,positive,5,0,api_client,MEA
TCKT_002619,2023-01-21 07:05:36,CUST_07266,non_profit,phone_transcript,api_integration,account_access,low,open,platinum,I cannot log in; the system says my password is incorrect.,Sorry to hear you're having trouble accessing your account. We will look into this and get back to you within the next 48 hours.,,,0,very_negative,0,0,desktop_app,
TCKT_002676,2023-01-21 06:09:34,CUST_06861,small_business,web_form,mobile_app,security_concern,medium,resolved,standard,There seems to be a vulnerability in the mobile app functionality.,We take security very seriously. Our team is reviewing this and will follow up within 24 hours.,"Investigated logs, mitigated the issue, and updated security settings.",14.72,0,neutral,0,0,desktop_app,
TCKT_002710,2023-01-12 10:58:08,CUST_05125,education,phone_transcript,data_export,security_concern,high,resolved,standard,I noticed a suspicious login on my account.,We take security very seriously. We are prioritizing this and will update you as soon as possible.,"Investigated logs, mitigated the issue, and updated security settings.",23.0,0,very_negative,2,0,ios,APAC
TCKT_002802,2023-01-03 00:54:59,CUST_03227,small_business,email,mobile_app,bug,urgent,resolved,standard,I am seeing an error message when I click on mobile app.,Thanks for reporting this bug. This has been escalated to our on-call team for immediate attention.,Patched the bug and deployed a fix to production.,0.51,0,positive,4,1,api_client,EU
TCKT_002864,2023-01-07 14:52:14,CUST_01366,non_profit,chat,analytics_dashboard,account_access,low,resolved,standard,My 2FA code is not working when I try to sign in.,Sorry to hear you're having trouble accessing your account. We will look into this and get back to you within the next 48 hours.,Reset account credentials and confirmed successful login.,13.04,0,negative,2,0,android,EU
TCKT_002934,2023-01-06 21:29:48,CUST_01198,individual,phone_transcript,login_auth,billing_problem,medium,closed_no_action,gold,I downgraded my plan but I am still being billed for the higher tier.,Thanks for reaching out about the billing issue. Our team is reviewing this and will follow up within 24 hours.,Ticket closed without further action after no response from the customer.,206.29,0,negative,3,0,desktop_app,EU
TCKT_002946,2023-01-26 15:47:14,CUST_02721,education,in_app,api_integration,account_access,low,resolved,gold,I cannot log in; the system says my password is incorrect.,Sorry to hear you're having trouble accessing your account. We will look into this and get back to you within the next 48 hours.,Reset account credentials and confirmed successful login.,36.23,0,very_negative,1,1,desktop_app,LATAM
TCKT_002952,2023-01-04 02:27:03,CUST_01038,education,in_app,notifications,feature_request,urgent,on_hold,standard,It would be great to have notifications support in your product.,Thanks for your feature suggestion. This has been escalated to our on-call team for immediate attention.,,,0,positive,0,0,web,LATAM
TCKT_002959,2023-01-24 22:18:46,CUST_00313,non_profit,web_form,api_integration,performance,low,resolved,standard,Overall performance has degraded in the last few days.,We understand performance issues can be frustrating. We will look into this and get back to you within the next 48 hours.,Optimized queries and increased resource allocation.,42.41,0,neutral,3,0,web,MEA
TCKT_002975,2023-01-15 23:02:18,CUST_09590,small_business,phone_transcript,api_integration,billing_problem,medium,resolved,platinum,I downgraded my plan but I am still being billed for the higher tier.,Thanks for reaching out about the billing issue. Our team is reviewing this and will follow up within 24 hours.,Adjusted the invoice and issued a refund where applicable.,40.62,0,negative,3,0,desktop_app,APAC
TCKT_003040,2023-01-24 13:33:24,CUST_05148,non_profit,phone_transcript,data_export,how_to,high,in_progress,gold,I need help setting up data export for my team.,Happy to help with your question. We are prioritizing this and will update you as soon as possible.,,,0,neutral,3,1,api_client,MEA
TCKT_003044,2023-01-26 20:40:38,CUST_01129,small_business,in_app,billing,account_access,medium,resolved,gold,My 2FA code is not working when I try to sign in.,Sorry to hear you're having trouble accessing your account. Our team is reviewing this and will follow up within 24 hours.,Reset account credentials and confirmed successful login.,39.6,0,negative,2,0,desktop_app,MEA
TCKT_003150,2023-01-20 15:27:48,CUST_04402,individual,chat,notifications,billing_problem,medium,resolved,gold,My invoice amount is incorrect compared to the plan I selected.,Thanks for reaching out about the billing issue. Our team is reviewing this and will follow up within 24 hours.,Adjusted the invoice and issued a refund where applicable.,15.75,0,negative,3,0,android,
TCKT_003151,2023-01-12 22:06:13,CUST_02063,small_business,web_form,mobile_app,performance,low,on_hold,gold,Queries in the mobile app module are timing out.,We understand performance issues can be frustrating. We will look into this and get back to you within the next 48 hours.,,,0,very_negative,1,1,android,
TCKT_003188,2023-01-19 20:10:20,CUST_00208,small_business,web_form,login_auth,feature_request,medium,resolved,gold,It would be great to have login auth support in your product.,Thanks for your feature suggestion. Our team is reviewing this and will follow up within 24 hours.,Captured the request and added it to the product backlog.,42.88,0,negative,2,1,desktop_app,EU
TCKT_003199,2023-01-17 12:16:15,CUST_01402,enterprise,web_form,mobile_app,other,medium,closed_no_action,standard,"Something seems off, can you please check my workspace?",Thanks for contacting support. Our team is reviewing this and will follow up within 24 hours.,Ticket closed without further action after no response from the customer.,69.27,0,neutral,4,0,api_client,APAC
TCKT_003224,2023-01-18 23:43:12,CUST_06222,education,email,api_integration,account_access,high,resolved,gold,I cannot log in; the system says my password is incorrect.,Sorry to hear you're having trouble accessing your account. We are prioritizing this and will update you as soon as possible.,Reset account credentials and confirmed successful login.,10.4,0,very_negative,2,1,api_client,
TCKT_003250,2023-01-11 02:13:39,CUST_03278,non_profit,web_form,data_export,performance,low,resolved,standard,Overall performance has degraded in the last few days.,We understand performance issues can be frustrating. We will look into this and get back to you within the next 48 hours.,Optimized queries and increased resource allocation.,49.8,0,negative,3,1,web,APAC
TCKT_003254,2023-01-21 15:42:36,CUST_09443,individual,in_app,data_export,how_to,medium,open,gold,Can you explain how to configure data export properly?,Happy to help with your question. Our team is reviewing this and will follow up within 24 hours.,,,0,neutral,4,1,desktop_app,MEA
TCKT_003294,2023-01-15 11:03:36,CUST_09017,individual,email,mobile_app,account_access,medium,resolved,standard,My account was locked after multiple failed login attempts.,Sorry to hear you're having trouble accessing your account. Our team is reviewing this and will follow up within 24 hours.,Reset account credentials and confirmed successful login.,43.92,0,neutral,4,1,desktop_app,APAC
TCKT_003306,2023-01-18 11:35:03,CUST_06119,education,in_app,analytics_dashboard,security_concern,medium,on_hold,standard,There seems to be a vulnerability in the analytics dashboard functionality.,We take security very seriously. Our team is reviewing this and will follow up within 24 hours.,,,0,neutral,0,0,web,
TCKT_003313,2023-01-11 10:30:10,CUST_02755,small_business,chat,api_integration,feature_request,low,in_progress,standard,Our team needs more advanced options for api integration.,Thanks for your feature suggestion. We will look into this and get back to you within the next 48 hours.,,,0,very_positive,5,1,android,
TCKT_003328,2023-01-19 00:13:23,CUST_09676,enterprise,in_app,notifications,how_to,low,on_hold,standard,How can I export my data from the notifications section?,Happy to help with your question. We will look into this and get back to you within the next 48 hours.,,,0,neutral,4,1,android,APAC
TCKT_003331,2023-01-01 17:45:13,CUST_04048,small_business,web_form,api_integration,how_to,medium,resolved,gold,How can I export my data from the api integration section?,Happy to help with your question. Our team is reviewing this and will follow up within 24 hours.,Provided step-by-step instructions and relevant documentation.,29.67,0,negative,3,0,web,EU
TCKT_003419,2023-01-29 17:30:56,CUST_00253,enterprise,web_form,mobile_app,how_to,high,resolved,standard,Can you explain how to configure mobile app properly?,Happy to help with your question. We are prioritizing this and will update you as soon as possible.,Provided step-by-step instructions and relevant documentation.,17.09,0,neutral,0,0,ios,MEA
TCKT_003432,2023-01-19 06:45:19,CUST_00938,enterprise,phone_transcript,api_integration,billing_problem,high,on_hold,standard,I downgraded my plan but I am still being billed for the higher tier.,Thanks for reaching out about the billing issue. We are prioritizing this and will update you as soon as possible.,,,0,positive,5,0,desktop_app,APAC
TCKT_003458,2023-01-16 15:46:06,CUST_06433,education,web_form,billing,other,high,in_progress,gold,"Something seems off, can you please check my workspace?",Thanks for contacting support. We are prioritizing this and will update you as soon as possible.,,,0,positive,0,1,desktop_app,EU
TCKT_003482,2023-01-18 14:13:39,CUST_04179,non_profit,email,billing,billing_problem,low,resolved,standard,I downgraded my plan but I am still being billed for the higher tier.,Thanks for reaching out about the billing issue. We will look into this and get back to you within the next 48 hours.,Adjusted the invoice and issued a refund where applicable.,15.84,0,positive,5,1,android,MEA
TCKT_003522,2023-01-15 05:54:09,CUST_02202,small_business,in_app,data_export,how_to,medium,resolved,standard,How can I export my data from the data export section?,Happy to help with your question. Our team is reviewing this and will follow up within 24 hours.,Provided step-by-step instructions and relevant documentation.,19.18,0,positive,0,1,api_client,LATAM
TCKT_003523,2023-01-13 08:06:51,CUST_07722,non_profit,phone_transcript,billing,feature_request,medium,in_progress,gold,It would be great to have billing support in your product.,Thanks for your feature suggestion. Our team is reviewing this and will follow up within 24 hours.,,,0,neutral,4,0,ios,MEA
TCKT_003597,2023-01-16 15:27:12,CUST_09702,education,email,mobile_app,feature_request,low,closed_no_action,standard,It would be great to have mobile app support in your product.,Thanks for your feature suggestion. We will look into this and get back to you within the next 48 hours.,Ticket closed without further action after no response from the customer.,83.67,0,very_positive,5,0,desktop_app,LATAM
TCKT_003609,2023-01-25 16:52:45,CUST_06117,small_business,phone_transcript,notifications,account_access,high,resolved,gold,I cannot log in; the system says my password is incorrect.,Sorry to hear you're having trouble accessing your account. We are prioritizing this and will update you as soon as possible.,Reset account credentials and confirmed successful login.,6.83,0,very_negative,0,0,ios,
TCKT_003619,2023-01-16 08:07:51,CUST_09444,individual,email,login_auth,how_to,low,resolved,standard,How can I export my data from the login auth section?,Happy to help with your question. We will look into this and get back to you within the next 48 hours.,Provided step-by-step instructions and relevant documentation.,10.76,1,very_positive,0,1,ios,APAC
TCKT_003736,2023-01-07 10:27:03,CUST_08302,education,web_form,api_integration,other,medium,resolved,standard,I need help but I'm not sure which category this fits in.,Thanks for contacting support. Our team is reviewing this and will follow up within 24 hours.,Provided general guidance and confirmed the issue was resolved.,23.64,0,negative,3,0,android,APAC
TCKT_003805,2023-01-30 11:15:11,CUST_01882,individual,web_form,billing,account_access,low,closed_no_action,standard,My account was locked after multiple failed login attempts.,Sorry to hear you're having trouble accessing your account. We will look into this and get back to you within the next 48 hours.,Ticket closed without further action after no response from the customer.,34.83,0,negative,3,0,api_client,LATAM
TCKT_003846,2023-01-15 00:42:34,CUST_03821,enterprise,phone_transcript,data_export,security_concern,medium,in_progress,platinum,We need details about your data encryption and compliance.,We take security very seriously. Our team is reviewing this and will follow up within 24 hours.,,,0,negative,0,0,android,EU
TCKT_003847,2023-01-11 16:16:49,CUST_08041,small_business,chat,analytics_dashboard,bug,low,resolved,standard,I am seeing an error message when I click on analytics dashboard.,Thanks for reporting this bug. We will look into this and get back to you within the next 48 hours.,Patched the bug and deployed a fix to production.,32.43,0,very_negative,2,0,desktop_app,LATAM
TCKT_003885,2023-01-06 17:41:55,CUST_08269,non_profit,phone_transcript,billing,account_access,low,resolved,standard,My 2FA code is not working when I try to sign in.,Sorry to hear you're having trouble accessing your account. We will look into this and get back to you within the next 48 hours.,Reset account credentials and confirmed successful login.,45.11,0,neutral,4,0,desktop_app,EU
TCKT_003903,2023-01-25 03:45:53,CUST_01239,individual,phone_transcript,api_integration,account_access,high,on_hold,standard,My account was locked after multiple failed login attempts.,Sorry to hear you're having trouble accessing your account. We are prioritizing this and will update you as soon as possible.,,,0,negative,2,0,ios,MEA
TCKT_004018,2023-01-22 18:16:22,CUST_03445,non_profit,email,analytics_dashboard,billing_problem,urgent,resolved,standard,My invoice amount is incorrect compared to the plan I selected.,Thanks for reaching out about the billing issue. This has been escalated to our on-call team for immediate attention.,Adjusted the invoice and issued a refund where applicable.,6.5,0,neutral,4,1,android,
TCKT_004076,2023-01-04 15:11:26,CUST_06493,individual,phone_transcript,billing,feature_request,low,resolved,standard,It would be great to have billing support in your product.,Thanks for your feature suggestion. We will look into this and get back to you within the next 48 hours.,Captured the request and added it to the product backlog.,42.01,0,very_negative,1,0,web,MEA
TCKT_004112,2023-01-29 11:20:01,CUST_02900,individual,in_app,analytics_dashboard,how_to,medium,resolved,gold,How can I export my data from the analytics dashboard section?,Happy to help with your question. Our team is reviewing this and will follow up within 24 hours.,Provided step-by-step instructions and relevant documentation.,24.97,0,neutral,3,1,api_client,LATAM
TCKT_004144,2023-01-13 04:20:10,CUST_02602,enterprise,phone_transcript,login_auth,account_access,medium,closed_no_action,standard,My 2FA code is not working when I try to sign in.,Sorry to hear you're having trouble accessing your account. Our team is reviewing this and will follow up within 24 hours.,Ticket closed without further action after no response from the customer.,93.1,0,positive,0,0,api_client,APAC
TCKT_004162,2023-01-12 13:48:46,CUST_03317,individual,email,analytics_dashboard,billing_problem,low,resolved,standard,I downgraded my plan but I am still being billed for the higher tier.,Thanks for reaching out about the billing issue. We will look into this and get back to you within the next 48 hours.,Adjusted the invoice and issued a refund where applicable.,56.41,0,negative,2,1,api_client,APAC
TCKT_004205,2023-01-12 19:24:19,CUST_09864,non_profit,chat,mobile_app,account_access,low,resolved,standard,I cannot log in; the system says my password is incorrect.,Sorry to hear you're having trouble accessing your account. We will look into this and get back to you within the next 48 hours.,Reset account credentials and confirmed successful login.,17.26,0,neutral,0,0,web,APAC
TCKT_004214,2023-01-18 06:37:07,CUST_08852,enterprise,web_form,api_integration,security_concern,low,on_hold,gold,We need details about your data encryption and compliance.,We take security very seriously. We will look into this and get back to you within the next 48 hours.,,,0,very_negative,1,1,ios,EU
TCKT_004232,2023-01-19 04:34:43,CUST_03079,enterprise,chat,login_auth,feature_request,medium,on_hold,standard,Can you add an option to customize login auth?,Thanks for your feature suggestion. Our team is reviewing this and will follow up within 24 hours.,,,0,positive,5,0,android,EU
TCKT_004275,2023-01-18 07:16:03,CUST_04226,small_business,web_form,analytics_dashboard,performance,low,on_hold,standard,Queries in the analytics dashboard module are timing out.,We understand performance issues can be frustrating. We will look into this and get back to you within the next 48 hours.,,,0,neutral,3,1,web,APAC
TCKT_004302,2023-01-30 01:01:03,CUST_01195,education,web_form,data_export,how_to,low,in_progress,gold,Can you explain how to configure data export properly?,Happy to help with your question. We will look into this and get back to you within the next 48 hours.,,,0,neutral,4,0,android,LATAM
TCKT_004348,2023-01-05 22:00:59,CUST_07288,enterprise,web_form,data_export,billing_problem,medium,resolved,standard,My invoice amount is incorrect compared to the plan I selected.,Thanks for reaching out about the billing issue. Our team is reviewing this and will follow up within 24 hours.,Adjusted the invoice and issued a refund where applicable.,29.4,0,very_positive,0,0,web,
TCKT_004435,2023-01-01 03:00:18,CUST_08702,non_profit,email,api_integration,billing_problem,medium,closed_no_action,standard,My invoice amount is incorrect compared to the plan I selected.,Thanks for reaching out about the billing issue. Our team is reviewing this and will follow up within 24 hours.,Ticket closed without further action after no response from the customer.,185.24,0,negative,2,0,web,
TCKT_004457,2023-01-23 23:38:34,CUST_08552,individual,web_form,login_auth,how_to,low,resolved,standard,Can you explain how to configure login auth properly?,Happy to help with your question. We will look into this and get back to you within the next 48 hours.,Provided step-by-step instructions and relevant documentation.,71.73,0,neutral,0,0,desktop_app,MEA
TCKT_004520,2023-01-03 02:14:34,CUST_03352,non_profit,in_app,data_export,bug,low,in_progress,standard,I am seeing an error message when I click on data export.,Thanks for reporting this bug. We will look into this and get back to you within the next 48 hours.,,,0,very_negative,2,0,api_client,EU
TCKT_004682,2023-01-09 17:36:22,CUST_05648,small_business,email,login_auth,security_concern,low,open,gold,There seems to be a vulnerability in the login auth functionality.,We take security very seriously. We will look into this and get back to you within the next 48 hours.,,,0,negative,2,0,web,LATAM
TCKT_004773,2023-01-06 00:32:33,CUST_03117,individual,chat,data_export,feature_request,medium,closed_no_action,gold,It would be great to have data export support in your product.,Thanks for your feature suggestion. Our team is reviewing this and will follow up within 24 hours.,Ticket closed without further action after no response from the customer.,122.62,0,negative,3,0,android,
TCKT_004902,2023-01-31 15:48:53,CUST_04005,enterprise,in_app,analytics_dashboard,security_concern,low,resolved,standard,There seems to be a vulnerability in the analytics dashboard functionality.,We take security very seriously. We will look into this and get back to you within the next 48 hours.,"Investigated logs, mitigated the issue, and updated security settings.",32.69,0,neutral,3,1,desktop_app,LATAM
TCKT_004921,2023-01-11 18:02:36,CUST_03576,education,email,mobile_app,performance,medium,in_progress,platinum,Overall performance has degraded in the last few days.,We understand performance issues can be frustrating. Our team is reviewing this and will follow up within 24 hours.,,,0,very_negative,0,0,api_client,LATAM
TCKT_005020,2023-01-10 13:53:33,CUST_09526,small_business,chat,data_export,account_access,medium,closed_no_action,standard,My account was locked after multiple failed login attempts.,Sorry to hear you're having trouble accessing your account. Our team is reviewing this and will follow up within 24 hours.,Ticket closed without further action after no response from the customer.,67.01,0,negative,2,0,api_client,LATAM
TCKT_005152,2023-01-18 06:31:56,CUST_00096,enterprise,phone_transcript,mobile_app,performance,low,resolved,standard,Queries in the mobile app module are timing out.,We understand performance issues can be frustrating. We will look into this and get back to you within the next 48 hours.,Optimized queries and increased resource allocation.,57.95,0,negative,2,0,desktop_app,
TCKT_005180,2023-01-03 08:36:09,CUST_03757,individual,chat,analytics_dashboard,bug,low,in_progress,gold,I am seeing an error message when I click on analytics dashboard.,Thanks for reporting this bug. We will look into this and get back to you within the next 48 hours.,,,0,very_negative,0,0,ios,LATAM
TCKT_005212,2023-01-11 07:00:56,CUST_05887,small_business,email,mobile_app,how_to,medium,resolved,platinum,I need help setting up mobile app for my team.,Happy to help with your question. Our team is reviewing this and will follow up within 24 hours.,Provided step-by-step instructions and relevant documentation.,5.35,0,neutral,0,1,ios,
TCKT_005257,2023-01-09 12:31:44,CUST_06213,non_profit,email,login_auth,feature_request,medium,resolved,gold,Can you add an option to customize login auth?,Thanks for your feature suggestion. Our team is reviewing this and will follow up within 24 hours.,Captured the request and added it to the product backlog.,15.32,0,neutral,4,1,android,
TCKT_005277,2023-01-01 11:42:43,CUST_06867,individual,email,analytics_dashboard,other,low,resolved,gold,I need help but I'm not sure which category this fits in.,Thanks for contacting support. We will look into this and get back to you within the next 48 hours.,Provided general guidance and confirmed the issue was resolved.,68.49,0,neutral,0,0,api_client,
TCKT_005342,2023-01-15 08:31:38,CUST_04030,non_profit,email,notifications,other,low,in_progress,standard,I have a general question about my account.,Thanks for contacting support. We will look into this and get back to you within the next 48 hours.,,,1,very_positive,5,1,android,MEA
TCKT_005575,2023-01-05 19:34:16,CUST_02183,individual,phone_transcript,data_export,billing_problem,medium,resolved,standard,My invoice amount is incorrect compared to the plan I selected.,Thanks for reaching out about the billing issue. Our team is reviewing this and will follow up within 24 hours.,Adjusted the invoice and issued a refund where applicable.,42.55,0,neutral,4,0,api_client,LATAM
TCKT_005601,2023-01-14 00:55:06,CUST_09442,individual,chat,api_integration,how_to,medium,resolved,standard,I need help setting up api integration for my team.,Happy to help with your question. Our team is reviewing this and will follow up within 24 hours.,Provided step-by-step instructions and relevant documentation.,18.71,0,neutral,0,0,ios,MEA
TCKT_005605,2023-01-29 04:11:34,CUST_00571,individual,web_form,notifications,account_access,low,in_progress,standard,My 2FA code is not working when I try to sign in.,Sorry to hear you're having trouble accessing your account. We will look into this and get back to you within the next 48 hours.,,,0,very_negative,0,1,api_client,
TCKT_005631,2023-01-02 22:40:03,CUST_06921,small_business,web_form,api_integration,security_concern,low,open,standard,We need details about your data encryption and compliance.,We take security very seriously. We will look into this and get back to you within the next 48 hours.,,,0,neutral,0,0,api_client,
TCKT_005700,2023-01-02 14:52:01,CUST_07651,enterprise,chat,notifications,how_to,low,closed_no_action,gold,I need help setting up notifications for my team.,Happy to help with your question. We will look into this and get back to you within the next 48 hours.,Ticket closed without further action after no response from the customer.,39.98,0,very_positive,0,0,ios,
TCKT_005735,2023-01-30 16:59:24,CUST_01782,non_profit,phone_transcript,billing,security_concern,low,resolved,standard,There seems to be a vulnerability in the billing functionality.,We take security very seriously. We will look into this and get back to you within the next 48 hours.,"Investigated logs, mitigated the issue, and updated security settings.",42.38,0,negative,2,0,web,EU
TCKT_005973,2023-01-17 09:50:15,CUST_08944,individual,email,notifications,performance,medium,resolved,platinum,Overall performance has degraded in the last few days.,We understand performance issues can be frustrating. Our team is reviewing this and will follow up within 24 hours.,Optimized queries and increased resource allocation.,37.29,1,very_negative,0,1,web,
TCKT_006020,2023-01-30 04:34:50,CUST_06616,small_business,email,notifications,performance,high,resolved,gold,The notifications page is very slow and takes a long time to load.,We understand performance issues can be frustrating. We are prioritizing this and will update you as soon as possible.,Optimized queries and increased resource allocation.,11.45,1,neutral,3,0,web,
TCKT_006043,2023-01-26 14:29:22,CUST_01231,small_business,chat,analytics_dashboard,security_concern,high,on_hold,gold,There seems to be a vulnerability in the analytics dashboard functionality.,We take security very seriously. We are prioritizing this and will update you as soon as possible.,,,0,negative,2,0,ios,LATAM
TCKT_006138,2023-01-16 02:05:41,CUST_06790,individual,web_form,login_auth,other,low,in_progress,standard,I need help but I'm not sure which category this fits in.,Thanks for contacting support. We will look into this and get back to you within the next 48 hours.,,,0,positive,0,0,api_client,MEA
TCKT_006140,2023-01-04 20:51:33,CUST_07938,small_business,in_app,billing,feature_request,low,resolved,standard,Our team needs more advanced options for billing.,Thanks for your feature suggestion. We will look into this and get back to you within the next 48 hours.,Captured the request and added it to the product backlog.,10.97,1,negative,2,0,api_client,
TCKT_006141,2023-01-10 02:01:35,CUST_03483,small_business,web_form,billing,how_to,low,in_progress,gold,How can I export my data from the billing section?,Happy to help with your question. We will look into this and get back to you within the next 48 hours.,,,0,very_positive,5,0,desktop_app,APAC
TCKT_006154,2023-01-31 05:14:05,CUST_09280,enterprise,phone_transcript,analytics_dashboard,performance,high,resolved,standard,Queries in the analytics dashboard module are timing out.,We understand performance issues can be frustrating. We are prioritizing this and will update you as soon as possible.,Optimized queries and increased resource allocation.,6.68,0,negative,2,0,desktop_app,
TCKT_006184,2023-01-10 14:07:52,CUST_05950,non_profit,chat,analytics_dashboard,bug,low,open,platinum,The analytics dashboard feature is not saving my changes.,Thanks for reporting this bug. We will look into this and get back to you within the next 48 hours.,,,0,negative,3,0,ios,LATAM
TCKT_006211,2023-01-23 02:32:17,CUST_02249,small_business,in_app,billing,billing_problem,medium,on_hold,gold,My invoice amount is incorrect compared to the plan I selected.,Thanks for reaching out about the billing issue. Our team is reviewing this and will follow up within 24 hours.,,,0,very_positive,5,0,api_client,
TCKT_006229,2023-01-01 04:54:42,CUST_03025,individual,email,api_integration,billing_problem,low,resolved,gold,I was charged twice for my subscription this month.,Thanks for reaching out about the billing issue. We will look into this and get back to you within the next 48 hours.,Adjusted the invoice and issued a refund where applicable.,37.99,0,negative,0,0,desktop_app,LATAM
TCKT_006418,2023-01-04 07:46:38,CUST_06920,enterprise,phone_transcript,analytics_dashboard,other,low,resolved,gold,"Something seems off, can you please check my workspace?",Thanks for contacting support. We will look into this and get back to you within the next 48 hours.,Provided general guidance and confirmed the issue was resolved.,30.79,0,positive,4,0,desktop_app,
TCKT_006446,2023-01-31 10:05:02,CUST_06483,non_profit,in_app,mobile_app,security_concern,low,in_progress,standard,We need details about your data encryption and compliance.,We take security very seriously. We will look into this and get back to you within the next 48 hours.,,,0,negative,2,0,web,MEA
TCKT_006450,2023-01-16 06:06:02,CUST_03802,enterprise,email,api_integration,account_access,high,resolved,gold,I cannot log in; the system says my password is incorrect.,Sorry to hear you're having trouble accessing your account. We are prioritizing this and will update you as soon as possible.,Reset account credentials and confirmed successful login.,22.91,0,positive,4,0,api_client,APAC
TCKT_006453,2023-01-23 04:33:17,CUST_00634,education,web_form,analytics_dashboard,security_concern,high,resolved,gold,We need details about your data encryption and compliance.,We take security very seriously. We are prioritizing this and will update you as soon as possible.,"Investigated logs, mitigated the issue, and updated security settings.",10.37,0,positive,4,1,web,LATAM
TCKT_006460,2023-01-11 06:04:53,CUST_06977,enterprise,in_app,billing,performance,low,resolved,gold,The billing page is very slow and takes a long time to load.,We understand performance issues can be frustrating. We will look into this and get back to you within the next 48 hours.,Optimized queries and increased resource allocation.,47.34,0,very_positive,5,0,android,EU
TCKT_006472,2023-01-13 21:24:00,CUST_00139,small_business,phone_transcript,login_auth,security_concern,low,on_hold,platinum,There seems to be a vulnerability in the login auth functionality.,We take security very seriously. We will look into this and get back to you within the next 48 hours.,,,0,negative,2,0,api_client,MEA
TCKT_006493,2023-01-13 00:30:38,CUST_01596,enterprise,phone_transcript,mobile_app,how_to,low,on_hold,standard,Can you explain how to configure mobile app properly?,Happy to help with your question. We will look into this and get back to you within the next 48 hours.,,,0,negative,2,0,api_client,EU
TCKT_006542,2023-01-15 23:44:04,CUST_05166,non_profit,phone_transcript,notifications,bug,medium,open,standard,I am seeing an error message when I click on notifications.,Thanks for reporting this bug. Our team is reviewing this and will follow up within 24 hours.,,,0,positive,0,0,web,APAC
TCKT_006568,2023-01-15 11:10:20,CUST_03358,non_profit,phone_transcript,mobile_app,security_concern,low,resolved,standard,We need details about your data encryption and compliance.,We take security very seriously. We will look into this and get back to you within the next 48 hours.,"Investigated logs, mitigated the issue, and updated security settings.",40.67,0,very_negative,2,0,api_client,LATAM
TCKT_006645,2023-01-13 10:05:08,CUST_01351,non_profit,email,login_auth,performance,medium,closed_no_action,standard,Queries in the login auth module are timing out.,We understand performance issues can be frustrating. Our team is reviewing this and will follow up within 24 hours.,Ticket closed without further action after no response from the customer.,110.72,0,very_positive,0,0,api_client,EU
TCKT_006682,2023-01-31 07:42:50,CUST_05247,non_profit,in_app,mobile_app,feature_request,low,resolved,standard,It would be great to have mobile app support in your product.,Thanks for your feature suggestion. We will look into this and get back to you within the next 48 hours.,Captured the request and added it to the product backlog.,58.64,0,positive,4,1,web,APAC
TCKT_006686,2023-01-22 22:52:22,CUST_03054,education,phone_transcript,data_export,billing_problem,low,resolved,standard,My invoice amount is incorrect compared to the plan I selected.,Thanks for reaching out about the billing issue. We will look into this and get back to you within the next 48 hours.,Adjusted the invoice and issued a refund where applicable.,10.08,0,negative,0,0,api_client,MEA
TCKT_006699,2023-01-22 08:52:15,CUST_07509,individual,email,notifications,bug,low,resolved,standard,The page keeps crashing whenever I try to open the notifications section.,Thanks for reporting this bug. We will look into this and get back to you within the next 48 hours.,Patched the bug and deployed a fix to production.,47.32,0,positive,5,0,ios,EU
TCKT_006732,2023-01-17 07:49:59,CUST_04487,enterprise,in_app,data_export,security_concern,medium,resolved,standard,We need details about your data encryption and compliance.,We take security very seriously. Our team is reviewing this and will follow up within 24 hours.,"Investigated logs, mitigated the issue, and updated security settings.",17.33,0,very_negative,2,0,desktop_app,LATAM
TCKT_006784,2023-01-13 03:41:53,CUST_03748,enterprise,chat,login_auth,performance,low,on_hold,gold,The login auth page is very slow and takes a long time to load.,We understand performance issues can be frustrating. We will look into this and get back to you within the next 48 hours.,,,0,negative,3,0,ios,MEA
TCKT_006804,2023-01-27 05:08:19,CUST_06951,individual,chat,notifications,bug,low,resolved,gold,I am seeing an error message when I click on notifications.,Thanks for reporting this bug. We will look into this and get back to you within the next 48 hours.,Patched the bug and deployed a fix to production.,70.81,0,negative,2,0,api_client,LATAM
TCKT_006806,2023-01-28 07:49:10,CUST_06425,education,in_app,login_auth,other,low,resolved,standard,I have a general question about my account.,Thanks for contacting support. We will look into this and get back to you within the next 48 hours.,Provided general guidance and confirmed the issue was resolved.,34.78,0,very_negative,2,0,android,LATAM
TCKT_006838,2023-01-18 23:17:03,CUST_04828,non_profit,in_app,api_integration,other,medium,resolved,standard,I have a general question about my account.,Thanks for contacting support. Our team is reviewing this and will follow up within 24 hours.,Provided general guidance and confirmed the issue was resolved.,10.56,0,neutral,4,0,web,LATAM
TCKT_006901,2023-01-17 06:17:01,CUST_05935,enterprise,in_app,notifications,performance,low,in_progress,standard,Queries in the notifications module are timing out.,We understand performance issues can be frustrating. We will look into this and get back to you within the next 48 hours.,,,0,neutral,0,1,desktop_app,MEA
TCKT_006913,2023-01-07 12:39:26,CUST_02457,non_profit,in_app,billing,billing_problem,low,open,standard,I was charged twice for my subscription this month.,Thanks for reaching out about the billing issue. We will look into this and get back to you within the next 48 hours.,,,0,negative,2,0,desktop_app,EU
TCKT_006983,2023-01-29 15:36:06,CUST_05779,small_business,web_form,notifications,account_access,medium,resolved,standard,I cannot log in; the system says my password is incorrect.,Sorry to hear you're having trouble accessing your account. Our team is reviewing this and will follow up within 24 hours.,Reset account credentials and confirmed successful login.,33.6,0,very_negative,2,0,web,APAC
TCKT_007013,2023-01-27 02:32:42,CUST_00984,individual,phone_transcript,notifications,billing_problem,medium,resolved,standard,I was charged twice for my subscription this month.,Thanks for reaching out about the billing issue. Our team is reviewing this and will follow up within 24 hours.,Adjusted the invoice and issued a refund where applicable.,39.45,0,very_negative,1,0,web,LATAM
TCKT_007030,2023-01-14 05:25:50,CUST_08662,enterprise,web_form,mobile_app,other,low,open,gold,I need help but I'm not sure which category this fits in.,Thanks for contacting support. We will look into this and get back to you within the next 48 hours.,,,0,neutral,4,0,api_client,
TCKT_007241,2023-01-24 23:00:48,CUST_08198,individual,phone_transcript,data_export,other,medium,resolved,standard,I need help but I'm not sure which category this fits in.,Thanks for contacting support. Our team is reviewing this and will follow up within 24 hours.,Provided general guidance and confirmed the issue was resolved.,36.85,0,negative,2,0,ios,EU
TCKT_007330,2023-01-24 19:32:18,CUST_07158,education,in_app,login_auth,feature_request,medium,resolved,gold,Our team needs more advanced options for login auth.,Thanks for your feature suggestion. Our team is reviewing this and will follow up within 24 hours.,Captured the request and added it to the product backlog.,40.58,0,very_negative,2,0,api_client,LATAM
TCKT_007337,2023-01-08 02:19:12,CUST_02881,non_profit,web_form,login_auth,account_access,high,resolved,gold,My account was locked after multiple failed login attempts.,Sorry to hear you're having trouble accessing your account. We are prioritizing this and will update you as soon as possible.,Reset account credentials and confirmed successful login.,22.37,0,very_negative,1,0,android,MEA
TCKT_007346,2023-01-10 05:25:15,CUST_06493,enterprise,email,notifications,how_to,low,open,standard,How can I export my data from the notifications section?,Happy to help with your question. We will look into this and get back to you within the next 48 hours.,,,0,very_positive,0,0,android,LATAM
TCKT_007446,2023-01-30 16:04:10,CUST_00296,individual,in_app,notifications,bug,low,in_progress,gold,The page keeps crashing whenever I try to open the notifications section.,Thanks for reporting this bug. We will look into this and get back to you within the next 48 hours.,,,0,very_negative,2,0,api_client,LATAM
TCKT_007509,2023-01-18 17:52:25,CUST_08574,enterprise,phone_transcript,billing,how_to,medium,resolved,standard,Can you explain how to configure billing properly?,Happy to help with your question. Our team is reviewing this and will follow up within 24 hours.,Provided step-by-step instructions and relevant documentation.,46.8,0,neutral,0,0,ios,EU
TCKT_007514,2023-01-18 00:06:45,CUST_02977,small_business,in_app,notifications,security_concern,low,in_progress,standard,We need details about your data encryption and compliance.,We take security very seriously. We will look into this and get back to you within the next 48 hours.,,,0,neutral,3,0,api_client,
TCKT_007534,2023-01-10 15:25:55,CUST_04615,small_business,web_form,mobile_app,billing_problem,medium,resolved,gold,My invoice amount is incorrect compared to the plan I selected.,Thanks for reaching out about the billing issue. Our team is reviewing this and will follow up within 24 hours.,Adjusted the invoice and issued a refund where applicable.,24.06,0,neutral,4,0,android,MEA
TCKT_007580,2023-01-19 22:18:43,CUST_02299,non_profit,in_app,notifications,bug,low,resolved,standard,I am seeing an error message when I click on notifications.,Thanks for reporting this bug. We will look into this and get back to you within the next 48 hours.,Patched the bug and deployed a fix to production.,28.78,0,neutral,4,1,ios,LATAM
TCKT_007641,2023-01-19 21:54:52,CUST_08913,enterprise,email,notifications,billing_problem,low,resolved,gold,I downgraded my plan but I am still being billed for the higher tier.,Thanks for reaching out about the billing issue. We will look into this and get back to you within the next 48 hours.,Adjusted the invoice and issued a refund where applicable.,43.18,0,very_negative,0,0,web,APAC
TCKT_007666,2023-01-23 03:45:45,CUST_07674,small_business,chat,login_auth,billing_problem,low,open,standard,My invoice amount is incorrect compared to the plan I selected.,Thanks for reaching out about the billing issue. We will look into this and get back to you within the next 48 hours.,,,0,negative,3,0,desktop_app,MEA
TCKT_007669,2023-01-08 06:58:31,CUST_04403,non_profit,phone_transcript,billing,security_concern,low,on_hold,standard,We need details about your data encryption and compliance.,We take security very seriously. We will look into this and get back to you within the next 48 hours.,,,0,very_negative,2,0,web,
TCKT_007695,2023-01-04 23:39:34,CUST_05350,small_business,chat,api_integration,billing_problem,high,resolved,standard,I downgraded my plan but I am still being billed for the higher tier.,Thanks for reaching out about the billing issue. We are prioritizing this and will update you as soon as possible.,Adjusted the invoice and issued a refund where applicable.,20.59,0,neutral,3,0,api_client,APAC
TCKT_007717,2023-01-04 10:17:53,CUST_08109,individual,email,data_export,security_concern,low,in_progress,standard,I noticed a suspicious login on my account.,We take security very seriously. We will look into this and get back to you within the next 48 hours.,,,0,very_negative,0,0,api_client,EU
TCKT_007751,2023-01-09 00:52:51,CUST_02995,education,phone_transcript,billing,account_access,low,resolved,gold,My 2FA code is not working when I try to sign in.,Sorry to hear you're having trouble accessing your account. We will look into this and get back to you within the next 48 hours.,Reset account credentials and confirmed successful login.,30.4,0,positive,0,0,android,APAC
TCKT_007799,2023-01-12 22:21:52,CUST_02390,small_business,chat,api_integration,bug,medium,resolved,gold,I am seeing an error message when I click on api integration.,Thanks for reporting this bug. Our team is reviewing this and will follow up within 24 hours.,Patched the bug and deployed a fix to production.,29.99,0,neutral,4,0,ios,
TCKT_007808,2023-01-11 07:27:46,CUST_05292,education,in_app,data_export,other,low,in_progress,standard,I need help but I'm not sure which category this fits in.,Thanks for contacting support. We will look into this and get back to you within the next 48 hours.,,,0,neutral,0,0,android,EU
TCKT_007863,2023-01-27 13:39:41,CUST_00339,education,phone_transcript,notifications,billing_problem,low,resolved,standard,My invoice amount is incorrect compared to the plan I selected.,Thanks for reaching out about the billing issue. We will look into this and get back to you within the next 48 hours.,Adjusted the invoice and issued a refund where applicable.,17.67,0,negative,0,1,web,APAC
TCKT_007888,2023-01-04 05:06:51,CUST_09376,non_profit,web_form,billing,feature_request,low,closed_no_action,standard,Can you add an option to customize billing?,Thanks for your feature suggestion. We will look into this and get back to you within the next 48 hours.,Ticket closed without further action after no response from the customer.,117.85,0,very_positive,5,0,android,
TCKT_007913,2023-01-08 15:46:37,CUST_09143,education,email,mobile_app,bug,low,in_progress,standard,The mobile app feature is not saving my changes.,Thanks for reporting this bug. We will look into this and get back to you within the next 48 hours.,,,0,positive,5,0,android,APAC
TCKT_007951,2023-01-14 05:39:34,CUST_06096,enterprise,email,login_auth,security_concern,high,on_hold,standard,There seems to be a vulnerability in the login auth functionality.,We take security very seriously. We are prioritizing this and will update you as soon as possible.,,,0,negative,0,0,desktop_app,LATAM
TCKT_008014,2023-01-06 03:11:31,CUST_01646,enterprise,email,data_export,bug,high,in_progress,gold,I am seeing an error message when I click on data export.,Thanks for reporting this bug. We are prioritizing this and will update you as soon as possible.,,,0,very_negative,0,0,ios,LATAM
TCKT_008138,2023-01-24 21:27:06,CUST_00059,non_profit,in_app,data_export,billing_problem,high,on_hold,gold,I downgraded my plan but I am still being billed for the higher tier.,Thanks for reaching out about the billing issue. We are prioritizing this and will update you as soon as possible.,,,0,negative,2,0,desktop_app,EU
TCKT_008251,2023-01-13 12:38:21,CUST_08593,small_business,web_form,mobile_app,feature_request,low,in_progress,standard,Our team needs more advanced options for mobile app.,Thanks for your feature suggestion. We will look into this and get back to you within the next 48 hours.,,,0,neutral,3,1,android,EU
TCKT_008323,2023-01-07 13:05:49,CUST_09119,education,phone_transcript,notifications,feature_request,medium,in_progress,standard,Our team needs more advanced options for notifications.,Thanks for your feature suggestion. Our team is reviewing this and will follow up within 24 hours.,,,0,neutral,0,0,api_client,LATAM
TCKT_008327,2023-01-31 20:07:30,CUST_01217,enterprise,phone_transcript,notifications,bug,medium,in_progress,standard,I am seeing an error message when I click on notifications.,Thanks for reporting this bug. Our team is reviewing this and will follow up within 24 hours.,,,0,neutral,0,0,android,LATAM
TCKT_008336,2023-01-14 13:35:09,CUST_05514,enterprise,chat,data_export,how_to,low,resolved,standard,Can you explain how to configure data export properly?,Happy to help with your question. We will look into this and get back to you within the next 48 hours.,Provided step-by-step instructions and relevant documentation.,40.71,0,negative,0,0,api_client,LATAM
TCKT_008371,2023-01-14 06:22:10,CUST_03691,small_business,web_form,data_export,bug,medium,resolved,standard,The page keeps crashing whenever I try to open the data export section.,Thanks for reporting this bug. Our team is reviewing this and will follow up within 24 hours.,Patched the bug and deployed a fix to production.,35.87,0,positive,5,0,api_client,APAC
TCKT_008398,2023-01-16 05:47:22,CUST_04678,enterprise,web_form,mobile_app,other,medium,in_progress,gold,I have a general question about my account.,Thanks for contacting support. Our team is reviewing this and will follow up within 24 hours.,,,0,positive,5,1,api_client,MEA
TCKT_008405,2023-01-31 21:49:30,CUST_09598,small_business,email,api_integration,feature_request,medium,resolved,platinum,Can you add an option to customize api integration?,Thanks for your feature suggestion. Our team is reviewing this and will follow up within 24 hours.,Captured the request and added it to the product backlog.,42.1,0,negative,2,0,web,EU
TCKT_008460,2023-01-12 08:09:00,CUST_06911,non_profit,phone_transcript,mobile_app,security_concern,medium,open,gold,I noticed a suspicious login on my account.,We take security very seriously. Our team is reviewing this and will follow up within 24 hours.,,,0,neutral,4,0,desktop_app,LATAM
TCKT_008520,2023-01-23 06:16:39,CUST_06114,enterprise,in_app,analytics_dashboard,feature_request,low,resolved,gold,Can you add an option to customize analytics dashboard?,Thanks for your feature suggestion. We will look into this and get back to you within the next 48 hours.,Captured the request and added it to the product backlog.,53.41,0,very_negative,0,0,ios,LATAM
TCKT_008527,2023-01-28 15:20:27,CUST_08210,individual,in_app,api_integration,billing_problem,low,in_progress,standard,I was charged twice for my subscription this month.,Thanks for reaching out about the billing issue. We will look into this and get back to you within the next 48 hours.,,,0,very_negative,0,0,ios,EU
TCKT_008529,2023-01-08 20:48:17,CUST_00829,non_profit,email,login_auth,security_concern,low,open,standard,There seems to be a vulnerability in the login auth functionality.,We take security very seriously. We will look into this and get back to you within the next 48 hours.,,,0,neutral,0,1,api_client,MEA
TCKT_008539,2023-01-25 05:25:38,CUST_05523,small_business,web_form,mobile_app,performance,medium,in_progress,standard,Queries in the mobile app module are timing out.,We understand performance issues can be frustrating. Our team is reviewing this and will follow up within 24 hours.,,,0,neutral,3,0,api_client,EU
TCKT_008577,2023-01-09 07:57:01,CUST_02782,education,web_form,analytics_dashboard,security_concern,low,open,gold,There seems to be a vulnerability in the analytics dashboard functionality.,We take security very seriously. We will look into this and get back to you within the next 48 hours.,,,0,neutral,0,0,android,EU
TCKT_008649,2023-01-16 16:00:57,CUST_00109,education,web_form,analytics_dashboard,performance,high,resolved,gold,Overall performance has degraded in the last few days.,We understand performance issues can be frustrating. We are prioritizing this and will update you as soon as possible.,Optimized queries and increased resource allocation.,13.96,0,very_positive,5,0,api_client,APAC
TCKT_008664,2023-01-31 11:41:27,CUST_02993,individual,in_app,notifications,how_to,high,in_progress,standard,I need help setting up notifications for my team.,Happy to help with your question. We are prioritizing this and will update you as soon as possible.,,,1,positive,5,1,android,MEA
TCKT_008752,2023-01-30 11:49:23,CUST_01344,education,in_app,api_integration,security_concern,high,on_hold,standard,There seems to be a vulnerability in the api integration functionality.,We take security very seriously. We are prioritizing this and will update you as soon as possible.,,,0,neutral,0,1,android,MEA
TCKT_008799,2023-01-20 12:22:09,CUST_09528,small_business,email,api_integration,billing_problem,medium,resolved,standard,I downgraded my plan but I am still being billed for the higher tier.,Thanks for reaching out about the billing issue. Our team is reviewing this and will follow up within 24 hours.,Adjusted the invoice and issued a refund where applicable.,35.03,0,negative,2,1,api_client,
TCKT_008816,2023-01-04 19:18:40,CUST_01387,individual,phone_transcript,notifications,feature_request,medium,closed_no_action,standard,Our team needs more advanced options for notifications.,Thanks for your feature suggestion. Our team is reviewing this and will follow up within 24 hours.,Ticket closed without further action after no response from the customer.,33.06,0,positive,5,1,desktop_app,LATAM
TCKT_008939,2023-01-16 18:51:57,CUST_09772,enterprise,email,mobile_app,performance,low,in_progress,gold,The mobile app page is very slow and takes a long time to load.,We understand performance issues can be frustrating. We will look into this and get back to you within the next 48 hours.,,,0,negative,2,1,ios,MEA
TCKT_008943,2023-01-13 00:32:17,CUST_01820,non_profit,in_app,billing,security_concern,medium,resolved,standard,There seems to be a vulnerability in the billing functionality.,We take security very seriously. Our team is reviewing this and will follow up within 24 hours.,"Investigated logs, mitigated the issue, and updated security settings.",30.64,0,neutral,0,0,ios,MEA
TCKT_008950,2023-01-30 03:40:45,CUST_02144,small_business,chat,login_auth,other,medium,resolved,gold,I have a general question about my account.,Thanks for contacting support. Our team is reviewing this and will follow up within 24 hours.,Provided general guidance and confirmed the issue was resolved.,41.83,0,very_negative,0,1,desktop_app,MEA
TCKT_008974,2023-01-28 02:58:06,CUST_00247,enterprise,phone_transcript,data_export,performance,low,in_progress,gold,Overall performance has degraded in the last few days.,We understand performance issues can be frustrating. We will look into this and get back to you within the next 48 hours.,,,0,negative,0,1,ios,MEA
TCKT_008985,2023-01-02 19:43:42,CUST_03583,non_profit,phone_transcript,mobile_app,how_to,high,in_progress,standard,I need help setting up mobile app for my team.,Happy to help with your question. We are prioritizing this and will update you as soon as possible.,,,0,neutral,4,0,android,EU
TCKT_009131,2023-01-22 05:30:20,CUST_03890,education,chat,billing,billing_problem,high,resolved,standard,I downgraded my plan but I am still being billed for the higher tier.,Thanks for reaching out about the billing issue. We are prioritizing this and will update you as soon as possible.,Adjusted the invoice and issued a refund where applicable.,20.71,0,negative,2,0,desktop_app,EU
TCKT_009186,2023-01-04 20:31:41,CUST_02053,education,phone_transcript,analytics_dashboard,feature_request,urgent,open,platinum,It would be great to have analytics dashboard support in your product.,Thanks for your feature suggestion. This has been escalated to our on-call team for immediate attention.,,,0,positive,4,0,web,EU
TCKT_009195,2023-01-23 04:31:16,CUST_04353,non_profit,in_app,data_export,bug,high,open,standard,I am seeing an error message when I click on data export.,Thanks for reporting this bug. We are prioritizing this and will update you as soon as possible.,,,0,negative,0,0,desktop_app,APAC
TCKT_009211,2023-01-28 08:00:11,CUST_09629,small_business,email,login_auth,how_to,medium,resolved,standard,I need help setting up login auth for my team.,Happy to help with your question. Our team is reviewing this and will follow up within 24 hours.,Provided step-by-step instructions and relevant documentation.,29.04,0,positive,5,1,web,EU
TCKT_009243,2023-01-25 04:22:53,CUST_05196,individual,chat,login_auth,feature_request,high,resolved,gold,Our team needs more advanced options for login auth.,Thanks for your feature suggestion. We are prioritizing this and will update you as soon as possible.,Captured the request and added it to the product backlog.,1.85,0,very_positive,5,0,desktop_app,
TCKT_009260,2023-01-31 22:24:23,CUST_08305,education,in_app,mobile_app,performance,medium,resolved,gold,Queries in the mobile app module are timing out.,We understand performance issues can be frustrating. Our team is reviewing this and will follow up within 24 hours.,Optimized queries and increased resource allocation.,18.11,0,negative,0,0,android,
TCKT_009297,2023-01-10 23:58:26,CUST_07884,education,in_app,data_export,security_concern,medium,on_hold,standard,I noticed a suspicious login on my account.,We take security very seriously. Our team is reviewing this and will follow up within 24 hours.,,,0,negative,3,0,web,APAC
TCKT_009315,2023-01-27 14:29:59,CUST_01986,small_business,email,api_integration,other,medium,open,standard,"Something seems off, can you please check my workspace?",Thanks for contacting support. Our team is reviewing this and will follow up within 24 hours.,,,0,negative,0,0,android,EU
TCKT_009331,2023-01-04 17:07:24,CUST_06028,enterprise,email,analytics_dashboard,how_to,high,resolved,standard,Can you explain how to configure analytics dashboard properly?,Happy to help with your question. We are prioritizing this and will update you as soon as possible.,Provided step-by-step instructions and relevant documentation.,17.22,0,negative,2,0,ios,MEA
TCKT_009340,2023-01-16 16:44:03,CUST_04835,non_profit,web_form,mobile_app,other,high,on_hold,gold,I have a general question about my account.,Thanks for contacting support. We are prioritizing this and will update you as soon as possible.,,,0,positive,5,0,api_client,
TCKT_009455,2023-01-13 21:33:39,CUST_07338,non_profit,in_app,notifications,performance,high,resolved,standard,Overall performance has degraded in the last few days.,We understand performance issues can be frustrating. We are prioritizing this and will update you as soon as possible.,Optimized queries and increased resource allocation.,4.78,0,neutral,3,0,web,MEA
TCKT_009502,2023-01-21 16:34:18,CUST_09822,non_profit,email,mobile_app,account_access,medium,resolved,gold,My account was locked after multiple failed login attempts.,Sorry to hear you're having trouble accessing your account. Our team is reviewing this and will follow up within 24 hours.,Reset account credentials and confirmed successful login.,19.55,0,neutral,3,0,ios,APAC
TCKT_009514,2023-01-21 20:41:52,CUST_06466,education,web_form,login_auth,security_concern,high,open,standard,We need details about your data encryption and compliance.,We take security very seriously. We are prioritizing this and will update you as soon as possible.,,,0,very_negative,2,0,ios,MEA
TCKT_009550,2023-01-22 14:10:42,CUST_00920,small_business,phone_transcript,mobile_app,bug,low,open,gold,I am seeing an error message when I click on mobile app.,Thanks for reporting this bug. We will look into this and get back to you within the next 48 hours.,,,0,negative,2,0,desktop_app,MEA
TCKT_009587,2023-01-23 03:43:06,CUST_04690,enterprise,email,data_export,bug,medium,resolved,standard,The data export feature is not saving my changes.,Thanks for reporting this bug. Our team is reviewing this and will follow up within 24 hours.,Patched the bug and deployed a fix to production.,10.81,0,neutral,0,1,web,MEA
TCKT_009692,2023-01-09 09:24:37,CUST_09629,enterprise,email,notifications,account_access,low,in_progress,gold,My account was locked after multiple failed login attempts.,Sorry to hear you're having trouble accessing your account. We will look into this and get back to you within the next 48 hours.,,,0,positive,0,0,api_client,MEA
TCKT_009732,2023-01-16 07:51:42,CUST_07530,individual,chat,analytics_dashboard,billing_problem,medium,resolved,standard,My invoice amount is incorrect compared to the plan I selected.,Thanks for reaching out about the billing issue. Our team is reviewing this and will follow up within 24 hours.,Adjusted the invoice and issued a refund where applicable.,47.25,0,negative,3,0,api_client,
TCKT_009824,2023-01-26 07:41:14,CUST_05194,small_business,email,billing,bug,low,resolved,standard,The billing feature is not saving my changes.,Thanks for reporting this bug. We will look into this and get back to you within the next 48 hours.,Patched the bug and deployed a fix to production.,22.55,0,very_negative,0,0,ios,MEA
TCKT_009832,2023-01-27 18:45:02,CUST_05391,small_business,email,mobile_app,other,medium,in_progress,standard,"Something seems off, can you please check my workspace?",Thanks for contacting support. Our team is reviewing this and will follow up within 24 hours.,,,0,neutral,3,0,web,
TCKT_009891,2023-01-07 18:18:36,CUST_02685,small_business,email,mobile_app,performance,medium,resolved,standard,The mobile app page is very slow and takes a long time to load.,We understand performance issues can be frustrating. Our team is reviewing this and will follow up within 24 hours.,Optimized queries and increased resource allocation.,34.8,1,neutral,3,1,api_client,APAC
TCKT_009898,2023-01-30 22:26:44,CUST_06511,enterprise,phone_transcript,billing,bug,medium,resolved,gold,I am seeing an error message when I click on billing.,Thanks for reporting this bug. Our team is reviewing this and will follow up within 24 hours.,Patched the bug and deployed a fix to production.,13.67,0,very_positive,5,1,desktop_app,LATAM
TCKT_009946,2023-01-13 11:31:16,CUST_04023,education,phone_transcript,login_auth,security_concern,high,open,standard,I noticed a suspicious login on my account.,We take security very seriously. We are prioritizing this and will update you as soon as possible.,,,0,neutral,3,0,ios,EU
TCKT_009958,2023-01-19 17:39:58,CUST_02036,non_profit,phone_transcript,notifications,other,high,resolved,standard,"Something seems off, can you please check my workspace?",Thanks for contacting support. We are prioritizing this and will update you as soon as possible.,Provided general guidance and confirmed the issue was resolved.,17.16,0,positive,0,0,api_client,
TCKT_009968,2023-01-15 19:46:05,CUST_03244,education,web_form,api_integration,performance,medium,resolved,standard,Queries in the api integration module are timing out.,We understand performance issues can be frustrating. Our team is reviewing this and will follow up within 24 hours.,Optimized queries and increased resource allocation.,19.78,0,very_negative,0,0,desktop_app,LATAM
TCKT_010003,2023-01-10 19:24:45,CUST_01546,individual,in_app,notifications,account_access,high,resolved,gold,My 2FA code is not working when I try to sign in.,Sorry to hear you're having trouble accessing your account. We are prioritizing this and will update you as soon as possible.,Reset account credentials and confirmed successful login.,19.43,0,negative,2,0,web,
TCKT_010021,2023-01-14 01:51:18,CUST_08654,enterprise,email,mobile_app,feature_request,medium,resolved,standard,Our team needs more advanced options for mobile app.,Thanks for your feature suggestion. Our team is reviewing this and will follow up within 24 hours.,Captured the request and added it to the product backlog.,33.29,0,positive,5,0,api_client,
TCKT_010065,2023-01-24 17:03:08,CUST_04203,enterprise,phone_transcript,notifications,how_to,medium,in_progress,standard,I need help setting up notifications for my team.,Happy to help with your question. Our team is reviewing this and will follow up within 24 hours.,,,0,neutral,4,1,desktop_app,
TCKT_010107,2023-01-23 17:40:36,CUST_02813,small_business,web_form,mobile_app,performance,medium,resolved,gold,Overall performance has degraded in the last few days.,We understand performance issues can be frustrating. Our team is reviewing this and will follow up within 24 hours.,Optimized queries and increased resource allocation.,42.27,0,very_negative,0,1,ios,LATAM
TCKT_010123,2023-01-02 19:26:08,CUST_06600,individual,web_form,api_integration,feature_request,low,in_progress,standard,It would be great to have api integration support in your product.,Thanks for your feature suggestion. We will look into this and get back to you within the next 48 hours.,,,0,neutral,4,0,android,MEA
TCKT_010283,2023-01-25 02:12:56,CUST_09714,non_profit,phone_transcript,login_auth,account_access,medium,closed_no_action,standard,I cannot log in; the system says my password is incorrect.,Sorry to hear you're having trouble accessing your account. Our team is reviewing this and will follow up within 24 hours.,Ticket closed without further action after no response from the customer.,31.27,0,very_negative,1,1,ios,
TCKT_010308,2023-01-25 19:59:14,CUST_09509,education,in_app,mobile_app,how_to,low,in_progress,platinum,I need help setting up mobile app for my team.,Happy to help with your question. We will look into this and get back to you within the next 48 hours.,,,0,very_positive,5,0,ios,LATAM
TCKT_010354,2023-01-09 04:42:16,CUST_03669,education,chat,analytics_dashboard,other,medium,resolved,gold,I need help but I'm not sure which category this fits in.,Thanks for contacting support. Our team is reviewing this and will follow up within 24 hours.,Provided general guidance and confirmed the issue was resolved.,39.82,0,neutral,4,1,web,APAC
TCKT_010402,2023-01-27 05:42:22,CUST_05874,small_business,email,mobile_app,security_concern,low,resolved,gold,We need details about your data encryption and compliance.,We take security very seriously. We will look into this and get back to you within the next 48 hours.,"Investigated logs, mitigated the issue, and updated security settings.",19.84,0,neutral,3,1,desktop_app,
TCKT_010455,2023-01-22 03:02:21,CUST_04564,individual,email,billing,feature_request,low,resolved,gold,Our team needs more advanced options for billing.,Thanks for your feature suggestion. We will look into this and get back to you within the next 48 hours.,Captured the request and added it to the product backlog.,32.43,0,positive,5,0,ios,EU
TCKT_010482,2023-01-13 20:10:38,CUST_04580,small_business,web_form,billing,account_access,medium,on_hold,standard,I cannot log in; the system says my password is incorrect.,Sorry to hear you're having trouble accessing your account. Our team is reviewing this and will follow up within 24 hours.,,,0,negative,3,0,api_client,LATAM
TCKT_010512,2023-01-20 17:40:24,CUST_01035,enterprise,email,mobile_app,account_access,high,closed_no_action,standard,I cannot log in; the system says my password is incorrect.,Sorry to hear you're having trouble accessing your account. We are prioritizing this and will update you as soon as possible.,Ticket closed without further action after no response from the customer.,211.5,0,very_negative,1,1,api_client,EU
TCKT_010523,2023-01-18 21:20:29,CUST_00769,education,web_form,notifications,bug,low,resolved,gold,I am seeing an error message when I click on notifications.,Thanks for reporting this bug. We will look into this and get back to you within the next 48 hours.,Patched the bug and deployed a fix to production.,45.92,0,neutral,4,1,web,
TCKT_010581,2023-01-08 13:03:43,CUST_04019,enterprise,email,billing,how_to,medium,closed_no_action,standard,How can I export my data from the billing section?,Happy to help with your question. Our team is reviewing this and will follow up within 24 hours.,Ticket closed without further action after no response from the customer.,216.07,0,very_positive,0,0,desktop_app,LATAM
TCKT_010632,2023-01-18 03:47:58,CUST_02677,enterprise,phone_transcript,analytics_dashboard,feature_request,medium,in_progress,gold,It would be great to have analytics dashboard support in your product.,Thanks for your feature suggestion. Our team is reviewing this and will follow up within 24 hours.,,,0,very_positive,0,1,android,LATAM
TCKT_010638,2023-01-09 09:01:50,CUST_08008,non_profit,email,analytics_dashboard,bug,high,closed_no_action,platinum,The page keeps crashing whenever I try to open the analytics dashboard section.,Thanks for reporting this bug. We are prioritizing this and will update you as soon as possible.,Ticket closed without further action after no response from the customer.,24.33,0,neutral,3,1,api_client,EU
TCKT_010677,2023-01-18 21:35:10,CUST_04552,small_business,email,login_auth,how_to,low,resolved,standard,How can I export my data from the login auth section?,Happy to help with your question. We will look into this and get back to you within the next 48 hours.,Provided step-by-step instructions and relevant documentation.,44.91,1,neutral,3,0,web,EU
TCKT_010683,2023-01-23 17:05:48,CUST_06786,small_business,in_app,login_auth,security_concern,high,resolved,standard,I noticed a suspicious login on my account.,We take security very seriously. We are prioritizing this and will update you as soon as possible.,"Investigated logs, mitigated the issue, and updated security settings.",2.69,0,negative,0,0,web,LATAM
TCKT_010741,2023-01-31 19:55:41,CUST_00934,non_profit,web_form,login_auth,other,low,open,gold,"Something seems off, can you please check my workspace?",Thanks for contacting support. We will look into this and get back to you within the next 48 hours.,,,0,neutral,0,0,desktop_app,
TCKT_010778,2023-01-19 17:39:47,CUST_05979,small_business,chat,billing,other,medium,resolved,platinum,"Something seems off, can you please check my workspace?",Thanks for contacting support. Our team is reviewing this and will follow up within 24 hours.,Provided general guidance and confirmed the issue was resolved.,13.65,0,very_positive,0,1,web,APAC
TCKT_010823,2023-01-29 01:57:42,CUST_05651,non_profit,phone_transcript,analytics_dashboard,bug,low,closed_no_action,standard,The page keeps crashing whenever I try to open the analytics dashboard section.,Thanks for reporting this bug. We will look into this and get back to you within the next 48 hours.,Ticket closed without further action after no response from the customer.,39.65,0,negative,3,0,api_client,MEA
TCKT_011016,2023-01-08 16:25:09,CUST_07980,enterprise,in_app,notifications,bug,medium,open,gold,The page keeps crashing whenever I try to open the notifications section.,Thanks for reporting this bug. Our team is reviewing this and will follow up within 24 hours.,,,1,neutral,4,0,ios,LATAM
TCKT_011041,2023-01-17 15:57:00,CUST_02189,small_business,web_form,data_export,other,high,resolved,standard,I have a general question about my account.,Thanks for contacting support. We are prioritizing this and will update you as soon as possible.,Provided general guidance and confirmed the issue was resolved.,3.06,0,neutral,0,0,android,LATAM
TCKT_011050,2023-01-30 07:32:54,CUST_07653,individual,chat,data_export,billing_problem,medium,resolved,gold,I downgraded my plan but I am still being billed for the higher tier.,Thanks for reaching out about the billing issue. Our team is reviewing this and will follow up within 24 hours.,Adjusted the invoice and issued a refund where applicable.,44.83,0,neutral,4,0,web,APAC
TCKT_011057,2023-01-25 02:14:31,CUST_00054,enterprise,email,notifications,account_access,medium,open,standard,My 2FA code is not working when I try to sign in.,Sorry to hear you're having trouble accessing your account. Our team is reviewing this and will follow up within 24 hours.,,,0,negative,0,1,web,LATAM
TCKT_011098,2023-01-06 12:07:04,CUST_06182,small_business,in_app,login_auth,bug,low,resolved,standard,The page keeps crashing whenever I try to open the login auth section.,Thanks for reporting this bug. We will look into this and get back to you within the next 48 hours.,Patched the bug and deployed a fix to production.,56.13,0,neutral,0,0,desktop_app,EU
TCKT_011121,2023-01-18 14:29:45,CUST_02946,education,chat,notifications,account_access,low,closed_no_action,standard,My 2FA code is not working when I try to sign in.,Sorry to hear you're having trouble accessing your account. We will look into this and get back to you within the next 48 hours.,Ticket closed without further action after no response from the customer.,186.0,0,negative,2,0,android,
TCKT_011124,2023-01-21 08:23:11,CUST_00167,small_business,web_form,notifications,bug,high,resolved,gold,The page keeps crashing whenever I try to open the notifications section.,Thanks for reporting this bug. We are prioritizing this and will update you as soon as possible.,Patched the bug and deployed a fix to production.,13.82,0,positive,4,1,android,
TCKT_011138,2023-01-17 12:04:06,CUST_02343,small_business,phone_transcript,notifications,account_access,low,resolved,gold,I cannot log in; the system says my password is incorrect.,Sorry to hear you're having trouble accessing your account. We will look into this and get back to you within the next 48 hours.,Reset account credentials and confirmed successful login.,68.23,0,very_negative,2,0,android,LATAM
TCKT_011161,2023-01-23 16:28:45,CUST_01991,small_business,phone_transcript,notifications,other,low,resolved,gold,I need help but I'm not sure which category this fits in.,Thanks for contacting support. We will look into this and get back to you within the next 48 hours.,Provided general guidance and confirmed the issue was resolved.,11.74,0,neutral,4,0,ios,EU
TCKT_011353,2023-01-18 11:13:28,CUST_08754,enterprise,email,api_integration,feature_request,urgent,open,gold,It would be great to have api integration support in your product.,Thanks for your feature suggestion. This has been escalated to our on-call team for immediate attention.,,,0,positive,5,0,desktop_app,
TCKT_011399,2023-01-03 11:42:06,CUST_03047,small_business,phone_transcript,billing,billing_problem,high,on_hold,gold,I was charged twice for my subscription this month.,Thanks for reaching out about the billing issue. We are prioritizing this and will update you as soon as possible.,,,0,positive,5,0,desktop_app,APAC
TCKT_011418,2023-01-18 12:57:15,CUST_08389,non_profit,phone_transcript,api_integration,other,high,on_hold,standard,I need help but I'm not sure which category this fits in.,Thanks for contacting support. We are prioritizing this and will update you as soon as possible.,,,0,neutral,4,0,web,APAC
TCKT_011431,2023-01-14 16:55:12,CUST_02487,individual,web_form,notifications,bug,low,in_progress,standard,The page keeps crashing whenever I try to open the notifications section.,Thanks for reporting this bug. We will look into this and get back to you within the next 48 hours.,,,0,neutral,4,0,android,MEA
TCKT_011496,2023-01-31 23:13:22,CUST_01568,small_business,chat,mobile_app,other,medium,resolved,standard,I have a general question about my account.,Thanks for contacting support. Our team is reviewing this and will follow up within 24 hours.,Provided general guidance and confirmed the issue was resolved.,29.49,0,very_positive,5,0,ios,LATAM
TCKT_011540,2023-01-11 20:47:08,CUST_09447,education,email,billing,performance,low,in_progress,standard,Overall performance has degraded in the last few days.,We understand performance issues can be frustrating. We will look into this and get back to you within the next 48 hours.,,,0,negative,0,0,web,
TCKT_011541,2023-01-28 13:43:22,CUST_00789,individual,email,notifications,feature_request,high,resolved,standard,It would be great to have notifications support in your product.,Thanks for your feature suggestion. We are prioritizing this and will update you as soon as possible.,Captured the request and added it to the product backlog.,21.83,0,very_negative,0,0,desktop_app,EU
TCKT_011655,2023-01-12 23:25:03,CUST_02292,non_profit,chat,notifications,security_concern,medium,resolved,gold,There seems to be a vulnerability in the notifications functionality.,We take security very seriously. Our team is reviewing this and will follow up within 24 hours.,"Investigated logs, mitigated the issue, and updated security settings.",34.63,0,negative,3,0,desktop_app,APAC
TCKT_011711,2023-01-04 11:59:17,CUST_04576,individual,phone_transcript,api_integration,feature_request,low,in_progress,standard,Can you add an option to customize api integration?,Thanks for your feature suggestion. We will look into this and get back to you within the next 48 hours.,,,0,neutral,4,0,api_client,EU
TCKT_011775,2023-01-22 00:36:05,CUST_02878,small_business,web_form,data_export,billing_problem,low,resolved,gold,My invoice amount is incorrect compared to the plan I selected.,Thanks for reaching out about the billing issue. We will look into this and get back to you within the next 48 hours.,Adjusted the invoice and issued a refund where applicable.,17.36,0,positive,0,1,api_client,LATAM
TCKT_011796,2023-01-05 00:14:08,CUST_07521,non_profit,email,analytics_dashboard,performance,medium,in_progress,standard,The analytics dashboard page is very slow and takes a long time to load.,We understand performance issues can be frustrating. Our team is reviewing this and will follow up within 24 hours.,,,0,very_negative,2,1,desktop_app,
TCKT_011804,2023-01-30 07:30:15,CUST_01228,education,phone_transcript,notifications,performance,medium,in_progress,platinum,Queries in the notifications module are timing out.,We understand performance issues can be frustrating. Our team is reviewing this and will follow up within 24 hours.,,,0,negative,0,0,api_client,MEA
TCKT_011845,2023-01-28 22:52:14,CUST_00543,small_business,web_form,billing,bug,medium,resolved,standard,The billing feature is not saving my changes.,Thanks for reporting this bug. Our team is reviewing this and will follow up within 24 hours.,Patched the bug and deployed a fix to production.,45.36,0,positive,4,0,web,LATAM
TCKT_011903,2023-01-03 20:43:32,CUST_04810,education,web_form,mobile_app,security_concern,medium,resolved,standard,We need details about your data encryption and compliance.,We take security very seriously. Our team is reviewing this and will follow up within 24 hours.,"Investigated logs, mitigated the issue, and updated security settings.",41.14,0,negative,2,1,android,EU
TCKT_011940,2023-01-19 16:15:55,CUST_04198,enterprise,email,analytics_dashboard,performance,low,resolved,gold,The analytics dashboard page is very slow and takes a long time to load.,We understand performance issues can be frustrating. We will look into this and get back to you within the next 48 hours.,Optimized queries and increased resource allocation.,50.12,0,very_negative,1,1,web,EU
TCKT_011997,2023-01-11 02:13:10,CUST_01702,enterprise,in_app,analytics_dashboard,bug,medium,resolved,standard,The page keeps crashing whenever I try to open the analytics dashboard section.,Thanks for reporting this bug. Our team is reviewing this and will follow up within 24 hours.,Patched the bug and deployed a fix to production.,11.44,0,neutral,0,0,api_client,
TCKT_012023,2023-01-26 16:36:12,CUST_06113,enterprise,in_app,mobile_app,bug,low,open,standard,I am seeing an error message when I click on mobile app.,Thanks for reporting this bug. We will look into this and get back to you within the next 48 hours.,,,0,very_positive,0,1,api_client,EU
TCKT_012084,2023-01-13 01:39:26,CUST_09878,individual,in_app,data_export,performance,low,open,standard,Queries in the data export module are timing out.,We understand performance issues can be frustrating. We will look into this and get back to you within the next 48 hours.,,,0,very_negative,1,0,desktop_app,EU
TCKT_012163,2023-01-19 22:53:53,CUST_00081,education,web_form,login_auth,how_to,high,resolved,standard,How can I export my data from the login auth section?,Happy to help with your question. We are prioritizing this and will update you as soon as possible.,Provided step-by-step instructions and relevant documentation.,2.72,0,positive,4,1,desktop_app,
TCKT_012216,2023-01-24 22:13:16,CUST_00968,non_profit,email,data_export,feature_request,urgent,closed_no_action,standard,Our team needs more advanced options for data export.,Thanks for your feature suggestion. This has been escalated to our on-call team for immediate attention.,Ticket closed without further action after no response from the customer.,211.52,0,neutral,3,1,android,MEA
TCKT_012226,2023-01-12 02:01:23,CUST_00628,enterprise,phone_transcript,analytics_dashboard,billing_problem,low,open,gold,I was charged twice for my subscription this month.,Thanks for reaching out about the billing issue. We will look into this and get back to you within the next 48 hours.,,,0,neutral,4,1,ios,APAC
TCKT_012286,2023-01-28 04:29:36,CUST_09120,individual,email,notifications,how_to,low,resolved,standard,I need help setting up notifications for my team.,Happy to help with your question. We will look into this and get back to you within the next 48 hours.,Provided step-by-step instructions and relevant documentation.,52.07,0,very_positive,5,1,ios,APAC
TCKT_012301,2023-01-24 13:41:35,CUST_00983,individual,in_app,analytics_dashboard,bug,low,resolved,standard,The page keeps crashing whenever I try to open the analytics dashboard section.,Thanks for reporting this bug. We will look into this and get back to you within the next 48 hours.,Patched the bug and deployed a fix to production.,20.74,0,positive,4,0,ios,EU
TCKT_012317,2023-01-11 13:25:34,CUST_00292,individual,web_form,login_auth,other,medium,resolved,standard,I need help but I'm not sure which category this fits in.,Thanks for contacting support. Our team is reviewing this and will follow up within 24 hours.,Provided general guidance and confirmed the issue was resolved.,28.2,0,neutral,3,0,ios,APAC
TCKT_012342,2023-01-21 22:53:14,CUST_05069,enterprise,chat,notifications,bug,medium,resolved,standard,The page keeps crashing whenever I try to open the notifications section.,Thanks for reporting this bug. Our team is reviewing this and will follow up within 24 hours.,Patched the bug and deployed a fix to production.,6.5,0,negative,2,0,desktop_app,APAC
TCKT_012367,2023-01-17 14:38:37,CUST_05385,education,email,billing,bug,low,resolved,gold,I am seeing an error message when I click on billing.,Thanks for reporting this bug. We will look into this and get back to you within the next 48 hours.,Patched the bug and deployed a fix to production.,69.75,0,neutral,3,0,ios,MEA
TCKT_012368,2023-01-27 09:39:19,CUST_08191,individual,chat,notifications,billing_problem,high,in_progress,gold,I was charged twice for my subscription this month.,Thanks for reaching out about the billing issue. We are prioritizing this and will update you as soon as possible.,,,0,neutral,3,0,ios,MEA
TCKT_012421,2023-01-30 06:20:48,CUST_08651,enterprise,phone_transcript,login_auth,security_concern,medium,resolved,platinum,I noticed a suspicious login on my account.,We take security very seriously. Our team is reviewing this and will follow up within 24 hours.,"Investigated logs, mitigated the issue, and updated security settings.",27.41,0,neutral,4,1,ios,LATAM
TCKT_012435,2023-01-13 04:07:14,CUST_03923,enterprise,email,api_integration,account_access,low,closed_no_action,standard,My 2FA code is not working when I try to sign in.,Sorry to hear you're having trouble accessing your account. We will look into this and get back to you within the next 48 hours.,Ticket closed without further action after no response from the customer.,133.18,0,very_negative,0,1,api_client,EU
TCKT_012501,2023-01-07 20:19:08,CUST_06428,enterprise,web_form,api_integration,security_concern,medium,resolved,platinum,We need details about your data encryption and compliance.,We take security very seriously. Our team is reviewing this and will follow up within 24 hours.,"Investigated logs, mitigated the issue, and updated security settings.",20.34,0,very_negative,1,1,android,LATAM
TCKT_012568,2023-01-09 11:48:12,CUST_03954,education,phone_transcript,login_auth,other,medium,resolved,standard,"Something seems off, can you please check my workspace?",Thanks for contacting support. Our team is reviewing this and will follow up within 24 hours.,Provided general guidance and confirmed the issue was resolved.,42.0,0,positive,5,0,web,APAC
TCKT_012575,2023-01-13 18:35:53,CUST_00074,individual,phone_transcript,api_integration,account_access,medium,in_progress,standard,I cannot log in; the system says my password is incorrect.,Sorry to hear you're having trouble accessing your account. Our team is reviewing this and will follow up within 24 hours.,,,0,very_negative,1,0,ios,
TCKT_012647,2023-01-18 22:35:06,CUST_00508,small_business,phone_transcript,mobile_app,security_concern,medium,on_hold,standard,I noticed a suspicious login on my account.,We take security very seriously. Our team is reviewing this and will follow up within 24 hours.,,,0,very_negative,0,1,web,LATAM
TCKT_012654,2023-01-24 21:37:32,CUST_08558,individual,web_form,data_export,performance,medium,open,standard,Queries in the data export module are timing out.,We understand performance issues can be frustrating. Our team is reviewing this and will follow up within 24 hours.,,,0,negative,2,0,api_client,APAC
TCKT_012692,2023-01-13 15:00:29,CUST_00272,individual,in_app,analytics_dashboard,account_access,urgent,in_progress,gold,I cannot log in; the system says my password is incorrect.,Sorry to hear you're having trouble accessing your account. This has been escalated to our on-call team for immediate attention.,,,0,neutral,3,0,desktop_app,MEA
TCKT_012721,2023-01-24 11:12:19,CUST_04159,individual,chat,login_auth,security_concern,medium,resolved,gold,We need details about your data encryption and compliance.,We take security very seriously. Our team is reviewing this and will follow up within 24 hours.,"Investigated logs, mitigated the issue, and updated security settings.",20.58,0,neutral,3,0,ios,LATAM
TCKT_012730,2023-01-22 07:11:07,CUST_03000,individual,web_form,data_export,feature_request,medium,closed_no_action,platinum,Our team needs more advanced options for data export.,Thanks for your feature suggestion. Our team is reviewing this and will follow up within 24 hours.,Ticket closed without further action after no response from the customer.,103.76,0,neutral,3,0,android,
TCKT_012738,2023-01-15 11:44:48,CUST_05567,small_business,email,notifications,security_concern,high,resolved,gold,There seems to be a vulnerability in the notifications functionality.,We take security very seriously. We are prioritizing this and will update you as soon as possible.,"Investigated logs, mitigated the issue, and updated security settings.",1.69,0,very_negative,2,0,desktop_app,MEA
TCKT_012745,2023-01-04 21:17:49,CUST_05436,enterprise,phone_transcript,mobile_app,other,medium,open,standard,"Something seems off, can you please check my workspace?",Thanks for contacting support. Our team is reviewing this and will follow up within 24 hours.,,,0,neutral,3,0,web,EU
TCKT_012793,2023-01-19 00:40:29,CUST_01499,education,in_app,api_integration,billing_problem,medium,resolved,standard,I downgraded my plan but I am still being billed for the higher tier.,Thanks for reaching out about the billing issue. Our team is reviewing this and will follow up within 24 hours.,Adjusted the invoice and issued a refund where applicable.,18.63,0,neutral,4,0,android,APAC
TCKT_012920,2023-01-05 14:02:27,CUST_00578,small_business,web_form,analytics_dashboard,feature_request,urgent,on_hold,gold,It would be great to have analytics dashboard support in your product.,Thanks for your feature suggestion. This has been escalated to our on-call team for immediate attention.,,,0,neutral,3,0,ios,LATAM
TCKT_012940,2023-01-28 14:33:11,CUST_04989,individual,in_app,analytics_dashboard,bug,low,open,gold,I am seeing an error message when I click on analytics dashboard.,Thanks for reporting this bug. We will look into this and get back to you within the next 48 hours.,,,0,neutral,0,1,web,EU
TCKT_012988,2023-01-11 13:22:03,CUST_07227,enterprise,web_form,mobile_app,performance,low,resolved,standard,The mobile app page is very slow and takes a long time to load.,We understand performance issues can be frustrating. We will look into this and get back to you within the next 48 hours.,Optimized queries and increased resource allocation.,26.41,0,very_positive,0,0,android,
TCKT_013108,2023-01-19 02:05:22,CUST_06891,individual,in_app,data_export,other,low,resolved,standard,I need help but I'm not sure which category this fits in.,Thanks for contacting support. We will look into this and get back to you within the next 48 hours.,Provided general guidance and confirmed the issue was resolved.,48.89,0,neutral,3,0,web,
TCKT_013151,2023-01-25 11:54:29,CUST_03347,small_business,chat,notifications,performance,low,resolved,standard,The notifications page is very slow and takes a long time to load.,We understand performance issues can be frustrating. We will look into this and get back to you within the next 48 hours.,Optimized queries and increased resource allocation.,39.31,0,negative,2,0,web,
TCKT_013164,2023-01-18 13:17:01,CUST_08064,non_profit,phone_transcript,api_integration,performance,low,resolved,standard,Overall performance has degraded in the last few days.,We understand performance issues can be frustrating. We will look into this and get back to you within the next 48 hours.,Optimized queries and increased resource allocation.,28.94,0,neutral,3,0,desktop_app,MEA
TCKT_013390,2023-01-18 10:05:51,CUST_09558,non_profit,chat,billing,other,high,resolved,standard,I need help but I'm not sure which category this fits in.,Thanks for contacting support. We are prioritizing this and will update you as soon as possible.,Provided general guidance and confirmed the issue was resolved.,10.6,0,very_negative,1,1,desktop_app,MEA
TCKT_013478,2023-01-19 10:31:28,CUST_00241,non_profit,phone_transcript,data_export,feature_request,medium,resolved,gold,Our team needs more advanced options for data export.,Thanks for your feature suggestion. Our team is reviewing this and will follow up within 24 hours.,Captured the request and added it to the product backlog.,21.86,0,very_positive,5,0,desktop_app,APAC
TCKT_013501,2023-01-26 06:49:05,CUST_00150,education,chat,mobile_app,other,medium,resolved,gold,I have a general question about my account.,Thanks for contacting support. Our team is reviewing this and will follow up within 24 hours.,Provided general guidance and confirmed the issue was resolved.,14.87,0,positive,4,0,api_client,MEA
TCKT_013510,2023-01-25 07:28:42,CUST_05558,non_profit,in_app,data_export,billing_problem,low,resolved,platinum,I downgraded my plan but I am still being billed for the higher tier.,Thanks for reaching out about the billing issue. We will look into this and get back to you within the next 48 hours.,Adjusted the invoice and issued a refund where applicable.,33.42,0,negative,3,0,desktop_app,MEA
TCKT_013603,2023-01-08 18:41:35,CUST_02105,education,in_app,billing,billing_problem,low,resolved,standard,I downgraded my plan but I am still being billed for the higher tier.,Thanks for reaching out about the billing issue. We will look into this and get back to you within the next 48 hours.,Adjusted the invoice and issued a refund where applicable.,16.81,0,neutral,4,1,api_client,APAC
TCKT_013620,2023-01-14 20:31:56,CUST_01818,enterprise,in_app,billing,account_access,high,in_progress,standard,My 2FA code is not working when I try to sign in.,Sorry to hear you're having trouble accessing your account. We are prioritizing this and will update you as soon as possible.,,,1,positive,5,0,ios,APAC
TCKT_013710,2023-01-24 12:08:06,CUST_05413,enterprise,in_app,analytics_dashboard,feature_request,medium,closed_no_action,gold,Our team needs more advanced options for analytics dashboard.,Thanks for your feature suggestion. Our team is reviewing this and will follow up within 24 hours.,Ticket closed without further action after no response from the customer.,160.2,0,very_positive,0,0,desktop_app,APAC
TCKT_013717,2023-01-20 20:14:01,CUST_03273,non_profit,web_form,data_export,bug,low,in_progress,platinum,I am seeing an error message when I click on data export.,Thanks for reporting this bug. We will look into this and get back to you within the next 48 hours.,,,0,very_positive,0,0,api_client,LATAM
TCKT_013766,2023-01-17 09:53:41,CUST_03969,enterprise,email,data_export,feature_request,medium,closed_no_action,gold,Our team needs more advanced options for data export.,Thanks for your feature suggestion. Our team is reviewing this and will follow up within 24 hours.,Ticket closed without further action after no response from the customer.,132.68,0,positive,0,1,android,LATAM
TCKT_013778,2023-01-31 23:25:02,CUST_04902,enterprise,phone_transcript,api_integration,performance,low,resolved,gold,The api integration page is very slow and takes a long time to load.,We understand performance issues can be frustrating. We will look into this and get back to you within the next 48 hours.,Optimized queries and increased resource allocation.,44.37,0,very_positive,0,1,android,EU
TCKT_013807,2023-01-10 20:37:18,CUST_00541,education,email,analytics_dashboard,feature_request,medium,closed_no_action,standard,It would be great to have analytics dashboard support in your product.,Thanks for your feature suggestion. Our team is reviewing this and will follow up within 24 hours.,Ticket closed without further action after no response from the customer.,37.85,1,neutral,3,0,android,
TCKT_013839,2023-01-17 02:10:28,CUST_05053,non_profit,in_app,data_export,security_concern,medium,on_hold,standard,I noticed a suspicious login on my account.,We take security very seriously. Our team is reviewing this and will follow up within 24 hours.,,,0,very_negative,2,0,api_client,MEA
TCKT_013868,2023-01-20 10:16:27,CUST_02166,enterprise,chat,mobile_app,account_access,low,resolved,standard,I cannot log in; the system says my password is incorrect.,Sorry to hear you're having trouble accessing your account. We will look into this and get back to you within the next 48 hours.,Reset account credentials and confirmed successful login.,15.91,0,negative,3,0,web,LATAM
TCKT_013962,2023-01-02 22:34:06,CUST_04265,enterprise,in_app,mobile_app,bug,low,resolved,standard,The page keeps crashing whenever I try to open the mobile app section.,Thanks for reporting this bug. We will look into this and get back to you within the next 48 hours.,Patched the bug and deployed a fix to production.,26.52,0,negative,0,0,ios,LATAM
TCKT_014000,2023-01-20 20:47:40,CUST_09688,non_profit,email,notifications,billing_problem,low,open,gold,I downgraded my plan but I am still being billed for the higher tier.,Thanks for reaching out about the billing issue. We will look into this and get back to you within the next 48 hours.,,,1,neutral,3,0,web,LATAM
TCKT_014041,2023-01-15 03:54:49,CUST_05412,enterprise,web_form,login_auth,other,medium,resolved,gold,"Something seems off, can you please check my workspace?",Thanks for contacting support. Our team is reviewing this and will follow up within 24 hours.,Provided general guidance and confirmed the issue was resolved.,27.99,0,very_positive,5,1,desktop_app,LATAM
TCKT_014130,2023-01-20 01:50:55,CUST_00957,enterprise,chat,billing,security_concern,medium,on_hold,standard,I noticed a suspicious login on my account.,We take security very seriously. Our team is reviewing this and will follow up within 24 hours.,,,0,negative,3,1,desktop_app,MEA
TCKT_014153,2023-01-22 13:09:37,CUST_02841,enterprise,phone_transcript,billing,bug,medium,on_hold,standard,The billing feature is not saving my changes.,Thanks for reporting this bug. Our team is reviewing this and will follow up within 24 hours.,,,0,neutral,4,0,web,EU
TCKT_014213,2023-01-31 01:29:24,CUST_03653,individual,phone_transcript,data_export,account_access,high,in_progress,gold,My 2FA code is not working when I try to sign in.,Sorry to hear you're having trouble accessing your account. We are prioritizing this and will update you as soon as possible.,,,0,negative,0,0,web,LATAM
TCKT_014242,2023-01-04 09:23:52,CUST_02933,enterprise,web_form,billing,account_access,low,resolved,gold,I cannot log in; the system says my password is incorrect.,Sorry to hear you're having trouble accessing your account. We will look into this and get back to you within the next 48 hours.,Reset account credentials and confirmed successful login.,15.31,0,negative,3,0,api_client,APAC
TCKT_014262,2023-01-03 15:23:42,CUST_01040,individual,chat,billing,feature_request,high,resolved,standard,Our team needs more advanced options for billing.,Thanks for your feature suggestion. We are prioritizing this and will update you as soon as possible.,Captured the request and added it to the product backlog.,11.9,0,very_negative,1,0,api_client,MEA
TCKT_014406,2023-01-01 01:09:36,CUST_01355,small_business,chat,notifications,performance,medium,closed_no_action,standard,Queries in the notifications module are timing out.,We understand performance issues can be frustrating. Our team is reviewing this and will follow up within 24 hours.,Ticket closed without further action after no response from the customer.,121.69,0,very_negative,1,1,api_client,MEA
TCKT_014435,2023-01-30 12:42:58,CUST_03596,small_business,email,billing,security_concern,low,resolved,standard,We need details about your data encryption and compliance.,We take security very seriously. We will look into this and get back to you within the next 48 hours.,"Investigated logs, mitigated the issue, and updated security settings.",56.09,0,neutral,3,0,ios,EU
TCKT_014439,2023-01-16 04:07:17,CUST_03702,non_profit,web_form,mobile_app,security_concern,low,resolved,standard,We need details about your data encryption and compliance.,We take security very seriously. We will look into this and get back to you within the next 48 hours.,"Investigated logs, mitigated the issue, and updated security settings.",43.94,0,very_negative,1,1,web,EU
TCKT_014538,2023-01-22 19:08:02,CUST_01188,small_business,chat,data_export,feature_request,medium,in_progress,standard,Our team needs more advanced options for data export.,Thanks for your feature suggestion. Our team is reviewing this and will follow up within 24 hours.,,,0,negative,0,1,api_client,EU
TCKT_014625,2023-01-20 08:51:05,CUST_01453,individual,email,analytics_dashboard,account_access,low,in_progress,standard,My 2FA code is not working when I try to sign in.,Sorry to hear you're having trouble accessing your account. We will look into this and get back to you within the next 48 hours.,,,0,negative,3,0,android,MEA
TCKT_014653,2023-01-23 12:39:05,CUST_09931,individual,email,api_integration,feature_request,high,on_hold,standard,Our team needs more advanced options for api integration.,Thanks for your feature suggestion. We are prioritizing this and will update you as soon as possible.,,,0,neutral,3,1,api_client,MEA
TCKT_014678,2023-01-23 05:18:38,CUST_08214,individual,phone_transcript,analytics_dashboard,billing_problem,medium,closed_no_action,platinum,I downgraded my plan but I am still being billed for the higher tier.,Thanks for reaching out about the billing issue. Our team is reviewing this and will follow up within 24 hours.,Ticket closed without further action after no response from the customer.,162.61,0,neutral,0,0,web,APAC
TCKT_014688,2023-01-25 11:38:02,CUST_00514,small_business,phone_transcript,billing,security_concern,medium,on_hold,standard,There seems to be a vulnerability in the billing functionality.,We take security very seriously. Our team is reviewing this and will follow up within 24 hours.,,,0,positive,4,0,ios,MEA
TCKT_014758,2023-01-24 15:18:53,CUST_03233,non_profit,web_form,login_auth,account_access,low,resolved,standard,I cannot log in; the system says my password is incorrect.,Sorry to hear you're having trouble accessing your account. We will look into this and get back to you within the next 48 hours.,Reset account credentials and confirmed successful login.,31.08,0,negative,0,0,android,EU
TCKT_014861,2023-01-22 05:14:48,CUST_07364,non_profit,email,api_integration,performance,high,closed_no_action,gold,The api integration page is very slow and takes a long time to load.,We understand performance issues can be frustrating. We are prioritizing this and will update you as soon as possible.,Ticket closed without further action after no response from the customer.,96.22,0,positive,4,0,desktop_app,LATAM
TCKT_014862,2023-01-09 17:07:05,CUST_06897,enterprise,web_form,data_export,security_concern,low,resolved,standard,There seems to be a vulnerability in the data export functionality.,We take security very seriously. We will look into this and get back to you within the next 48 hours.,"Investigated logs, mitigated the issue, and updated security settings.",27.4,0,very_positive,5,1,android,
TCKT_014923,2023-01-06 05:09:52,CUST_09389,enterprise,web_form,billing,account_access,high,in_progress,standard,My 2FA code is not working when I try to sign in.,Sorry to hear you're having trouble accessing your account. We are prioritizing this and will update you as soon as possible.,,,0,very_negative,1,0,ios,LATAM
TCKT_014935,2023-01-15 22:47:36,CUST_08878,education,phone_transcript,login_auth,account_access,high,resolved,standard,My 2FA code is not working when I try to sign in.,Sorry to hear you're having trouble accessing your account. We are prioritizing this and will update you as soon as possible.,Reset account credentials and confirmed successful login.,2.98,0,neutral,0,0,desktop_app,EU
TCKT_015004,2023-01-31 15:45:44,CUST_00978,education,chat,mobile_app,bug,high,resolved,gold,I am seeing an error message when I click on mobile app.,Thanks for reporting this bug. We are prioritizing this and will update you as soon as possible.,Patched the bug and deployed a fix to production.,17.01,0,very_negative,2,0,desktop_app,
TCKT_015169,2023-01-24 08:24:31,CUST_03607,individual,chat,login_auth,feature_request,low,resolved,standard,Can you add an option to customize login auth?,Thanks for your feature suggestion. We will look into this and get back to you within the next 48 hours.,Captured the request and added it to the product backlog.,67.09,0,positive,5,1,api_client,APAC
TCKT_015338,2023-01-26 04:03:34,CUST_05523,education,chat,billing,bug,medium,in_progress,standard,The page keeps crashing whenever I try to open the billing section.,Thanks for reporting this bug. Our team is reviewing this and will follow up within 24 hours.,,,0,neutral,0,0,web,
TCKT_015485,2023-01-24 16:49:36,CUST_01745,education,chat,login_auth,bug,medium,resolved,standard,The page keeps crashing whenever I try to open the login auth section.,Thanks for reporting this bug. Our team is reviewing this and will follow up within 24 hours.,Patched the bug and deployed a fix to production.,6.45,0,very_negative,0,0,web,APAC
TCKT_015632,2023-01-09 21:46:24,CUST_08527,education,phone_transcript,analytics_dashboard,security_concern,low,resolved,gold,I noticed a suspicious login on my account.,We take security very seriously. We will look into this and get back to you within the next 48 hours.,"Investigated logs, mitigated the issue, and updated security settings.",51.31,0,neutral,0,1,api_client,MEA
TCKT_015689,2023-01-25 13:13:15,CUST_02947,individual,phone_transcript,login_auth,bug,low,resolved,standard,The page keeps crashing whenever I try to open the login auth section.,Thanks for reporting this bug. We will look into this and get back to you within the next 48 hours.,Patched the bug and deployed a fix to production.,43.92,0,positive,5,0,ios,
TCKT_015812,2023-01-18 04:45:01,CUST_03021,education,in_app,api_integration,account_access,low,resolved,standard,I cannot log in; the system says my password is incorrect.,Sorry to hear you're having trouble accessing your account. We will look into this and get back to you within the next 48 hours.,Reset account credentials and confirmed successful login.,61.84,0,positive,4,0,api_client,MEA
TCKT_015920,2023-01-30 05:51:49,CUST_07537,enterprise,in_app,billing,billing_problem,low,resolved,platinum,My invoice amount is incorrect compared to the plan I selected.,Thanks for reaching out about the billing issue. We will look into this and get back to you within the next 48 hours.,Adjusted the invoice and issued a refund where applicable.,24.66,0,positive,0,1,web,EU
TCKT_016031,2023-01-22 13:31:53,CUST_03131,enterprise,web_form,data_export,feature_request,urgent,resolved,standard,It would be great to have data export support in your product.,Thanks for your feature suggestion. This has been escalated to our on-call team for immediate attention.,Captured the request and added it to the product backlog.,7.64,0,very_positive,0,1,web,LATAM
TCKT_016083,2023-01-23 21:31:27,CUST_01531,non_profit,email,notifications,bug,low,resolved,standard,The notifications feature is not saving my changes.,Thanks for reporting this bug. We will look into this and get back to you within the next 48 hours.,Patched the bug and deployed a fix to production.,14.8,0,neutral,3,0,android,
TCKT_016105,2023-01-05 15:04:52,CUST_08597,non_profit,email,api_integration,how_to,high,resolved,standard,How can I export my data from the api integration section?,Happy to help with your question. We are prioritizing this and will update you as soon as possible.,Provided step-by-step instructions and relevant documentation.,19.39,0,negative,3,0,api_client,MEA
TCKT_016175,2023-01-26 00:17:53,CUST_07412,non_profit,chat,login_auth,how_to,low,on_hold,standard,Can you explain how to configure login auth properly?,Happy to help with your question. We will look into this and get back to you within the next 48 hours.,,,0,positive,0,0,web,EU
TCKT_016200,2023-01-31 05:54:56,CUST_09612,small_business,phone_transcript,billing,security_concern,low,on_hold,standard,There seems to be a vulnerability in the billing functionality.,We take security very seriously. We will look into this and get back to you within the next 48 hours.,,,0,very_negative,2,0,android,MEA
TCKT_016219,2023-01-28 19:13:57,CUST_02160,non_profit,email,notifications,performance,low,resolved,standard,Queries in the notifications module are timing out.,We understand performance issues can be frustrating. We will look into this and get back to you within the next 48 hours.,Optimized queries and increased resource allocation.,21.85,0,negative,0,0,desktop_app,APAC
TCKT_016278,2023-01-08 16:26:56,CUST_02985,small_business,in_app,mobile_app,other,low,on_hold,standard,"Something seems off, can you please check my workspace?",Thanks for contacting support. We will look into this and get back to you within the next 48 hours.,,,0,positive,5,0,api_client,APAC
TCKT_016314,2023-01-12 19:24:04,CUST_04020,enterprise,phone_transcript,api_integration,bug,low,resolved,platinum,The page keeps crashing whenever I try to open the api integration section.,Thanks for reporting this bug. We will look into this and get back to you within the next 48 hours.,Patched the bug and deployed a fix to production.,53.86,0,neutral,0,1,web,EU
TCKT_016405,2023-01-30 08:59:12,CUST_05023,individual,phone_transcript,billing,performance,medium,open,gold,Queries in the billing module are timing out.,We understand performance issues can be frustrating. Our team is reviewing this and will follow up within 24 hours.,,,0,very_positive,5,1,android,EU
TCKT_016438,2023-01-02 21:17:39,CUST_05102,non_profit,email,analytics_dashboard,feature_request,medium,in_progress,standard,It would be great to have analytics dashboard support in your product.,Thanks for your feature suggestion. Our team is reviewing this and will follow up within 24 hours.,,,0,neutral,4,0,desktop_app,
TCKT_016468,2023-01-07 17:31:39,CUST_06633,non_profit,phone_transcript,api_integration,other,medium,closed_no_action,standard,I have a general question about my account.,Thanks for contacting support. Our team is reviewing this and will follow up within 24 hours.,Ticket closed without further action after no response from the customer.,205.42,0,neutral,0,0,desktop_app,MEA
TCKT_016475,2023-01-01 19:47:48,CUST_00586,individual,email,data_export,other,medium,resolved,standard,I have a general question about my account.,Thanks for contacting support. Our team is reviewing this and will follow up within 24 hours.,Provided general guidance and confirmed the issue was resolved.,8.37,0,positive,0,1,desktop_app,LATAM
TCKT_016554,2023-01-26 19:40:16,CUST_05747,enterprise,in_app,api_integration,billing_problem,medium,in_progress,standard,I downgraded my plan but I am still being billed for the higher tier.,Thanks for reaching out about the billing issue. Our team is reviewing this and will follow up within 24 hours.,,,0,neutral,0,0,desktop_app,
TCKT_016571,2023-01-31 03:33:47,CUST_06021,enterprise,phone_transcript,login_auth,bug,low,resolved,standard,I am seeing an error message when I click on login auth.,Thanks for reporting this bug. We will look into this and get back to you within the next 48 hours.,Patched the bug and deployed a fix to production.,20.59,0,neutral,0,1,desktop_app,LATAM
TCKT_016585,2023-01-29 23:58:43,CUST_00510,small_business,chat,analytics_dashboard,feature_request,medium,resolved,standard,Our team needs more advanced options for analytics dashboard.,Thanks for your feature suggestion. Our team is reviewing this and will follow up within 24 hours.,Captured the request and added it to the product backlog.,10.14,0,neutral,4,0,desktop_app,APAC
TCKT_016667,2023-01-10 07:07:54,CUST_04750,enterprise,web_form,data_export,other,low,open,gold,"Something seems off, can you please check my workspace?",Thanks for contacting support. We will look into this and get back to you within the next 48 hours.,,,0,neutral,0,1,api_client,APAC
TCKT_016680,2023-01-11 05:01:33,CUST_07473,individual,chat,notifications,bug,medium,resolved,gold,I am seeing an error message when I click on notifications.,Thanks for reporting this bug. Our team is reviewing this and will follow up within 24 hours.,Patched the bug and deployed a fix to production.,34.27,0,very_negative,2,0,ios,
TCKT_016720,2023-01-24 19:19:34,CUST_06030,enterprise,web_form,notifications,performance,low,in_progress,standard,Overall performance has degraded in the last few days.,We understand performance issues can be frustrating. We will look into this and get back to you within the next 48 hours.,,,0,very_negative,1,0,ios,LATAM
TCKT_016764,2023-01-14 00:09:15,CUST_08707,non_profit,in_app,data_export,feature_request,low,open,standard,Our team needs more advanced options for data export.,Thanks for your feature suggestion. We will look into this and get back to you within the next 48 hours.,,,0,very_negative,2,0,desktop_app,MEA
TCKT_016780,2023-01-07 23:43:05,CUST_06152,enterprise,in_app,billing,security_concern,medium,resolved,standard,There seems to be a vulnerability in the billing functionality.,We take security very seriously. Our team is reviewing this and will follow up within 24 hours.,"Investigated logs, mitigated the issue, and updated security settings.",33.83,0,negative,2,0,ios,EU
TCKT_016801,2023-01-05 22:34:41,CUST_06591,enterprise,in_app,mobile_app,other,low,resolved,gold,I have a general question about my account.,Thanks for contacting support. We will look into this and get back to you within the next 48 hours.,Provided general guidance and confirmed the issue was resolved.,66.25,0,neutral,4,0,api_client,EU
TCKT_016808,2023-01-15 12:45:06,CUST_00416,individual,chat,api_integration,bug,low,on_hold,standard,The page keeps crashing whenever I try to open the api integration section.,Thanks for reporting this bug. We will look into this and get back to you within the next 48 hours.,,,0,negative,2,0,desktop_app,MEA
TCKT_016921,2023-01-20 09:27:13,CUST_07213,small_business,in_app,analytics_dashboard,other,medium,on_hold,gold,I have a general question about my account.,Thanks for contacting support. Our team is reviewing this and will follow up within 24 hours.,,,0,positive,4,0,web,APAC
TCKT_016975,2023-01-04 21:06:22,CUST_09862,individual,phone_transcript,login_auth,performance,medium,resolved,platinum,The login auth page is very slow and takes a long time to load.,We understand performance issues can be frustrating. Our team is reviewing this and will follow up within 24 hours.,Optimized queries and increased resource allocation.,30.27,0,very_negative,2,0,api_client,APAC
TCKT_017061,2023-01-01 08:37:27,CUST_01923,education,chat,login_auth,other,low,resolved,standard,I need help but I'm not sure which category this fits in.,Thanks for contacting support. We will look into this and get back to you within the next 48 hours.,Provided general guidance and confirmed the issue was resolved.,20.18,0,neutral,4,1,desktop_app,LATAM
TCKT_017132,2023-01-20 05:12:31,CUST_04556,small_business,phone_transcript,mobile_app,bug,low,resolved,gold,The mobile app feature is not saving my changes.,Thanks for reporting this bug. We will look into this and get back to you within the next 48 hours.,Patched the bug and deployed a fix to production.,64.07,0,negative,0,1,desktop_app,
TCKT_017169,2023-01-08 22:48:38,CUST_09119,individual,email,billing,how_to,medium,resolved,gold,Can you explain how to configure billing properly?,Happy to help with your question. Our team is reviewing this and will follow up within 24 hours.,Provided step-by-step instructions and relevant documentation.,9.39,0,very_positive,5,0,web,MEA
TCKT_017177,2023-01-12 02:35:10,CUST_01191,small_business,web_form,data_export,security_concern,low,in_progress,standard,We need details about your data encryption and compliance.,We take security very seriously. We will look into this and get back to you within the next 48 hours.,,,0,positive,5,0,ios,APAC
TCKT_017255,2023-01-03 01:00:21,CUST_03301,enterprise,web_form,analytics_dashboard,other,low,resolved,standard,I need help but I'm not sure which category this fits in.,Thanks for contacting support. We will look into this and get back to you within the next 48 hours.,Provided general guidance and confirmed the issue was resolved.,59.6,0,neutral,4,1,android,MEA
TCKT_017264,2023-01-20 17:41:06,CUST_08249,non_profit,phone_transcript,analytics_dashboard,billing_problem,medium,in_progress,standard,I downgraded my plan but I am still being billed for the higher tier.,Thanks for reaching out about the billing issue. Our team is reviewing this and will follow up within 24 hours.,,,0,neutral,3,1,android,MEA
TCKT_017267,2023-01-13 06:08:20,CUST_07380,education,phone_transcript,data_export,feature_request,medium,in_progress,standard,Our team needs more advanced options for data export.,Thanks for your feature suggestion. Our team is reviewing this and will follow up within 24 hours.,,,0,negative,2,0,android,
TCKT_017293,2023-01-12 01:21:19,CUST_08016,individual,web_form,mobile_app,bug,low,on_hold,standard,The mobile app feature is not saving my changes.,Thanks for reporting this bug. We will look into this and get back to you within the next 48 hours.,,,0,positive,4,1,android,EU
TCKT_017311,2023-01-04 09:28:14,CUST_08841,enterprise,phone_transcript,billing,billing_problem,medium,closed_no_action,standard,My invoice amount is incorrect compared to the plan I selected.,Thanks for reaching out about the billing issue. Our team is reviewing this and will follow up within 24 hours.,Ticket closed without further action after no response from the customer.,165.1,1,neutral,3,0,ios,
TCKT_017561,2023-01-01 20:22:41,CUST_01435,small_business,in_app,login_auth,account_access,low,open,standard,I cannot log in; the system says my password is incorrect.,Sorry to hear you're having trouble accessing your account. We will look into this and get back to you within the next 48 hours.,,,1,negative,2,0,desktop_app,MEA
TCKT_017609,2023-01-02 00:28:33,CUST_03530,education,web_form,analytics_dashboard,bug,high,open,standard,The page keeps crashing whenever I try to open the analytics dashboard section.,Thanks for reporting this bug. We are prioritizing this and will update you as soon as possible.,,,0,positive,4,0,web,
TCKT_017661,2023-01-18 15:39:32,CUST_01230,small_business,email,api_integration,feature_request,low,open,standard,Can you add an option to customize api integration?,Thanks for your feature suggestion. We will look into this and get back to you within the next 48 hours.,,,0,neutral,0,0,android,
TCKT_017672,2023-01-10 18:55:30,CUST_07872,small_business,web_form,login_auth,feature_request,medium,on_hold,standard,Can you add an option to customize login auth?,Thanks for your feature suggestion. Our team is reviewing this and will follow up within 24 hours.,,,0,positive,5,0,desktop_app,
TCKT_017675,2023-01-30 13:08:42,CUST_04038,individual,web_form,analytics_dashboard,other,high,in_progress,gold,I need help but I'm not sure which category this fits in.,Thanks for contacting support. We are prioritizing this and will update you as soon as possible.,,,0,negative,0,1,android,
TCKT_017699,2023-01-09 18:20:46,CUST_05845,individual,email,api_integration,performance,medium,resolved,standard,The api integration page is very slow and takes a long time to load.,We understand performance issues can be frustrating. Our team is reviewing this and will follow up within 24 hours.,Optimized queries and increased resource allocation.,38.22,0,very_negative,0,1,api_client,LATAM
TCKT_017710,2023-01-19 13:48:49,CUST_09339,non_profit,in_app,analytics_dashboard,how_to,medium,resolved,standard,How can I export my data from the analytics dashboard section?,Happy to help with your question. Our team is reviewing this and will follow up within 24 hours.,Provided step-by-step instructions and relevant documentation.,7.12,0,neutral,4,0,android,
TCKT_017755,2023-01-04 16:01:11,CUST_00310,small_business,email,data_export,billing_problem,low,resolved,standard,I downgraded my plan but I am still being billed for the higher tier.,Thanks for reaching out about the billing issue. We will look into this and get back to you within the next 48 hours.,Adjusted the invoice and issued a refund where applicable.,39.45,0,negative,2,0,desktop_app,APAC
TCKT_017836,2023-01-01 13:40:38,CUST_04652,small_business,chat,login_auth,other,low,in_progress,standard,I have a general question about my account.,Thanks for contacting support. We will look into this and get back to you within the next 48 hours.,,,0,negative,3,0,api_client,MEA
TCKT_017839,2023-01-05 10:06:50,CUST_06864,education,email,analytics_dashboard,other,low,open,standard,"Something seems off, can you please check my workspace?",Thanks for contacting support. We will look into this and get back to you within the next 48 hours.,,,0,neutral,4,0,desktop_app,
TCKT_017857,2023-01-26 10:02:58,CUST_07672,individual,in_app,login_auth,billing_problem,medium,resolved,platinum,I was charged twice for my subscription this month.,Thanks for reaching out about the billing issue. Our team is reviewing this and will follow up within 24 hours.,Adjusted the invoice and issued a refund where applicable.,40.75,0,positive,5,1,web,APAC
TCKT_017875,2023-01-22 16:12:16,CUST_06439,education,in_app,data_export,performance,medium,resolved,standard,Overall performance has degraded in the last few days.,We understand performance issues can be frustrating. Our team is reviewing this and will follow up within 24 hours.,Optimized queries and increased resource allocation.,18.95,0,neutral,4,0,web,EU
TCKT_017885,2023-01-31 15:44:19,CUST_05022,small_business,chat,notifications,bug,low,in_progress,standard,I am seeing an error message when I click on notifications.,Thanks for reporting this bug. We will look into this and get back to you within the next 48 hours.,,,0,neutral,4,0,ios,
TCKT_017978,2023-01-16 15:27:22,CUST_04869,small_business,in_app,data_export,other,medium,resolved,gold,"Something seems off, can you please check my workspace?",Thanks for contacting support. Our team is reviewing this and will follow up within 24 hours.,Provided general guidance and confirmed the issue was resolved.,11.88,0,very_negative,1,1,desktop_app,MEA
TCKT_018120,2023-01-15 17:57:52,CUST_01667,enterprise,in_app,data_export,performance,medium,resolved,standard,The data export page is very slow and takes a long time to load.,We understand performance issues can be frustrating. Our team is reviewing this and will follow up within 24 hours.,Optimized queries and increased resource allocation.,12.65,0,neutral,4,0,api_client,MEA
TCKT_018128,2023-01-10 09:34:23,CUST_08937,small_business,email,api_integration,bug,low,open,standard,I am seeing an error message when I click on api integration.,Thanks for reporting this bug. We will look into this and get back to you within the next 48 hours.,,,1,neutral,3,0,android,MEA
TCKT_018137,2023-01-04 08:04:24,CUST_05222,non_profit,chat,login_auth,security_concern,low,in_progress,standard,There seems to be a vulnerability in the login auth functionality.,We take security very seriously. We will look into this and get back to you within the next 48 hours.,,,0,negative,2,1,api_client,LATAM
TCKT_018150,2023-01-26 07:40:51,CUST_02082,enterprise,chat,login_auth,bug,low,on_hold,standard,The login auth feature is not saving my changes.,Thanks for reporting this bug. We will look into this and get back to you within the next 48 hours.,,,0,neutral,4,0,android,MEA
TCKT_018275,2023-01-28 08:37:58,CUST_00747,individual,chat,data_export,feature_request,low,closed_no_action,standard,It would be great to have data export support in your product.,Thanks for your feature suggestion. We will look into this and get back to you within the next 48 hours.,Ticket closed without further action after no response from the customer.,222.02,0,very_positive,5,0,web,
TCKT_018307,2023-01-17 00:46:45,CUST_05913,enterprise,in_app,notifications,account_access,medium,open,gold,My account was locked after multiple failed login attempts.,Sorry to hear you're having trouble accessing your account. Our team is reviewing this and will follow up within 24 hours.,,,0,very_negative,1,0,api_client,APAC
TCKT_018328,2023-01-05 02:02:26,CUST_09366,education,chat,notifications,how_to,high,closed_no_action,standard,I need help setting up notifications for my team.,Happy to help with your question. We are prioritizing this and will update you as soon as possible.,Ticket closed without further action after no response from the customer.,236.45,0,neutral,0,0,ios,APAC
TCKT_018349,2023-01-17 08:13:14,CUST_05985,non_profit,email,api_integration,billing_problem,low,resolved,standard,My invoice amount is incorrect compared to the plan I selected.,Thanks for reaching out about the billing issue. We will look into this and get back to you within the next 48 hours.,Adjusted the invoice and issued a refund where applicable.,36.95,0,negative,3,0,desktop_app,
TCKT_018387,2023-01-11 15:33:56,CUST_08245,small_business,web_form,analytics_dashboard,account_access,medium,in_progress,gold,I cannot log in; the system says my password is incorrect.,Sorry to hear you're having trouble accessing your account. Our team is reviewing this and will follow up within 24 hours.,,,0,very_negative,1,1,ios,APAC
TCKT_018533,2023-01-04 07:53:35,CUST_06864,individual,email,billing,bug,medium,on_hold,standard,The billing feature is not saving my changes.,Thanks for reporting this bug. Our team is reviewing this and will follow up within 24 hours.,,,0,negative,2,0,ios,EU
TCKT_018621,2023-01-11 18:59:14,CUST_07387,small_business,email,api_integration,bug,medium,closed_no_action,platinum,The api integration feature is not saving my changes.,Thanks for reporting this bug. Our team is reviewing this and will follow up within 24 hours.,Ticket closed without further action after no response from the customer.,208.02,0,very_positive,5,1,ios,APAC
TCKT_018649,2023-01-16 11:10:58,CUST_07889,non_profit,email,api_integration,security_concern,low,resolved,standard,I noticed a suspicious login on my account.,We take security very seriously. We will look into this and get back to you within the next 48 hours.,"Investigated logs, mitigated the issue, and updated security settings.",50.32,0,very_positive,5,1,api_client,EU
TCKT_018714,2023-01-21 05:52:15,CUST_06097,enterprise,web_form,analytics_dashboard,billing_problem,high,resolved,gold,I was charged twice for my subscription this month.,Thanks for reaching out about the billing issue. We are prioritizing this and will update you as soon as possible.,Adjusted the invoice and issued a refund where applicable.,22.7,0,negative,2,0,desktop_app,APAC
TCKT_018735,2023-01-07 11:39:36,CUST_01035,small_business,chat,data_export,bug,low,resolved,gold,I am seeing an error message when I click on data export.,Thanks for reporting this bug. We will look into this and get back to you within the next 48 hours.,Patched the bug and deployed a fix to production.,38.19,0,neutral,3,0,desktop_app,APAC
TCKT_018912,2023-01-15 01:59:50,CUST_07628,small_business,in_app,mobile_app,billing_problem,medium,resolved,standard,I was charged twice for my subscription this month.,Thanks for reaching out about the billing issue. Our team is reviewing this and will follow up within 24 hours.,Adjusted the invoice and issued a refund where applicable.,36.66,0,very_negative,1,0,api_client,EU
TCKT_018940,2023-01-06 00:31:00,CUST_07582,small_business,email,api_integration,bug,medium,closed_no_action,gold,The page keeps crashing whenever I try to open the api integration section.,Thanks for reporting this bug. Our team is reviewing this and will follow up within 24 hours.,Ticket closed without further action after no response from the customer.,236.53,0,positive,0,1,android,LATAM
TCKT_018972,2023-01-22 02:38:41,CUST_01396,non_profit,chat,data_export,feature_request,low,in_progress,platinum,Our team needs more advanced options for data export.,Thanks for your feature suggestion. We will look into this and get back to you within the next 48 hours.,,,0,very_positive,5,0,api_client,EU
TCKT_018999,2023-01-28 20:08:52,CUST_03483,enterprise,email,billing,account_access,urgent,in_progress,standard,I cannot log in; the system says my password is incorrect.,Sorry to hear you're having trouble accessing your account. This has been escalated to our on-call team for immediate attention.,,,0,very_negative,2,0,android,LATAM
TCKT_019031,2023-01-15 13:09:53,CUST_05598,individual,phone_transcript,notifications,performance,medium,open,gold,Overall performance has degraded in the last few days.,We understand performance issues can be frustrating. Our team is reviewing this and will follow up within 24 hours.,,,0,neutral,4,1,ios,EU
TCKT_019051,2023-01-23 16:38:01,CUST_06731,small_business,email,login_auth,how_to,medium,open,standard,Can you explain how to configure login auth properly?,Happy to help with your question. Our team is reviewing this and will follow up within 24 hours.,,,0,positive,0,0,api_client,APAC
TCKT_019136,2023-01-25 10:24:41,CUST_09315,education,web_form,notifications,feature_request,medium,closed_no_action,standard,It would be great to have notifications support in your product.,Thanks for your feature suggestion. Our team is reviewing this and will follow up within 24 hours.,Ticket closed without further action after no response from the customer.,41.04,0,positive,0,0,desktop_app,APAC
TCKT_019187,2023-01-31 11:29:53,CUST_08081,non_profit,in_app,mobile_app,billing_problem,low,in_progress,standard,I downgraded my plan but I am still being billed for the higher tier.,Thanks for reaching out about the billing issue. We will look into this and get back to you within the next 48 hours.,,,0,neutral,3,1,android,MEA
TCKT_019244,2023-01-11 04:44:37,CUST_06312,enterprise,in_app,api_integration,account_access,medium,in_progress,standard,My account was locked after multiple failed login attempts.,Sorry to hear you're having trouble accessing your account. Our team is reviewing this and will follow up within 24 hours.,,,0,negative,3,0,web,
TCKT_019268,2023-01-07 07:25:09,CUST_07637,individual,email,mobile_app,other,low,resolved,platinum,I have a general question about my account.,Thanks for contacting support. We will look into this and get back to you within the next 48 hours.,Provided general guidance and confirmed the issue was resolved.,57.31,0,positive,4,0,ios,APAC
TCKT_019335,2023-01-17 11:22:20,CUST_06247,education,phone_transcript,analytics_dashboard,feature_request,medium,in_progress,standard,Can you add an option to customize analytics dashboard?,Thanks for your feature suggestion. Our team is reviewing this and will follow up within 24 hours.,,,0,neutral,3,0,desktop_app,LATAM
TCKT_019378,2023-01-25 16:42:21,CUST_07117,small_business,email,notifications,performance,medium,resolved,gold,Queries in the notifications module are timing out.,We understand performance issues can be frustrating. Our team is reviewing this and will follow up within 24 hours.,Optimized queries and increased resource allocation.,45.7,0,very_negative,1,1,desktop_app,
TCKT_019382,2023-01-06 03:15:55,CUST_08976,enterprise,email,api_integration,other,medium,resolved,standard,I need help but I'm not sure which category this fits in.,Thanks for contacting support. Our team is reviewing this and will follow up within 24 hours.,Provided general guidance and confirmed the issue was resolved.,42.37,0,positive,4,0,web,
TCKT_019394,2023-01-20 20:20:45,CUST_04587,enterprise,chat,mobile_app,performance,low,on_hold,gold,Queries in the mobile app module are timing out.,We understand performance issues can be frustrating. We will look into this and get back to you within the next 48 hours.,,,0,negative,3,1,android,MEA
TCKT_019409,2023-01-04 13:17:07,CUST_03449,small_business,phone_transcript,api_integration,feature_request,high,in_progress,standard,Can you add an option to customize api integration?,Thanks for your feature suggestion. We are prioritizing this and will update you as soon as possible.,,,0,negative,2,0,desktop_app,LATAM
TCKT_019416,2023-01-22 16:36:23,CUST_03981,education,email,analytics_dashboard,security_concern,high,resolved,gold,I noticed a suspicious login on my account.,We take security very seriously. We are prioritizing this and will update you as soon as possible.,"Investigated logs, mitigated the issue, and updated security settings.",13.6,0,negative,3,0,api_client,APAC
TCKT_019456,2023-01-18 03:38:20,CUST_06544,enterprise,phone_transcript,analytics_dashboard,account_access,medium,open,standard,My 2FA code is not working when I try to sign in.,Sorry to hear you're having trouble accessing your account. Our team is reviewing this and will follow up within 24 hours.,,,0,positive,5,0,web,
TCKT_019504,2023-01-15 20:01:17,CUST_06763,enterprise,phone_transcript,login_auth,security_concern,medium,resolved,platinum,There seems to be a vulnerability in the login auth functionality.,We take security very seriously. Our team is reviewing this and will follow up within 24 hours.,"Investigated logs, mitigated the issue, and updated security settings.",14.78,0,negative,2,0,ios,APAC
TCKT_019557,2023-01-21 14:50:14,CUST_01857,small_business,in_app,analytics_dashboard,security_concern,medium,in_progress,gold,We need details about your data encryption and compliance.,We take security very seriously. Our team is reviewing this and will follow up within 24 hours.,,,1,positive,0,0,android,EU
TCKT_019743,2023-01-11 06:05:37,CUST_02704,enterprise,web_form,data_export,security_concern,medium,closed_no_action,gold,There seems to be a vulnerability in the data export functionality.,We take security very seriously. Our team is reviewing this and will follow up within 24 hours.,Ticket closed without further action after no response from the customer.,101.34,0,neutral,3,0,web,
TCKT_019786,2023-01-11 01:45:18,CUST_00843,small_business,email,api_integration,bug,medium,resolved,standard,The page keeps crashing whenever I try to open the api integration section.,Thanks for reporting this bug. Our team is reviewing this and will follow up within 24 hours.,Patched the bug and deployed a fix to production.,17.33,0,neutral,3,0,desktop_app,
TCKT_019864,2023-01-31 12:16:04,CUST_06691,non_profit,chat,analytics_dashboard,feature_request,medium,open,gold,Can you add an option to customize analytics dashboard?,Thanks for your feature suggestion. Our team is reviewing this and will follow up within 24 hours.,,,0,positive,0,1,android,MEA
TCKT_019975,2023-01-22 18:17:48,CUST_04974,small_business,web_form,mobile_app,account_access,low,on_hold,gold,I cannot log in; the system says my password is incorrect.,Sorry to hear you're having trouble accessing your account. We will look into this and get back to you within the next 48 hours.,,,1,very_negative,1,0,desktop_app,MEA
TCKT_019987,2023-01-26 18:40:33,CUST_02356,enterprise,chat,billing,how_to,high,resolved,standard,I need help setting up billing for my team.,Happy to help with your question. We are prioritizing this and will update you as soon as possible.,Provided step-by-step instructions and relevant documentation.,2.74,0,neutral,4,0,ios,APAC
TCKT_019988,2023-01-04 23:57:03,CUST_00509,education,in_app,billing,security_concern,low,in_progress,standard,I noticed a suspicious login on my account.,We take security very seriously. We will look into this and get back to you within the next 48 hours.,,,0,negative,2,0,desktop_app,EU
TCKT_020020,2023-01-05 18:03:41,CUST_08159,non_profit,chat,api_integration,bug,low,resolved,standard,I am seeing an error message when I click on api integration.,Thanks for reporting this bug. We will look into this and get back to you within the next 48 hours.,Patched the bug and deployed a fix to production.,60.78,0,positive,0,0,api_client,MEA
TCKT_020081,2023-01-30 23:37:33,CUST_01368,enterprise,phone_transcript,login_auth,performance,medium,resolved,platinum,Queries in the login auth module are timing out.,We understand performance issues can be frustrating. Our team is reviewing this and will follow up within 24 hours.,Optimized queries and increased resource allocation.,38.08,0,neutral,0,0,web,MEA
TCKT_020085,2023-01-23 23:27:24,CUST_00017,education,phone_transcript,analytics_dashboard,feature_request,low,on_hold,gold,Can you add an option to customize analytics dashboard?,Thanks for your feature suggestion. We will look into this and get back to you within the next 48 hours.,,,0,neutral,0,0,android,LATAM
TCKT_020154,2023-01-17 14:26:59,CUST_05546,enterprise,in_app,login_auth,feature_request,low,open,standard,Our team needs more advanced options for login auth.,Thanks for your feature suggestion. We will look into this and get back to you within the next 48 hours.,,,0,positive,5,0,api_client,
TCKT_020168,2023-01-26 04:21:06,CUST_08406,individual,web_form,mobile_app,feature_request,high,closed_no_action,standard,Can you add an option to customize mobile app?,Thanks for your feature suggestion. We are prioritizing this and will update you as soon as possible.,Ticket closed without further action after no response from the customer.,24.92,1,positive,4,0,ios,
TCKT_020199,2023-01-07 13:53:12,CUST_09817,enterprise,web_form,notifications,bug,high,closed_no_action,standard,The notifications feature is not saving my changes.,Thanks for reporting this bug. We are prioritizing this and will update you as soon as possible.,Ticket closed without further action after no response from the customer.,96.01,0,neutral,4,1,desktop_app,EU
TCKT_020277,2023-01-26 18:10:07,CUST_05850,enterprise,email,mobile_app,feature_request,low,resolved,standard,It would be great to have mobile app support in your product.,Thanks for your feature suggestion. We will look into this and get back to you within the next 48 hours.,Captured the request and added it to the product backlog.,42.54,0,neutral,3,0,android,APAC
TCKT_020297,2023-01-06 17:20:27,CUST_04196,enterprise,in_app,billing,billing_problem,urgent,resolved,standard,I downgraded my plan but I am still being billed for the higher tier.,Thanks for reaching out about the billing issue. This has been escalated to our on-call team for immediate attention.,Adjusted the invoice and issued a refund where applicable.,6.01,0,negative,3,0,ios,
TCKT_020304,2023-01-15 00:52:36,CUST_07109,individual,email,analytics_dashboard,feature_request,high,resolved,standard,Can you add an option to customize analytics dashboard?,Thanks for your feature suggestion. We are prioritizing this and will update you as soon as possible.,Captured the request and added it to the product backlog.,18.36,0,very_negative,0,0,ios,APAC
TCKT_020320,2023-01-01 15:30:16,CUST_07902,individual,web_form,billing,feature_request,low,in_progress,gold,Can you add an option to customize billing?,Thanks for your feature suggestion. We will look into this and get back to you within the next 48 hours.,,,0,neutral,0,0,web,LATAM
TCKT_020380,2023-01-31 06:02:43,CUST_08705,education,web_form,notifications,how_to,medium,in_progress,standard,Can you explain how to configure notifications properly?,Happy to help with your question. Our team is reviewing this and will follow up within 24 hours.,,,0,positive,0,0,ios,EU
TCKT_020410,2023-01-06 02:17:13,CUST_06157,non_profit,email,billing,security_concern,low,resolved,standard,We need details about your data encryption and compliance.,We take security very seriously. We will look into this and get back to you within the next 48 hours.,"Investigated logs, mitigated the issue, and updated security settings.",25.75,0,negative,0,0,api_client,LATAM
TCKT_020454,2023-01-07 19:23:37,CUST_01861,small_business,phone_transcript,billing,how_to,high,open,gold,Can you explain how to configure billing properly?,Happy to help with your question. We are prioritizing this and will update you as soon as possible.,,,0,negative,3,1,android,APAC
TCKT_020566,2023-01-07 02:35:56,CUST_03863,enterprise,email,api_integration,how_to,low,resolved,standard,Can you explain how to configure api integration properly?,Happy to help with your question. We will look into this and get back to you within the next 48 hours.,Provided step-by-step instructions and relevant documentation.,10.43,0,neutral,3,0,desktop_app,LATAM
TCKT_020595,2023-01-21 19:43:54,CUST_03735,individual,email,login_auth,account_access,low,on_hold,standard,I cannot log in; the system says my password is incorrect.,Sorry to hear you're having trouble accessing your account. We will look into this and get back to you within the next 48 hours.,,,0,neutral,0,0,api_client,EU
TCKT_020609,2023-01-12 00:03:57,CUST_02012,small_business,in_app,mobile_app,account_access,low,open,gold,I cannot log in; the system says my password is incorrect.,Sorry to hear you're having trouble accessing your account. We will look into this and get back to you within the next 48 hours.,,,0,very_negative,0,0,desktop_app,EU
TCKT_020623,2023-01-24 15:22:20,CUST_01624,small_business,phone_transcript,login_auth,bug,high,resolved,standard,The login auth feature is not saving my changes.,Thanks for reporting this bug. We are prioritizing this and will update you as soon as possible.,Patched the bug and deployed a fix to production.,18.92,0,neutral,3,0,api_client,APAC
TCKT_020648,2023-01-01 15:23:20,CUST_02539,enterprise,phone_transcript,notifications,account_access,medium,in_progress,standard,I cannot log in; the system says my password is incorrect.,Sorry to hear you're having trouble accessing your account. Our team is reviewing this and will follow up within 24 hours.,,,0,neutral,0,1,desktop_app,LATAM
TCKT_020652,2023-01-02 18:26:13,CUST_06704,non_profit,in_app,mobile_app,bug,medium,resolved,standard,The page keeps crashing whenever I try to open the mobile app section.,Thanks for reporting this bug. Our team is reviewing this and will follow up within 24 hours.,Patched the bug and deployed a fix to production.,24.36,0,positive,0,0,desktop_app,
TCKT_020733,2023-01-22 05:44:32,CUST_04129,enterprise,in_app,billing,feature_request,low,resolved,gold,It would be great to have billing support in your product.,Thanks for your feature suggestion. We will look into this and get back to you within the next 48 hours.,Captured the request and added it to the product backlog.,49.82,0,positive,4,1,ios,EU
TCKT_020954,2023-01-03 07:13:48,CUST_09583,education,chat,billing,performance,medium,in_progress,gold,Overall performance has degraded in the last few days.,We understand performance issues can be frustrating. Our team is reviewing this and will follow up within 24 hours.,,,0,negative,0,0,android,APAC
TCKT_020980,2023-01-03 13:32:26,CUST_09879,education,chat,notifications,account_access,medium,in_progress,standard,I cannot log in; the system says my password is incorrect.,Sorry to hear you're having trouble accessing your account. Our team is reviewing this and will follow up within 24 hours.,,,0,very_negative,1,0,api_client,EU
TCKT_021012,2023-01-26 23:47:31,CUST_00734,small_business,in_app,analytics_dashboard,account_access,medium,resolved,gold,My 2FA code is not working when I try to sign in.,Sorry to hear you're having trouble accessing your account. Our team is reviewing this and will follow up within 24 hours.,Reset account credentials and confirmed successful login.,14.62,0,very_positive,0,0,desktop_app,APAC
TCKT_021091,2023-01-09 18:06:24,CUST_07833,education,in_app,api_integration,account_access,medium,resolved,gold,My account was locked after multiple failed login attempts.,Sorry to hear you're having trouble accessing your account. Our team is reviewing this and will follow up within 24 hours.,Reset account credentials and confirmed successful login.,18.6,0,negative,3,0,ios,MEA
TCKT_021116,2023-01-15 12:05:12,CUST_05700,education,chat,api_integration,feature_request,medium,on_hold,gold,Our team needs more advanced options for api integration.,Thanks for your feature suggestion. Our team is reviewing this and will follow up within 24 hours.,,,0,positive,0,0,desktop_app,MEA
TCKT_021139,2023-01-19 10:53:45,CUST_00970,enterprise,phone_transcript,mobile_app,other,low,resolved,platinum,"Something seems off, can you please check my workspace?",Thanks for contacting support. We will look into this and get back to you within the next 48 hours.,Provided general guidance and confirmed the issue was resolved.,52.14,0,neutral,4,0,desktop_app,APAC
TCKT_021147,2023-01-29 02:14:38,CUST_00897,education,in_app,mobile_app,billing_problem,low,open,standard,I was charged twice for my subscription this month.,Thanks for reaching out about the billing issue. We will look into this and get back to you within the next 48 hours.,,,0,negative,0,0,android,EU
TCKT_021174,2023-01-17 20:21:39,CUST_06101,education,web_form,analytics_dashboard,how_to,medium,resolved,standard,Can you explain how to configure analytics dashboard properly?,Happy to help with your question. Our team is reviewing this and will follow up within 24 hours.,Provided step-by-step instructions and relevant documentation.,12.47,0,negative,3,0,ios,LATAM
TCKT_021265,2023-01-25 18:25:51,CUST_05480,small_business,phone_transcript,data_export,billing_problem,low,in_progress,gold,My invoice amount is incorrect compared to the plan I selected.,Thanks for reaching out about the billing issue. We will look into this and get back to you within the next 48 hours.,,,1,positive,4,0,api_client,EU
TCKT_021298,2023-01-24 23:15:31,CUST_05671,enterprise,in_app,data_export,security_concern,medium,on_hold,gold,There seems to be a vulnerability in the data export functionality.,We take security very seriously. Our team is reviewing this and will follow up within 24 hours.,,,0,very_negative,1,0,api_client,EU
TCKT_021348,2023-01-13 07:55:28,CUST_07583,enterprise,email,data_export,account_access,high,resolved,standard,My 2FA code is not working when I try to sign in.,Sorry to hear you're having trouble accessing your account. We are prioritizing this and will update you as soon as possible.,Reset account credentials and confirmed successful login.,12.91,0,positive,4,1,desktop_app,
TCKT_021379,2023-01-17 17:38:52,CUST_06098,enterprise,web_form,login_auth,other,medium,resolved,standard,I need help but I'm not sure which category this fits in.,Thanks for contacting support. Our team is reviewing this and will follow up within 24 hours.,Provided general guidance and confirmed the issue was resolved.,41.99,0,very_negative,1,1,desktop_app,APAC
TCKT_021537,2023-01-16 23:40:57,CUST_05236,non_profit,email,mobile_app,how_to,low,resolved,standard,How can I export my data from the mobile app section?,Happy to help with your question. We will look into this and get back to you within the next 48 hours.,Provided step-by-step instructions and relevant documentation.,67.54,0,neutral,3,0,desktop_app,APAC
TCKT_021587,2023-01-01 06:19:11,CUST_09216,individual,phone_transcript,notifications,how_to,low,open,gold,How can I export my data from the notifications section?,Happy to help with your question. We will look into this and get back to you within the next 48 hours.,,,0,neutral,0,0,web,MEA
TCKT_021640,2023-01-11 19:44:58,CUST_09172,small_business,chat,billing,security_concern,medium,on_hold,standard,We need details about your data encryption and compliance.,We take security very seriously. Our team is reviewing this and will follow up within 24 hours.,,,0,very_negative,2,1,web,LATAM
TCKT_021666,2023-01-04 22:39:00,CUST_07638,education,in_app,notifications,feature_request,low,resolved,gold,Our team needs more advanced options for notifications.,Thanks for your feature suggestion. We will look into this and get back to you within the next 48 hours.,Captured the request and added it to the product backlog.,44.11,0,very_positive,0,0,api_client,MEA
TCKT_021834,2023-01-30 02:19:57,CUST_04599,education,phone_transcript,billing,bug,high,in_progress,platinum,I am seeing an error message when I click on billing.,Thanks for reporting this bug. We are prioritizing this and will update you as soon as possible.,,,0,very_negative,1,0,ios,
TCKT_021887,2023-01-16 19:21:34,CUST_04363,enterprise,in_app,notifications,other,medium,in_progress,gold,I have a general question about my account.,Thanks for contacting support. Our team is reviewing this and will follow up within 24 hours.,,,0,neutral,3,1,api_client,MEA
TCKT_021917,2023-01-14 14:34:57,CUST_01861,non_profit,in_app,data_export,account_access,medium,resolved,standard,I cannot log in; the system says my password is incorrect.,Sorry to hear you're having trouble accessing your account. Our team is reviewing this and will follow up within 24 hours.,Reset account credentials and confirmed successful login.,29.38,0,very_negative,1,0,ios,
TCKT_021981,2023-01-06 12:46:45,CUST_02466,education,phone_transcript,analytics_dashboard,security_concern,medium,in_progress,gold,We need details about your data encryption and compliance.,We take security very seriously. Our team is reviewing this and will follow up within 24 hours.,,,0,very_negative,0,0,android,EU
TCKT_022005,2023-01-28 23:33:32,CUST_05615,education,web_form,analytics_dashboard,security_concern,high,resolved,standard,We need details about your data encryption and compliance.,We take security very seriously. We are prioritizing this and will update you as soon as possible.,"Investigated logs, mitigated the issue, and updated security settings.",14.35,0,negative,2,0,web,MEA
TCKT_022035,2023-01-21 06:12:02,CUST_06834,enterprise,phone_transcript,login_auth,security_concern,high,resolved,standard,I noticed a suspicious login on my account.,We take security very seriously. We are prioritizing this and will update you as soon as possible.,"Investigated logs, mitigated the issue, and updated security settings.",13.7,0,very_negative,0,0,api_client,EU
TCKT_022116,2023-01-13 15:03:46,CUST_09485,non_profit,phone_transcript,analytics_dashboard,other,medium,on_hold,standard,"Something seems off, can you please check my workspace?",Thanks for contacting support. Our team is reviewing this and will follow up within 24 hours.,,,0,negative,3,0,web,APAC
TCKT_022132,2023-01-30 07:20:22,CUST_07991,small_business,email,analytics_dashboard,account_access,low,resolved,gold,My account was locked after multiple failed login attempts.,Sorry to hear you're having trouble accessing your account. We will look into this and get back to you within the next 48 hours.,Reset account credentials and confirmed successful login.,69.65,0,negative,2,1,api_client,MEA
TCKT_022299,2023-01-11 20:16:37,CUST_02105,non_profit,phone_transcript,mobile_app,billing_problem,medium,closed_no_action,platinum,My invoice amount is incorrect compared to the plan I selected.,Thanks for reaching out about the billing issue. Our team is reviewing this and will follow up within 24 hours.,Ticket closed without further action after no response from the customer.,185.37,0,very_negative,2,0,web,MEA
TCKT_022300,2023-01-16 09:36:04,CUST_06454,small_business,phone_transcript,api_integration,other,urgent,resolved,standard,"Something seems off, can you please check my workspace?",Thanks for contacting support. This has been escalated to our on-call team for immediate attention.,Provided general guidance and confirmed the issue was resolved.,2.96,0,neutral,4,0,ios,
TCKT_022376,2023-01-25 08:28:01,CUST_02470,non_profit,email,analytics_dashboard,security_concern,low,resolved,standard,There seems to be a vulnerability in the analytics dashboard functionality.,We take security very seriously. We will look into this and get back to you within the next 48 hours.,"Investigated logs, mitigated the issue, and updated security settings.",17.06,0,neutral,0,1,desktop_app,EU
TCKT_022553,2023-01-29 22:49:39,CUST_08266,individual,email,billing,billing_problem,low,on_hold,platinum,My invoice amount is incorrect compared to the plan I selected.,Thanks for reaching out about the billing issue. We will look into this and get back to you within the next 48 hours.,,,0,positive,0,1,android,LATAM
TCKT_022651,2023-01-01 04:33:38,CUST_06702,non_profit,web_form,mobile_app,billing_problem,urgent,resolved,standard,My invoice amount is incorrect compared to the plan I selected.,Thanks for reaching out about the billing issue. This has been escalated to our on-call team for immediate attention.,Adjusted the invoice and issued a refund where applicable.,1.49,0,very_negative,0,0,api_client,LATAM
TCKT_022720,2023-01-31 14:27:04,CUST_06846,non_profit,email,login_auth,other,high,open,standard,I need help but I'm not sure which category this fits in.,Thanks for contacting support. We are prioritizing this and will update you as soon as possible.,,,0,positive,4,0,ios,EU
TCKT_022796,2023-01-27 19:25:23,CUST_04755,non_profit,email,login_auth,performance,high,resolved,gold,Queries in the login auth module are timing out.,We understand performance issues can be frustrating. We are prioritizing this and will update you as soon as possible.,Optimized queries and increased resource allocation.,20.68,0,negative,2,0,android,
TCKT_022828,2023-01-31 23:43:48,CUST_06785,small_business,web_form,analytics_dashboard,account_access,medium,in_progress,standard,My account was locked after multiple failed login attempts.,Sorry to hear you're having trouble accessing your account. Our team is reviewing this and will follow up within 24 hours.,,,0,positive,5,0,ios,EU
TCKT_022831,2023-01-29 02:47:34,CUST_06206,education,phone_transcript,analytics_dashboard,bug,low,in_progress,standard,The page keeps crashing whenever I try to open the analytics dashboard section.,Thanks for reporting this bug. We will look into this and get back to you within the next 48 hours.,,,0,negative,3,0,api_client,LATAM
TCKT_022942,2023-01-15 05:49:42,CUST_02123,non_profit,email,login_auth,account_access,medium,resolved,gold,My 2FA code is not working when I try to sign in.,Sorry to hear you're having trouble accessing your account. Our team is reviewing this and will follow up within 24 hours.,Reset account credentials and confirmed successful login.,40.45,0,negative,0,0,api_client,APAC
TCKT_022943,2023-01-20 07:03:44,CUST_01623,education,in_app,billing,performance,low,resolved,gold,Overall performance has degraded in the last few days.,We understand performance issues can be frustrating. We will look into this and get back to you within the next 48 hours.,Optimized queries and increased resource allocation.,8.36,0,negative,0,0,desktop_app,APAC
TCKT_022957,2023-01-22 16:35:20,CUST_01826,individual,phone_transcript,billing,security_concern,medium,in_progress,standard,We need details about your data encryption and compliance.,We take security very seriously. Our team is reviewing this and will follow up within 24 hours.,,,0,very_negative,1,0,api_client,EU
TCKT_022960,2023-01-31 23:39:57,CUST_07299,non_profit,chat,api_integration,feature_request,high,resolved,platinum,Can you add an option to customize api integration?,Thanks for your feature suggestion. We are prioritizing this and will update you as soon as possible.,Captured the request and added it to the product backlog.,7.69,0,very_positive,5,1,api_client,EU
TCKT_023003,2023-01-31 07:30:26,CUST_07404,individual,web_form,api_integration,performance,medium,resolved,standard,Overall performance has degraded in the last few days.,We understand performance issues can be frustrating. Our team is reviewing this and will follow up within 24 hours.,Optimized queries and increased resource allocation.,14.78,0,negative,0,0,api_client,MEA
TCKT_023029,2023-01-07 02:56:44,CUST_03156,non_profit,phone_transcript,mobile_app,security_concern,urgent,resolved,standard,There seems to be a vulnerability in the mobile app functionality.,We take security very seriously. This has been escalated to our on-call team for immediate attention.,"Investigated logs, mitigated the issue, and updated security settings.",5.85,0,neutral,0,0,desktop_app,MEA
TCKT_023050,2023-01-02 17:53:30,CUST_08714,individual,phone_transcript,billing,other,high,open,gold,I have a general question about my account.,Thanks for contacting support. We are prioritizing this and will update you as soon as possible.,,,0,negative,2,0,ios,LATAM
TCKT_023090,2023-01-31 03:05:28,CUST_08683,education,web_form,login_auth,account_access,high,in_progress,standard,I cannot log in; the system says my password is incorrect.,Sorry to hear you're having trouble accessing your account. We are prioritizing this and will update you as soon as possible.,,,1,very_negative,1,0,web,LATAM
TCKT_023140,2023-01-04 22:15:34,CUST_05153,enterprise,chat,billing,account_access,low,resolved,platinum,My 2FA code is not working when I try to sign in.,Sorry to hear you're having trouble accessing your account. We will look into this and get back to you within the next 48 hours.,Reset account credentials and confirmed successful login.,69.81,0,neutral,3,0,desktop_app,EU
TCKT_023265,2023-01-15 14:08:44,CUST_04397,small_business,web_form,analytics_dashboard,how_to,medium,resolved,standard,Can you explain how to configure analytics dashboard properly?,Happy to help with your question. Our team is reviewing this and will follow up within 24 hours.,Provided step-by-step instructions and relevant documentation.,7.76,0,negative,0,0,web,
TCKT_023320,2023-01-20 14:45:26,CUST_05883,enterprise,email,mobile_app,bug,low,open,standard,The mobile app feature is not saving my changes.,Thanks for reporting this bug. We will look into this and get back to you within the next 48 hours.,,,0,neutral,4,0,desktop_app,APAC
TCKT_023334,2023-01-08 10:19:54,CUST_04415,non_profit,email,data_export,security_concern,low,open,standard,I noticed a suspicious login on my account.,We take security very seriously. We will look into this and get back to you within the next 48 hours.,,,0,negative,2,0,web,EU
TCKT_023373,2023-01-02 23:05:09,CUST_02688,non_profit,in_app,analytics_dashboard,billing_problem,low,open,gold,I was charged twice for my subscription this month.,Thanks for reaching out about the billing issue. We will look into this and get back to you within the next 48 hours.,,,0,positive,4,1,desktop_app,APAC
TCKT_023394,2023-01-31 21:10:29,CUST_07113,small_business,email,data_export,account_access,medium,resolved,gold,My 2FA code is not working when I try to sign in.,Sorry to hear you're having trouble accessing your account. Our team is reviewing this and will follow up within 24 hours.,Reset account credentials and confirmed successful login.,45.11,0,very_negative,0,1,ios,LATAM
TCKT_023406,2023-01-27 14:18:29,CUST_03797,enterprise,email,data_export,performance,urgent,resolved,standard,The data export page is very slow and takes a long time to load.,We understand performance issues can be frustrating. This has been escalated to our on-call team for immediate attention.,Optimized queries and increased resource allocation.,7.66,0,neutral,0,1,ios,MEA
TCKT_023407,2023-01-14 03:02:21,CUST_07691,enterprise,phone_transcript,data_export,performance,medium,in_progress,gold,Queries in the data export module are timing out.,We understand performance issues can be frustrating. Our team is reviewing this and will follow up within 24 hours.,,,0,negative,2,1,ios,APAC
TCKT_023473,2023-01-24 16:07:40,CUST_04116,education,in_app,api_integration,bug,low,in_progress,standard,The page keeps crashing whenever I try to open the api integration section.,Thanks for reporting this bug. We will look into this and get back to you within the next 48 hours.,,,0,negative,3,0,web,EU
TCKT_023533,2023-01-25 16:05:50,CUST_01323,enterprise,email,data_export,performance,medium,resolved,standard,Overall performance has degraded in the last few days.,We understand performance issues can be frustrating. Our team is reviewing this and will follow up within 24 hours.,Optimized queries and increased resource allocation.,25.25,0,neutral,3,0,android,EU
TCKT_023584,2023-01-08 03:19:29,CUST_00333,small_business,chat,billing,account_access,medium,resolved,standard,I cannot log in; the system says my password is incorrect.,Sorry to hear you're having trouble accessing your account. Our team is reviewing this and will follow up within 24 hours.,Reset account credentials and confirmed successful login.,17.24,0,negative,3,0,ios,
TCKT_023710,2023-01-01 10:21:20,CUST_02464,enterprise,in_app,mobile_app,billing_problem,high,resolved,standard,I was charged twice for my subscription this month.,Thanks for reaching out about the billing issue. We are prioritizing this and will update you as soon as possible.,Adjusted the invoice and issued a refund where applicable.,13.31,0,negative,3,0,ios,MEA
TCKT_023732,2023-01-25 19:43:27,CUST_05807,small_business,web_form,mobile_app,account_access,medium,on_hold,gold,My 2FA code is not working when I try to sign in.,Sorry to hear you're having trouble accessing your account. Our team is reviewing this and will follow up within 24 hours.,,,0,neutral,4,0,desktop_app,LATAM
TCKT_023898,2023-01-20 01:52:31,CUST_06688,small_business,web_form,login_auth,billing_problem,medium,resolved,standard,My invoice amount is incorrect compared to the plan I selected.,Thanks for reaching out about the billing issue. Our team is reviewing this and will follow up within 24 hours.,Adjusted the invoice and issued a refund where applicable.,45.81,0,positive,5,0,web,
TCKT_023905,2023-01-20 15:33:51,CUST_08631,enterprise,phone_transcript,billing,other,medium,resolved,standard,I have a general question about my account.,Thanks for contacting support. Our team is reviewing this and will follow up within 24 hours.,Provided general guidance and confirmed the issue was resolved.,29.53,0,negative,0,0,android,
TCKT_023928,2023-01-01 23:35:08,CUST_04518,education,in_app,billing,bug,high,resolved,standard,The billing feature is not saving my changes.,Thanks for reporting this bug. We are prioritizing this and will update you as soon as possible.,Patched the bug and deployed a fix to production.,8.38,0,positive,4,1,api_client,MEA
TCKT_023972,2023-01-07 17:12:25,CUST_04427,non_profit,email,login_auth,bug,medium,closed_no_action,standard,I am seeing an error message when I click on login auth.,Thanks for reporting this bug. Our team is reviewing this and will follow up within 24 hours.,Ticket closed without further action after no response from the customer.,137.52,0,neutral,4,0,desktop_app,APAC
TCKT_024044,2023-01-20 04:01:02,CUST_09145,education,web_form,notifications,how_to,medium,resolved,gold,How can I export my data from the notifications section?,Happy to help with your question. Our team is reviewing this and will follow up within 24 hours.,Provided step-by-step instructions and relevant documentation.,10.14,1,neutral,4,1,ios,EU
TCKT_024081,2023-01-01 16:42:53,CUST_08574,small_business,phone_transcript,data_export,bug,medium,resolved,gold,The data export feature is not saving my changes.,Thanks for reporting this bug. Our team is reviewing this and will follow up within 24 hours.,Patched the bug and deployed a fix to production.,39.24,0,negative,2,0,api_client,MEA
TCKT_024086,2023-01-09 13:53:40,CUST_09802,small_business,web_form,mobile_app,bug,high,resolved,gold,The mobile app feature is not saving my changes.,Thanks for reporting this bug. We are prioritizing this and will update you as soon as possible.,Patched the bug and deployed a fix to production.,19.79,0,very_positive,5,0,android,LATAM
TCKT_024098,2023-01-22 06:46:29,CUST_05841,education,phone_transcript,data_export,billing_problem,medium,resolved,standard,I was charged twice for my subscription this month.,Thanks for reaching out about the billing issue. Our team is reviewing this and will follow up within 24 hours.,Adjusted the invoice and issued a refund where applicable.,10.79,0,negative,0,1,android,
TCKT_024107,2023-01-22 03:39:54,CUST_00900,enterprise,phone_transcript,login_auth,account_access,high,resolved,standard,I cannot log in; the system says my password is incorrect.,Sorry to hear you're having trouble accessing your account. We are prioritizing this and will update you as soon as possible.,Reset account credentials and confirmed successful login.,6.33,1,neutral,0,0,android,LATAM
TCKT_024147,2023-01-19 23:42:38,CUST_00119,small_business,email,api_integration,account_access,high,closed_no_action,standard,My 2FA code is not working when I try to sign in.,Sorry to hear you're having trouble accessing your account. We are prioritizing this and will update you as soon as possible.,Ticket closed without further action after no response from the customer.,30.45,0,negative,3,0,desktop_app,EU
TCKT_024162,2023-01-22 06:07:43,CUST_09457,education,email,mobile_app,feature_request,medium,resolved,standard,It would be great to have mobile app support in your product.,Thanks for your feature suggestion. Our team is reviewing this and will follow up within 24 hours.,Captured the request and added it to the product backlog.,30.95,0,neutral,3,0,api_client,
TCKT_024231,2023-01-12 09:02:53,CUST_04469,non_profit,chat,billing,feature_request,low,resolved,standard,Our team needs more advanced options for billing.,Thanks for your feature suggestion. We will look into this and get back to you within the next 48 hours.,Captured the request and added it to the product backlog.,50.13,0,very_negative,0,1,android,MEA
TCKT_024245,2023-01-05 18:46:10,CUST_04585,enterprise,web_form,billing,performance,medium,closed_no_action,standard,Overall performance has degraded in the last few days.,We understand performance issues can be frustrating. Our team is reviewing this and will follow up within 24 hours.,Ticket closed without further action after no response from the customer.,223.54,0,negative,0,1,web,EU
TCKT_024251,2023-01-13 19:08:53,CUST_07748,education,in_app,billing,performance,high,resolved,standard,Queries in the billing module are timing out.,We understand performance issues can be frustrating. We are prioritizing this and will update you as soon as possible.,Optimized queries and increased resource allocation.,20.11,0,negative,0,0,web,EU
TCKT_024356,2023-01-05 03:56:44,CUST_00488,individual,web_form,login_auth,security_concern,low,resolved,gold,We need details about your data encryption and compliance.,We take security very seriously. We will look into this and get back to you within the next 48 hours.,"Investigated logs, mitigated the issue, and updated security settings.",53.02,0,negative,2,0,ios,APAC
TCKT_024366,2023-01-20 07:59:25,CUST_08594,small_business,in_app,analytics_dashboard,feature_request,medium,resolved,standard,Our team needs more advanced options for analytics dashboard.,Thanks for your feature suggestion. Our team is reviewing this and will follow up within 24 hours.,Captured the request and added it to the product backlog.,22.99,0,negative,3,0,android,APAC
TCKT_024408,2023-01-26 23:34:20,CUST_04736,small_business,email,analytics_dashboard,other,urgent,resolved,standard,"Something seems off, can you please check my workspace?",Thanks for contacting support. This has been escalated to our on-call team for immediate attention.,Provided general guidance and confirmed the issue was resolved.,7.31,0,neutral,4,0,android,EU
TCKT_024479,2023-01-13 18:38:32,CUST_03970,individual,email,data_export,security_concern,low,resolved,standard,There seems to be a vulnerability in the data export functionality.,We take security very seriously. We will look into this and get back to you within the next 48 hours.,"Investigated logs, mitigated the issue, and updated security settings.",13.47,0,neutral,4,0,ios,EU
TCKT_024548,2023-01-27 16:22:24,CUST_03266,small_business,web_form,billing,feature_request,low,closed_no_action,standard,Can you add an option to customize billing?,Thanks for your feature suggestion. We will look into this and get back to you within the next 48 hours.,Ticket closed without further action after no response from the customer.,235.04,0,neutral,0,1,android,MEA
TCKT_024569,2023-01-12 05:23:36,CUST_01759,education,phone_transcript,mobile_app,security_concern,medium,resolved,standard,There seems to be a vulnerability in the mobile app functionality.,We take security very seriously. Our team is reviewing this and will follow up within 24 hours.,"Investigated logs, mitigated the issue, and updated security settings.",24.44,0,negative,2,0,desktop_app,LATAM
TCKT_024580,2023-01-16 21:08:07,CUST_07040,non_profit,in_app,analytics_dashboard,security_concern,low,open,standard,There seems to be a vulnerability in the analytics dashboard functionality.,We take security very seriously. We will look into this and get back to you within the next 48 hours.,,,0,neutral,4,1,desktop_app,LATAM
TCKT_024592,2023-01-21 04:06:15,CUST_04494,non_profit,phone_transcript,login_auth,bug,urgent,resolved,gold,I am seeing an error message when I click on login auth.,Thanks for reporting this bug. This has been escalated to our on-call team for immediate attention.,Patched the bug and deployed a fix to production.,4.35,0,very_positive,0,1,api_client,APAC
TCKT_024595,2023-01-28 20:41:51,CUST_04773,small_business,email,login_auth,feature_request,low,on_hold,standard,It would be great to have login auth support in your product.,Thanks for your feature suggestion. We will look into this and get back to you within the next 48 hours.,,,0,neutral,0,0,web,EU
TCKT_024702,2023-01-17 13:59:58,CUST_03837,education,chat,mobile_app,bug,medium,in_progress,gold,I am seeing an error message when I click on mobile app.,Thanks for reporting this bug. Our team is reviewing this and will follow up within 24 hours.,,,0,neutral,4,0,web,MEA
TCKT_024725,2023-01-29 08:23:48,CUST_08113,education,chat,login_auth,security_concern,high,resolved,standard,We need details about your data encryption and compliance.,We take security very seriously. We are prioritizing this and will update you as soon as possible.,"Investigated logs, mitigated the issue, and updated security settings.",11.88,0,negative,3,0,desktop_app,LATAM
TCKT_024896,2023-01-24 02:57:22,CUST_09662,individual,web_form,api_integration,how_to,low,closed_no_action,standard,How can I export my data from the api integration section?,Happy to help with your question. We will look into this and get back to you within the next 48 hours.,Ticket closed without further action after no response from the customer.,168.45,0,positive,4,0,api_client,MEA
TCKT_024931,2023-01-23 15:24:55,CUST_08267,enterprise,chat,billing,feature_request,low,resolved,standard,It would be great to have billing support in your product.,Thanks for your feature suggestion. We will look into this and get back to you within the next 48 hours.,Captured the request and added it to the product backlog.,28.25,0,negative,0,0,android,EU
TCKT_024987,2023-01-27 07:14:30,CUST_00588,non_profit,web_form,login_auth,other,urgent,resolved,standard,"Something seems off, can you please check my workspace?",Thanks for contacting support. This has been escalated to our on-call team for immediate attention.,Provided general guidance and confirmed the issue was resolved.,1.33,0,neutral,4,0,web,MEA
TCKT_025080,2023-01-19 05:11:16,CUST_09904,non_profit,email,login_auth,security_concern,low,resolved,standard,There seems to be a vulnerability in the login auth functionality.,We take security very seriously. We will look into this and get back to you within the next 48 hours.,"Investigated logs, mitigated the issue, and updated security settings.",56.67,0,very_negative,0,0,ios,MEA
TCKT_025133,2023-01-08 11:53:26,CUST_08979,education,chat,data_export,other,high,in_progress,gold,I have a general question about my account.,Thanks for contacting support. We are prioritizing this and will update you as soon as possible.,,,0,neutral,3,0,desktop_app,EU
TCKT_025216,2023-01-18 08:09:58,CUST_00138,small_business,in_app,login_auth,feature_request,low,resolved,gold,Our team needs more advanced options for login auth.,Thanks for your feature suggestion. We will look into this and get back to you within the next 48 hours.,Captured the request and added it to the product backlog.,40.59,0,positive,0,0,desktop_app,APAC
TCKT_025240,2023-01-21 19:07:52,CUST_07186,enterprise,phone_transcript,notifications,account_access,low,resolved,standard,My account was locked after multiple failed login attempts.,Sorry to hear you're having trouble accessing your account. We will look into this and get back to you within the next 48 hours.,Reset account credentials and confirmed successful login.,41.24,0,very_negative,2,0,web,EU
TCKT_025252,2023-01-23 03:36:16,CUST_03892,education,web_form,billing,account_access,low,open,platinum,I cannot log in; the system says my password is incorrect.,Sorry to hear you're having trouble accessing your account. We will look into this and get back to you within the next 48 hours.,,,0,neutral,4,0,web,APAC
TCKT_025402,2023-01-03 21:35:29,CUST_07673,small_business,email,analytics_dashboard,feature_request,high,resolved,standard,It would be great to have analytics dashboard support in your product.,Thanks for your feature suggestion. We are prioritizing this and will update you as soon as possible.,Captured the request and added it to the product backlog.,6.42,0,neutral,3,0,ios,LATAM
TCKT_025430,2023-01-04 04:06:24,CUST_03598,individual,web_form,mobile_app,performance,low,open,gold,Queries in the mobile app module are timing out.,We understand performance issues can be frustrating. We will look into this and get back to you within the next 48 hours.,,,0,very_negative,0,0,desktop_app,LATAM
TCKT_025448,2023-01-21 20:04:19,CUST_08128,education,email,notifications,performance,low,on_hold,gold,Overall performance has degraded in the last few days.,We understand performance issues can be frustrating. We will look into this and get back to you within the next 48 hours.,,,0,very_negative,2,0,android,LATAM
TCKT_025568,2023-01-17 23:23:51,CUST_04097,enterprise,email,analytics_dashboard,account_access,medium,open,standard,My 2FA code is not working when I try to sign in.,Sorry to hear you're having trouble accessing your account. Our team is reviewing this and will follow up within 24 hours.,,,0,negative,0,0,api_client,
TCKT_025571,2023-01-14 20:17:17,CUST_02708,non_profit,chat,mobile_app,security_concern,low,resolved,standard,We need details about your data encryption and compliance.,We take security very seriously. We will look into this and get back to you within the next 48 hours.,"Investigated logs, mitigated the issue, and updated security settings.",70.5,0,very_negative,1,0,desktop_app,MEA
TCKT_025587,2023-01-18 20:15:17,CUST_07615,enterprise,email,login_auth,account_access,high,resolved,platinum,My account was locked after multiple failed login attempts.,Sorry to hear you're having trouble accessing your account. We are prioritizing this and will update you as soon as possible.,Reset account credentials and confirmed successful login.,5.02,1,negative,3,1,web,MEA
TCKT_025596,2023-01-02 14:41:29,CUST_02567,non_profit,email,billing,bug,low,open,standard,The billing feature is not saving my changes.,Thanks for reporting this bug. We will look into this and get back to you within the next 48 hours.,,,1,negative,3,0,desktop_app,EU
TCKT_025611,2023-01-16 08:22:53,CUST_05568,small_business,in_app,notifications,security_concern,low,resolved,platinum,We need details about your data encryption and compliance.,We take security very seriously. We will look into this and get back to you within the next 48 hours.,"Investigated logs, mitigated the issue, and updated security settings.",18.11,0,very_positive,5,0,android,MEA
TCKT_025670,2023-01-19 07:20:45,CUST_08666,small_business,phone_transcript,mobile_app,how_to,low,resolved,standard,How can I export my data from the mobile app section?,Happy to help with your question. We will look into this and get back to you within the next 48 hours.,Provided step-by-step instructions and relevant documentation.,22.95,0,positive,0,0,web,
TCKT_025741,2023-01-19 06:03:31,CUST_04080,small_business,email,login_auth,other,high,closed_no_action,standard,I need help but I'm not sure which category this fits in.,Thanks for contacting support. We are prioritizing this and will update you as soon as possible.,Ticket closed without further action after no response from the customer.,124.87,0,negative,0,0,api_client,APAC
TCKT_025798,2023-01-10 01:45:58,CUST_01420,enterprise,email,data_export,other,urgent,resolved,standard,I need help but I'm not sure which category this fits in.,Thanks for contacting support. This has been escalated to our on-call team for immediate attention.,Provided general guidance and confirmed the issue was resolved.,6.0,0,neutral,3,0,api_client,
TCKT_025800,2023-01-18 19:42:15,CUST_08036,small_business,email,data_export,how_to,low,on_hold,standard,I need help setting up data export for my team.,Happy to help with your question. We will look into this and get back to you within the next 48 hours.,,,0,positive,5,1,ios,LATAM
TCKT_025801,2023-01-09 17:36:21,CUST_03276,education,web_form,billing,bug,low,on_hold,standard,The page keeps crashing whenever I try to open the billing section.,Thanks for reporting this bug. We will look into this and get back to you within the next 48 hours.,,,0,neutral,4,1,android,APAC
TCKT_025839,2023-01-08 19:14:13,CUST_06991,small_business,in_app,data_export,bug,low,resolved,gold,I am seeing an error message when I click on data export.,Thanks for reporting this bug. We will look into this and get back to you within the next 48 hours.,Patched the bug and deployed a fix to production.,15.19,0,positive,0,0,ios,EU
TCKT_025919,2023-01-12 14:20:21,CUST_09399,individual,email,login_auth,performance,low,resolved,gold,Overall performance has degraded in the last few days.,We understand performance issues can be frustrating. We will look into this and get back to you within the next 48 hours.,Optimized queries and increased resource allocation.,32.95,0,very_positive,5,0,web,LATAM
TCKT_026012,2023-01-21 03:22:08,CUST_08535,non_profit,web_form,login_auth,feature_request,high,open,gold,Our team needs more advanced options for login auth.,Thanks for your feature suggestion. We are prioritizing this and will update you as soon as possible.,,,0,positive,5,0,api_client,EU
TCKT_026082,2023-01-09 02:39:05,CUST_06883,non_profit,in_app,billing,feature_request,high,open,standard,It would be great to have billing support in your product.,Thanks for your feature suggestion. We are prioritizing this and will update you as soon as possible.,,,0,positive,4,0,desktop_app,LATAM
TCKT_026093,2023-01-17 22:30:33,CUST_01295,education,chat,api_integration,performance,medium,resolved,gold,Queries in the api integration module are timing out.,We understand performance issues can be frustrating. Our team is reviewing this and will follow up within 24 hours.,Optimized queries and increased resource allocation.,27.55,0,negative,3,0,ios,EU
TCKT_026144,2023-01-20 06:24:38,CUST_03514,enterprise,email,data_export,how_to,low,resolved,standard,How can I export my data from the data export section?,Happy to help with your question. We will look into this and get back to you within the next 48 hours.,Provided step-by-step instructions and relevant documentation.,57.49,0,neutral,3,0,web,MEA
TCKT_026147,2023-01-25 13:53:10,CUST_05477,education,chat,mobile_app,bug,high,resolved,standard,I am seeing an error message when I click on mobile app.,Thanks for reporting this bug. We are prioritizing this and will update you as soon as possible.,Patched the bug and deployed a fix to production.,8.12,0,very_positive,5,0,desktop_app,LATAM
TCKT_026160,2023-01-23 02:10:15,CUST_07260,education,web_form,api_integration,other,medium,resolved,gold,I have a general question about my account.,Thanks for contacting support. Our team is reviewing this and will follow up within 24 hours.,Provided general guidance and confirmed the issue was resolved.,39.69,0,very_positive,5,1,android,LATAM
TCKT_026176,2023-01-30 19:19:17,CUST_00838,small_business,chat,api_integration,account_access,medium,in_progress,gold,My 2FA code is not working when I try to sign in.,Sorry to hear you're having trouble accessing your account. Our team is reviewing this and will follow up within 24 hours.,,,0,negative,3,0,android,APAC
TCKT_026215,2023-01-01 13:44:41,CUST_06111,enterprise,email,notifications,other,low,in_progress,standard,I have a general question about my account.,Thanks for contacting support. We will look into this and get back to you within the next 48 hours.,,,0,negative,3,0,web,
TCKT_026239,2023-01-06 05:07:22,CUST_01660,non_profit,chat,billing,other,high,open,standard,I have a general question about my account.,Thanks for contacting support. We are prioritizing this and will update you as soon as possible.,,,0,very_negative,2,0,desktop_app,MEA
TCKT_026330,2023-01-04 17:26:51,CUST_02861,individual,email,billing,bug,urgent,on_hold,standard,I am seeing an error message when I click on billing.,Thanks for reporting this bug. This has been escalated to our on-call team for immediate attention.,,,0,positive,4,0,android,LATAM
TCKT_026395,2023-01-11 01:36:03,CUST_06063,individual,phone_transcript,data_export,other,low,closed_no_action,standard,"Something seems off, can you please check my workspace?",Thanks for contacting support. We will look into this and get back to you within the next 48 hours.,Ticket closed without further action after no response from the customer.,134.12,0,neutral,4,0,api_client,LATAM
TCKT_026422,2023-01-05 14:48:33,CUST_09896,small_business,chat,data_export,account_access,high,resolved,platinum,My 2FA code is not working when I try to sign in.,Sorry to hear you're having trouble accessing your account. We are prioritizing this and will update you as soon as possible.,Reset account credentials and confirmed successful login.,17.66,0,very_negative,1,0,android,LATAM
TCKT_026597,2023-01-20 03:05:52,CUST_04740,individual,phone_transcript,billing,bug,medium,open,standard,The billing feature is not saving my changes.,Thanks for reporting this bug. Our team is reviewing this and will follow up within 24 hours.,,,1,neutral,3,1,android,MEA
TCKT_026626,2023-01-11 02:05:14,CUST_07622,small_business,email,login_auth,other,low,open,standard,"Something seems off, can you please check my workspace?",Thanks for contacting support. We will look into this and get back to you within the next 48 hours.,,,0,neutral,0,0,ios,LATAM
TCKT_026739,2023-01-24 15:35:49,CUST_04512,enterprise,in_app,billing,bug,medium,resolved,standard,The page keeps crashing whenever I try to open the billing section.,Thanks for reporting this bug. Our team is reviewing this and will follow up within 24 hours.,Patched the bug and deployed a fix to production.,6.34,0,neutral,0,1,android,EU
TCKT_026797,2023-01-18 17:21:34,CUST_05827,non_profit,email,data_export,how_to,low,resolved,standard,I need help setting up data export for my team.,Happy to help with your question. We will look into this and get back to you within the next 48 hours.,Provided step-by-step instructions and relevant documentation.,30.61,0,neutral,3,0,desktop_app,EU
TCKT_026935,2023-01-01 04:40:11,CUST_00388,small_business,in_app,notifications,feature_request,low,open,standard,Our team needs more advanced options for notifications.,Thanks for your feature suggestion. We will look into this and get back to you within the next 48 hours.,,,0,positive,0,0,desktop_app,MEA
TCKT_026939,2023-01-20 02:49:05,CUST_05709,enterprise,email,data_export,how_to,medium,in_progress,standard,I need help setting up data export for my team.,Happy to help with your question. Our team is reviewing this and will follow up within 24 hours.,,,0,positive,4,1,web,
TCKT_026994,2023-01-21 21:36:25,CUST_03812,individual,email,data_export,other,medium,open,gold,I need help but I'm not sure which category this fits in.,Thanks for contacting support. Our team is reviewing this and will follow up within 24 hours.,,,0,neutral,4,0,android,
TCKT_027084,2023-01-04 09:38:06,CUST_07132,education,web_form,analytics_dashboard,other,low,resolved,platinum,"Something seems off, can you please check my workspace?",Thanks for contacting support. We will look into this and get back to you within the next 48 hours.,Provided general guidance and confirmed the issue was resolved.,64.22,0,very_negative,1,0,android,APAC
TCKT_027091,2023-01-15 21:46:03,CUST_09755,small_business,web_form,analytics_dashboard,feature_request,high,closed_no_action,gold,It would be great to have analytics dashboard support in your product.,Thanks for your feature suggestion. We are prioritizing this and will update you as soon as possible.,Ticket closed without further action after no response from the customer.,164.17,0,positive,5,0,desktop_app,
TCKT_027167,2023-01-10 03:17:24,CUST_05730,individual,phone_transcript,notifications,bug,high,resolved,standard,I am seeing an error message when I click on notifications.,Thanks for reporting this bug. We are prioritizing this and will update you as soon as possible.,Patched the bug and deployed a fix to production.,7.81,0,neutral,0,1,ios,EU
TCKT_027209,2023-01-23 17:47:48,CUST_06021,individual,in_app,api_integration,other,low,in_progress,standard,I have a general question about my account.,Thanks for contacting support. We will look into this and get back to you within the next 48 hours.,,,0,very_negative,2,0,android,APAC
TCKT_027271,2023-01-25 23:42:52,CUST_02495,enterprise,chat,data_export,how_to,low,closed_no_action,gold,How can I export my data from the data export section?,Happy to help with your question. We will look into this and get back to you within the next 48 hours.,Ticket closed without further action after no response from the customer.,212.97,0,negative,0,0,web,
TCKT_027389,2023-01-22 07:10:30,CUST_05483,enterprise,phone_transcript,billing,security_concern,medium,resolved,platinum,There seems to be a vulnerability in the billing functionality.,We take security very seriously. Our team is reviewing this and will follow up within 24 hours.,"Investigated logs, mitigated the issue, and updated security settings.",11.86,0,neutral,4,0,web,MEA
TCKT_027575,2023-01-24 14:22:02,CUST_03042,non_profit,web_form,billing,security_concern,medium,closed_no_action,standard,We need details about your data encryption and compliance.,We take security very seriously. Our team is reviewing this and will follow up within 24 hours.,Ticket closed without further action after no response from the customer.,239.58,0,neutral,4,0,android,
TCKT_027584,2023-01-17 00:38:21,CUST_01744,individual,phone_transcript,analytics_dashboard,performance,medium,on_hold,standard,Overall performance has degraded in the last few days.,We understand performance issues can be frustrating. Our team is reviewing this and will follow up within 24 hours.,,,0,very_negative,0,1,web,APAC
TCKT_027623,2023-01-03 01:03:54,CUST_00147,non_profit,web_form,data_export,feature_request,low,in_progress,gold,Can you add an option to customize data export?,Thanks for your feature suggestion. We will look into this and get back to you within the next 48 hours.,,,0,positive,5,0,android,MEA
TCKT_027697,2023-01-17 16:13:04,CUST_04140,education,web_form,analytics_dashboard,account_access,low,resolved,gold,My account was locked after multiple failed login attempts.,Sorry to hear you're having trouble accessing your account. We will look into this and get back to you within the next 48 hours.,Reset account credentials and confirmed successful login.,62.64,0,negative,3,0,api_client,MEA
TCKT_027704,2023-01-01 16:06:10,CUST_00148,non_profit,phone_transcript,analytics_dashboard,other,low,closed_no_action,standard,"Something seems off, can you please check my workspace?",Thanks for contacting support. We will look into this and get back to you within the next 48 hours.,Ticket closed without further action after no response from the customer.,197.09,0,neutral,4,0,web,APAC
TCKT_027907,2023-01-17 01:05:07,CUST_03234,education,chat,billing,performance,low,in_progress,standard,The billing page is very slow and takes a long time to load.,We understand performance issues can be frustrating. We will look into this and get back to you within the next 48 hours.,,,0,very_positive,5,0,ios,EU
TCKT_028025,2023-01-09 07:03:50,CUST_06151,small_business,web_form,api_integration,other,medium,resolved,standard,"Something seems off, can you please check my workspace?",Thanks for contacting support. Our team is reviewing this and will follow up within 24 hours.,Provided general guidance and confirmed the issue was resolved.,7.07,0,neutral,4,0,android,EU
TCKT_028072,2023-01-06 23:44:09,CUST_01094,education,phone_transcript,login_auth,bug,low,resolved,standard,The login auth feature is not saving my changes.,Thanks for reporting this bug. We will look into this and get back to you within the next 48 hours.,Patched the bug and deployed a fix to production.,14.37,0,neutral,3,1,ios,LATAM
TCKT_028078,2023-01-13 16:20:07,CUST_07176,enterprise,chat,notifications,bug,low,resolved,gold,I am seeing an error message when I click on notifications.,Thanks for reporting this bug. We will look into this and get back to you within the next 48 hours.,Patched the bug and deployed a fix to production.,33.73,0,very_positive,5,0,api_client,LATAM
TCKT_028099,2023-01-16 14:00:56,CUST_06641,individual,phone_transcript,billing,account_access,medium,resolved,gold,My 2FA code is not working when I try to sign in.,Sorry to hear you're having trouble accessing your account. Our team is reviewing this and will follow up within 24 hours.,Reset account credentials and confirmed successful login.,19.84,0,neutral,4,1,api_client,EU
TCKT_028107,2023-01-30 18:30:06,CUST_02432,small_business,chat,notifications,feature_request,medium,on_hold,standard,It would be great to have notifications support in your product.,Thanks for your feature suggestion. Our team is reviewing this and will follow up within 24 hours.,,,0,neutral,3,0,api_client,
TCKT_028139,2023-01-01 11:04:17,CUST_08052,individual,chat,billing,account_access,medium,resolved,gold,I cannot log in; the system says my password is incorrect.,Sorry to hear you're having trouble accessing your account. Our team is reviewing this and will follow up within 24 hours.,Reset account credentials and confirmed successful login.,45.18,0,negative,3,0,ios,MEA
TCKT_028158,2023-01-27 14:26:57,CUST_05686,non_profit,phone_transcript,analytics_dashboard,other,low,resolved,gold,I need help but I'm not sure which category this fits in.,Thanks for contacting support. We will look into this and get back to you within the next 48 hours.,Provided general guidance and confirmed the issue was resolved.,47.46,0,negative,0,0,android,
TCKT_028200,2023-01-31 13:48:41,CUST_04062,small_business,phone_transcript,analytics_dashboard,bug,low,resolved,gold,I am seeing an error message when I click on analytics dashboard.,Thanks for reporting this bug. We will look into this and get back to you within the next 48 hours.,Patched the bug and deployed a fix to production.,37.78,0,very_positive,5,1,desktop_app,EU
TCKT_028214,2023-01-11 03:53:16,CUST_06538,non_profit,in_app,analytics_dashboard,other,low,closed_no_action,standard,I have a general question about my account.,Thanks for contacting support. We will look into this and get back to you within the next 48 hours.,Ticket closed without further action after no response from the customer.,230.68,0,positive,5,0,web,APAC
TCKT_028226,2023-01-20 09:15:03,CUST_05054,education,phone_transcript,login_auth,bug,medium,resolved,standard,I am seeing an error message when I click on login auth.,Thanks for reporting this bug. Our team is reviewing this and will follow up within 24 hours.,Patched the bug and deployed a fix to production.,26.09,0,very_negative,1,0,ios,APAC
TCKT_028293,2023-01-11 08:05:56,CUST_08438,small_business,email,notifications,account_access,low,resolved,platinum,I cannot log in; the system says my password is incorrect.,Sorry to hear you're having trouble accessing your account. We will look into this and get back to you within the next 48 hours.,Reset account credentials and confirmed successful login.,24.0,0,very_negative,2,1,ios,LATAM
TCKT_028315,2023-01-22 12:56:04,CUST_08335,enterprise,in_app,notifications,feature_request,low,closed_no_action,standard,It would be great to have notifications support in your product.,Thanks for your feature suggestion. We will look into this and get back to you within the next 48 hours.,Ticket closed without further action after no response from the customer.,223.4,0,negative,3,0,ios,MEA
TCKT_028350,2023-01-21 19:01:54,CUST_06182,education,chat,api_integration,bug,medium,resolved,standard,The api integration feature is not saving my changes.,Thanks for reporting this bug. Our team is reviewing this and will follow up within 24 hours.,Patched the bug and deployed a fix to production.,11.6,0,neutral,3,1,android,APAC
TCKT_028447,2023-01-03 06:40:07,CUST_02880,enterprise,in_app,api_integration,other,low,resolved,standard,I need help but I'm not sure which category this fits in.,Thanks for contacting support. We will look into this and get back to you within the next 48 hours.,Provided general guidance and confirmed the issue was resolved.,52.52,0,neutral,0,0,desktop_app,EU
TCKT_028485,2023-01-28 10:40:27,CUST_00002,individual,web_form,api_integration,billing_problem,low,open,standard,I downgraded my plan but I am still being billed for the higher tier.,Thanks for reaching out about the billing issue. We will look into this and get back to you within the next 48 hours.,,,0,very_negative,0,1,android,MEA
TCKT_028487,2023-01-26 10:03:35,CUST_07736,non_profit,phone_transcript,mobile_app,feature_request,medium,resolved,standard,It would be great to have mobile app support in your product.,Thanks for your feature suggestion. Our team is reviewing this and will follow up within 24 hours.,Captured the request and added it to the product backlog.,4.57,0,very_positive,0,0,android,
TCKT_028558,2023-01-24 03:56:35,CUST_06075,non_profit,phone_transcript,billing,billing_problem,urgent,resolved,standard,I downgraded my plan but I am still being billed for the higher tier.,Thanks for reaching out about the billing issue. This has been escalated to our on-call team for immediate attention.,Adjusted the invoice and issued a refund where applicable.,7.52,0,positive,4,0,ios,MEA
TCKT_028573,2023-01-30 23:23:31,CUST_05222,enterprise,web_form,login_auth,bug,low,in_progress,standard,I am seeing an error message when I click on login auth.,Thanks for reporting this bug. We will look into this and get back to you within the next 48 hours.,,,0,neutral,0,0,web,LATAM
TCKT_028592,2023-01-10 18:05:59,CUST_05362,individual,phone_transcript,notifications,account_access,medium,closed_no_action,gold,My account was locked after multiple failed login attempts.,Sorry to hear you're having trouble accessing your account. Our team is reviewing this and will follow up within 24 hours.,Ticket closed without further action after no response from the customer.,156.73,0,very_negative,1,1,android,LATAM
TCKT_028662,2023-01-26 21:08:22,CUST_08580,enterprise,phone_transcript,api_integration,performance,low,on_hold,standard,The api integration page is very slow and takes a long time to load.,We understand performance issues can be frustrating. We will look into this and get back to you within the next 48 hours.,,,0,positive,5,1,web,LATAM
TCKT_028749,2023-01-22 22:51:23,CUST_00304,individual,web_form,billing,feature_request,urgent,resolved,platinum,Can you add an option to customize billing?,Thanks for your feature suggestion. This has been escalated to our on-call team for immediate attention.,Captured the request and added it to the product backlog.,2.9,0,very_positive,5,0,web,MEA
TCKT_028804,2023-01-25 16:46:44,CUST_04094,small_business,email,mobile_app,how_to,high,closed_no_action,gold,I need help setting up mobile app for my team.,Happy to help with your question. We are prioritizing this and will update you as soon as possible.,Ticket closed without further action after no response from the customer.,95.17,0,very_positive,5,0,api_client,
TCKT_028844,2023-01-31 08:44:34,CUST_05682,small_business,email,data_export,feature_request,medium,in_progress,standard,Our team needs more advanced options for data export.,Thanks for your feature suggestion. Our team is reviewing this and will follow up within 24 hours.,,,0,neutral,4,0,ios,
TCKT_028882,2023-01-06 15:49:39,CUST_05575,individual,web_form,analytics_dashboard,other,low,resolved,standard,I need help but I'm not sure which category this fits in.,Thanks for contacting support. We will look into this and get back to you within the next 48 hours.,Provided general guidance and confirmed the issue was resolved.,17.66,0,neutral,4,0,desktop_app,
TCKT_028891,2023-01-05 16:15:46,CUST_08630,education,web_form,billing,performance,medium,resolved,standard,The billing page is very slow and takes a long time to load.,We understand performance issues can be frustrating. Our team is reviewing this and will follow up within 24 hours.,Optimized queries and increased resource allocation.,42.19,0,negative,3,1,ios,
TCKT_028905,2023-01-05 07:15:19,CUST_02740,non_profit,email,mobile_app,other,low,open,standard,"Something seems off, can you please check my workspace?",Thanks for contacting support. We will look into this and get back to you within the next 48 hours.,,,0,positive,5,0,desktop_app,
TCKT_028988,2023-01-31 19:29:36,CUST_00826,education,chat,analytics_dashboard,how_to,low,open,standard,I need help setting up analytics dashboard for my team.,Happy to help with your question. We will look into this and get back to you within the next 48 hours.,,,0,negative,0,0,api_client,
TCKT_029131,2023-01-06 00:34:23,CUST_09097,small_business,in_app,api_integration,how_to,high,on_hold,gold,Can you explain how to configure api integration properly?,Happy to help with your question. We are prioritizing this and will update you as soon as possible.,,,1,negative,0,1,desktop_app,LATAM
TCKT_029150,2023-01-01 12:20:37,CUST_08486,small_business,email,login_auth,security_concern,medium,closed_no_action,standard,There seems to be a vulnerability in the login auth functionality.,We take security very seriously. Our team is reviewing this and will follow up within 24 hours.,Ticket closed without further action after no response from the customer.,57.34,0,very_negative,1,0,desktop_app,EU
TCKT_029251,2023-01-27 20:04:51,CUST_02267,small_business,in_app,notifications,bug,medium,resolved,standard,I am seeing an error message when I click on notifications.,Thanks for reporting this bug. Our team is reviewing this and will follow up within 24 hours.,Patched the bug and deployed a fix to production.,46.43,0,neutral,3,0,android,
TCKT_029270,2023-01-19 18:18:44,CUST_09226,enterprise,in_app,login_auth,how_to,medium,resolved,platinum,How can I export my data from the login auth section?,Happy to help with your question. Our team is reviewing this and will follow up within 24 hours.,Provided step-by-step instructions and relevant documentation.,45.44,0,neutral,4,0,android,
TCKT_029341,2023-01-08 14:04:08,CUST_04916,non_profit,email,notifications,how_to,medium,open,platinum,I need help setting up notifications for my team.,Happy to help with your question. Our team is reviewing this and will follow up within 24 hours.,,,1,neutral,4,0,ios,EU
TCKT_029351,2023-01-13 22:31:08,CUST_00616,small_business,email,mobile_app,account_access,medium,resolved,standard,My 2FA code is not working when I try to sign in.,Sorry to hear you're having trouble accessing your account. Our team is reviewing this and will follow up within 24 hours.,Reset account credentials and confirmed successful login.,4.7,0,neutral,0,0,web,APAC
TCKT_029449,2023-01-04 02:37:37,CUST_06560,small_business,email,data_export,feature_request,low,in_progress,gold,It would be great to have data export support in your product.,Thanks for your feature suggestion. We will look into this and get back to you within the next 48 hours.,,,0,positive,4,0,desktop_app,
TCKT_029481,2023-01-09 01:38:56,CUST_06974,individual,chat,api_integration,billing_problem,medium,closed_no_action,standard,I downgraded my plan but I am still being billed for the higher tier.,Thanks for reaching out about the billing issue. Our team is reviewing this and will follow up within 24 hours.,Ticket closed without further action after no response from the customer.,215.73,0,very_negative,2,1,api_client,EU
TCKT_029515,2023-01-16 22:01:07,CUST_07631,education,in_app,login_auth,security_concern,low,closed_no_action,platinum,I noticed a suspicious login on my account.,We take security very seriously. We will look into this and get back to you within the next 48 hours.,Ticket closed without further action after no response from the customer.,203.96,0,negative,2,1,desktop_app,
TCKT_029586,2023-01-31 03:35:54,CUST_06430,education,in_app,login_auth,how_to,low,on_hold,gold,How can I export my data from the login auth section?,Happy to help with your question. We will look into this and get back to you within the next 48 hours.,,,0,neutral,4,0,desktop_app,MEA
TCKT_029594,2023-01-08 06:27:12,CUST_00344,small_business,web_form,mobile_app,security_concern,medium,open,standard,We need details about your data encryption and compliance.,We take security very seriously. Our team is reviewing this and will follow up within 24 hours.,,,0,neutral,0,1,desktop_app,APAC
TCKT_029672,2023-01-01 16:52:51,CUST_01074,small_business,in_app,login_auth,security_concern,medium,in_progress,standard,I noticed a suspicious login on my account.,We take security very seriously. Our team is reviewing this and will follow up within 24 hours.,,,0,very_negative,2,0,desktop_app,EU
TCKT_029692,2023-01-24 23:57:24,CUST_04746,education,in_app,api_integration,account_access,urgent,closed_no_action,gold,My account was locked after multiple failed login attempts.,Sorry to hear you're having trouble accessing your account. This has been escalated to our on-call team for immediate attention.,Ticket closed without further action after no response from the customer.,146.63,0,negative,2,0,desktop_app,EU
TCKT_029693,2023-01-10 11:49:31,CUST_08994,education,web_form,analytics_dashboard,security_concern,low,resolved,gold,I noticed a suspicious login on my account.,We take security very seriously. We will look into this and get back to you within the next 48 hours.,"Investigated logs, mitigated the issue, and updated security settings.",28.87,0,neutral,4,0,web,MEA
TCKT_029699,2023-01-01 03:48:17,CUST_01810,small_business,phone_transcript,billing,bug,medium,in_progress,gold,I am seeing an error message when I click on billing.,Thanks for reporting this bug. Our team is reviewing this and will follow up within 24 hours.,,,0,positive,4,1,desktop_app,EU
TCKT_029708,2023-01-27 17:50:36,CUST_07235,enterprise,in_app,mobile_app,bug,low,in_progress,standard,The page keeps crashing whenever I try to open the mobile app section.,Thanks for reporting this bug. We will look into this and get back to you within the next 48 hours.,,,0,very_positive,5,0,api_client,EU
TCKT_029713,2023-01-14 05:34:04,CUST_01071,enterprise,email,mobile_app,performance,low,in_progress,gold,Queries in the mobile app module are timing out.,We understand performance issues can be frustrating. We will look into this and get back to you within the next 48 hours.,,,0,negative,2,0,android,EU
TCKT_030017,2023-01-09 17:40:11,CUST_07075,enterprise,in_app,api_integration,account_access,high,closed_no_action,gold,I cannot log in; the system says my password is incorrect.,Sorry to hear you're having trouble accessing your account. We are prioritizing this and will update you as soon as possible.,Ticket closed without further action after no response from the customer.,202.39,0,negative,2,0,web,LATAM
TCKT_030098,2023-01-29 12:30:43,CUST_00717,education,web_form,login_auth,security_concern,medium,resolved,standard,We need details about your data encryption and compliance.,We take security very seriously. Our team is reviewing this and will follow up within 24 hours.,"Investigated logs, mitigated the issue, and updated security settings.",23.78,0,very_negative,2,0,ios,EU
TCKT_030119,2023-01-22 18:02:38,CUST_07080,non_profit,phone_transcript,api_integration,bug,medium,resolved,gold,I am seeing an error message when I click on api integration.,Thanks for reporting this bug. Our team is reviewing this and will follow up within 24 hours.,Patched the bug and deployed a fix to production.,4.86,0,very_negative,1,0,desktop_app,EU
TCKT_030161,2023-01-29 07:36:51,CUST_02569,individual,in_app,data_export,performance,medium,resolved,standard,Overall performance has degraded in the last few days.,We understand performance issues can be frustrating. Our team is reviewing this and will follow up within 24 hours.,Optimized queries and increased resource allocation.,13.61,0,neutral,3,0,ios,APAC
TCKT_030216,2023-01-18 03:22:59,CUST_00032,small_business,email,billing,performance,low,in_progress,gold,Queries in the billing module are timing out.,We understand performance issues can be frustrating. We will look into this and get back to you within the next 48 hours.,,,0,very_negative,2,0,desktop_app,APAC
TCKT_030253,2023-01-09 08:07:26,CUST_08273,small_business,in_app,notifications,bug,medium,on_hold,standard,I am seeing an error message when I click on notifications.,Thanks for reporting this bug. Our team is reviewing this and will follow up within 24 hours.,,,0,positive,4,0,web,LATAM
TCKT_030310,2023-01-11 06:59:09,CUST_05588,education,chat,data_export,billing_problem,low,resolved,standard,I was charged twice for my subscription this month.,Thanks for reaching out about the billing issue. We will look into this and get back to you within the next 48 hours.,Adjusted the invoice and issued a refund where applicable.,45.95,0,negative,0,0,desktop_app,APAC
TCKT_030628,2023-01-13 08:20:59,CUST_00886,individual,web_form,billing,bug,low,resolved,platinum,The page keeps crashing whenever I try to open the billing section.,Thanks for reporting this bug. We will look into this and get back to you within the next 48 hours.,Patched the bug and deployed a fix to production.,48.31,0,very_negative,1,0,desktop_app,
TCKT_030635,2023-01-25 12:50:19,CUST_02715,small_business,chat,billing,other,high,resolved,gold,I have a general question about my account.,Thanks for contacting support. We are prioritizing this and will update you as soon as possible.,Provided general guidance and confirmed the issue was resolved.,21.53,0,neutral,0,1,web,
TCKT_030645,2023-01-21 12:06:24,CUST_07826,education,email,billing,security_concern,medium,closed_no_action,standard,I noticed a suspicious login on my account.,We take security very seriously. Our team is reviewing this and will follow up within 24 hours.,Ticket closed without further action after no response from the customer.,215.82,0,neutral,3,0,ios,LATAM
TCKT_030652,2023-01-09 06:24:42,CUST_00365,enterprise,email,mobile_app,billing_problem,medium,resolved,standard,I downgraded my plan but I am still being billed for the higher tier.,Thanks for reaching out about the billing issue. Our team is reviewing this and will follow up within 24 hours.,Adjusted the invoice and issued a refund where applicable.,18.86,0,very_negative,0,0,desktop_app,MEA
TCKT_030690,2023-01-01 05:56:53,CUST_05804,small_business,in_app,billing,security_concern,medium,resolved,standard,We need details about your data encryption and compliance.,We take security very seriously. Our team is reviewing this and will follow up within 24 hours.,"Investigated logs, mitigated the issue, and updated security settings.",18.36,0,negative,2,0,web,MEA
TCKT_030699,2023-01-17 16:21:51,CUST_07142,small_business,email,analytics_dashboard,how_to,high,open,gold,I need help setting up analytics dashboard for my team.,Happy to help with your question. We are prioritizing this and will update you as soon as possible.,,,0,neutral,4,0,ios,LATAM
TCKT_030816,2023-01-25 18:01:21,CUST_09340,individual,email,analytics_dashboard,performance,low,resolved,platinum,Overall performance has degraded in the last few days.,We understand performance issues can be frustrating. We will look into this and get back to you within the next 48 hours.,Optimized queries and increased resource allocation.,24.57,0,negative,0,0,web,APAC
TCKT_030952,2023-01-06 18:40:10,CUST_03678,enterprise,email,billing,account_access,medium,resolved,gold,My account was locked after multiple failed login attempts.,Sorry to hear you're having trouble accessing your account. Our team is reviewing this and will follow up within 24 hours.,Reset account credentials and confirmed successful login.,4.04,0,positive,4,1,ios,EU
TCKT_030964,2023-01-08 01:43:42,CUST_01999,non_profit,phone_transcript,notifications,account_access,medium,in_progress,platinum,My 2FA code is not working when I try to sign in.,Sorry to hear you're having trouble accessing your account. Our team is reviewing this and will follow up within 24 hours.,,,0,neutral,4,0,desktop_app,APAC
TCKT_031010,2023-01-13 20:41:22,CUST_01065,individual,in_app,login_auth,other,low,open,gold,"Something seems off, can you please check my workspace?",Thanks for contacting support. We will look into this and get back to you within the next 48 hours.,,,0,neutral,4,0,ios,APAC
TCKT_031156,2023-01-14 10:50:59,CUST_02462,non_profit,email,api_integration,performance,medium,on_hold,gold,Queries in the api integration module are timing out.,We understand performance issues can be frustrating. Our team is reviewing this and will follow up within 24 hours.,,,0,negative,2,0,web,EU
TCKT_031195,2023-01-03 23:59:05,CUST_07520,non_profit,web_form,mobile_app,how_to,medium,in_progress,standard,How can I export my data from the mobile app section?,Happy to help with your question. Our team is reviewing this and will follow up within 24 hours.,,,0,neutral,0,0,android,MEA
TCKT_031201,2023-01-03 05:46:41,CUST_09705,education,in_app,mobile_app,billing_problem,medium,resolved,gold,My invoice amount is incorrect compared to the plan I selected.,Thanks for reaching out about the billing issue. Our team is reviewing this and will follow up within 24 hours.,Adjusted the invoice and issued a refund where applicable.,40.2,0,negative,0,0,web,EU
TCKT_031221,2023-01-10 13:53:51,CUST_07454,non_profit,in_app,notifications,bug,low,resolved,gold,The page keeps crashing whenever I try to open the notifications section.,Thanks for reporting this bug. We will look into this and get back to you within the next 48 hours.,Patched the bug and deployed a fix to production.,34.66,0,positive,5,0,web,EU
TCKT_031270,2023-01-27 09:47:04,CUST_01042,enterprise,chat,mobile_app,billing_problem,low,resolved,standard,I downgraded my plan but I am still being billed for the higher tier.,Thanks for reaching out about the billing issue. We will look into this and get back to you within the next 48 hours.,Adjusted the invoice and issued a refund where applicable.,51.81,0,negative,0,0,ios,APAC
TCKT_031351,2023-01-17 06:02:04,CUST_08163,enterprise,phone_transcript,mobile_app,account_access,low,in_progress,standard,My 2FA code is not working when I try to sign in.,Sorry to hear you're having trouble accessing your account. We will look into this and get back to you within the next 48 hours.,,,0,neutral,3,0,android,LATAM
TCKT_031353,2023-01-17 10:00:28,CUST_03717,enterprise,chat,data_export,performance,low,on_hold,platinum,Queries in the data export module are timing out.,We understand performance issues can be frustrating. We will look into this and get back to you within the next 48 hours.,,,0,negative,3,0,api_client,MEA
TCKT_031373,2023-01-14 18:20:35,CUST_07088,enterprise,email,analytics_dashboard,account_access,medium,closed_no_action,standard,My 2FA code is not working when I try to sign in.,Sorry to hear you're having trouble accessing your account. Our team is reviewing this and will follow up within 24 hours.,Ticket closed without further action after no response from the customer.,134.54,0,neutral,3,0,android,LATAM
TCKT_031380,2023-01-05 21:04:31,CUST_07662,small_business,email,login_auth,account_access,medium,closed_no_action,standard,My account was locked after multiple failed login attempts.,Sorry to hear you're having trouble accessing your account. Our team is reviewing this and will follow up within 24 hours.,Ticket closed without further action after no response from the customer.,64.82,1,neutral,0,0,android,MEA
TCKT_031396,2023-01-02 01:51:50,CUST_01974,individual,in_app,notifications,bug,high,in_progress,platinum,The page keeps crashing whenever I try to open the notifications section.,Thanks for reporting this bug. We are prioritizing this and will update you as soon as possible.,,,0,neutral,3,0,desktop_app,LATAM
TCKT_031416,2023-01-04 23:23:07,CUST_04208,individual,web_form,login_auth,performance,low,resolved,standard,The login auth page is very slow and takes a long time to load.,We understand performance issues can be frustrating. We will look into this and get back to you within the next 48 hours.,Optimized queries and increased resource allocation.,31.09,0,very_negative,0,0,desktop_app,LATAM
TCKT_031459,2023-01-29 03:21:54,CUST_04082,education,chat,api_integration,security_concern,urgent,resolved,gold,I noticed a suspicious login on my account.,We take security very seriously. This has been escalated to our on-call team for immediate attention.,"Investigated logs, mitigated the issue, and updated security settings.",0.74,0,negative,2,0,web,LATAM
TCKT_031650,2023-01-25 10:30:51,CUST_09940,enterprise,web_form,notifications,bug,medium,in_progress,gold,The notifications feature is not saving my changes.,Thanks for reporting this bug. Our team is reviewing this and will follow up within 24 hours.,,,0,negative,2,0,android,
TCKT_031775,2023-01-04 04:17:29,CUST_01668,enterprise,email,login_auth,feature_request,low,resolved,standard,It would be great to have login auth support in your product.,Thanks for your feature suggestion. We will look into this and get back to you within the next 48 hours.,Captured the request and added it to the product backlog.,66.61,0,neutral,4,0,api_client,MEA
TCKT_031882,2023-01-25 22:44:13,CUST_04001,enterprise,web_form,data_export,billing_problem,medium,on_hold,gold,I was charged twice for my subscription this month.,Thanks for reaching out about the billing issue. Our team is reviewing this and will follow up within 24 hours.,,,0,very_negative,2,0,android,MEA
TCKT_031952,2023-01-04 15:49:35,CUST_02308,individual,phone_transcript,billing,how_to,low,on_hold,standard,Can you explain how to configure billing properly?,Happy to help with your question. We will look into this and get back to you within the next 48 hours.,,,0,positive,5,0,api_client,
TCKT_032055,2023-01-23 17:55:44,CUST_01026,non_profit,web_form,api_integration,performance,low,on_hold,gold,The api integration page is very slow and takes a long time to load.,We understand performance issues can be frustrating. We will look into this and get back to you within the next 48 hours.,,,0,negative,3,0,android,EU
TCKT_032106,2023-01-09 23:08:58,CUST_07250,individual,in_app,mobile_app,account_access,medium,in_progress,platinum,My account was locked after multiple failed login attempts.,Sorry to hear you're having trouble accessing your account. Our team is reviewing this and will follow up within 24 hours.,,,0,very_positive,5,0,web,EU
TCKT_032179,2023-01-24 06:36:37,CUST_00047,education,chat,analytics_dashboard,performance,low,resolved,standard,Queries in the analytics dashboard module are timing out.,We understand performance issues can be frustrating. We will look into this and get back to you within the next 48 hours.,Optimized queries and increased resource allocation.,64.18,0,negative,0,1,web,MEA
TCKT_032196,2023-01-25 21:54:32,CUST_01918,education,web_form,login_auth,bug,low,resolved,standard,The page keeps crashing whenever I try to open the login auth section.,Thanks for reporting this bug. We will look into this and get back to you within the next 48 hours.,Patched the bug and deployed a fix to production.,49.72,0,very_negative,0,0,api_client,MEA
TCKT_032212,2023-01-23 09:28:14,CUST_05271,small_business,email,notifications,other,low,resolved,gold,"Something seems off, can you please check my workspace?",Thanks for contacting support. We will look into this and get back to you within the next 48 hours.,Provided general guidance and confirmed the issue was resolved.,44.59,0,negative,0,1,android,
TCKT_032235,2023-01-06 12:17:14,CUST_01614,enterprise,phone_transcript,api_integration,how_to,high,resolved,standard,How can I export my data from the api integration section?,Happy to help with your question. We are prioritizing this and will update you as soon as possible.,Provided step-by-step instructions and relevant documentation.,2.54,0,positive,4,0,web,
TCKT_032240,2023-01-25 10:13:48,CUST_08844,education,chat,analytics_dashboard,account_access,medium,resolved,standard,My account was locked after multiple failed login attempts.,Sorry to hear you're having trouble accessing your account. Our team is reviewing this and will follow up within 24 hours.,Reset account credentials and confirmed successful login.,35.07,0,negative,3,0,android,
TCKT_032282,2023-01-01 19:20:16,CUST_00857,small_business,chat,data_export,billing_problem,medium,open,standard,I downgraded my plan but I am still being billed for the higher tier.,Thanks for reaching out about the billing issue. Our team is reviewing this and will follow up within 24 hours.,,,0,neutral,0,0,api_client,LATAM
TCKT_032408,2023-01-30 20:40:58,CUST_04759,education,email,api_integration,bug,medium,resolved,gold,The api integration feature is not saving my changes.,Thanks for reporting this bug. Our team is reviewing this and will follow up within 24 hours.,Patched the bug and deployed a fix to production.,22.96,1,positive,4,0,api_client,EU
TCKT_032496,2023-01-17 15:31:07,CUST_06991,education,web_form,notifications,account_access,low,resolved,gold,My 2FA code is not working when I try to sign in.,Sorry to hear you're having trouble accessing your account. We will look into this and get back to you within the next 48 hours.,Reset account credentials and confirmed successful login.,10.87,0,very_positive,5,0,desktop_app,MEA
TCKT_032617,2023-01-28 04:02:47,CUST_09910,small_business,web_form,billing,account_access,medium,on_hold,platinum,I cannot log in; the system says my password is incorrect.,Sorry to hear you're having trouble accessing your account. Our team is reviewing this and will follow up within 24 hours.,,,0,negative,2,1,desktop_app,
TCKT_032742,2023-01-11 14:17:44,CUST_08837,education,web_form,notifications,account_access,low,in_progress,standard,My account was locked after multiple failed login attempts.,Sorry to hear you're having trouble accessing your account. We will look into this and get back to you within the next 48 hours.,,,0,negative,2,1,android,LATAM
TCKT_032808,2023-01-10 18:34:18,CUST_02066,enterprise,chat,mobile_app,other,low,in_progress,gold,I need help but I'm not sure which category this fits in.,Thanks for contacting support. We will look into this and get back to you within the next 48 hours.,,,0,neutral,4,1,android,EU
TCKT_032820,2023-01-04 04:15:38,CUST_03287,enterprise,in_app,data_export,bug,medium,resolved,standard,I am seeing an error message when I click on data export.,Thanks for reporting this bug. Our team is reviewing this and will follow up within 24 hours.,Patched the bug and deployed a fix to production.,26.07,1,neutral,4,0,api_client,EU
TCKT_032851,2023-01-26 11:46:01,CUST_08232,small_business,in_app,billing,other,medium,resolved,gold,I have a general question about my account.,Thanks for contacting support. Our team is reviewing this and will follow up within 24 hours.,Provided general guidance and confirmed the issue was resolved.,13.69,0,positive,4,0,ios,
TCKT_032898,2023-01-28 12:32:19,CUST_04870,education,email,analytics_dashboard,performance,high,on_hold,standard,Overall performance has degraded in the last few days.,We understand performance issues can be frustrating. We are prioritizing this and will update you as soon as possible.,,,0,very_negative,2,0,ios,MEA
TCKT_032956,2023-01-11 01:27:03,CUST_00076,education,email,analytics_dashboard,how_to,low,resolved,platinum,How can I export my data from the analytics dashboard section?,Happy to help with your question. We will look into this and get back to you within the next 48 hours.,Provided step-by-step instructions and relevant documentation.,25.61,0,neutral,4,0,web,APAC
TCKT_032980,2023-01-03 04:54:41,CUST_07434,enterprise,phone_transcript,api_integration,performance,low,resolved,gold,The api integration page is very slow and takes a long time to load.,We understand performance issues can be frustrating. We will look into this and get back to you within the next 48 hours.,Optimized queries and increased resource allocation.,21.57,0,negative,0,0,desktop_app,MEA
TCKT_032987,2023-01-31 13:55:39,CUST_07702,individual,in_app,data_export,feature_request,low,resolved,gold,Our team needs more advanced options for data export.,Thanks for your feature suggestion. We will look into this and get back to you within the next 48 hours.,Captured the request and added it to the product backlog.,21.53,0,positive,0,0,desktop_app,MEA
TCKT_032991,2023-01-19 01:30:37,CUST_05932,non_profit,phone_transcript,data_export,security_concern,medium,resolved,standard,We need details about your data encryption and compliance.,We take security very seriously. Our team is reviewing this and will follow up within 24 hours.,"Investigated logs, mitigated the issue, and updated security settings.",11.86,0,very_negative,0,0,ios,APAC
TCKT_032997,2023-01-22 00:43:08,CUST_00282,non_profit,in_app,mobile_app,feature_request,low,resolved,gold,Our team needs more advanced options for mobile app.,Thanks for your feature suggestion. We will look into this and get back to you within the next 48 hours.,Captured the request and added it to the product backlog.,55.66,0,negative,0,0,api_client,APAC
TCKT_033009,2023-01-09 22:53:00,CUST_09622,enterprise,phone_transcript,mobile_app,security_concern,high,resolved,gold,I noticed a suspicious login on my account.,We take security very seriously. We are prioritizing this and will update you as soon as possible.,"Investigated logs, mitigated the issue, and updated security settings.",6.67,0,negative,2,1,android,MEA
TCKT_033041,2023-01-16 15:18:13,CUST_04456,non_profit,email,login_auth,how_to,medium,open,standard,I need help setting up login auth for my team.,Happy to help with your question. Our team is reviewing this and will follow up within 24 hours.,,,0,very_positive,0,0,android,
TCKT_033127,2023-01-15 21:11:07,CUST_08608,small_business,in_app,data_export,bug,low,resolved,standard,I am seeing an error message when I click on data export.,Thanks for reporting this bug. We will look into this and get back to you within the next 48 hours.,Patched the bug and deployed a fix to production.,19.22,0,very_negative,2,0,web,LATAM
TCKT_033140,2023-01-13 15:51:02,CUST_06743,non_profit,chat,login_auth,bug,low,resolved,standard,The page keeps crashing whenever I try to open the login auth section.,Thanks for reporting this bug. We will look into this and get back to you within the next 48 hours.,Patched the bug and deployed a fix to production.,41.27,0,very_negative,2,0,android,MEA
TCKT_033320,2023-01-24 23:56:15,CUST_02332,small_business,email,login_auth,bug,medium,resolved,standard,I am seeing an error message when I click on login auth.,Thanks for reporting this bug. Our team is reviewing this and will follow up within 24 hours.,Patched the bug and deployed a fix to production.,20.72,0,neutral,3,0,web,MEA
TCKT_033374,2023-01-08 10:24:35,CUST_00009,enterprise,email,notifications,how_to,medium,open,gold,I need help setting up notifications for my team.,Happy to help with your question. Our team is reviewing this and will follow up within 24 hours.,,,0,very_positive,0,0,android,EU
TCKT_033544,2023-01-15 11:18:34,CUST_08802,small_business,in_app,notifications,security_concern,medium,closed_no_action,standard,There seems to be a vulnerability in the notifications functionality.,We take security very seriously. Our team is reviewing this and will follow up within 24 hours.,Ticket closed without further action after no response from the customer.,138.33,1,negative,2,0,desktop_app,LATAM
TCKT_033582,2023-01-25 15:18:39,CUST_02901,individual,email,data_export,other,urgent,resolved,standard,"Something seems off, can you please check my workspace?",Thanks for contacting support. This has been escalated to our on-call team for immediate attention.,Provided general guidance and confirmed the issue was resolved.,1.52,0,very_negative,2,0,api_client,LATAM
TCKT_033602,2023-01-25 05:36:30,CUST_01114,non_profit,chat,billing,account_access,medium,resolved,standard,My account was locked after multiple failed login attempts.,Sorry to hear you're having trouble accessing your account. Our team is reviewing this and will follow up within 24 hours.,Reset account credentials and confirmed successful login.,20.74,0,very_negative,2,0,web,APAC
TCKT_033643,2023-01-14 20:47:45,CUST_00969,small_business,chat,login_auth,other,high,open,gold,"Something seems off, can you please check my workspace?",Thanks for contacting support. We are prioritizing this and will update you as soon as possible.,,,0,positive,4,1,ios,EU
TCKT_033660,2023-01-04 20:05:10,CUST_05054,small_business,phone_transcript,analytics_dashboard,bug,medium,resolved,gold,I am seeing an error message when I click on analytics dashboard.,Thanks for reporting this bug. Our team is reviewing this and will follow up within 24 hours.,Patched the bug and deployed a fix to production.,33.6,0,positive,4,1,web,EU
TCKT_033668,2023-01-01 03:24:22,CUST_01768,education,email,data_export,bug,low,in_progress,standard,I am seeing an error message when I click on data export.,Thanks for reporting this bug. We will look into this and get back to you within the next 48 hours.,,,0,neutral,4,0,api_client,EU
TCKT_033710,2023-01-04 14:56:14,CUST_06910,enterprise,web_form,notifications,account_access,high,in_progress,standard,My account was locked after multiple failed login attempts.,Sorry to hear you're having trouble accessing your account. We are prioritizing this and will update you as soon as possible.,,,0,very_positive,5,1,desktop_app,LATAM
TCKT_033730,2023-01-12 02:31:25,CUST_02607,small_business,in_app,billing,account_access,medium,resolved,standard,My 2FA code is not working when I try to sign in.,Sorry to hear you're having trouble accessing your account. Our team is reviewing this and will follow up within 24 hours.,Reset account credentials and confirmed successful login.,6.61,0,negative,3,0,desktop_app,MEA
TCKT_033876,2023-01-11 06:23:39,CUST_06129,non_profit,phone_transcript,mobile_app,account_access,medium,resolved,platinum,My 2FA code is not working when I try to sign in.,Sorry to hear you're having trouble accessing your account. Our team is reviewing this and will follow up within 24 hours.,Reset account credentials and confirmed successful login.,13.5,0,very_negative,2,1,ios,EU
TCKT_033894,2023-01-21 03:55:09,CUST_01206,small_business,email,billing,security_concern,high,in_progress,standard,We need details about your data encryption and compliance.,We take security very seriously. We are prioritizing this and will update you as soon as possible.,,,0,very_negative,2,0,api_client,EU
TCKT_034000,2023-01-13 00:29:18,CUST_02964,individual,in_app,mobile_app,account_access,low,resolved,standard,My account was locked after multiple failed login attempts.,Sorry to hear you're having trouble accessing your account. We will look into this and get back to you within the next 48 hours.,Reset account credentials and confirmed successful login.,26.5,1,negative,3,0,desktop_app,
TCKT_034037,2023-01-24 18:33:21,CUST_02694,education,in_app,data_export,bug,low,resolved,gold,The data export feature is not saving my changes.,Thanks for reporting this bug. We will look into this and get back to you within the next 48 hours.,Patched the bug and deployed a fix to production.,62.2,1,positive,0,0,ios,APAC
TCKT_034038,2023-01-18 04:21:21,CUST_06089,education,chat,analytics_dashboard,billing_problem,high,resolved,standard,I was charged twice for my subscription this month.,Thanks for reaching out about the billing issue. We are prioritizing this and will update you as soon as possible.,Adjusted the invoice and issued a refund where applicable.,2.16,0,very_negative,1,0,android,EU
TCKT_034063,2023-01-01 04:43:04,CUST_07941,enterprise,email,mobile_app,account_access,urgent,resolved,gold,My account was locked after multiple failed login attempts.,Sorry to hear you're having trouble accessing your account. This has been escalated to our on-call team for immediate attention.,Reset account credentials and confirmed successful login.,4.95,0,very_positive,5,0,android,MEA
TCKT_034108,2023-01-06 13:31:45,CUST_03962,education,chat,login_auth,other,low,in_progress,platinum,I need help but I'm not sure which category this fits in.,Thanks for contacting support. We will look into this and get back to you within the next 48 hours.,,,0,positive,4,0,ios,LATAM
TCKT_034139,2023-01-05 04:08:14,CUST_05519,small_business,email,api_integration,how_to,low,resolved,gold,Can you explain how to configure api integration properly?,Happy to help with your question. We will look into this and get back to you within the next 48 hours.,Provided step-by-step instructions and relevant documentation.,32.59,0,positive,0,0,web,
TCKT_034191,2023-01-27 22:07:13,CUST_08333,enterprise,chat,data_export,bug,low,in_progress,standard,I am seeing an error message when I click on data export.,Thanks for reporting this bug. We will look into this and get back to you within the next 48 hours.,,,0,positive,0,1,android,APAC
TCKT_034334,2023-01-25 16:44:20,CUST_06121,non_profit,chat,login_auth,other,medium,resolved,platinum,I need help but I'm not sure which category this fits in.,Thanks for contacting support. Our team is reviewing this and will follow up within 24 hours.,Provided general guidance and confirmed the issue was resolved.,47.14,0,negative,3,1,desktop_app,EU
TCKT_034385,2023-01-09 14:57:33,CUST_04084,education,email,api_integration,security_concern,low,in_progress,gold,I noticed a suspicious login on my account.,We take security very seriously. We will look into this and get back to you within the next 48 hours.,,,0,neutral,3,0,android,APAC
TCKT_034485,2023-01-06 21:08:26,CUST_09593,non_profit,email,mobile_app,other,medium,resolved,standard,I need help but I'm not sure which category this fits in.,Thanks for contacting support. Our team is reviewing this and will follow up within 24 hours.,Provided general guidance and confirmed the issue was resolved.,21.59,0,negative,0,1,web,APAC
TCKT_034526,2023-01-02 13:53:05,CUST_05993,individual,phone_transcript,billing,security_concern,low,resolved,standard,We need details about your data encryption and compliance.,We take security very seriously. We will look into this and get back to you within the next 48 hours.,"Investigated logs, mitigated the issue, and updated security settings.",49.73,0,very_negative,0,0,api_client,
TCKT_034552,2023-01-26 02:13:00,CUST_09801,individual,chat,login_auth,other,high,resolved,gold,"Something seems off, can you please check my workspace?",Thanks for contacting support. We are prioritizing this and will update you as soon as possible.,Provided general guidance and confirmed the issue was resolved.,17.06,1,negative,0,0,desktop_app,MEA
TCKT_034573,2023-01-15 08:31:51,CUST_05258,small_business,in_app,data_export,billing_problem,low,resolved,gold,I was charged twice for my subscription this month.,Thanks for reaching out about the billing issue. We will look into this and get back to you within the next 48 hours.,Adjusted the invoice and issued a refund where applicable.,37.71,0,very_positive,5,1,android,
TCKT_034593,2023-01-18 17:41:05,CUST_03064,education,web_form,billing,performance,urgent,resolved,gold,The billing page is very slow and takes a long time to load.,We understand performance issues can be frustrating. This has been escalated to our on-call team for immediate attention.,Optimized queries and increased resource allocation.,5.85,0,neutral,4,0,desktop_app,MEA
TCKT_034604,2023-01-25 10:25:36,CUST_08405,individual,phone_transcript,api_integration,how_to,high,resolved,gold,Can you explain how to configure api integration properly?,Happy to help with your question. We are prioritizing this and will update you as soon as possible.,Provided step-by-step instructions and relevant documentation.,5.5,0,very_positive,5,0,web,LATAM
TCKT_034625,2023-01-02 05:32:15,CUST_06156,enterprise,chat,analytics_dashboard,account_access,medium,in_progress,standard,My account was locked after multiple failed login attempts.,Sorry to hear you're having trouble accessing your account. Our team is reviewing this and will follow up within 24 hours.,,,0,very_positive,5,0,android,EU
TCKT_034670,2023-01-11 23:47:26,CUST_08416,enterprise,chat,login_auth,account_access,high,closed_no_action,gold,I cannot log in; the system says my password is incorrect.,Sorry to hear you're having trouble accessing your account. We are prioritizing this and will update you as soon as possible.,Ticket closed without further action after no response from the customer.,196.26,0,very_negative,2,0,desktop_app,EU
TCKT_034694,2023-01-16 11:10:55,CUST_02801,education,phone_transcript,login_auth,other,high,in_progress,standard,I need help but I'm not sure which category this fits in.,Thanks for contacting support. We are prioritizing this and will update you as soon as possible.,,,0,neutral,0,0,web,MEA
TCKT_034775,2023-01-25 00:44:56,CUST_00176,enterprise,chat,billing,performance,low,resolved,standard,The billing page is very slow and takes a long time to load.,We understand performance issues can be frustrating. We will look into this and get back to you within the next 48 hours.,Optimized queries and increased resource allocation.,37.91,0,negative,2,0,desktop_app,LATAM
TCKT_034776,2023-01-13 07:33:38,CUST_08973,small_business,phone_transcript,login_auth,other,medium,resolved,standard,I have a general question about my account.,Thanks for contacting support. Our team is reviewing this and will follow up within 24 hours.,Provided general guidance and confirmed the issue was resolved.,32.5,0,negative,3,0,desktop_app,EU
TCKT_034816,2023-01-03 09:18:05,CUST_06471,individual,web_form,mobile_app,bug,medium,open,standard,The mobile app feature is not saving my changes.,Thanks for reporting this bug. Our team is reviewing this and will follow up within 24 hours.,,,0,positive,0,0,web,LATAM
TCKT_034883,2023-01-10 14:26:04,CUST_02375,individual,email,data_export,how_to,medium,on_hold,standard,Can you explain how to configure data export properly?,Happy to help with your question. Our team is reviewing this and will follow up within 24 hours.,,,0,neutral,0,0,ios,LATAM
TCKT_034926,2023-01-02 15:03:56,CUST_09092,education,in_app,login_auth,performance,low,resolved,platinum,The login auth page is very slow and takes a long time to load.,We understand performance issues can be frustrating. We will look into this and get back to you within the next 48 hours.,Optimized queries and increased resource allocation.,26.07,0,neutral,4,0,desktop_app,MEA
TCKT_034947,2023-01-29 21:06:01,CUST_04036,enterprise,in_app,analytics_dashboard,account_access,urgent,in_progress,standard,I cannot log in; the system says my password is incorrect.,Sorry to hear you're having trouble accessing your account. This has been escalated to our on-call team for immediate attention.,,,0,negative,2,0,web,LATAM
TCKT_034999,2023-01-06 12:39:18,CUST_05252,non_profit,web_form,analytics_dashboard,billing_problem,low,resolved,standard,I downgraded my plan but I am still being billed for the higher tier.,Thanks for reaching out about the billing issue. We will look into this and get back to you within the next 48 hours.,Adjusted the invoice and issued a refund where applicable.,10.04,0,positive,0,0,android,EU
TCKT_035030,2023-01-24 22:49:23,CUST_02169,small_business,in_app,billing,bug,low,resolved,gold,The page keeps crashing whenever I try to open the billing section.,Thanks for reporting this bug. We will look into this and get back to you within the next 48 hours.,Patched the bug and deployed a fix to production.,16.61,0,positive,5,0,desktop_app,LATAM
TCKT_035031,2023-01-23 23:49:24,CUST_08555,enterprise,web_form,login_auth,billing_problem,high,closed_no_action,gold,I downgraded my plan but I am still being billed for the higher tier.,Thanks for reaching out about the billing issue. We are prioritizing this and will update you as soon as possible.,Ticket closed without further action after no response from the customer.,158.02,0,negative,0,1,ios,APAC
TCKT_035049,2023-01-20 21:57:04,CUST_03673,education,chat,billing,account_access,low,open,gold,My account was locked after multiple failed login attempts.,Sorry to hear you're having trouble accessing your account. We will look into this and get back to you within the next 48 hours.,,,0,neutral,4,0,ios,MEA
TCKT_035076,2023-01-08 17:25:45,CUST_02947,non_profit,in_app,billing,how_to,medium,on_hold,standard,I need help setting up billing for my team.,Happy to help with your question. Our team is reviewing this and will follow up within 24 hours.,,,0,neutral,4,1,api_client,
TCKT_035243,2023-01-10 06:59:14,CUST_04219,non_profit,phone_transcript,billing,bug,urgent,closed_no_action,standard,I am seeing an error message when I click on billing.,Thanks for reporting this bug. This has been escalated to our on-call team for immediate attention.,Ticket closed without further action after no response from the customer.,138.08,0,positive,4,1,api_client,MEA
TCKT_035283,2023-01-23 20:55:06,CUST_04652,small_business,web_form,billing,feature_request,low,resolved,standard,Our team needs more advanced options for billing.,Thanks for your feature suggestion. We will look into this and get back to you within the next 48 hours.,Captured the request and added it to the product backlog.,22.58,0,neutral,3,0,api_client,MEA
TCKT_035355,2023-01-03 16:40:52,CUST_00755,education,chat,api_integration,security_concern,low,closed_no_action,gold,We need details about your data encryption and compliance.,We take security very seriously. We will look into this and get back to you within the next 48 hours.,Ticket closed without further action after no response from the customer.,107.87,0,negative,3,0,android,MEA
TCKT_035362,2023-01-31 08:34:45,CUST_01489,non_profit,chat,notifications,how_to,urgent,on_hold,standard,How can I export my data from the notifications section?,Happy to help with your question. This has been escalated to our on-call team for immediate attention.,,,0,neutral,4,0,web,
TCKT_035372,2023-01-26 21:14:45,CUST_04104,individual,chat,login_auth,other,low,in_progress,gold,"Something seems off, can you please check my workspace?",Thanks for contacting support. We will look into this and get back to you within the next 48 hours.,,,0,neutral,4,0,desktop_app,APAC
TCKT_035420,2023-01-28 06:25:57,CUST_03325,individual,phone_transcript,api_integration,feature_request,medium,in_progress,standard,Can you add an option to customize api integration?,Thanks for your feature suggestion. Our team is reviewing this and will follow up within 24 hours.,,,0,positive,0,1,ios,
TCKT_035479,2023-01-31 21:14:07,CUST_06956,small_business,chat,billing,bug,low,in_progress,standard,I am seeing an error message when I click on billing.,Thanks for reporting this bug. We will look into this and get back to you within the next 48 hours.,,,0,very_negative,2,1,desktop_app,APAC
TCKT_035493,2023-01-29 03:50:55,CUST_06337,small_business,chat,notifications,billing_problem,high,resolved,standard,I was charged twice for my subscription this month.,Thanks for reaching out about the billing issue. We are prioritizing this and will update you as soon as possible.,Adjusted the invoice and issued a refund where applicable.,12.29,0,positive,4,1,android,MEA
TCKT_035533,2023-01-21 00:31:37,CUST_00011,enterprise,web_form,api_integration,other,low,open,standard,"Something seems off, can you please check my workspace?",Thanks for contacting support. We will look into this and get back to you within the next 48 hours.,,,0,very_negative,0,0,web,APAC
TCKT_035554,2023-01-24 20:41:08,CUST_08108,small_business,in_app,data_export,bug,medium,closed_no_action,platinum,The data export feature is not saving my changes.,Thanks for reporting this bug. Our team is reviewing this and will follow up within 24 hours.,Ticket closed without further action after no response from the customer.,239.32,0,neutral,0,0,desktop_app,EU
TCKT_035603,2023-01-31 01:09:43,CUST_02770,non_profit,chat,data_export,billing_problem,low,resolved,gold,My invoice amount is incorrect compared to the plan I selected.,Thanks for reaching out about the billing issue. We will look into this and get back to you within the next 48 hours.,Adjusted the invoice and issued a refund where applicable.,69.0,0,neutral,0,0,desktop_app,LATAM
TCKT_035806,2023-01-12 23:51:18,CUST_01442,enterprise,web_form,mobile_app,security_concern,low,resolved,standard,There seems to be a vulnerability in the mobile app functionality.,We take security very seriously. We will look into this and get back to you within the next 48 hours.,"Investigated logs, mitigated the issue, and updated security settings.",46.13,0,negative,2,0,web,MEA
TCKT_035826,2023-01-20 20:30:09,CUST_06004,non_profit,phone_transcript,api_integration,account_access,high,resolved,standard,My 2FA code is not working when I try to sign in.,Sorry to hear you're having trouble accessing your account. We are prioritizing this and will update you as soon as possible.,Reset account credentials and confirmed successful login.,16.36,0,very_negative,1,1,desktop_app,
TCKT_035853,2023-01-19 02:45:54,CUST_03074,non_profit,email,analytics_dashboard,how_to,urgent,resolved,standard,Can you explain how to configure analytics dashboard properly?,Happy to help with your question. This has been escalated to our on-call team for immediate attention.,Provided step-by-step instructions and relevant documentation.,3.22,0,negative,2,1,android,EU
TCKT_035857,2023-01-01 17:24:28,CUST_01590,enterprise,chat,data_export,billing_problem,medium,closed_no_action,standard,My invoice amount is incorrect compared to the plan I selected.,Thanks for reaching out about the billing issue. Our team is reviewing this and will follow up within 24 hours.,Ticket closed without further action after no response from the customer.,39.38,0,negative,2,0,api_client,APAC
TCKT_035948,2023-01-02 06:40:45,CUST_06051,enterprise,chat,login_auth,billing_problem,medium,resolved,gold,I was charged twice for my subscription this month.,Thanks for reaching out about the billing issue. Our team is reviewing this and will follow up within 24 hours.,Adjusted the invoice and issued a refund where applicable.,11.12,0,negative,3,0,ios,APAC
TCKT_036027,2023-01-22 06:18:29,CUST_00137,small_business,in_app,login_auth,billing_problem,low,resolved,gold,I was charged twice for my subscription this month.,Thanks for reaching out about the billing issue. We will look into this and get back to you within the next 48 hours.,Adjusted the invoice and issued a refund where applicable.,14.46,1,negative,0,1,web,LATAM
TCKT_036036,2023-01-04 20:48:33,CUST_04758,non_profit,email,billing,feature_request,medium,resolved,gold,Can you add an option to customize billing?,Thanks for your feature suggestion. Our team is reviewing this and will follow up within 24 hours.,Captured the request and added it to the product backlog.,14.58,0,neutral,4,1,android,
TCKT_036063,2023-01-10 13:58:56,CUST_04377,non_profit,web_form,notifications,account_access,low,on_hold,standard,I cannot log in; the system says my password is incorrect.,Sorry to hear you're having trouble accessing your account. We will look into this and get back to you within the next 48 hours.,,,0,negative,2,0,desktop_app,APAC
TCKT_036066,2023-01-03 00:22:51,CUST_06422,small_business,phone_transcript,login_auth,other,low,in_progress,platinum,I need help but I'm not sure which category this fits in.,Thanks for contacting support. We will look into this and get back to you within the next 48 hours.,,,0,very_positive,0,0,android,EU
TCKT_036092,2023-01-09 10:07:25,CUST_00983,non_profit,email,analytics_dashboard,how_to,low,closed_no_action,standard,I need help setting up analytics dashboard for my team.,Happy to help with your question. We will look into this and get back to you within the next 48 hours.,Ticket closed without further action after no response from the customer.,81.87,0,negative,3,1,api_client,MEA
TCKT_036170,2023-01-07 07:46:33,CUST_08985,small_business,chat,notifications,performance,medium,resolved,standard,The notifications page is very slow and takes a long time to load.,We understand performance issues can be frustrating. Our team is reviewing this and will follow up within 24 hours.,Optimized queries and increased resource allocation.,13.8,0,neutral,0,1,desktop_app,LATAM
TCKT_036229,2023-01-22 23:05:12,CUST_08724,education,email,login_auth,other,low,in_progress,gold,I have a general question about my account.,Thanks for contacting support. We will look into this and get back to you within the next 48 hours.,,,0,positive,0,1,ios,LATAM
TCKT_036303,2023-01-28 19:09:26,CUST_03044,small_business,chat,api_integration,account_access,medium,in_progress,standard,My 2FA code is not working when I try to sign in.,Sorry to hear you're having trouble accessing your account. Our team is reviewing this and will follow up within 24 hours.,,,1,very_negative,0,0,desktop_app,
TCKT_036328,2023-01-21 21:14:31,CUST_08345,individual,email,notifications,other,low,on_hold,standard,"Something seems off, can you please check my workspace?",Thanks for contacting support. We will look into this and get back to you within the next 48 hours.,,,0,neutral,0,1,ios,
TCKT_036404,2023-01-22 18:27:50,CUST_01826,small_business,in_app,data_export,billing_problem,low,resolved,gold,I downgraded my plan but I am still being billed for the higher tier.,Thanks for reaching out about the billing issue. We will look into this and get back to you within the next 48 hours.,Adjusted the invoice and issued a refund where applicable.,26.39,0,neutral,3,0,android,LATAM
TCKT_036447,2023-01-08 04:22:57,CUST_00055,individual,email,billing,performance,low,resolved,standard,Queries in the billing module are timing out.,We understand performance issues can be frustrating. We will look into this and get back to you within the next 48 hours.,Optimized queries and increased resource allocation.,34.83,1,very_negative,2,0,ios,APAC
TCKT_036470,2023-01-01 23:05:15,CUST_07007,education,web_form,api_integration,how_to,high,on_hold,gold,How can I export my data from the api integration section?,Happy to help with your question. We are prioritizing this and will update you as soon as possible.,,,0,very_negative,0,0,desktop_app,APAC
TCKT_036477,2023-01-16 06:04:27,CUST_01575,education,in_app,analytics_dashboard,feature_request,low,resolved,standard,Our team needs more advanced options for analytics dashboard.,Thanks for your feature suggestion. We will look into this and get back to you within the next 48 hours.,Captured the request and added it to the product backlog.,14.25,0,negative,0,0,ios,MEA
TCKT_036551,2023-01-29 03:06:19,CUST_04024,enterprise,web_form,login_auth,billing_problem,medium,resolved,standard,I downgraded my plan but I am still being billed for the higher tier.,Thanks for reaching out about the billing issue. Our team is reviewing this and will follow up within 24 hours.,Adjusted the invoice and issued a refund where applicable.,40.77,0,very_negative,1,0,desktop_app,
TCKT_036553,2023-01-05 21:33:48,CUST_05564,small_business,chat,analytics_dashboard,feature_request,low,resolved,standard,It would be great to have analytics dashboard support in your product.,Thanks for your feature suggestion. We will look into this and get back to you within the next 48 hours.,Captured the request and added it to the product backlog.,56.03,0,very_positive,5,0,ios,MEA
TCKT_036582,2023-01-24 12:47:11,CUST_00842,enterprise,web_form,billing,other,medium,open,standard,I have a general question about my account.,Thanks for contacting support. Our team is reviewing this and will follow up within 24 hours.,,,0,neutral,4,1,web,APAC
TCKT_036635,2023-01-25 02:32:35,CUST_05575,non_profit,chat,login_auth,performance,low,in_progress,standard,The login auth page is very slow and takes a long time to load.,We understand performance issues can be frustrating. We will look into this and get back to you within the next 48 hours.,,,0,very_negative,1,0,ios,
TCKT_036752,2023-01-28 23:49:21,CUST_07817,education,email,mobile_app,other,medium,resolved,platinum,"Something seems off, can you please check my workspace?",Thanks for contacting support. Our team is reviewing this and will follow up within 24 hours.,Provided general guidance and confirmed the issue was resolved.,29.53,0,negative,2,0,api_client,
TCKT_036753,2023-01-24 13:38:03,CUST_00870,education,phone_transcript,billing,security_concern,medium,in_progress,standard,There seems to be a vulnerability in the billing functionality.,We take security very seriously. Our team is reviewing this and will follow up within 24 hours.,,,0,neutral,3,0,api_client,
TCKT_036800,2023-01-16 07:28:20,CUST_03447,non_profit,phone_transcript,mobile_app,how_to,low,resolved,platinum,Can you explain how to configure mobile app properly?,Happy to help with your question. We will look into this and get back to you within the next 48 hours.,Provided step-by-step instructions and relevant documentation.,61.94,0,negative,2,0,api_client,EU
TCKT_036841,2023-01-05 02:32:11,CUST_08841,non_profit,email,login_auth,feature_request,high,resolved,standard,Can you add an option to customize login auth?,Thanks for your feature suggestion. We are prioritizing this and will update you as soon as possible.,Captured the request and added it to the product backlog.,3.97,0,neutral,3,0,android,APAC
TCKT_036887,2023-01-22 08:00:15,CUST_06997,small_business,phone_transcript,mobile_app,security_concern,medium,resolved,gold,I noticed a suspicious login on my account.,We take security very seriously. Our team is reviewing this and will follow up within 24 hours.,"Investigated logs, mitigated the issue, and updated security settings.",11.52,0,negative,2,1,android,LATAM
TCKT_037022,2023-01-02 13:35:18,CUST_03114,individual,email,mobile_app,security_concern,medium,resolved,platinum,There seems to be a vulnerability in the mobile app functionality.,We take security very seriously. Our team is reviewing this and will follow up within 24 hours.,"Investigated logs, mitigated the issue, and updated security settings.",6.84,0,negative,2,1,ios,LATAM
TCKT_037105,2023-01-19 14:23:29,CUST_06759,education,chat,mobile_app,feature_request,low,on_hold,platinum,It would be great to have mobile app support in your product.,Thanks for your feature suggestion. We will look into this and get back to you within the next 48 hours.,,,0,neutral,3,0,desktop_app,LATAM
TCKT_037131,2023-01-09 21:26:15,CUST_01621,small_business,email,data_export,billing_problem,medium,in_progress,gold,I was charged twice for my subscription this month.,Thanks for reaching out about the billing issue. Our team is reviewing this and will follow up within 24 hours.,,,0,negative,2,0,android,LATAM
TCKT_037136,2023-01-23 04:53:28,CUST_08500,individual,phone_transcript,login_auth,other,low,on_hold,standard,"Something seems off, can you please check my workspace?",Thanks for contacting support. We will look into this and get back to you within the next 48 hours.,,,0,very_negative,2,0,desktop_app,MEA
TCKT_037286,2023-01-09 18:37:44,CUST_04106,education,web_form,analytics_dashboard,performance,medium,open,standard,Queries in the analytics dashboard module are timing out.,We understand performance issues can be frustrating. Our team is reviewing this and will follow up within 24 hours.,,,0,positive,4,0,ios,
TCKT_037353,2023-01-12 22:23:35,CUST_09947,education,in_app,login_auth,other,low,open,standard,"Something seems off, can you please check my workspace?",Thanks for contacting support. We will look into this and get back to you within the next 48 hours.,,,0,neutral,0,0,ios,EU
TCKT_037358,2023-01-13 09:52:24,CUST_01373,non_profit,chat,analytics_dashboard,account_access,low,in_progress,standard,My 2FA code is not working when I try to sign in.,Sorry to hear you're having trouble accessing your account. We will look into this and get back to you within the next 48 hours.,,,0,positive,4,0,desktop_app,
TCKT_037413,2023-01-26 02:42:12,CUST_04782,education,chat,login_auth,performance,medium,closed_no_action,standard,Overall performance has degraded in the last few days.,We understand performance issues can be frustrating. Our team is reviewing this and will follow up within 24 hours.,Ticket closed without further action after no response from the customer.,133.84,0,positive,0,0,desktop_app,APAC
TCKT_037448,2023-01-31 23:45:31,CUST_02476,education,phone_transcript,analytics_dashboard,how_to,medium,resolved,standard,I need help setting up analytics dashboard for my team.,Happy to help with your question. Our team is reviewing this and will follow up within 24 hours.,Provided step-by-step instructions and relevant documentation.,33.5,0,neutral,3,0,desktop_app,APAC
TCKT_037585,2023-01-04 18:11:36,CUST_09593,non_profit,in_app,analytics_dashboard,how_to,medium,resolved,platinum,How can I export my data from the analytics dashboard section?,Happy to help with your question. Our team is reviewing this and will follow up within 24 hours.,Provided step-by-step instructions and relevant documentation.,15.54,0,neutral,3,0,desktop_app,APAC
TCKT_037716,2023-01-26 03:56:09,CUST_03980,small_business,phone_transcript,login_auth,security_concern,low,on_hold,gold,There seems to be a vulnerability in the login auth functionality.,We take security very seriously. We will look into this and get back to you within the next 48 hours.,,,0,neutral,4,0,api_client,MEA
TCKT_037724,2023-01-21 02:32:58,CUST_09266,individual,web_form,api_integration,how_to,low,open,gold,I need help setting up api integration for my team.,Happy to help with your question. We will look into this and get back to you within the next 48 hours.,,,1,very_negative,2,0,api_client,EU
TCKT_037803,2023-01-28 18:27:28,CUST_05023,education,email,login_auth,other,high,resolved,standard,I have a general question about my account.,Thanks for contacting support. We are prioritizing this and will update you as soon as possible.,Provided general guidance and confirmed the issue was resolved.,10.43,0,neutral,4,0,ios,MEA
TCKT_037839,2023-01-18 16:09:46,CUST_00922,enterprise,in_app,analytics_dashboard,account_access,low,resolved,standard,My account was locked after multiple failed login attempts.,Sorry to hear you're having trouble accessing your account. We will look into this and get back to you within the next 48 hours.,Reset account credentials and confirmed successful login.,39.16,0,very_negative,0,0,android,APAC
TCKT_037885,2023-01-21 19:12:32,CUST_04608,individual,in_app,billing,bug,medium,resolved,standard,I am seeing an error message when I click on billing.,Thanks for reporting this bug. Our team is reviewing this and will follow up within 24 hours.,Patched the bug and deployed a fix to production.,30.46,0,very_negative,1,0,desktop_app,LATAM
TCKT_037924,2023-01-17 03:57:11,CUST_09346,individual,chat,analytics_dashboard,feature_request,high,in_progress,standard,It would be great to have analytics dashboard support in your product.,Thanks for your feature suggestion. We are prioritizing this and will update you as soon as possible.,,,0,very_positive,5,1,api_client,
TCKT_037988,2023-01-23 13:40:48,CUST_08133,individual,in_app,billing,bug,medium,open,platinum,The billing feature is not saving my changes.,Thanks for reporting this bug. Our team is reviewing this and will follow up within 24 hours.,,,0,negative,0,1,android,APAC
TCKT_038307,2023-01-30 15:11:46,CUST_04469,individual,chat,billing,billing_problem,low,in_progress,standard,I downgraded my plan but I am still being billed for the higher tier.,Thanks for reaching out about the billing issue. We will look into this and get back to you within the next 48 hours.,,,0,negative,2,0,web,EU
TCKT_038332,2023-01-18 10:22:06,CUST_07000,individual,web_form,analytics_dashboard,feature_request,medium,resolved,standard,Can you add an option to customize analytics dashboard?,Thanks for your feature suggestion. Our team is reviewing this and will follow up within 24 hours.,Captured the request and added it to the product backlog.,9.75,0,positive,4,0,api_client,
TCKT_038354,2023-01-25 20:14:51,CUST_06051,individual,chat,analytics_dashboard,how_to,low,open,gold,Can you explain how to configure analytics dashboard properly?,Happy to help with your question. We will look into this and get back to you within the next 48 hours.,,,0,very_positive,5,0,ios,MEA
TCKT_038360,2023-01-31 23:30:20,CUST_00522,small_business,web_form,data_export,security_concern,low,resolved,gold,There seems to be a vulnerability in the data export functionality.,We take security very seriously. We will look into this and get back to you within the next 48 hours.,"Investigated logs, mitigated the issue, and updated security settings.",40.02,0,negative,3,0,desktop_app,APAC
TCKT_038380,2023-01-20 01:57:34,CUST_07674,enterprise,phone_transcript,billing,performance,high,in_progress,gold,Queries in the billing module are timing out.,We understand performance issues can be frustrating. We are prioritizing this and will update you as soon as possible.,,,0,negative,3,0,api_client,APAC
TCKT_038415,2023-01-27 14:04:54,CUST_08442,non_profit,phone_transcript,login_auth,how_to,low,resolved,gold,I need help setting up login auth for my team.,Happy to help with your question. We will look into this and get back to you within the next 48 hours.,Provided step-by-step instructions and relevant documentation.,48.21,0,very_positive,0,0,ios,LATAM
TCKT_038459,2023-01-18 15:29:50,CUST_08737,small_business,chat,login_auth,security_concern,high,on_hold,standard,I noticed a suspicious login on my account.,We take security very seriously. We are prioritizing this and will update you as soon as possible.,,,0,negative,0,1,desktop_app,EU
TCKT_038504,2023-01-16 21:54:07,CUST_06104,individual,web_form,notifications,security_concern,low,resolved,gold,We need details about your data encryption and compliance.,We take security very seriously. We will look into this and get back to you within the next 48 hours.,"Investigated logs, mitigated the issue, and updated security settings.",36.85,0,very_negative,2,0,android,MEA
TCKT_038605,2023-01-14 03:46:52,CUST_05872,enterprise,email,api_integration,billing_problem,low,on_hold,standard,My invoice amount is incorrect compared to the plan I selected.,Thanks for reaching out about the billing issue. We will look into this and get back to you within the next 48 hours.,,,0,positive,4,1,ios,EU
TCKT_038629,2023-01-08 03:40:03,CUST_04513,individual,email,mobile_app,performance,medium,resolved,platinum,Queries in the mobile app module are timing out.,We understand performance issues can be frustrating. Our team is reviewing this and will follow up within 24 hours.,Optimized queries and increased resource allocation.,25.03,0,negative,3,0,ios,EU
TCKT_038655,2023-01-08 13:29:23,CUST_06390,individual,phone_transcript,login_auth,bug,medium,resolved,gold,I am seeing an error message when I click on login auth.,Thanks for reporting this bug. Our team is reviewing this and will follow up within 24 hours.,Patched the bug and deployed a fix to production.,16.78,0,positive,0,0,desktop_app,LATAM
TCKT_038684,2023-01-09 23:58:59,CUST_09615,education,chat,data_export,other,low,resolved,standard,"Something seems off, can you please check my workspace?",Thanks for contacting support. We will look into this and get back to you within the next 48 hours.,Provided general guidance and confirmed the issue was resolved.,70.56,0,neutral,3,0,web,MEA
TCKT_038696,2023-01-12 17:11:56,CUST_05704,small_business,in_app,mobile_app,bug,low,open,platinum,The mobile app feature is not saving my changes.,Thanks for reporting this bug. We will look into this and get back to you within the next 48 hours.,,,0,very_negative,0,0,android,EU
TCKT_038724,2023-01-30 16:32:31,CUST_03950,education,email,mobile_app,account_access,medium,resolved,gold,I cannot log in; the system says my password is incorrect.,Sorry to hear you're having trouble accessing your account. Our team is reviewing this and will follow up within 24 hours.,Reset account credentials and confirmed successful login.,19.7,0,negative,3,1,android,LATAM
TCKT_038802,2023-01-16 01:44:26,CUST_01944,individual,in_app,mobile_app,bug,medium,resolved,standard,The page keeps crashing whenever I try to open the mobile app section.,Thanks for reporting this bug. Our team is reviewing this and will follow up within 24 hours.,Patched the bug and deployed a fix to production.,25.91,0,negative,2,0,desktop_app,LATAM
TCKT_038856,2023-01-03 09:15:45,CUST_00536,non_profit,web_form,data_export,account_access,medium,resolved,standard,My account was locked after multiple failed login attempts.,Sorry to hear you're having trouble accessing your account. Our team is reviewing this and will follow up within 24 hours.,Reset account credentials and confirmed successful login.,27.47,0,neutral,4,0,ios,EU
TCKT_038860,2023-01-11 22:30:14,CUST_07365,non_profit,web_form,api_integration,bug,medium,resolved,standard,The page keeps crashing whenever I try to open the api integration section.,Thanks for reporting this bug. Our team is reviewing this and will follow up within 24 hours.,Patched the bug and deployed a fix to production.,39.22,0,very_positive,5,0,web,MEA
TCKT_038919,2023-01-24 09:09:34,CUST_05793,non_profit,email,analytics_dashboard,billing_problem,medium,closed_no_action,standard,My invoice amount is incorrect compared to the plan I selected.,Thanks for reaching out about the billing issue. Our team is reviewing this and will follow up within 24 hours.,Ticket closed without further action after no response from the customer.,111.27,0,negative,2,1,android,MEA
TCKT_038965,2023-01-22 23:25:00,CUST_08259,small_business,web_form,login_auth,feature_request,medium,resolved,standard,Can you add an option to customize login auth?,Thanks for your feature suggestion. Our team is reviewing this and will follow up within 24 hours.,Captured the request and added it to the product backlog.,31.32,0,neutral,4,0,ios,
TCKT_038974,2023-01-30 02:26:38,CUST_06618,enterprise,email,login_auth,account_access,medium,resolved,platinum,I cannot log in; the system says my password is incorrect.,Sorry to hear you're having trouble accessing your account. Our team is reviewing this and will follow up within 24 hours.,Reset account credentials and confirmed successful login.,23.41,0,positive,5,0,android,
TCKT_039023,2023-01-04 01:50:25,CUST_05280,non_profit,in_app,api_integration,bug,low,on_hold,standard,The page keeps crashing whenever I try to open the api integration section.,Thanks for reporting this bug. We will look into this and get back to you within the next 48 hours.,,,0,positive,0,0,desktop_app,EU
TCKT_039031,2023-01-29 21:14:23,CUST_05112,small_business,email,api_integration,account_access,high,resolved,standard,My account was locked after multiple failed login attempts.,Sorry to hear you're having trouble accessing your account. We are prioritizing this and will update you as soon as possible.,Reset account credentials and confirmed successful login.,18.31,0,very_negative,2,0,android,LATAM
TCKT_039097,2023-01-15 12:03:22,CUST_09294,education,email,api_integration,bug,urgent,in_progress,gold,The page keeps crashing whenever I try to open the api integration section.,Thanks for reporting this bug. This has been escalated to our on-call team for immediate attention.,,,0,neutral,3,0,android,
TCKT_039109,2023-01-06 05:24:58,CUST_07043,individual,web_form,api_integration,bug,urgent,open,gold,The api integration feature is not saving my changes.,Thanks for reporting this bug. This has been escalated to our on-call team for immediate attention.,,,0,neutral,3,1,api_client,MEA
TCKT_039161,2023-01-07 05:26:44,CUST_03153,individual,web_form,analytics_dashboard,how_to,medium,on_hold,gold,How can I export my data from the analytics dashboard section?,Happy to help with your question. Our team is reviewing this and will follow up within 24 hours.,,,0,very_negative,0,0,api_client,
TCKT_039168,2023-01-18 16:48:28,CUST_06415,enterprise,web_form,billing,bug,low,on_hold,standard,The billing feature is not saving my changes.,Thanks for reporting this bug. We will look into this and get back to you within the next 48 hours.,,,0,neutral,3,0,ios,APAC
TCKT_039280,2023-01-20 16:09:31,CUST_03459,enterprise,chat,billing,security_concern,low,resolved,standard,There seems to be a vulnerability in the billing functionality.,We take security very seriously. We will look into this and get back to you within the next 48 hours.,"Investigated logs, mitigated the issue, and updated security settings.",26.59,0,very_negative,0,0,ios,EU
TCKT_039351,2023-01-18 01:46:57,CUST_09729,education,email,login_auth,performance,low,resolved,gold,Overall performance has degraded in the last few days.,We understand performance issues can be frustrating. We will look into this and get back to you within the next 48 hours.,Optimized queries and increased resource allocation.,65.18,0,neutral,4,0,web,EU
TCKT_039377,2023-01-16 12:11:44,CUST_07554,non_profit,web_form,mobile_app,account_access,medium,in_progress,standard,I cannot log in; the system says my password is incorrect.,Sorry to hear you're having trouble accessing your account. Our team is reviewing this and will follow up within 24 hours.,,,0,very_negative,0,1,ios,
TCKT_039387,2023-01-17 10:15:19,CUST_02734,small_business,chat,api_integration,account_access,low,resolved,standard,I cannot log in; the system says my password is incorrect.,Sorry to hear you're having trouble accessing your account. We will look into this and get back to you within the next 48 hours.,Reset account credentials and confirmed successful login.,26.66,0,very_negative,2,0,desktop_app,EU
TCKT_039430,2023-01-10 05:32:05,CUST_07450,small_business,phone_transcript,data_export,how_to,high,in_progress,standard,How can I export my data from the data export section?,Happy to help with your question. We are prioritizing this and will update you as soon as possible.,,,0,neutral,3,0,android,
TCKT_039448,2023-01-27 19:22:07,CUST_06063,small_business,in_app,notifications,performance,medium,resolved,gold,Overall performance has degraded in the last few days.,We understand performance issues can be frustrating. Our team is reviewing this and will follow up within 24 hours.,Optimized queries and increased resource allocation.,14.49,0,very_negative,1,1,web,LATAM
TCKT_039485,2023-01-13 19:47:26,CUST_08904,non_profit,email,api_integration,account_access,low,resolved,standard,My 2FA code is not working when I try to sign in.,Sorry to hear you're having trouble accessing your account. We will look into this and get back to you within the next 48 hours.,Reset account credentials and confirmed successful login.,15.82,0,neutral,3,0,ios,
TCKT_039517,2023-01-28 06:41:23,CUST_05494,enterprise,web_form,api_integration,bug,low,resolved,gold,The page keeps crashing whenever I try to open the api integration section.,Thanks for reporting this bug. We will look into this and get back to you within the next 48 hours.,Patched the bug and deployed a fix to production.,60.06,0,positive,0,0,android,MEA
TCKT_039547,2023-01-10 21:50:02,CUST_07696,enterprise,chat,notifications,account_access,high,resolved,standard,I cannot log in; the system says my password is incorrect.,Sorry to hear you're having trouble accessing your account. We are prioritizing this and will update you as soon as possible.,Reset account credentials and confirmed successful login.,23.44,0,negative,0,0,web,
TCKT_039626,2023-01-18 17:37:22,CUST_06830,small_business,in_app,data_export,how_to,medium,resolved,standard,How can I export my data from the data export section?,Happy to help with your question. Our team is reviewing this and will follow up within 24 hours.,Provided step-by-step instructions and relevant documentation.,16.45,0,very_positive,5,1,web,
TCKT_039629,2023-01-10 13:35:00,CUST_02721,non_profit,in_app,mobile_app,feature_request,urgent,in_progress,gold,Can you add an option to customize mobile app?,Thanks for your feature suggestion. This has been escalated to our on-call team for immediate attention.,,,0,negative,0,0,web,APAC
TCKT_039697,2023-01-23 22:15:03,CUST_03194,education,email,api_integration,account_access,medium,resolved,gold,My 2FA code is not working when I try to sign in.,Sorry to hear you're having trouble accessing your account. Our team is reviewing this and will follow up within 24 hours.,Reset account credentials and confirmed successful login.,4.42,0,very_negative,2,1,web,LATAM
TCKT_039871,2023-01-09 02:50:05,CUST_07793,individual,chat,notifications,feature_request,low,resolved,gold,Can you add an option to customize notifications?,Thanks for your feature suggestion. We will look into this and get back to you within the next 48 hours.,Captured the request and added it to the product backlog.,45.05,0,positive,4,1,desktop_app,LATAM
TCKT_039879,2023-01-23 06:17:08,CUST_04982,enterprise,web_form,data_export,other,medium,resolved,gold,"Something seems off, can you please check my workspace?",Thanks for contacting support. Our team is reviewing this and will follow up within 24 hours.,Provided general guidance and confirmed the issue was resolved.,42.06,0,positive,5,0,api_client,APAC
TCKT_039940,2023-01-04 19:49:36,CUST_03100,education,in_app,billing,other,medium,resolved,standard,"Something seems off, can you please check my workspace?",Thanks for contacting support. Our team is reviewing this and will follow up within 24 hours.,Provided general guidance and confirmed the issue was resolved.,6.28,0,neutral,3,0,android,MEA
TCKT_039966,2023-01-10 03:03:06,CUST_02103,enterprise,web_form,data_export,feature_request,low,in_progress,standard,Can you add an option to customize data export?,Thanks for your feature suggestion. We will look into this and get back to you within the next 48 hours.,,,0,neutral,0,0,ios,APAC
TCKT_040012,2023-01-09 07:08:42,CUST_05654,education,web_form,data_export,how_to,high,resolved,standard,How can I export my data from the data export section?,Happy to help with your question. We are prioritizing this and will update you as soon as possible.,Provided step-by-step instructions and relevant documentation.,20.4,0,neutral,0,0,desktop_app,
TCKT_040039,2023-01-05 17:14:31,CUST_04067,small_business,phone_transcript,data_export,feature_request,low,open,standard,It would be great to have data export support in your product.,Thanks for your feature suggestion. We will look into this and get back to you within the next 48 hours.,,,0,very_negative,2,0,api_client,LATAM
TCKT_040109,2023-01-15 15:26:06,CUST_07557,education,email,billing,feature_request,low,in_progress,standard,It would be great to have billing support in your product.,Thanks for your feature suggestion. We will look into this and get back to you within the next 48 hours.,,,0,neutral,0,1,android,MEA
TCKT_040114,2023-01-02 00:56:31,CUST_05941,enterprise,in_app,data_export,how_to,high,on_hold,standard,I need help setting up data export for my team.,Happy to help with your question. We are prioritizing this and will update you as soon as possible.,,,0,positive,0,0,ios,EU
TCKT_040123,2023-01-24 13:16:11,CUST_06461,education,email,mobile_app,how_to,medium,resolved,gold,I need help setting up mobile app for my team.,Happy to help with your question. Our team is reviewing this and will follow up within 24 hours.,Provided step-by-step instructions and relevant documentation.,13.96,0,neutral,4,1,android,
TCKT_040139,2023-01-14 13:54:16,CUST_02733,small_business,chat,notifications,how_to,high,resolved,standard,I need help setting up notifications for my team.,Happy to help with your question. We are prioritizing this and will update you as soon as possible.,Provided step-by-step instructions and relevant documentation.,13.91,0,neutral,0,0,desktop_app,EU
TCKT_040286,2023-01-05 11:22:58,CUST_00668,individual,in_app,billing,how_to,high,on_hold,gold,Can you explain how to configure billing properly?,Happy to help with your question. We are prioritizing this and will update you as soon as possible.,,,0,neutral,3,0,web,APAC
TCKT_040294,2023-01-25 20:06:27,CUST_00095,enterprise,web_form,notifications,performance,high,closed_no_action,gold,Overall performance has degraded in the last few days.,We understand performance issues can be frustrating. We are prioritizing this and will update you as soon as possible.,Ticket closed without further action after no response from the customer.,86.75,0,very_negative,2,0,ios,
TCKT_040363,2023-01-24 14:50:04,CUST_01549,small_business,in_app,api_integration,security_concern,low,in_progress,standard,I noticed a suspicious login on my account.,We take security very seriously. We will look into this and get back to you within the next 48 hours.,,,0,negative,3,0,desktop_app,LATAM
TCKT_040365,2023-01-03 03:24:46,CUST_06598,small_business,in_app,api_integration,how_to,urgent,resolved,standard,How can I export my data from the api integration section?,Happy to help with your question. This has been escalated to our on-call team for immediate attention.,Provided step-by-step instructions and relevant documentation.,1.03,0,positive,5,1,ios,EU
TCKT_040412,2023-01-15 06:38:54,CUST_04761,education,chat,api_integration,billing_problem,low,in_progress,standard,I was charged twice for my subscription this month.,Thanks for reaching out about the billing issue. We will look into this and get back to you within the next 48 hours.,,,0,negative,0,0,ios,LATAM
TCKT_040432,2023-01-24 14:13:45,CUST_08474,individual,in_app,billing,account_access,medium,resolved,standard,I cannot log in; the system says my password is incorrect.,Sorry to hear you're having trouble accessing your account. Our team is reviewing this and will follow up within 24 hours.,Reset account credentials and confirmed successful login.,46.79,0,negative,0,0,desktop_app,
TCKT_040451,2023-01-09 12:28:28,CUST_04608,individual,phone_transcript,analytics_dashboard,account_access,urgent,closed_no_action,gold,My account was locked after multiple failed login attempts.,Sorry to hear you're having trouble accessing your account. This has been escalated to our on-call team for immediate attention.,Ticket closed without further action after no response from the customer.,25.97,0,very_negative,1,1,api_client,LATAM
TCKT_040488,2023-01-01 20:58:10,CUST_03993,small_business,email,login_auth,security_concern,low,resolved,gold,There seems to be a vulnerability in the login auth functionality.,We take security very seriously. We will look into this and get back to you within the next 48 hours.,"Investigated logs, mitigated the issue, and updated security settings.",37.61,0,negative,3,0,ios,MEA
TCKT_040501,2023-01-06 11:18:03,CUST_09309,small_business,chat,notifications,feature_request,medium,in_progress,standard,Can you add an option to customize notifications?,Thanks for your feature suggestion. Our team is reviewing this and will follow up within 24 hours.,,,0,neutral,4,0,ios,
TCKT_040575,2023-01-31 03:23:27,CUST_05011,individual,in_app,data_export,feature_request,low,open,standard,Can you add an option to customize data export?,Thanks for your feature suggestion. We will look into this and get back to you within the next 48 hours.,,,0,neutral,4,0,desktop_app,EU
TCKT_040584,2023-01-13 16:53:19,CUST_02311,enterprise,web_form,mobile_app,other,low,resolved,standard,"Something seems off, can you please check my workspace?",Thanks for contacting support. We will look into this and get back to you within the next 48 hours.,Provided general guidance and confirmed the issue was resolved.,56.53,0,very_negative,0,0,desktop_app,EU
TCKT_040868,2023-01-28 04:04:16,CUST_06756,enterprise,web_form,notifications,other,medium,closed_no_action,standard,"Something seems off, can you please check my workspace?",Thanks for contacting support. Our team is reviewing this and will follow up within 24 hours.,Ticket closed without further action after no response from the customer.,176.32,0,neutral,4,0,web,LATAM
TCKT_040910,2023-01-17 14:11:37,CUST_03537,small_business,email,login_auth,bug,medium,resolved,platinum,I am seeing an error message when I click on login auth.,Thanks for reporting this bug. Our team is reviewing this and will follow up within 24 hours.,Patched the bug and deployed a fix to production.,39.69,1,very_negative,2,1,desktop_app,MEA
TCKT_040961,2023-01-16 11:53:59,CUST_04305,enterprise,web_form,api_integration,bug,high,closed_no_action,gold,I am seeing an error message when I click on api integration.,Thanks for reporting this bug. We are prioritizing this and will update you as soon as possible.,Ticket closed without further action after no response from the customer.,135.8,0,very_negative,1,0,web,EU
TCKT_040984,2023-01-05 18:19:45,CUST_08189,small_business,in_app,billing,feature_request,medium,closed_no_action,gold,It would be great to have billing support in your product.,Thanks for your feature suggestion. Our team is reviewing this and will follow up within 24 hours.,Ticket closed without further action after no response from the customer.,38.66,0,neutral,4,0,android,LATAM
TCKT_040988,2023-01-23 23:02:45,CUST_06627,education,phone_transcript,analytics_dashboard,account_access,low,on_hold,gold,I cannot log in; the system says my password is incorrect.,Sorry to hear you're having trouble accessing your account. We will look into this and get back to you within the next 48 hours.,,,0,very_negative,1,0,web,EU
TCKT_041002,2023-01-25 09:02:39,CUST_00725,individual,web_form,analytics_dashboard,security_concern,medium,resolved,standard,There seems to be a vulnerability in the analytics dashboard functionality.,We take security very seriously. Our team is reviewing this and will follow up within 24 hours.,"Investigated logs, mitigated the issue, and updated security settings.",39.68,0,neutral,3,0,api_client,
TCKT_041017,2023-01-08 07:57:40,CUST_07789,small_business,web_form,data_export,security_concern,high,open,gold,There seems to be a vulnerability in the data export functionality.,We take security very seriously. We are prioritizing this and will update you as soon as possible.,,,0,negative,3,1,android,MEA
TCKT_041035,2023-01-15 21:42:07,CUST_08545,non_profit,email,data_export,security_concern,high,resolved,standard,We need details about your data encryption and compliance.,We take security very seriously. We are prioritizing this and will update you as soon as possible.,"Investigated logs, mitigated the issue, and updated security settings.",14.75,0,negative,2,0,ios,APAC
TCKT_041221,2023-01-02 20:10:07,CUST_06270,enterprise,chat,analytics_dashboard,how_to,low,resolved,standard,How can I export my data from the analytics dashboard section?,Happy to help with your question. We will look into this and get back to you within the next 48 hours.,Provided step-by-step instructions and relevant documentation.,15.81,0,negative,3,0,android,EU
TCKT_041227,2023-01-01 19:33:35,CUST_03530,non_profit,phone_transcript,data_export,how_to,low,resolved,standard,I need help setting up data export for my team.,Happy to help with your question. We will look into this and get back to you within the next 48 hours.,Provided step-by-step instructions and relevant documentation.,14.07,0,positive,5,0,web,MEA
TCKT_041244,2023-01-12 18:58:06,CUST_08334,education,web_form,billing,performance,low,in_progress,platinum,Overall performance has degraded in the last few days.,We understand performance issues can be frustrating. We will look into this and get back to you within the next 48 hours.,,,0,neutral,0,1,desktop_app,MEA
TCKT_041277,2023-01-31 06:29:42,CUST_03362,small_business,chat,data_export,bug,low,in_progress,platinum,The data export feature is not saving my changes.,Thanks for reporting this bug. We will look into this and get back to you within the next 48 hours.,,,0,neutral,0,0,desktop_app,APAC
TCKT_041570,2023-01-03 22:53:26,CUST_01795,individual,in_app,notifications,security_concern,high,resolved,standard,There seems to be a vulnerability in the notifications functionality.,We take security very seriously. We are prioritizing this and will update you as soon as possible.,"Investigated logs, mitigated the issue, and updated security settings.",19.37,0,neutral,3,0,web,MEA
TCKT_041578,2023-01-15 04:20:41,CUST_04224,small_business,chat,login_auth,account_access,low,in_progress,platinum,My 2FA code is not working when I try to sign in.,Sorry to hear you're having trouble accessing your account. We will look into this and get back to you within the next 48 hours.,,,0,negative,2,0,api_client,MEA
TCKT_041661,2023-01-13 15:14:29,CUST_08857,enterprise,email,api_integration,how_to,medium,resolved,standard,How can I export my data from the api integration section?,Happy to help with your question. Our team is reviewing this and will follow up within 24 hours.,Provided step-by-step instructions and relevant documentation.,16.53,0,neutral,0,0,api_client,LATAM
TCKT_041727,2023-01-23 23:30:11,CUST_05817,individual,email,mobile_app,performance,medium,resolved,standard,Overall performance has degraded in the last few days.,We understand performance issues can be frustrating. Our team is reviewing this and will follow up within 24 hours.,Optimized queries and increased resource allocation.,24.41,0,negative,3,0,web,MEA
TCKT_041729,2023-01-01 10:25:07,CUST_09498,non_profit,in_app,mobile_app,security_concern,medium,open,platinum,We need details about your data encryption and compliance.,We take security very seriously. Our team is reviewing this and will follow up within 24 hours.,,,0,very_negative,0,0,ios,LATAM
TCKT_041730,2023-01-29 02:45:05,CUST_01843,small_business,web_form,data_export,performance,low,in_progress,platinum,The data export page is very slow and takes a long time to load.,We understand performance issues can be frustrating. We will look into this and get back to you within the next 48 hours.,,,0,very_negative,2,1,ios,
TCKT_042033,2023-01-15 02:10:08,CUST_08388,enterprise,phone_transcript,api_integration,bug,medium,in_progress,standard,I am seeing an error message when I click on api integration.,Thanks for reporting this bug. Our team is reviewing this and will follow up within 24 hours.,,,0,neutral,3,0,android,
TCKT_042049,2023-01-28 20:50:15,CUST_06430,individual,chat,data_export,how_to,medium,in_progress,gold,Can you explain how to configure data export properly?,Happy to help with your question. Our team is reviewing this and will follow up within 24 hours.,,,0,neutral,4,0,web,
TCKT_042276,2023-01-06 00:34:40,CUST_09930,individual,email,mobile_app,feature_request,low,resolved,standard,Our team needs more advanced options for mobile app.,Thanks for your feature suggestion. We will look into this and get back to you within the next 48 hours.,Captured the request and added it to the product backlog.,69.32,0,positive,4,0,web,LATAM
TCKT_042378,2023-01-05 06:33:42,CUST_07120,education,email,analytics_dashboard,bug,low,resolved,gold,The page keeps crashing whenever I try to open the analytics dashboard section.,Thanks for reporting this bug. We will look into this and get back to you within the next 48 hours.,Patched the bug and deployed a fix to production.,18.38,1,negative,0,0,api_client,LATAM
TCKT_042500,2023-01-26 20:46:52,CUST_05177,small_business,chat,notifications,performance,low,resolved,gold,Overall performance has degraded in the last few days.,We understand performance issues can be frustrating. We will look into this and get back to you within the next 48 hours.,Optimized queries and increased resource allocation.,30.14,1,neutral,0,0,desktop_app,EU
TCKT_042519,2023-01-18 09:16:42,CUST_07940,individual,web_form,mobile_app,account_access,medium,resolved,standard,I cannot log in; the system says my password is incorrect.,Sorry to hear you're having trouble accessing your account. Our team is reviewing this and will follow up within 24 hours.,Reset account credentials and confirmed successful login.,6.45,0,negative,2,0,android,
TCKT_042572,2023-01-20 03:34:40,CUST_03661,individual,chat,billing,performance,low,on_hold,platinum,Queries in the billing module are timing out.,We understand performance issues can be frustrating. We will look into this and get back to you within the next 48 hours.,,,0,negative,0,1,web,EU
TCKT_042595,2023-01-13 09:13:32,CUST_03242,small_business,email,analytics_dashboard,security_concern,high,closed_no_action,standard,There seems to be a vulnerability in the analytics dashboard functionality.,We take security very seriously. We are prioritizing this and will update you as soon as possible.,Ticket closed without further action after no response from the customer.,165.13,0,negative,3,1,api_client,APAC
TCKT_042632,2023-01-25 20:03:40,CUST_01983,enterprise,chat,data_export,account_access,high,in_progress,gold,My account was locked after multiple failed login attempts.,Sorry to hear you're having trouble accessing your account. We are prioritizing this and will update you as soon as possible.,,,1,neutral,4,0,ios,APAC
TCKT_042656,2023-01-15 09:18:15,CUST_05927,enterprise,web_form,login_auth,feature_request,low,resolved,platinum,Can you add an option to customize login auth?,Thanks for your feature suggestion. We will look into this and get back to you within the next 48 hours.,Captured the request and added it to the product backlog.,36.7,0,very_positive,5,0,desktop_app,MEA
TCKT_042660,2023-01-03 04:24:29,CUST_01468,education,phone_transcript,data_export,other,low,in_progress,gold,I have a general question about my account.,Thanks for contacting support. We will look into this and get back to you within the next 48 hours.,,,0,negative,0,0,web,LATAM
TCKT_042749,2023-01-17 15:03:36,CUST_04531,small_business,web_form,mobile_app,billing_problem,medium,on_hold,standard,I downgraded my plan but I am still being billed for the higher tier.,Thanks for reaching out about the billing issue. Our team is reviewing this and will follow up within 24 hours.,,,0,neutral,3,1,android,MEA
TCKT_042833,2023-01-03 05:06:10,CUST_03498,education,email,api_integration,feature_request,high,resolved,standard,It would be great to have api integration support in your product.,Thanks for your feature suggestion. We are prioritizing this and will update you as soon as possible.,Captured the request and added it to the product backlog.,7.54,0,neutral,0,0,desktop_app,LATAM
TCKT_042851,2023-01-15 08:20:58,CUST_02922,enterprise,phone_transcript,notifications,feature_request,medium,resolved,standard,Our team needs more advanced options for notifications.,Thanks for your feature suggestion. Our team is reviewing this and will follow up within 24 hours.,Captured the request and added it to the product backlog.,16.01,0,neutral,4,0,android,
TCKT_042869,2023-01-27 05:12:33,CUST_00250,individual,phone_transcript,api_integration,feature_request,medium,in_progress,standard,Our team needs more advanced options for api integration.,Thanks for your feature suggestion. Our team is reviewing this and will follow up within 24 hours.,,,0,positive,0,0,api_client,MEA
TCKT_042955,2023-01-07 17:27:02,CUST_02402,enterprise,chat,notifications,how_to,urgent,resolved,standard,How can I export my data from the notifications section?,Happy to help with your question. This has been escalated to our on-call team for immediate attention.,Provided step-by-step instructions and relevant documentation.,2.63,0,very_negative,0,0,desktop_app,
TCKT_043039,2023-01-20 07:30:01,CUST_03800,non_profit,web_form,data_export,performance,high,in_progress,gold,Queries in the data export module are timing out.,We understand performance issues can be frustrating. We are prioritizing this and will update you as soon as possible.,,,0,negative,0,0,desktop_app,EU
TCKT_043144,2023-01-14 03:51:35,CUST_01692,small_business,phone_transcript,notifications,security_concern,low,open,platinum,I noticed a suspicious login on my account.,We take security very seriously. We will look into this and get back to you within the next 48 hours.,,,0,negative,2,1,ios,APAC
TCKT_043171,2023-01-04 16:06:33,CUST_03284,non_profit,phone_transcript,api_integration,bug,low,resolved,gold,I am seeing an error message when I click on api integration.,Thanks for reporting this bug. We will look into this and get back to you within the next 48 hours.,Patched the bug and deployed a fix to production.,48.54,0,very_negative,0,0,desktop_app,
TCKT_043190,2023-01-14 10:30:16,CUST_03706,non_profit,email,billing,bug,low,resolved,standard,The billing feature is not saving my changes.,Thanks for reporting this bug. We will look into this and get back to you within the next 48 hours.,Patched the bug and deployed a fix to production.,41.0,0,neutral,4,0,desktop_app,MEA
TCKT_043212,2023-01-10 12:35:31,CUST_06221,non_profit,in_app,analytics_dashboard,performance,medium,resolved,standard,Queries in the analytics dashboard module are timing out.,We understand performance issues can be frustrating. Our team is reviewing this and will follow up within 24 hours.,Optimized queries and increased resource allocation.,40.97,0,very_negative,2,0,desktop_app,APAC
TCKT_043306,2023-01-19 07:41:20,CUST_01426,education,in_app,data_export,billing_problem,low,resolved,standard,I downgraded my plan but I am still being billed for the higher tier.,Thanks for reaching out about the billing issue. We will look into this and get back to you within the next 48 hours.,Adjusted the invoice and issued a refund where applicable.,62.97,0,positive,5,0,api_client,APAC
TCKT_043383,2023-01-02 21:57:49,CUST_01418,small_business,web_form,billing,billing_problem,low,resolved,standard,I was charged twice for my subscription this month.,Thanks for reaching out about the billing issue. We will look into this and get back to you within the next 48 hours.,Adjusted the invoice and issued a refund where applicable.,47.95,0,very_negative,1,1,web,EU
TCKT_043464,2023-01-26 18:38:34,CUST_01979,enterprise,phone_transcript,login_auth,billing_problem,medium,in_progress,gold,I downgraded my plan but I am still being billed for the higher tier.,Thanks for reaching out about the billing issue. Our team is reviewing this and will follow up within 24 hours.,,,0,neutral,3,0,api_client,APAC
TCKT_043499,2023-01-02 18:40:52,CUST_08860,enterprise,web_form,mobile_app,security_concern,high,open,gold,We need details about your data encryption and compliance.,We take security very seriously. We are prioritizing this and will update you as soon as possible.,,,0,negative,2,0,desktop_app,LATAM
TCKT_043508,2023-01-27 05:18:34,CUST_09181,enterprise,web_form,data_export,bug,high,open,standard,The data export feature is not saving my changes.,Thanks for reporting this bug. We are prioritizing this and will update you as soon as possible.,,,0,neutral,0,0,web,MEA
TCKT_043563,2023-01-17 03:21:52,CUST_06683,non_profit,email,analytics_dashboard,security_concern,high,on_hold,standard,There seems to be a vulnerability in the analytics dashboard functionality.,We take security very seriously. We are prioritizing this and will update you as soon as possible.,,,0,neutral,0,1,web,MEA
TCKT_043605,2023-01-20 05:49:40,CUST_08565,enterprise,chat,billing,bug,medium,resolved,gold,I am seeing an error message when I click on billing.,Thanks for reporting this bug. Our team is reviewing this and will follow up within 24 hours.,Patched the bug and deployed a fix to production.,28.47,0,positive,5,0,web,
TCKT_043626,2023-01-04 13:46:10,CUST_06901,small_business,web_form,analytics_dashboard,billing_problem,high,resolved,platinum,I downgraded my plan but I am still being billed for the higher tier.,Thanks for reaching out about the billing issue. We are prioritizing this and will update you as soon as possible.,Adjusted the invoice and issued a refund where applicable.,12.11,0,very_negative,0,0,android,EU
TCKT_043700,2023-01-29 01:10:38,CUST_03469,individual,chat,analytics_dashboard,other,medium,resolved,gold,I need help but I'm not sure which category this fits in.,Thanks for contacting support. Our team is reviewing this and will follow up within 24 hours.,Provided general guidance and confirmed the issue was resolved.,13.31,0,neutral,3,0,ios,LATAM
TCKT_043773,2023-01-29 00:52:36,CUST_03471,small_business,email,data_export,security_concern,medium,resolved,platinum,We need details about your data encryption and compliance.,We take security very seriously. Our team is reviewing this and will follow up within 24 hours.,"Investigated logs, mitigated the issue, and updated security settings.",8.23,0,negative,2,0,api_client,APAC
TCKT_043838,2023-01-24 12:59:18,CUST_00786,non_profit,web_form,api_integration,other,low,resolved,platinum,I have a general question about my account.,Thanks for contacting support. We will look into this and get back to you within the next 48 hours.,Provided general guidance and confirmed the issue was resolved.,42.73,0,negative,0,0,desktop_app,EU
TCKT_043945,2023-01-08 17:45:17,CUST_03421,enterprise,web_form,login_auth,security_concern,low,resolved,standard,We need details about your data encryption and compliance.,We take security very seriously. We will look into this and get back to you within the next 48 hours.,"Investigated logs, mitigated the issue, and updated security settings.",22.86,0,negative,2,0,web,
TCKT_043948,2023-01-23 23:00:56,CUST_08404,education,email,api_integration,performance,high,resolved,standard,The api integration page is very slow and takes a long time to load.,We understand performance issues can be frustrating. We are prioritizing this and will update you as soon as possible.,Optimized queries and increased resource allocation.,13.47,0,negative,2,0,api_client,APAC
TCKT_043954,2023-01-24 13:28:53,CUST_01545,small_business,chat,mobile_app,account_access,low,in_progress,standard,My account was locked after multiple failed login attempts.,Sorry to hear you're having trouble accessing your account. We will look into this and get back to you within the next 48 hours.,,,0,negative,3,0,android,EU
TCKT_043961,2023-01-20 15:48:34,CUST_03704,enterprise,email,mobile_app,billing_problem,high,resolved,gold,I was charged twice for my subscription this month.,Thanks for reaching out about the billing issue. We are prioritizing this and will update you as soon as possible.,Adjusted the invoice and issued a refund where applicable.,20.01,0,neutral,3,0,web,
TCKT_043995,2023-01-27 13:38:20,CUST_05210,small_business,phone_transcript,analytics_dashboard,security_concern,medium,resolved,standard,There seems to be a vulnerability in the analytics dashboard functionality.,We take security very seriously. Our team is reviewing this and will follow up within 24 hours.,"Investigated logs, mitigated the issue, and updated security settings.",44.52,0,very_negative,2,0,android,
TCKT_044154,2023-01-15 03:23:15,CUST_09649,education,phone_transcript,billing,bug,medium,resolved,standard,The page keeps crashing whenever I try to open the billing section.,Thanks for reporting this bug. Our team is reviewing this and will follow up within 24 hours.,Patched the bug and deployed a fix to production.,9.29,0,very_negative,2,0,ios,APAC
TCKT_044157,2023-01-16 20:28:24,CUST_05811,small_business,phone_transcript,billing,account_access,medium,in_progress,standard,My account was locked after multiple failed login attempts.,Sorry to hear you're having trouble accessing your account. Our team is reviewing this and will follow up within 24 hours.,,,0,very_negative,2,0,android,LATAM
TCKT_044158,2023-01-17 05:28:15,CUST_04820,small_business,web_form,data_export,how_to,medium,open,gold,How can I export my data from the data export section?,Happy to help with your question. Our team is reviewing this and will follow up within 24 hours.,,,0,neutral,3,0,desktop_app,LATAM
TCKT_044216,2023-01-20 19:39:38,CUST_00890,small_business,email,api_integration,billing_problem,medium,closed_no_action,standard,I downgraded my plan but I am still being billed for the higher tier.,Thanks for reaching out about the billing issue. Our team is reviewing this and will follow up within 24 hours.,Ticket closed without further action after no response from the customer.,101.19,0,very_negative,2,1,web,APAC
TCKT_044271,2023-01-01 01:15:03,CUST_04780,individual,phone_transcript,analytics_dashboard,account_access,high,in_progress,standard,My 2FA code is not working when I try to sign in.,Sorry to hear you're having trouble accessing your account. We are prioritizing this and will update you as soon as possible.,,,0,very_negative,2,0,web,LATAM
TCKT_044359,2023-01-19 21:13:24,CUST_07666,small_business,phone_transcript,billing,security_concern,low,closed_no_action,standard,I noticed a suspicious login on my account.,We take security very seriously. We will look into this and get back to you within the next 48 hours.,Ticket closed without further action after no response from the customer.,225.56,0,negative,0,0,ios,MEA
TCKT_044368,2023-01-12 04:25:51,CUST_04641,non_profit,in_app,billing,security_concern,low,resolved,gold,I noticed a suspicious login on my account.,We take security very seriously. We will look into this and get back to you within the next 48 hours.,"Investigated logs, mitigated the issue, and updated security settings.",50.21,0,neutral,4,1,ios,
TCKT_044380,2023-01-05 11:11:08,CUST_03729,education,phone_transcript,login_auth,feature_request,medium,resolved,standard,It would be great to have login auth support in your product.,Thanks for your feature suggestion. Our team is reviewing this and will follow up within 24 hours.,Captured the request and added it to the product backlog.,23.31,0,neutral,0,0,desktop_app,EU
TCKT_044395,2023-01-07 19:03:45,CUST_09462,non_profit,web_form,mobile_app,other,medium,in_progress,standard,I need help but I'm not sure which category this fits in.,Thanks for contacting support. Our team is reviewing this and will follow up within 24 hours.,,,0,negative,3,0,android,APAC
TCKT_044475,2023-01-13 22:30:17,CUST_03312,education,in_app,analytics_dashboard,how_to,low,open,standard,Can you explain how to configure analytics dashboard properly?,Happy to help with your question. We will look into this and get back to you within the next 48 hours.,,,0,neutral,4,0,ios,EU
TCKT_044565,2023-01-30 18:51:00,CUST_04426,non_profit,chat,billing,bug,low,resolved,standard,The page keeps crashing whenever I try to open the billing section.,Thanks for reporting this bug. We will look into this and get back to you within the next 48 hours.,Patched the bug and deployed a fix to production.,17.08,0,very_positive,5,1,desktop_app,EU
TCKT_044595,2023-01-11 16:04:44,CUST_07246,individual,email,notifications,other,medium,resolved,standard,"Something seems off, can you please check my workspace?",Thanks for contacting support. Our team is reviewing this and will follow up within 24 hours.,Provided general guidance and confirmed the issue was resolved.,10.94,0,neutral,0,0,web,APAC
TCKT_044697,2023-01-27 13:25:20,CUST_06501,small_business,in_app,data_export,security_concern,medium,resolved,standard,We need details about your data encryption and compliance.,We take security very seriously. Our team is reviewing this and will follow up within 24 hours.,"Investigated logs, mitigated the issue, and updated security settings.",13.42,0,positive,0,0,android,
TCKT_044756,2023-01-23 09:58:24,CUST_01792,non_profit,phone_transcript,mobile_app,security_concern,low,resolved,standard,There seems to be a vulnerability in the mobile app functionality.,We take security very seriously. We will look into this and get back to you within the next 48 hours.,"Investigated logs, mitigated the issue, and updated security settings.",43.59,0,very_positive,0,0,android,EU
TCKT_044770,2023-01-16 12:36:38,CUST_00825,education,chat,mobile_app,account_access,medium,on_hold,standard,My account was locked after multiple failed login attempts.,Sorry to hear you're having trouble accessing your account. Our team is reviewing this and will follow up within 24 hours.,,,1,negative,3,0,android,
TCKT_044788,2023-01-07 14:41:53,CUST_01363,individual,phone_transcript,billing,other,medium,resolved,standard,"Something seems off, can you please check my workspace?",Thanks for contacting support. Our team is reviewing this and will follow up within 24 hours.,Provided general guidance and confirmed the issue was resolved.,5.67,0,negative,3,0,android,MEA
TCKT_044793,2023-01-28 16:58:06,CUST_07393,individual,email,analytics_dashboard,bug,low,open,standard,The page keeps crashing whenever I try to open the analytics dashboard section.,Thanks for reporting this bug. We will look into this and get back to you within the next 48 hours.,,,0,neutral,0,0,api_client,EU
TCKT_044818,2023-01-18 02:28:42,CUST_02194,education,phone_transcript,billing,feature_request,medium,resolved,standard,Our team needs more advanced options for billing.,Thanks for your feature suggestion. Our team is reviewing this and will follow up within 24 hours.,Captured the request and added it to the product backlog.,36.95,0,neutral,3,0,web,LATAM
TCKT_044829,2023-01-30 11:07:44,CUST_06001,enterprise,email,login_auth,performance,low,on_hold,gold,The login auth page is very slow and takes a long time to load.,We understand performance issues can be frustrating. We will look into this and get back to you within the next 48 hours.,,,0,negative,0,1,desktop_app,LATAM
TCKT_044883,2023-01-03 07:54:22,CUST_09972,individual,email,data_export,account_access,high,resolved,platinum,My account was locked after multiple failed login attempts.,Sorry to hear you're having trouble accessing your account. We are prioritizing this and will update you as soon as possible.,Reset account credentials and confirmed successful login.,2.84,0,neutral,0,0,api_client,LATAM
TCKT_044930,2023-01-07 16:58:50,CUST_05073,enterprise,chat,api_integration,bug,medium,resolved,standard,I am seeing an error message when I click on api integration.,Thanks for reporting this bug. Our team is reviewing this and will follow up within 24 hours.,Patched the bug and deployed a fix to production.,9.11,0,neutral,3,0,web,
TCKT_044972,2023-01-01 16:39:51,CUST_04019,small_business,phone_transcript,login_auth,feature_request,medium,resolved,standard,It would be great to have login auth support in your product.,Thanks for your feature suggestion. Our team is reviewing this and will follow up within 24 hours.,Captured the request and added it to the product backlog.,15.45,0,neutral,4,1,api_client,MEA
TCKT_045025,2023-01-06 01:23:09,CUST_00190,small_business,email,analytics_dashboard,bug,low,resolved,standard,I am seeing an error message when I click on analytics dashboard.,Thanks for reporting this bug. We will look into this and get back to you within the next 48 hours.,Patched the bug and deployed a fix to production.,70.23,1,negative,2,0,ios,EU
TCKT_045197,2023-01-31 07:53:17,CUST_00071,individual,chat,login_auth,security_concern,medium,resolved,standard,I noticed a suspicious login on my account.,We take security very seriously. Our team is reviewing this and will follow up within 24 hours.,"Investigated logs, mitigated the issue, and updated security settings.",24.91,0,very_negative,1,0,android,EU
TCKT_045204,2023-01-11 03:26:16,CUST_09978,enterprise,chat,analytics_dashboard,billing_problem,low,on_hold,standard,My invoice amount is incorrect compared to the plan I selected.,Thanks for reaching out about the billing issue. We will look into this and get back to you within the next 48 hours.,,,0,very_positive,0,1,ios,EU
TCKT_045286,2023-01-21 10:48:10,CUST_05148,individual,web_form,api_integration,security_concern,high,resolved,standard,I noticed a suspicious login on my account.,We take security very seriously. We are prioritizing this and will update you as soon as possible.,"Investigated logs, mitigated the issue, and updated security settings.",19.85,0,neutral,3,1,api_client,MEA
TCKT_045297,2023-01-01 14:12:43,CUST_06733,education,chat,notifications,bug,medium,on_hold,standard,The notifications feature is not saving my changes.,Thanks for reporting this bug. Our team is reviewing this and will follow up within 24 hours.,,,0,positive,5,0,android,
TCKT_045390,2023-01-24 12:49:18,CUST_08559,non_profit,chat,login_auth,account_access,high,on_hold,standard,I cannot log in; the system says my password is incorrect.,Sorry to hear you're having trouble accessing your account. We are prioritizing this and will update you as soon as possible.,,,0,neutral,4,0,ios,APAC
TCKT_045434,2023-01-15 12:22:53,CUST_08036,education,web_form,login_auth,billing_problem,medium,resolved,standard,I was charged twice for my subscription this month.,Thanks for reaching out about the billing issue. Our team is reviewing this and will follow up within 24 hours.,Adjusted the invoice and issued a refund where applicable.,5.22,0,negative,3,0,android,APAC
TCKT_045437,2023-01-10 02:48:44,CUST_07854,non_profit,phone_transcript,data_export,bug,high,resolved,gold,I am seeing an error message when I click on data export.,Thanks for reporting this bug. We are prioritizing this and will update you as soon as possible.,Patched the bug and deployed a fix to production.,13.12,0,positive,0,0,desktop_app,EU
TCKT_045461,2023-01-22 12:57:34,CUST_04899,education,chat,analytics_dashboard,account_access,low,resolved,standard,My 2FA code is not working when I try to sign in.,Sorry to hear you're having trouble accessing your account. We will look into this and get back to you within the next 48 hours.,Reset account credentials and confirmed successful login.,59.7,0,negative,2,0,ios,MEA
TCKT_045481,2023-01-10 12:00:31,CUST_07628,education,email,analytics_dashboard,account_access,low,closed_no_action,standard,My account was locked after multiple failed login attempts.,Sorry to hear you're having trouble accessing your account. We will look into this and get back to you within the next 48 hours.,Ticket closed without further action after no response from the customer.,163.6,0,very_negative,1,0,desktop_app,EU
TCKT_045500,2023-01-30 18:13:29,CUST_02937,non_profit,email,analytics_dashboard,other,low,resolved,gold,"Something seems off, can you please check my workspace?",Thanks for contacting support. We will look into this and get back to you within the next 48 hours.,Provided general guidance and confirmed the issue was resolved.,39.64,0,positive,0,1,android,EU
TCKT_045527,2023-01-19 12:17:52,CUST_05725,small_business,phone_transcript,analytics_dashboard,billing_problem,low,in_progress,standard,I downgraded my plan but I am still being billed for the higher tier.,Thanks for reaching out about the billing issue. We will look into this and get back to you within the next 48 hours.,,,0,very_negative,0,1,web,APAC
TCKT_045534,2023-01-16 21:38:09,CUST_08383,small_business,phone_transcript,notifications,security_concern,low,in_progress,platinum,We need details about your data encryption and compliance.,We take security very seriously. We will look into this and get back to you within the next 48 hours.,,,0,neutral,3,0,api_client,MEA
TCKT_045679,2023-01-09 17:38:05,CUST_02938,education,email,data_export,how_to,low,resolved,standard,How can I export my data from the data export section?,Happy to help with your question. We will look into this and get back to you within the next 48 hours.,Provided step-by-step instructions and relevant documentation.,68.47,0,neutral,0,0,api_client,MEA
TCKT_045709,2023-01-04 05:46:41,CUST_00545,small_business,web_form,billing,security_concern,medium,resolved,standard,I noticed a suspicious login on my account.,We take security very seriously. Our team is reviewing this and will follow up within 24 hours.,"Investigated logs, mitigated the issue, and updated security settings.",18.12,1,very_positive,5,1,ios,MEA
TCKT_045723,2023-01-24 22:45:16,CUST_04922,education,web_form,notifications,other,medium,resolved,standard,"Something seems off, can you please check my workspace?",Thanks for contacting support. Our team is reviewing this and will follow up within 24 hours.,Provided general guidance and confirmed the issue was resolved.,19.08,0,very_negative,2,0,api_client,MEA
TCKT_045799,2023-01-09 07:33:06,CUST_01754,individual,web_form,billing,how_to,medium,closed_no_action,standard,How can I export my data from the billing section?,Happy to help with your question. Our team is reviewing this and will follow up within 24 hours.,Ticket closed without further action after no response from the customer.,127.53,0,negative,2,1,desktop_app,LATAM
TCKT_045896,2023-01-28 07:41:28,CUST_02932,small_business,email,notifications,billing_problem,medium,resolved,platinum,My invoice amount is incorrect compared to the plan I selected.,Thanks for reaching out about the billing issue. Our team is reviewing this and will follow up within 24 hours.,Adjusted the invoice and issued a refund where applicable.,20.03,0,negative,0,0,ios,LATAM
TCKT_045984,2023-01-19 18:54:33,CUST_01416,individual,web_form,login_auth,performance,low,resolved,gold,Queries in the login auth module are timing out.,We understand performance issues can be frustrating. We will look into this and get back to you within the next 48 hours.,Optimized queries and increased resource allocation.,51.66,0,neutral,0,0,ios,EU
TCKT_045987,2023-01-24 04:38:28,CUST_04853,education,web_form,billing,billing_problem,high,resolved,standard,My invoice amount is incorrect compared to the plan I selected.,Thanks for reaching out about the billing issue. We are prioritizing this and will update you as soon as possible.,Adjusted the invoice and issued a refund where applicable.,2.7,0,negative,0,0,web,
TCKT_045988,2023-01-02 01:57:23,CUST_07397,individual,chat,login_auth,account_access,high,resolved,gold,My account was locked after multiple failed login attempts.,Sorry to hear you're having trouble accessing your account. We are prioritizing this and will update you as soon as possible.,Reset account credentials and confirmed successful login.,5.74,0,neutral,4,1,web,EU
TCKT_046022,2023-01-14 19:12:22,CUST_04094,enterprise,web_form,analytics_dashboard,account_access,medium,in_progress,gold,I cannot log in; the system says my password is incorrect.,Sorry to hear you're having trouble accessing your account. Our team is reviewing this and will follow up within 24 hours.,,,0,neutral,3,1,api_client,MEA
TCKT_046165,2023-01-02 20:50:33,CUST_08475,individual,in_app,api_integration,account_access,low,open,gold,My 2FA code is not working when I try to sign in.,Sorry to hear you're having trouble accessing your account. We will look into this and get back to you within the next 48 hours.,,,0,very_negative,2,0,web,EU
TCKT_046249,2023-01-30 19:42:26,CUST_06786,non_profit,web_form,api_integration,bug,medium,in_progress,standard,I am seeing an error message when I click on api integration.,Thanks for reporting this bug. Our team is reviewing this and will follow up within 24 hours.,,,0,neutral,0,0,desktop_app,LATAM
TCKT_046331,2023-01-16 12:36:00,CUST_02512,non_profit,chat,data_export,bug,medium,resolved,standard,The page keeps crashing whenever I try to open the data export section.,Thanks for reporting this bug. Our team is reviewing this and will follow up within 24 hours.,Patched the bug and deployed a fix to production.,44.87,0,neutral,3,1,desktop_app,LATAM
TCKT_046348,2023-01-30 04:50:09,CUST_05202,individual,phone_transcript,analytics_dashboard,other,high,resolved,standard,"Something seems off, can you please check my workspace?",Thanks for contacting support. We are prioritizing this and will update you as soon as possible.,Provided general guidance and confirmed the issue was resolved.,15.53,0,very_positive,0,0,desktop_app,MEA
TCKT_046506,2023-01-14 19:01:10,CUST_00816,individual,chat,api_integration,account_access,low,resolved,standard,I cannot log in; the system says my password is incorrect.,Sorry to hear you're having trouble accessing your account. We will look into this and get back to you within the next 48 hours.,Reset account credentials and confirmed successful login.,53.28,0,very_negative,0,0,web,EU
TCKT_046508,2023-01-19 11:33:19,CUST_07589,individual,web_form,mobile_app,security_concern,medium,resolved,platinum,I noticed a suspicious login on my account.,We take security very seriously. Our team is reviewing this and will follow up within 24 hours.,"Investigated logs, mitigated the issue, and updated security settings.",33.35,0,negative,3,0,api_client,EU
TCKT_046540,2023-01-17 07:54:34,CUST_01595,non_profit,phone_transcript,billing,how_to,low,open,platinum,Can you explain how to configure billing properly?,Happy to help with your question. We will look into this and get back to you within the next 48 hours.,,,0,neutral,3,1,api_client,LATAM
TCKT_046571,2023-01-25 10:15:20,CUST_04139,enterprise,phone_transcript,login_auth,performance,medium,on_hold,platinum,The login auth page is very slow and takes a long time to load.,We understand performance issues can be frustrating. Our team is reviewing this and will follow up within 24 hours.,,,0,very_negative,2,1,api_client,MEA
TCKT_046576,2023-01-29 15:46:29,CUST_09495,small_business,phone_transcript,notifications,bug,low,in_progress,platinum,The page keeps crashing whenever I try to open the notifications section.,Thanks for reporting this bug. We will look into this and get back to you within the next 48 hours.,,,0,negative,2,0,web,LATAM
TCKT_046624,2023-01-03 00:09:15,CUST_02627,individual,chat,api_integration,feature_request,low,resolved,standard,It would be great to have api integration support in your product.,Thanks for your feature suggestion. We will look into this and get back to you within the next 48 hours.,Captured the request and added it to the product backlog.,42.99,0,very_positive,5,0,api_client,LATAM
TCKT_046658,2023-01-25 07:49:03,CUST_03873,small_business,in_app,login_auth,security_concern,high,in_progress,standard,There seems to be a vulnerability in the login auth functionality.,We take security very seriously. We are prioritizing this and will update you as soon as possible.,,,0,very_negative,0,0,ios,LATAM
TCKT_046691,2023-01-16 08:51:01,CUST_06822,enterprise,chat,data_export,bug,medium,resolved,platinum,The data export feature is not saving my changes.,Thanks for reporting this bug. Our team is reviewing this and will follow up within 24 hours.,Patched the bug and deployed a fix to production.,27.38,0,very_positive,5,1,ios,LATAM
TCKT_046740,2023-01-04 04:49:32,CUST_00744,enterprise,phone_transcript,analytics_dashboard,performance,low,resolved,standard,Queries in the analytics dashboard module are timing out.,We understand performance issues can be frustrating. We will look into this and get back to you within the next 48 hours.,Optimized queries and increased resource allocation.,28.74,0,negative,0,0,desktop_app,
TCKT_046763,2023-01-25 02:43:00,CUST_00218,non_profit,chat,notifications,performance,low,closed_no_action,standard,The notifications page is very slow and takes a long time to load.,We understand performance issues can be frustrating. We will look into this and get back to you within the next 48 hours.,Ticket closed without further action after no response from the customer.,137.6,0,very_negative,1,0,android,LATAM
TCKT_046770,2023-01-10 01:29:12,CUST_03665,education,chat,notifications,feature_request,medium,resolved,standard,Our team needs more advanced options for notifications.,Thanks for your feature suggestion. Our team is reviewing this and will follow up within 24 hours.,Captured the request and added it to the product backlog.,23.56,0,very_negative,1,0,ios,EU
TCKT_046782,2023-01-02 23:29:08,CUST_08665,enterprise,chat,api_integration,performance,low,open,standard,The api integration page is very slow and takes a long time to load.,We understand performance issues can be frustrating. We will look into this and get back to you within the next 48 hours.,,,0,neutral,4,1,desktop_app,
TCKT_046799,2023-01-20 00:13:14,CUST_03074,education,web_form,login_auth,other,medium,on_hold,standard,I have a general question about my account.,Thanks for contacting support. Our team is reviewing this and will follow up within 24 hours.,,,0,neutral,3,0,web,APAC
TCKT_046922,2023-01-14 23:18:46,CUST_09740,enterprise,chat,billing,billing_problem,low,resolved,gold,My invoice amount is incorrect compared to the plan I selected.,Thanks for reaching out about the billing issue. We will look into this and get back to you within the next 48 hours.,Adjusted the invoice and issued a refund where applicable.,28.47,0,very_negative,0,0,ios,
TCKT_046941,2023-01-11 04:29:19,CUST_02740,education,chat,login_auth,account_access,low,resolved,standard,My account was locked after multiple failed login attempts.,Sorry to hear you're having trouble accessing your account. We will look into this and get back to you within the next 48 hours.,Reset account credentials and confirmed successful login.,63.2,0,negative,2,0,desktop_app,APAC
TCKT_046960,2023-01-16 01:56:01,CUST_03312,individual,chat,analytics_dashboard,security_concern,high,resolved,standard,There seems to be a vulnerability in the analytics dashboard functionality.,We take security very seriously. We are prioritizing this and will update you as soon as possible.,"Investigated logs, mitigated the issue, and updated security settings.",3.2,0,negative,3,0,ios,APAC
TCKT_047018,2023-01-04 01:37:10,CUST_04341,individual,phone_transcript,data_export,security_concern,low,on_hold,standard,I noticed a suspicious login on my account.,We take security very seriously. We will look into this and get back to you within the next 48 hours.,,,0,neutral,0,0,web,LATAM
TCKT_047164,2023-01-16 02:29:08,CUST_08133,non_profit,phone_transcript,billing,security_concern,low,resolved,gold,I noticed a suspicious login on my account.,We take security very seriously. We will look into this and get back to you within the next 48 hours.,"Investigated logs, mitigated the issue, and updated security settings.",61.47,1,very_negative,1,0,desktop_app,APAC
TCKT_047173,2023-01-15 07:41:01,CUST_04072,non_profit,email,api_integration,bug,low,in_progress,standard,The page keeps crashing whenever I try to open the api integration section.,Thanks for reporting this bug. We will look into this and get back to you within the next 48 hours.,,,0,neutral,4,0,desktop_app,MEA
TCKT_047222,2023-01-20 20:29:41,CUST_03765,non_profit,phone_transcript,analytics_dashboard,bug,high,in_progress,standard,The analytics dashboard feature is not saving my changes.,Thanks for reporting this bug. We are prioritizing this and will update you as soon as possible.,,,0,neutral,4,0,android,MEA
TCKT_047242,2023-01-01 20:38:58,CUST_03421,small_business,web_form,billing,how_to,medium,resolved,platinum,I need help setting up billing for my team.,Happy to help with your question. Our team is reviewing this and will follow up within 24 hours.,Provided step-by-step instructions and relevant documentation.,42.09,0,very_positive,5,1,api_client,APAC
TCKT_047370,2023-01-03 18:24:25,CUST_00696,education,in_app,login_auth,security_concern,high,resolved,standard,We need details about your data encryption and compliance.,We take security very seriously. We are prioritizing this and will update you as soon as possible.,"Investigated logs, mitigated the issue, and updated security settings.",19.43,0,neutral,4,0,android,LATAM
TCKT_047412,2023-01-12 19:49:57,CUST_09743,education,chat,data_export,bug,medium,resolved,standard,The page keeps crashing whenever I try to open the data export section.,Thanks for reporting this bug. Our team is reviewing this and will follow up within 24 hours.,Patched the bug and deployed a fix to production.,5.36,0,negative,2,0,ios,
TCKT_047442,2023-01-15 20:27:40,CUST_03076,enterprise,in_app,mobile_app,bug,low,closed_no_action,gold,I am seeing an error message when I click on mobile app.,Thanks for reporting this bug. We will look into this and get back to you within the next 48 hours.,Ticket closed without further action after no response from the customer.,85.14,0,neutral,3,0,web,EU
TCKT_047483,2023-01-31 09:29:15,CUST_00442,non_profit,web_form,data_export,performance,low,resolved,platinum,Queries in the data export module are timing out.,We understand performance issues can be frustrating. We will look into this and get back to you within the next 48 hours.,Optimized queries and increased resource allocation.,48.58,0,negative,0,0,desktop_app,EU
TCKT_047500,2023-01-04 03:27:34,CUST_07177,education,in_app,data_export,security_concern,high,on_hold,standard,I noticed a suspicious login on my account.,We take security very seriously. We are prioritizing this and will update you as soon as possible.,,,0,neutral,0,1,ios,MEA
TCKT_047531,2023-01-09 22:18:57,CUST_06344,individual,phone_transcript,analytics_dashboard,how_to,medium,resolved,standard,How can I export my data from the analytics dashboard section?,Happy to help with your question. Our team is reviewing this and will follow up within 24 hours.,Provided step-by-step instructions and relevant documentation.,29.08,0,positive,4,0,web,LATAM
TCKT_047543,2023-01-24 12:15:43,CUST_04130,enterprise,in_app,notifications,account_access,low,resolved,gold,My account was locked after multiple failed login attempts.,Sorry to hear you're having trouble accessing your account. We will look into this and get back to you within the next 48 hours.,Reset account credentials and confirmed successful login.,28.42,0,neutral,4,0,android,APAC
TCKT_047557,2023-01-24 22:31:41,CUST_04478,education,in_app,api_integration,security_concern,medium,open,gold,There seems to be a vulnerability in the api integration functionality.,We take security very seriously. Our team is reviewing this and will follow up within 24 hours.,,,0,negative,0,0,web,
TCKT_047570,2023-01-29 22:37:21,CUST_09737,education,chat,mobile_app,bug,medium,in_progress,platinum,The mobile app feature is not saving my changes.,Thanks for reporting this bug. Our team is reviewing this and will follow up within 24 hours.,,,0,neutral,3,0,api_client,EU
TCKT_047580,2023-01-13 06:56:37,CUST_04793,enterprise,chat,analytics_dashboard,account_access,medium,resolved,gold,My account was locked after multiple failed login attempts.,Sorry to hear you're having trouble accessing your account. Our team is reviewing this and will follow up within 24 hours.,Reset account credentials and confirmed successful login.,29.47,0,negative,2,0,desktop_app,MEA
TCKT_047598,2023-01-20 20:16:33,CUST_01098,enterprise,chat,billing,bug,low,resolved,standard,The billing feature is not saving my changes.,Thanks for reporting this bug. We will look into this and get back to you within the next 48 hours.,Patched the bug and deployed a fix to production.,71.04,0,neutral,3,0,web,MEA
TCKT_047795,2023-01-01 15:56:10,CUST_06028,education,web_form,mobile_app,account_access,high,in_progress,standard,I cannot log in; the system says my password is incorrect.,Sorry to hear you're having trouble accessing your account. We are prioritizing this and will update you as soon as possible.,,,0,negative,2,1,ios,MEA
TCKT_047853,2023-01-20 18:11:02,CUST_02228,individual,phone_transcript,notifications,bug,medium,resolved,standard,The page keeps crashing whenever I try to open the notifications section.,Thanks for reporting this bug. Our team is reviewing this and will follow up within 24 hours.,Patched the bug and deployed a fix to production.,44.94,0,neutral,3,0,desktop_app,MEA
TCKT_047897,2023-01-15 21:58:48,CUST_06072,enterprise,email,login_auth,security_concern,low,on_hold,gold,There seems to be a vulnerability in the login auth functionality.,We take security very seriously. We will look into this and get back to you within the next 48 hours.,,,0,neutral,0,0,web,MEA
TCKT_048029,2023-01-26 14:40:07,CUST_05612,small_business,email,mobile_app,security_concern,medium,resolved,standard,We need details about your data encryption and compliance.,We take security very seriously. Our team is reviewing this and will follow up within 24 hours.,"Investigated logs, mitigated the issue, and updated security settings.",10.98,0,very_negative,1,0,android,EU
TCKT_048037,2023-01-24 18:49:28,CUST_06779,enterprise,email,api_integration,performance,low,in_progress,gold,The api integration page is very slow and takes a long time to load.,We understand performance issues can be frustrating. We will look into this and get back to you within the next 48 hours.,,,0,neutral,4,0,ios,EU
TCKT_048077,2023-01-01 04:44:19,CUST_08585,individual,phone_transcript,analytics_dashboard,other,medium,on_hold,platinum,I have a general question about my account.,Thanks for contacting support. Our team is reviewing this and will follow up within 24 hours.,,,0,very_positive,5,1,desktop_app,
TCKT_048174,2023-01-14 15:52:26,CUST_04389,enterprise,phone_transcript,notifications,other,low,in_progress,gold,"Something seems off, can you please check my workspace?",Thanks for contacting support. We will look into this and get back to you within the next 48 hours.,,,1,very_negative,0,0,web,LATAM
TCKT_048198,2023-01-11 16:09:37,CUST_02345,non_profit,phone_transcript,analytics_dashboard,security_concern,medium,in_progress,standard,I noticed a suspicious login on my account.,We take security very seriously. Our team is reviewing this and will follow up within 24 hours.,,,0,very_negative,2,0,web,LATAM
TCKT_048271,2023-01-16 22:43:04,CUST_05453,enterprise,email,login_auth,how_to,medium,closed_no_action,standard,I need help setting up login auth for my team.,Happy to help with your question. Our team is reviewing this and will follow up within 24 hours.,Ticket closed without further action after no response from the customer.,176.88,0,neutral,4,1,api_client,APAC
TCKT_048392,2023-01-05 21:28:03,CUST_01771,enterprise,chat,billing,other,medium,in_progress,platinum,"Something seems off, can you please check my workspace?",Thanks for contacting support. Our team is reviewing this and will follow up within 24 hours.,,,0,negative,0,1,ios,LATAM
TCKT_048449,2023-01-28 21:41:08,CUST_03644,non_profit,in_app,mobile_app,account_access,low,closed_no_action,platinum,My account was locked after multiple failed login attempts.,Sorry to hear you're having trouble accessing your account. We will look into this and get back to you within the next 48 hours.,Ticket closed without further action after no response from the customer.,114.15,0,neutral,0,1,desktop_app,LATAM
TCKT_048461,2023-01-21 14:00:14,CUST_02960,education,chat,billing,bug,high,in_progress,standard,The billing feature is not saving my changes.,Thanks for reporting this bug. We are prioritizing this and will update you as soon as possible.,,,0,positive,0,1,api_client,EU
TCKT_048537,2023-01-22 23:04:34,CUST_01642,non_profit,in_app,login_auth,account_access,low,resolved,gold,I cannot log in; the system says my password is incorrect.,Sorry to hear you're having trouble accessing your account. We will look into this and get back to you within the next 48 hours.,Reset account credentials and confirmed successful login.,30.37,0,neutral,0,0,android,MEA
TCKT_048648,2023-01-29 08:35:07,CUST_02413,small_business,in_app,api_integration,other,low,resolved,standard,I need help but I'm not sure which category this fits in.,Thanks for contacting support. We will look into this and get back to you within the next 48 hours.,Provided general guidance and confirmed the issue was resolved.,45.43,0,neutral,0,1,api_client,APAC
TCKT_048760,2023-01-28 07:02:34,CUST_07260,enterprise,web_form,billing,how_to,low,closed_no_action,gold,How can I export my data from the billing section?,Happy to help with your question. We will look into this and get back to you within the next 48 hours.,Ticket closed without further action after no response from the customer.,142.62,0,neutral,3,0,desktop_app,EU
TCKT_048865,2023-01-17 20:59:06,CUST_09959,enterprise,phone_transcript,api_integration,security_concern,medium,resolved,standard,I noticed a suspicious login on my account.,We take security very seriously. Our team is reviewing this and will follow up within 24 hours.,"Investigated logs, mitigated the issue, and updated security settings.",30.46,0,very_negative,2,1,desktop_app,APAC
TCKT_048876,2023-01-08 18:40:49,CUST_06941,non_profit,phone_transcript,analytics_dashboard,other,medium,in_progress,standard,I need help but I'm not sure which category this fits in.,Thanks for contacting support. Our team is reviewing this and will follow up within 24 hours.,,,0,very_negative,2,0,android,
TCKT_048928,2023-01-08 18:15:41,CUST_01932,non_profit,phone_transcript,billing,security_concern,low,in_progress,standard,I noticed a suspicious login on my account.,We take security very seriously. We will look into this and get back to you within the next 48 hours.,,,0,negative,2,1,web,MEA
TCKT_049036,2023-01-29 00:52:09,CUST_08742,non_profit,phone_transcript,api_integration,billing_problem,low,resolved,gold,My invoice amount is incorrect compared to the plan I selected.,Thanks for reaching out about the billing issue. We will look into this and get back to you within the next 48 hours.,Adjusted the invoice and issued a refund where applicable.,46.28,0,negative,3,0,desktop_app,APAC
TCKT_049061,2023-01-13 08:31:28,CUST_03516,small_business,web_form,api_integration,billing_problem,medium,open,standard,I was charged twice for my subscription this month.,Thanks for reaching out about the billing issue. Our team is reviewing this and will follow up within 24 hours.,,,0,very_negative,0,0,api_client,LATAM
TCKT_049073,2023-01-17 00:37:52,CUST_01797,small_business,web_form,data_export,billing_problem,high,closed_no_action,standard,I downgraded my plan but I am still being billed for the higher tier.,Thanks for reaching out about the billing issue. We are prioritizing this and will update you as soon as possible.,Ticket closed without further action after no response from the customer.,86.98,1,neutral,4,0,api_client,
TCKT_049095,2023-01-19 14:21:13,CUST_00283,education,email,data_export,feature_request,low,in_progress,standard,Can you add an option to customize data export?,Thanks for your feature suggestion. We will look into this and get back to you within the next 48 hours.,,,0,negative,2,0,web,MEA
TCKT_049145,2023-01-24 08:16:30,CUST_05964,education,web_form,login_auth,security_concern,high,in_progress,standard,There seems to be a vulnerability in the login auth functionality.,We take security very seriously. We are prioritizing this and will update you as soon as possible.,,,1,very_negative,2,0,android,LATAM
TCKT_049148,2023-01-23 03:33:39,CUST_02222,non_profit,web_form,analytics_dashboard,bug,urgent,resolved,gold,I am seeing an error message when I click on analytics dashboard.,Thanks for reporting this bug. This has been escalated to our on-call team for immediate attention.,Patched the bug and deployed a fix to production.,6.24,0,very_negative,1,0,android,APAC
TCKT_049178,2023-01-15 16:26:12,CUST_03135,small_business,email,login_auth,feature_request,high,closed_no_action,platinum,Our team needs more advanced options for login auth.,Thanks for your feature suggestion. We are prioritizing this and will update you as soon as possible.,Ticket closed without further action after no response from the customer.,103.0,0,neutral,3,0,api_client,EU
TCKT_049205,2023-01-24 13:36:54,CUST_06540,education,in_app,login_auth,other,low,resolved,gold,I have a general question about my account.,Thanks for contacting support. We will look into this and get back to you within the next 48 hours.,Provided general guidance and confirmed the issue was resolved.,33.46,0,very_negative,2,0,api_client,MEA
TCKT_049217,2023-01-27 01:48:56,CUST_08744,non_profit,chat,analytics_dashboard,how_to,low,resolved,gold,I need help setting up analytics dashboard for my team.,Happy to help with your question. We will look into this and get back to you within the next 48 hours.,Provided step-by-step instructions and relevant documentation.,57.79,0,positive,4,0,android,APAC
TCKT_049234,2023-01-16 15:10:44,CUST_06887,non_profit,web_form,login_auth,bug,low,open,gold,The page keeps crashing whenever I try to open the login auth section.,Thanks for reporting this bug. We will look into this and get back to you within the next 48 hours.,,,0,neutral,4,0,api_client,MEA
TCKT_049268,2023-01-26 06:07:41,CUST_00330,small_business,chat,data_export,other,medium,resolved,standard,"Something seems off, can you please check my workspace?",Thanks for contacting support. Our team is reviewing this and will follow up within 24 hours.,Provided general guidance and confirmed the issue was resolved.,4.84,0,very_negative,2,1,android,
TCKT_049398,2023-01-23 01:23:21,CUST_07387,education,phone_transcript,mobile_app,account_access,high,resolved,standard,My account was locked after multiple failed login attempts.,Sorry to hear you're having trouble accessing your account. We are prioritizing this and will update you as soon as possible.,Reset account credentials and confirmed successful login.,8.63,0,negative,0,1,android,EU
TCKT_049508,2023-01-08 20:29:27,CUST_05795,individual,phone_transcript,mobile_app,performance,medium,closed_no_action,standard,Queries in the mobile app module are timing out.,We understand performance issues can be frustrating. Our team is reviewing this and will follow up within 24 hours.,Ticket closed without further action after no response from the customer.,211.4,0,very_negative,1,0,android,EU
TCKT_049513,2023-01-30 09:07:35,CUST_06996,individual,email,notifications,security_concern,low,resolved,standard,I noticed a suspicious login on my account.,We take security very seriously. We will look into this and get back to you within the next 48 hours.,"Investigated logs, mitigated the issue, and updated security settings.",71.62,0,negative,2,0,web,MEA
TCKT_049519,2023-01-03 11:31:19,CUST_03191,enterprise,phone_transcript,login_auth,performance,low,resolved,standard,The login auth page is very slow and takes a long time to load.,We understand performance issues can be frustrating. We will look into this and get back to you within the next 48 hours.,Optimized queries and increased resource allocation.,51.6,0,negative,0,1,web,MEA
TCKT_049579,2023-01-25 01:27:33,CUST_02798,education,chat,data_export,other,low,closed_no_action,standard,"Something seems off, can you please check my workspace?",Thanks for contacting support. We will look into this and get back to you within the next 48 hours.,Ticket closed without further action after no response from the customer.,111.71,0,positive,0,0,api_client,LATAM
TCKT_049630,2023-01-05 23:26:14,CUST_07466,non_profit,web_form,data_export,account_access,high,resolved,gold,My account was locked after multiple failed login attempts.,Sorry to hear you're having trouble accessing your account. We are prioritizing this and will update you as soon as possible.,Reset account credentials and confirmed successful login.,2.74,0,negative,3,1,ios,APAC
TCKT_049659,2023-01-25 08:25:29,CUST_01432,education,in_app,analytics_dashboard,performance,medium,resolved,gold,Queries in the analytics dashboard module are timing out.,We understand performance issues can be frustrating. Our team is reviewing this and will follow up within 24 hours.,Optimized queries and increased resource allocation.,8.37,1,neutral,4,0,web,LATAM
TCKT_049669,2023-01-15 04:51:06,CUST_03449,education,web_form,api_integration,security_concern,medium,in_progress,gold,I noticed a suspicious login on my account.,We take security very seriously. Our team is reviewing this and will follow up within 24 hours.,,,0,very_negative,2,0,web,EU
TCKT_049835,2023-01-27 13:00:35,CUST_01861,enterprise,chat,billing,account_access,urgent,resolved,standard,I cannot log in; the system says my password is incorrect.,Sorry to hear you're having trouble accessing your account. This has been escalated to our on-call team for immediate attention.,Reset account credentials and confirmed successful login.,6.62,0,very_negative,1,1,ios,APAC
TCKT_049898,2023-01-03 18:36:40,CUST_03700,non_profit,phone_transcript,api_integration,how_to,medium,resolved,standard,I need help setting up api integration for my team.,Happy to help with your question. Our team is reviewing this and will follow up within 24 hours.,Provided step-by-step instructions and relevant documentation.,37.96,0,very_positive,5,0,api_client,EU
TCKT_049923,2023-01-29 19:22:28,CUST_02587,individual,phone_transcript,billing,how_to,medium,resolved,standard,How can I export my data from the billing section?,Happy to help with your question. Our team is reviewing this and will follow up within 24 hours.,Provided step-by-step instructions and relevant documentation.,8.9,0,positive,4,0,ios,MEA
TCKT_050081,2023-01-14 11:55:09,CUST_09239,education,email,api_integration,other,high,resolved,gold,I need help but I'm not sure which category this fits in.,Thanks for contacting support. We are prioritizing this and will update you as soon as possible.,Provided general guidance and confirmed the issue was resolved.,2.9,0,negative,3,0,ios,APAC
TCKT_050132,2023-01-31 22:35:27,CUST_06931,non_profit,chat,notifications,account_access,urgent,in_progress,platinum,I cannot log in; the system says my password is incorrect.,Sorry to hear you're having trouble accessing your account. This has been escalated to our on-call team for immediate attention.,,,0,negative,2,1,web,
TCKT_050136,2023-01-24 19:12:38,CUST_01010,enterprise,web_form,analytics_dashboard,how_to,urgent,on_hold,standard,I need help setting up analytics dashboard for my team.,Happy to help with your question. This has been escalated to our on-call team for immediate attention.,,,0,neutral,0,0,api_client,MEA
TCKT_050148,2023-01-08 16:42:30,CUST_07159,small_business,in_app,data_export,billing_problem,medium,resolved,platinum,My invoice amount is incorrect compared to the plan I selected.,Thanks for reaching out about the billing issue. Our team is reviewing this and will follow up within 24 hours.,Adjusted the invoice and issued a refund where applicable.,29.23,0,very_negative,0,1,desktop_app,APAC
TCKT_050169,2023-01-12 13:07:51,CUST_05226,enterprise,web_form,login_auth,feature_request,medium,in_progress,gold,Can you add an option to customize login auth?,Thanks for your feature suggestion. Our team is reviewing this and will follow up within 24 hours.,,,0,very_positive,5,0,ios,APAC
TCKT_050188,2023-01-15 11:27:46,CUST_04895,individual,email,billing,how_to,low,resolved,standard,Can you explain how to configure billing properly?,Happy to help with your question. We will look into this and get back to you within the next 48 hours.,Provided step-by-step instructions and relevant documentation.,18.81,0,positive,0,0,web,
TCKT_050194,2023-01-08 20:06:23,CUST_09936,non_profit,email,data_export,account_access,high,in_progress,standard,I cannot log in; the system says my password is incorrect.,Sorry to hear you're having trouble accessing your account. We are prioritizing this and will update you as soon as possible.,,,0,neutral,4,0,android,
TCKT_050207,2023-01-09 14:42:26,CUST_07779,non_profit,email,api_integration,how_to,low,in_progress,standard,Can you explain how to configure api integration properly?,Happy to help with your question. We will look into this and get back to you within the next 48 hours.,,,0,positive,5,0,ios,APAC
TCKT_050223,2023-01-11 11:56:37,CUST_09679,enterprise,in_app,login_auth,feature_request,high,resolved,standard,It would be great to have login auth support in your product.,Thanks for your feature suggestion. We are prioritizing this and will update you as soon as possible.,Captured the request and added it to the product backlog.,1.9,0,neutral,4,0,desktop_app,
TCKT_050266,2023-01-07 09:31:47,CUST_01772,small_business,phone_transcript,api_integration,performance,low,resolved,standard,Queries in the api integration module are timing out.,We understand performance issues can be frustrating. We will look into this and get back to you within the next 48 hours.,Optimized queries and increased resource allocation.,50.97,1,negative,3,0,desktop_app,EU
TCKT_050405,2023-01-18 00:12:49,CUST_00934,enterprise,phone_transcript,billing,bug,high,resolved,gold,The billing feature is not saving my changes.,Thanks for reporting this bug. We are prioritizing this and will update you as soon as possible.,Patched the bug and deployed a fix to production.,6.09,0,very_positive,5,0,web,MEA
TCKT_050429,2023-01-08 17:16:49,CUST_01850,enterprise,in_app,api_integration,account_access,medium,in_progress,standard,I cannot log in; the system says my password is incorrect.,Sorry to hear you're having trouble accessing your account. Our team is reviewing this and will follow up within 24 hours.,,,0,neutral,3,0,api_client,MEA
TCKT_050492,2023-01-17 15:03:34,CUST_02993,non_profit,chat,notifications,performance,low,on_hold,gold,Overall performance has degraded in the last few days.,We understand performance issues can be frustrating. We will look into this and get back to you within the next 48 hours.,,,0,very_negative,2,0,ios,APAC
TCKT_050543,2023-01-06 23:47:34,CUST_04617,education,web_form,billing,account_access,high,resolved,standard,My 2FA code is not working when I try to sign in.,Sorry to hear you're having trouble accessing your account. We are prioritizing this and will update you as soon as possible.,Reset account credentials and confirmed successful login.,17.58,0,neutral,4,0,android,LATAM
TCKT_050549,2023-01-15 08:35:16,CUST_06469,small_business,in_app,api_integration,other,low,resolved,platinum,"Something seems off, can you please check my workspace?",Thanks for contacting support. We will look into this and get back to you within the next 48 hours.,Provided general guidance and confirmed the issue was resolved.,17.58,0,very_positive,5,0,api_client,MEA
TCKT_050556,2023-01-24 05:53:14,CUST_04746,non_profit,in_app,login_auth,bug,medium,closed_no_action,gold,I am seeing an error message when I click on login auth.,Thanks for reporting this bug. Our team is reviewing this and will follow up within 24 hours.,Ticket closed without further action after no response from the customer.,235.14,0,very_positive,5,0,ios,LATAM
TCKT_050590,2023-01-18 19:29:00,CUST_07109,individual,web_form,billing,billing_problem,low,on_hold,standard,I was charged twice for my subscription this month.,Thanks for reaching out about the billing issue. We will look into this and get back to you within the next 48 hours.,,,1,very_positive,5,1,ios,APAC
TCKT_050623,2023-01-23 02:00:45,CUST_06673,non_profit,phone_transcript,analytics_dashboard,account_access,high,resolved,gold,I cannot log in; the system says my password is incorrect.,Sorry to hear you're having trouble accessing your account. We are prioritizing this and will update you as soon as possible.,Reset account credentials and confirmed successful login.,2.11,0,very_negative,2,0,android,MEA
TCKT_050646,2023-01-17 22:47:50,CUST_08269,small_business,in_app,data_export,performance,high,open,gold,Overall performance has degraded in the last few days.,We understand performance issues can be frustrating. We are prioritizing this and will update you as soon as possible.,,,0,positive,0,0,ios,APAC
TCKT_050768,2023-01-21 17:48:02,CUST_07894,education,web_form,notifications,feature_request,high,closed_no_action,platinum,It would be great to have notifications support in your product.,Thanks for your feature suggestion. We are prioritizing this and will update you as soon as possible.,Ticket closed without further action after no response from the customer.,184.8,0,negative,2,1,ios,EU
TCKT_050811,2023-01-12 14:56:18,CUST_04975,small_business,web_form,mobile_app,security_concern,medium,open,gold,We need details about your data encryption and compliance.,We take security very seriously. Our team is reviewing this and will follow up within 24 hours.,,,0,neutral,0,0,desktop_app,MEA
TCKT_050880,2023-01-18 14:35:30,CUST_04593,enterprise,phone_transcript,data_export,feature_request,low,resolved,gold,It would be great to have data export support in your product.,Thanks for your feature suggestion. We will look into this and get back to you within the next 48 hours.,Captured the request and added it to the product backlog.,63.48,1,neutral,0,0,ios,MEA
TCKT_050891,2023-01-24 10:57:53,CUST_03184,individual,chat,notifications,how_to,low,resolved,standard,I need help setting up notifications for my team.,Happy to help with your question. We will look into this and get back to you within the next 48 hours.,Provided step-by-step instructions and relevant documentation.,34.6,1,neutral,3,1,ios,LATAM
TCKT_050909,2023-01-27 08:04:30,CUST_00478,non_profit,chat,billing,security_concern,high,in_progress,standard,We need details about your data encryption and compliance.,We take security very seriously. We are prioritizing this and will update you as soon as possible.,,,0,very_negative,2,0,desktop_app,EU
TCKT_050924,2023-01-14 15:46:52,CUST_09980,enterprise,email,notifications,performance,low,resolved,gold,Queries in the notifications module are timing out.,We understand performance issues can be frustrating. We will look into this and get back to you within the next 48 hours.,Optimized queries and increased resource allocation.,19.67,0,negative,3,0,ios,APAC
TCKT_050955,2023-01-18 14:52:31,CUST_00361,individual,email,data_export,account_access,medium,on_hold,gold,My account was locked after multiple failed login attempts.,Sorry to hear you're having trouble accessing your account. Our team is reviewing this and will follow up within 24 hours.,,,0,negative,0,1,android,
TCKT_051006,2023-01-15 12:58:33,CUST_09200,non_profit,phone_transcript,data_export,security_concern,medium,resolved,standard,We need details about your data encryption and compliance.,We take security very seriously. Our team is reviewing this and will follow up within 24 hours.,"Investigated logs, mitigated the issue, and updated security settings.",25.47,0,negative,3,0,api_client,MEA
TCKT_051097,2023-01-01 22:02:13,CUST_02184,individual,in_app,notifications,account_access,low,resolved,gold,My 2FA code is not working when I try to sign in.,Sorry to hear you're having trouble accessing your account. We will look into this and get back to you within the next 48 hours.,Reset account credentials and confirmed successful login.,34.34,0,very_negative,0,1,api_client,MEA
TCKT_051144,2023-01-16 13:54:53,CUST_01111,enterprise,phone_transcript,analytics_dashboard,billing_problem,high,resolved,standard,I was charged twice for my subscription this month.,Thanks for reaching out about the billing issue. We are prioritizing this and will update you as soon as possible.,Adjusted the invoice and issued a refund where applicable.,15.8,0,neutral,0,1,ios,
TCKT_051322,2023-01-08 09:43:53,CUST_04193,enterprise,web_form,notifications,feature_request,medium,in_progress,standard,It would be great to have notifications support in your product.,Thanks for your feature suggestion. Our team is reviewing this and will follow up within 24 hours.,,,0,negative,2,1,desktop_app,MEA
TCKT_051345,2023-01-27 17:45:25,CUST_01056,individual,email,data_export,performance,low,in_progress,standard,The data export page is very slow and takes a long time to load.,We understand performance issues can be frustrating. We will look into this and get back to you within the next 48 hours.,,,0,positive,4,0,api_client,
TCKT_051349,2023-01-24 22:22:12,CUST_09436,education,in_app,login_auth,billing_problem,low,in_progress,gold,I was charged twice for my subscription this month.,Thanks for reaching out about the billing issue. We will look into this and get back to you within the next 48 hours.,,,0,positive,4,0,ios,EU
TCKT_051358,2023-01-21 13:55:02,CUST_09457,individual,chat,notifications,security_concern,medium,resolved,standard,We need details about your data encryption and compliance.,We take security very seriously. Our team is reviewing this and will follow up within 24 hours.,"Investigated logs, mitigated the issue, and updated security settings.",31.71,0,very_positive,5,0,ios,
TCKT_051543,2023-01-04 19:36:17,CUST_08127,small_business,email,login_auth,how_to,low,in_progress,platinum,How can I export my data from the login auth section?,Happy to help with your question. We will look into this and get back to you within the next 48 hours.,,,0,negative,3,0,web,
TCKT_051544,2023-01-24 04:52:50,CUST_06656,non_profit,web_form,notifications,how_to,medium,resolved,standard,How can I export my data from the notifications section?,Happy to help with your question. Our team is reviewing this and will follow up within 24 hours.,Provided step-by-step instructions and relevant documentation.,7.26,0,neutral,0,1,desktop_app,APAC
TCKT_051551,2023-01-09 23:39:51,CUST_08363,education,in_app,billing,other,medium,resolved,gold,I need help but I'm not sure which category this fits in.,Thanks for contacting support. Our team is reviewing this and will follow up within 24 hours.,Provided general guidance and confirmed the issue was resolved.,34.07,0,very_negative,1,0,api_client,
TCKT_051556,2023-01-14 04:17:44,CUST_07525,small_business,chat,notifications,account_access,low,in_progress,standard,I cannot log in; the system says my password is incorrect.,Sorry to hear you're having trouble accessing your account. We will look into this and get back to you within the next 48 hours.,,,0,neutral,0,1,web,LATAM
TCKT_051567,2023-01-28 12:03:08,CUST_08553,non_profit,chat,data_export,other,low,open,gold,"Something seems off, can you please check my workspace?",Thanks for contacting support. We will look into this and get back to you within the next 48 hours.,,,1,positive,0,0,desktop_app,LATAM
TCKT_051647,2023-01-29 16:10:57,CUST_00706,individual,phone_transcript,api_integration,bug,medium,resolved,standard,The page keeps crashing whenever I try to open the api integration section.,Thanks for reporting this bug. Our team is reviewing this and will follow up within 24 hours.,Patched the bug and deployed a fix to production.,31.24,0,positive,4,0,api_client,EU
TCKT_051699,2023-01-08 01:54:51,CUST_04624,small_business,web_form,notifications,security_concern,low,resolved,standard,We need details about your data encryption and compliance.,We take security very seriously. We will look into this and get back to you within the next 48 hours.,"Investigated logs, mitigated the issue, and updated security settings.",71.29,0,negative,3,0,web,EU
TCKT_051813,2023-01-26 11:33:25,CUST_06293,non_profit,phone_transcript,mobile_app,account_access,low,on_hold,standard,My 2FA code is not working when I try to sign in.,Sorry to hear you're having trouble accessing your account. We will look into this and get back to you within the next 48 hours.,,,0,neutral,0,0,android,EU
TCKT_051834,2023-01-18 23:15:27,CUST_02033,non_profit,email,data_export,bug,low,resolved,standard,The data export feature is not saving my changes.,Thanks for reporting this bug. We will look into this and get back to you within the next 48 hours.,Patched the bug and deployed a fix to production.,35.4,0,negative,0,0,desktop_app,MEA
TCKT_051894,2023-01-23 04:57:30,CUST_02986,individual,in_app,login_auth,feature_request,low,on_hold,standard,Can you add an option to customize login auth?,Thanks for your feature suggestion. We will look into this and get back to you within the next 48 hours.,,,0,negative,2,0,android,APAC
TCKT_051909,2023-01-01 08:50:08,CUST_01232,non_profit,web_form,notifications,how_to,urgent,resolved,standard,I need help setting up notifications for my team.,Happy to help with your question. This has been escalated to our on-call team for immediate attention.,Provided step-by-step instructions and relevant documentation.,3.02,0,neutral,4,0,web,MEA
TCKT_052050,2023-01-01 15:57:57,CUST_09234,education,email,login_auth,account_access,medium,in_progress,standard,I cannot log in; the system says my password is incorrect.,Sorry to hear you're having trouble accessing your account. Our team is reviewing this and will follow up within 24 hours.,,,0,very_positive,5,0,api_client,EU
TCKT_052077,2023-01-05 14:50:09,CUST_01129,individual,in_app,api_integration,performance,low,resolved,standard,The api integration page is very slow and takes a long time to load.,We understand performance issues can be frustrating. We will look into this and get back to you within the next 48 hours.,Optimized queries and increased resource allocation.,24.19,0,neutral,3,0,web,MEA
TCKT_052181,2023-01-26 13:58:31,CUST_08228,enterprise,email,data_export,how_to,high,open,gold,I need help setting up data export for my team.,Happy to help with your question. We are prioritizing this and will update you as soon as possible.,,,0,positive,4,1,api_client,EU
TCKT_052241,2023-01-10 07:32:15,CUST_04886,individual,in_app,billing,other,medium,on_hold,standard,I have a general question about my account.,Thanks for contacting support. Our team is reviewing this and will follow up within 24 hours.,,,0,negative,0,1,web,
TCKT_052279,2023-01-12 05:45:19,CUST_06885,individual,phone_transcript,mobile_app,feature_request,medium,resolved,gold,Can you add an option to customize mobile app?,Thanks for your feature suggestion. Our team is reviewing this and will follow up within 24 hours.,Captured the request and added it to the product backlog.,47.39,0,positive,4,1,desktop_app,APAC
TCKT_052324,2023-01-12 16:04:59,CUST_07403,small_business,web_form,billing,how_to,low,resolved,gold,Can you explain how to configure billing properly?,Happy to help with your question. We will look into this and get back to you within the next 48 hours.,Provided step-by-step instructions and relevant documentation.,65.89,0,negative,2,0,android,LATAM
TCKT_052359,2023-01-06 23:53:20,CUST_08762,individual,web_form,billing,security_concern,medium,in_progress,standard,We need details about your data encryption and compliance.,We take security very seriously. Our team is reviewing this and will follow up within 24 hours.,,,0,very_negative,2,0,ios,LATAM
TCKT_052363,2023-01-29 22:22:17,CUST_05275,enterprise,email,mobile_app,bug,high,on_hold,standard,The page keeps crashing whenever I try to open the mobile app section.,Thanks for reporting this bug. We are prioritizing this and will update you as soon as possible.,,,0,neutral,3,0,desktop_app,LATAM
TCKT_052400,2023-01-29 06:59:16,CUST_02543,non_profit,web_form,mobile_app,other,low,resolved,platinum,I have a general question about my account.,Thanks for contacting support. We will look into this and get back to you within the next 48 hours.,Provided general guidance and confirmed the issue was resolved.,36.23,0,neutral,3,0,web,
TCKT_052434,2023-01-26 18:46:52,CUST_04351,non_profit,in_app,billing,other,low,open,gold,"Something seems off, can you please check my workspace?",Thanks for contacting support. We will look into this and get back to you within the next 48 hours.,,,1,neutral,4,0,api_client,EU
TCKT_052452,2023-01-06 10:17:58,CUST_05880,individual,chat,data_export,feature_request,low,resolved,standard,It would be great to have data export support in your product.,Thanks for your feature suggestion. We will look into this and get back to you within the next 48 hours.,Captured the request and added it to the product backlog.,66.91,0,positive,4,1,android,APAC
TCKT_052485,2023-01-23 21:17:26,CUST_09889,non_profit,phone_transcript,notifications,security_concern,high,resolved,gold,We need details about your data encryption and compliance.,We take security very seriously. We are prioritizing this and will update you as soon as possible.,"Investigated logs, mitigated the issue, and updated security settings.",9.91,0,neutral,0,0,android,EU
TCKT_052520,2023-01-22 18:57:12,CUST_09492,individual,phone_transcript,analytics_dashboard,other,medium,resolved,standard,I need help but I'm not sure which category this fits in.,Thanks for contacting support. Our team is reviewing this and will follow up within 24 hours.,Provided general guidance and confirmed the issue was resolved.,41.56,0,very_positive,5,0,ios,APAC
TCKT_052532,2023-01-02 06:20:26,CUST_05530,enterprise,in_app,billing,account_access,high,open,standard,My 2FA code is not working when I try to sign in.,Sorry to hear you're having trouble accessing your account. We are prioritizing this and will update you as soon as possible.,,,0,negative,0,1,web,LATAM
TCKT_052565,2023-01-02 08:15:59,CUST_02465,enterprise,in_app,data_export,account_access,urgent,closed_no_action,standard,My 2FA code is not working when I try to sign in.,Sorry to hear you're having trouble accessing your account. This has been escalated to our on-call team for immediate attention.,Ticket closed without further action after no response from the customer.,91.54,0,very_negative,1,0,android,APAC
TCKT_052622,2023-01-18 21:17:56,CUST_03290,non_profit,web_form,api_integration,feature_request,low,resolved,standard,It would be great to have api integration support in your product.,Thanks for your feature suggestion. We will look into this and get back to you within the next 48 hours.,Captured the request and added it to the product backlog.,36.98,0,very_negative,2,1,api_client,
TCKT_052632,2023-01-29 06:51:23,CUST_09790,individual,phone_transcript,notifications,other,medium,resolved,standard,"Something seems off, can you please check my workspace?",Thanks for contacting support. Our team is reviewing this and will follow up within 24 hours.,Provided general guidance and confirmed the issue was resolved.,33.28,0,very_negative,1,0,android,
TCKT_052653,2023-01-24 22:23:46,CUST_09479,education,phone_transcript,analytics_dashboard,feature_request,low,resolved,gold,It would be great to have analytics dashboard support in your product.,Thanks for your feature suggestion. We will look into this and get back to you within the next 48 hours.,Captured the request and added it to the product backlog.,49.91,0,neutral,3,0,android,LATAM
TCKT_052678,2023-01-30 02:34:12,CUST_07674,non_profit,in_app,billing,security_concern,low,resolved,standard,I noticed a suspicious login on my account.,We take security very seriously. We will look into this and get back to you within the next 48 hours.,"Investigated logs, mitigated the issue, and updated security settings.",31.84,0,negative,2,0,api_client,LATAM
TCKT_052712,2023-01-30 02:55:18,CUST_01331,enterprise,phone_transcript,notifications,feature_request,high,resolved,standard,Our team needs more advanced options for notifications.,Thanks for your feature suggestion. We are prioritizing this and will update you as soon as possible.,Captured the request and added it to the product backlog.,8.41,0,neutral,0,0,api_client,MEA
TCKT_052717,2023-01-10 10:36:04,CUST_09167,individual,phone_transcript,billing,bug,low,resolved,standard,The page keeps crashing whenever I try to open the billing section.,Thanks for reporting this bug. We will look into this and get back to you within the next 48 hours.,Patched the bug and deployed a fix to production.,19.23,0,neutral,4,0,web,MEA
TCKT_052808,2023-01-16 09:03:15,CUST_04498,individual,email,notifications,security_concern,high,resolved,standard,We need details about your data encryption and compliance.,We take security very seriously. We are prioritizing this and will update you as soon as possible.,"Investigated logs, mitigated the issue, and updated security settings.",6.19,0,very_negative,0,0,android,MEA
TCKT_052816,2023-01-08 17:29:41,CUST_09303,small_business,in_app,mobile_app,how_to,low,resolved,standard,I need help setting up mobile app for my team.,Happy to help with your question. We will look into this and get back to you within the next 48 hours.,Provided step-by-step instructions and relevant documentation.,57.0,0,positive,5,1,desktop_app,LATAM
TCKT_052842,2023-01-29 14:18:34,CUST_06904,enterprise,email,api_integration,how_to,medium,closed_no_action,gold,How can I export my data from the api integration section?,Happy to help with your question. Our team is reviewing this and will follow up within 24 hours.,Ticket closed without further action after no response from the customer.,209.48,0,neutral,3,0,web,APAC
TCKT_052857,2023-01-29 06:45:42,CUST_09164,small_business,web_form,notifications,feature_request,high,resolved,gold,It would be great to have notifications support in your product.,Thanks for your feature suggestion. We are prioritizing this and will update you as soon as possible.,Captured the request and added it to the product backlog.,4.24,0,neutral,3,0,web,LATAM
TCKT_052896,2023-01-02 16:38:24,CUST_03820,individual,email,mobile_app,feature_request,medium,closed_no_action,gold,Our team needs more advanced options for mobile app.,Thanks for your feature suggestion. Our team is reviewing this and will follow up within 24 hours.,Ticket closed without further action after no response from the customer.,35.47,0,neutral,4,0,desktop_app,
TCKT_052946,2023-01-10 00:16:29,CUST_06513,non_profit,phone_transcript,mobile_app,other,medium,resolved,gold,"Something seems off, can you please check my workspace?",Thanks for contacting support. Our team is reviewing this and will follow up within 24 hours.,Provided general guidance and confirmed the issue was resolved.,13.77,0,neutral,4,0,android,APAC
TCKT_052949,2023-01-26 16:13:57,CUST_05607,education,phone_transcript,login_auth,how_to,low,resolved,platinum,How can I export my data from the login auth section?,Happy to help with your question. We will look into this and get back to you within the next 48 hours.,Provided step-by-step instructions and relevant documentation.,35.55,0,positive,0,0,android,APAC
TCKT_053022,2023-01-18 05:33:30,CUST_02065,individual,phone_transcript,notifications,feature_request,medium,resolved,platinum,It would be great to have notifications support in your product.,Thanks for your feature suggestion. Our team is reviewing this and will follow up within 24 hours.,Captured the request and added it to the product backlog.,42.36,0,neutral,0,0,android,LATAM
TCKT_053051,2023-01-20 12:06:14,CUST_05799,education,web_form,billing,bug,medium,closed_no_action,platinum,The page keeps crashing whenever I try to open the billing section.,Thanks for reporting this bug. Our team is reviewing this and will follow up within 24 hours.,Ticket closed without further action after no response from the customer.,199.24,0,negative,3,0,desktop_app,APAC
TCKT_053104,2023-01-02 13:43:43,CUST_09456,individual,web_form,mobile_app,feature_request,medium,resolved,gold,Can you add an option to customize mobile app?,Thanks for your feature suggestion. Our team is reviewing this and will follow up within 24 hours.,Captured the request and added it to the product backlog.,20.88,0,neutral,0,0,android,EU
TCKT_053112,2023-01-05 09:04:50,CUST_02078,individual,in_app,api_integration,feature_request,high,resolved,standard,It would be great to have api integration support in your product.,Thanks for your feature suggestion. We are prioritizing this and will update you as soon as possible.,Captured the request and added it to the product backlog.,6.66,0,neutral,4,1,android,
TCKT_053116,2023-01-17 07:34:00,CUST_06951,education,phone_transcript,billing,performance,medium,in_progress,standard,Overall performance has degraded in the last few days.,We understand performance issues can be frustrating. Our team is reviewing this and will follow up within 24 hours.,,,1,neutral,3,0,android,MEA
TCKT_053148,2023-01-27 05:11:48,CUST_08070,education,in_app,api_integration,other,high,open,standard,I need help but I'm not sure which category this fits in.,Thanks for contacting support. We are prioritizing this and will update you as soon as possible.,,,0,negative,2,0,web,EU
TCKT_053339,2023-01-26 04:10:59,CUST_00909,education,email,data_export,account_access,low,resolved,platinum,I cannot log in; the system says my password is incorrect.,Sorry to hear you're having trouble accessing your account. We will look into this and get back to you within the next 48 hours.,Reset account credentials and confirmed successful login.,45.42,0,neutral,0,0,android,
TCKT_053518,2023-01-17 09:41:23,CUST_02513,individual,web_form,api_integration,security_concern,medium,resolved,standard,We need details about your data encryption and compliance.,We take security very seriously. Our team is reviewing this and will follow up within 24 hours.,"Investigated logs, mitigated the issue, and updated security settings.",39.7,0,neutral,3,1,web,
TCKT_053533,2023-01-02 10:06:06,CUST_02881,small_business,phone_transcript,mobile_app,bug,medium,resolved,standard,The mobile app feature is not saving my changes.,Thanks for reporting this bug. Our team is reviewing this and will follow up within 24 hours.,Patched the bug and deployed a fix to production.,20.84,1,neutral,3,0,android,LATAM
TCKT_053541,2023-01-31 17:18:00,CUST_06331,non_profit,phone_transcript,billing,billing_problem,medium,on_hold,standard,My invoice amount is incorrect compared to the plan I selected.,Thanks for reaching out about the billing issue. Our team is reviewing this and will follow up within 24 hours.,,,0,very_negative,1,0,android,MEA
TCKT_053561,2023-01-03 17:45:24,CUST_01811,individual,phone_transcript,mobile_app,how_to,medium,resolved,standard,How can I export my data from the mobile app section?,Happy to help with your question. Our team is reviewing this and will follow up within 24 hours.,Provided step-by-step instructions and relevant documentation.,28.63,0,very_positive,0,0,android,EU
TCKT_053617,2023-01-28 17:57:59,CUST_03981,enterprise,email,analytics_dashboard,bug,low,on_hold,standard,The analytics dashboard feature is not saving my changes.,Thanks for reporting this bug. We will look into this and get back to you within the next 48 hours.,,,0,neutral,4,0,desktop_app,
TCKT_053653,2023-01-26 04:46:06,CUST_06643,non_profit,email,billing,other,low,open,standard,"Something seems off, can you please check my workspace?",Thanks for contacting support. We will look into this and get back to you within the next 48 hours.,,,0,positive,5,0,android,APAC
TCKT_053805,2023-01-07 18:28:52,CUST_05368,enterprise,phone_transcript,api_integration,feature_request,high,in_progress,standard,Our team needs more advanced options for api integration.,Thanks for your feature suggestion. We are prioritizing this and will update you as soon as possible.,,,0,very_positive,5,0,desktop_app,
TCKT_053841,2023-01-18 18:33:35,CUST_02940,small_business,in_app,billing,security_concern,medium,resolved,gold,There seems to be a vulnerability in the billing functionality.,We take security very seriously. Our team is reviewing this and will follow up within 24 hours.,"Investigated logs, mitigated the issue, and updated security settings.",29.51,0,very_negative,0,0,desktop_app,
TCKT_054085,2023-01-14 22:34:04,CUST_08682,individual,in_app,login_auth,billing_problem,low,in_progress,platinum,I downgraded my plan but I am still being billed for the higher tier.,Thanks for reaching out about the billing issue. We will look into this and get back to you within the next 48 hours.,,,0,very_negative,2,0,api_client,EU
TCKT_054150,2023-01-31 15:27:17,CUST_03940,non_profit,email,analytics_dashboard,security_concern,low,closed_no_action,standard,I noticed a suspicious login on my account.,We take security very seriously. We will look into this and get back to you within the next 48 hours.,Ticket closed without further action after no response from the customer.,50.51,0,positive,4,0,ios,
TCKT_054157,2023-01-27 10:42:46,CUST_03386,education,phone_transcript,api_integration,security_concern,high,resolved,standard,There seems to be a vulnerability in the api integration functionality.,We take security very seriously. We are prioritizing this and will update you as soon as possible.,"Investigated logs, mitigated the issue, and updated security settings.",14.09,0,positive,4,0,web,LATAM
TCKT_054213,2023-01-07 17:22:39,CUST_07233,small_business,web_form,analytics_dashboard,feature_request,medium,in_progress,standard,It would be great to have analytics dashboard support in your product.,Thanks for your feature suggestion. Our team is reviewing this and will follow up within 24 hours.,,,0,neutral,0,0,desktop_app,
TCKT_054251,2023-01-29 11:54:26,CUST_05979,education,in_app,analytics_dashboard,security_concern,medium,closed_no_action,platinum,There seems to be a vulnerability in the analytics dashboard functionality.,We take security very seriously. Our team is reviewing this and will follow up within 24 hours.,Ticket closed without further action after no response from the customer.,144.15,0,negative,0,1,desktop_app,EU
TCKT_054265,2023-01-25 14:12:18,CUST_04309,small_business,email,billing,account_access,medium,resolved,standard,My account was locked after multiple failed login attempts.,Sorry to hear you're having trouble accessing your account. Our team is reviewing this and will follow up within 24 hours.,Reset account credentials and confirmed successful login.,40.83,0,neutral,0,0,api_client,EU
TCKT_054321,2023-01-10 04:19:06,CUST_04723,small_business,email,login_auth,account_access,low,on_hold,standard,My account was locked after multiple failed login attempts.,Sorry to hear you're having trouble accessing your account. We will look into this and get back to you within the next 48 hours.,,,0,very_negative,1,0,ios,APAC
TCKT_054375,2023-01-25 16:15:41,CUST_02693,education,phone_transcript,billing,billing_problem,high,resolved,standard,I downgraded my plan but I am still being billed for the higher tier.,Thanks for reaching out about the billing issue. We are prioritizing this and will update you as soon as possible.,Adjusted the invoice and issued a refund where applicable.,23.76,0,very_positive,5,1,android,
TCKT_054421,2023-01-25 23:35:12,CUST_05360,small_business,phone_transcript,analytics_dashboard,feature_request,low,resolved,gold,It would be great to have analytics dashboard support in your product.,Thanks for your feature suggestion. We will look into this and get back to you within the next 48 hours.,Captured the request and added it to the product backlog.,61.3,0,positive,5,0,ios,
TCKT_054459,2023-01-29 03:18:25,CUST_02026,education,chat,billing,billing_problem,high,resolved,gold,My invoice amount is incorrect compared to the plan I selected.,Thanks for reaching out about the billing issue. We are prioritizing this and will update you as soon as possible.,Adjusted the invoice and issued a refund where applicable.,18.17,0,neutral,0,1,ios,EU
TCKT_054497,2023-01-14 17:40:01,CUST_06905,small_business,chat,api_integration,how_to,high,in_progress,standard,How can I export my data from the api integration section?,Happy to help with your question. We are prioritizing this and will update you as soon as possible.,,,0,very_negative,1,0,api_client,APAC
TCKT_054522,2023-01-15 10:51:12,CUST_05457,enterprise,chat,notifications,performance,medium,open,standard,Overall performance has degraded in the last few days.,We understand performance issues can be frustrating. Our team is reviewing this and will follow up within 24 hours.,,,0,neutral,0,0,api_client,MEA
TCKT_054606,2023-01-17 00:38:06,CUST_05795,non_profit,web_form,data_export,performance,high,open,standard,The data export page is very slow and takes a long time to load.,We understand performance issues can be frustrating. We are prioritizing this and will update you as soon as possible.,,,0,negative,0,0,ios,EU
TCKT_054742,2023-01-30 15:47:06,CUST_02392,enterprise,chat,api_integration,bug,medium,resolved,standard,The page keeps crashing whenever I try to open the api integration section.,Thanks for reporting this bug. Our team is reviewing this and will follow up within 24 hours.,Patched the bug and deployed a fix to production.,41.08,0,neutral,0,0,android,MEA
TCKT_054754,2023-01-03 22:08:53,CUST_04720,enterprise,phone_transcript,data_export,performance,low,resolved,standard,Queries in the data export module are timing out.,We understand performance issues can be frustrating. We will look into this and get back to you within the next 48 hours.,Optimized queries and increased resource allocation.,20.21,0,negative,2,0,web,LATAM
TCKT_054911,2023-01-03 00:17:51,CUST_05550,small_business,chat,login_auth,feature_request,medium,closed_no_action,gold,It would be great to have login auth support in your product.,Thanks for your feature suggestion. Our team is reviewing this and will follow up within 24 hours.,Ticket closed without further action after no response from the customer.,146.91,1,positive,4,0,api_client,APAC
TCKT_054915,2023-01-22 10:46:00,CUST_07621,small_business,web_form,billing,other,medium,resolved,gold,I have a general question about my account.,Thanks for contacting support. Our team is reviewing this and will follow up within 24 hours.,Provided general guidance and confirmed the issue was resolved.,28.8,0,very_negative,1,0,ios,APAC
TCKT_054928,2023-01-21 23:04:58,CUST_05717,individual,in_app,analytics_dashboard,performance,medium,in_progress,standard,Overall performance has degraded in the last few days.,We understand performance issues can be frustrating. Our team is reviewing this and will follow up within 24 hours.,,,1,very_negative,0,0,ios,MEA
TCKT_054941,2023-01-25 19:12:21,CUST_08906,non_profit,chat,billing,feature_request,low,resolved,standard,Our team needs more advanced options for billing.,Thanks for your feature suggestion. We will look into this and get back to you within the next 48 hours.,Captured the request and added it to the product backlog.,67.55,0,very_positive,0,0,ios,LATAM
TCKT_054947,2023-01-12 19:18:07,CUST_03404,individual,chat,login_auth,account_access,medium,resolved,gold,I cannot log in; the system says my password is incorrect.,Sorry to hear you're having trouble accessing your account. Our team is reviewing this and will follow up within 24 hours.,Reset account credentials and confirmed successful login.,20.53,0,negative,2,0,desktop_app,APAC
TCKT_054961,2023-01-04 19:51:39,CUST_08541,individual,phone_transcript,data_export,feature_request,urgent,on_hold,gold,Our team needs more advanced options for data export.,Thanks for your feature suggestion. This has been escalated to our on-call team for immediate attention.,,,0,neutral,4,0,web,APAC
TCKT_054968,2023-01-26 15:40:41,CUST_08145,non_profit,phone_transcript,api_integration,performance,medium,in_progress,platinum,Queries in the api integration module are timing out.,We understand performance issues can be frustrating. Our team is reviewing this and will follow up within 24 hours.,,,0,negative,2,0,android,LATAM
TCKT_055088,2023-01-26 20:17:40,CUST_00307,education,phone_transcript,mobile_app,bug,medium,closed_no_action,gold,I am seeing an error message when I click on mobile app.,Thanks for reporting this bug. Our team is reviewing this and will follow up within 24 hours.,Ticket closed without further action after no response from the customer.,180.28,0,positive,5,0,android,MEA
TCKT_055124,2023-01-15 15:37:14,CUST_00079,non_profit,phone_transcript,billing,feature_request,low,on_hold,gold,It would be great to have billing support in your product.,Thanks for your feature suggestion. We will look into this and get back to you within the next 48 hours.,,,0,neutral,4,1,desktop_app,APAC
TCKT_055204,2023-01-30 03:36:02,CUST_00911,small_business,web_form,mobile_app,feature_request,low,open,standard,It would be great to have mobile app support in your product.,Thanks for your feature suggestion. We will look into this and get back to you within the next 48 hours.,,,0,very_negative,2,0,web,LATAM
TCKT_055214,2023-01-21 12:00:31,CUST_09378,non_profit,email,billing,feature_request,medium,resolved,standard,Can you add an option to customize billing?,Thanks for your feature suggestion. Our team is reviewing this and will follow up within 24 hours.,Captured the request and added it to the product backlog.,36.97,0,neutral,4,0,api_client,
TCKT_055235,2023-01-14 08:08:16,CUST_08343,non_profit,phone_transcript,analytics_dashboard,feature_request,low,in_progress,gold,Our team needs more advanced options for analytics dashboard.,Thanks for your feature suggestion. We will look into this and get back to you within the next 48 hours.,,,0,negative,3,0,web,APAC
TCKT_055267,2023-01-26 15:16:38,CUST_06095,enterprise,web_form,data_export,how_to,low,on_hold,gold,I need help setting up data export for my team.,Happy to help with your question. We will look into this and get back to you within the next 48 hours.,,,0,very_positive,0,0,desktop_app,
TCKT_055345,2023-01-13 05:44:32,CUST_04445,individual,in_app,data_export,how_to,low,in_progress,standard,Can you explain how to configure data export properly?,Happy to help with your question. We will look into this and get back to you within the next 48 hours.,,,0,negative,2,0,desktop_app,APAC
TCKT_055360,2023-01-25 08:16:38,CUST_01387,non_profit,web_form,notifications,bug,medium,in_progress,gold,I am seeing an error message when I click on notifications.,Thanks for reporting this bug. Our team is reviewing this and will follow up within 24 hours.,,,0,neutral,3,0,web,APAC
TCKT_055592,2023-01-15 09:17:05,CUST_02220,non_profit,phone_transcript,notifications,how_to,medium,closed_no_action,standard,Can you explain how to configure notifications properly?,Happy to help with your question. Our team is reviewing this and will follow up within 24 hours.,Ticket closed without further action after no response from the customer.,135.69,0,very_positive,5,1,ios,APAC
TCKT_055632,2023-01-08 01:00:29,CUST_02519,individual,web_form,data_export,account_access,high,open,standard,My account was locked after multiple failed login attempts.,Sorry to hear you're having trouble accessing your account. We are prioritizing this and will update you as soon as possible.,,,0,neutral,3,0,ios,APAC
TCKT_055642,2023-01-23 13:28:59,CUST_09401,education,email,mobile_app,how_to,low,resolved,gold,Can you explain how to configure mobile app properly?,Happy to help with your question. We will look into this and get back to you within the next 48 hours.,Provided step-by-step instructions and relevant documentation.,49.33,0,neutral,0,0,desktop_app,
TCKT_055679,2023-01-20 13:05:46,CUST_04921,education,chat,api_integration,other,high,in_progress,standard,"Something seems off, can you please check my workspace?",Thanks for contacting support. We are prioritizing this and will update you as soon as possible.,,,0,neutral,0,1,ios,MEA
TCKT_055863,2023-01-26 04:45:35,CUST_08317,education,phone_transcript,data_export,performance,high,open,standard,Queries in the data export module are timing out.,We understand performance issues can be frustrating. We are prioritizing this and will update you as soon as possible.,,,0,positive,0,0,android,MEA
TCKT_055879,2023-01-04 18:46:21,CUST_03277,individual,chat,notifications,billing_problem,low,in_progress,gold,I downgraded my plan but I am still being billed for the higher tier.,Thanks for reaching out about the billing issue. We will look into this and get back to you within the next 48 hours.,,,0,very_negative,0,0,web,LATAM
TCKT_056072,2023-01-29 21:16:21,CUST_04806,enterprise,email,notifications,security_concern,urgent,in_progress,platinum,There seems to be a vulnerability in the notifications functionality.,We take security very seriously. This has been escalated to our on-call team for immediate attention.,,,0,very_negative,2,0,web,MEA
TCKT_056078,2023-01-05 00:09:03,CUST_01032,non_profit,email,notifications,account_access,low,in_progress,gold,I cannot log in; the system says my password is incorrect.,Sorry to hear you're having trouble accessing your account. We will look into this and get back to you within the next 48 hours.,,,0,neutral,4,0,web,MEA
TCKT_056140,2023-01-29 19:23:35,CUST_06552,enterprise,phone_transcript,api_integration,performance,low,on_hold,standard,The api integration page is very slow and takes a long time to load.,We understand performance issues can be frustrating. We will look into this and get back to you within the next 48 hours.,,,0,neutral,0,1,api_client,APAC
TCKT_056196,2023-01-11 02:33:51,CUST_08594,education,in_app,mobile_app,bug,medium,resolved,gold,The page keeps crashing whenever I try to open the mobile app section.,Thanks for reporting this bug. Our team is reviewing this and will follow up within 24 hours.,Patched the bug and deployed a fix to production.,23.66,0,negative,3,0,desktop_app,APAC
TCKT_056237,2023-01-26 11:14:36,CUST_04469,non_profit,chat,login_auth,account_access,medium,resolved,platinum,My account was locked after multiple failed login attempts.,Sorry to hear you're having trouble accessing your account. Our team is reviewing this and will follow up within 24 hours.,Reset account credentials and confirmed successful login.,31.25,0,negative,3,0,api_client,APAC
TCKT_056307,2023-01-23 03:06:11,CUST_06146,non_profit,in_app,billing,how_to,medium,resolved,standard,I need help setting up billing for my team.,Happy to help with your question. Our team is reviewing this and will follow up within 24 hours.,Provided step-by-step instructions and relevant documentation.,46.46,0,positive,0,0,android,LATAM
TCKT_056382,2023-01-13 01:50:36,CUST_02133,enterprise,chat,data_export,security_concern,urgent,resolved,gold,There seems to be a vulnerability in the data export functionality.,We take security very seriously. This has been escalated to our on-call team for immediate attention.,"Investigated logs, mitigated the issue, and updated security settings.",0.18,0,positive,4,0,web,
TCKT_056510,2023-01-11 04:43:15,CUST_01307,non_profit,in_app,api_integration,billing_problem,high,resolved,standard,I downgraded my plan but I am still being billed for the higher tier.,Thanks for reaching out about the billing issue. We are prioritizing this and will update you as soon as possible.,Adjusted the invoice and issued a refund where applicable.,18.99,0,negative,3,0,android,LATAM
TCKT_056540,2023-01-09 18:12:40,CUST_04187,non_profit,email,data_export,other,high,resolved,standard,I have a general question about my account.,Thanks for contacting support. We are prioritizing this and will update you as soon as possible.,Provided general guidance and confirmed the issue was resolved.,18.41,0,neutral,3,0,api_client,EU
TCKT_056572,2023-01-13 19:51:03,CUST_04080,education,email,mobile_app,feature_request,medium,resolved,gold,It would be great to have mobile app support in your product.,Thanks for your feature suggestion. Our team is reviewing this and will follow up within 24 hours.,Captured the request and added it to the product backlog.,13.06,0,neutral,4,0,api_client,
TCKT_056604,2023-01-27 04:40:48,CUST_02765,individual,email,login_auth,performance,medium,resolved,standard,Queries in the login auth module are timing out.,We understand performance issues can be frustrating. Our team is reviewing this and will follow up within 24 hours.,Optimized queries and increased resource allocation.,28.34,0,negative,0,0,ios,EU
TCKT_056626,2023-01-16 12:24:17,CUST_03630,individual,in_app,mobile_app,security_concern,low,closed_no_action,standard,I noticed a suspicious login on my account.,We take security very seriously. We will look into this and get back to you within the next 48 hours.,Ticket closed without further action after no response from the customer.,43.24,0,negative,2,0,web,
TCKT_056646,2023-01-25 03:29:13,CUST_06585,small_business,in_app,analytics_dashboard,other,low,resolved,platinum,I have a general question about my account.,Thanks for contacting support. We will look into this and get back to you within the next 48 hours.,Provided general guidance and confirmed the issue was resolved.,20.54,0,negative,3,0,android,APAC
TCKT_056683,2023-01-07 10:48:07,CUST_05181,education,in_app,login_auth,feature_request,high,open,standard,Can you add an option to customize login auth?,Thanks for your feature suggestion. We are prioritizing this and will update you as soon as possible.,,,0,neutral,0,0,android,APAC
TCKT_056692,2023-01-29 16:26:52,CUST_04396,education,phone_transcript,login_auth,account_access,medium,open,standard,My 2FA code is not working when I try to sign in.,Sorry to hear you're having trouble accessing your account. Our team is reviewing this and will follow up within 24 hours.,,,0,very_negative,0,0,desktop_app,
TCKT_056767,2023-01-06 23:06:20,CUST_04355,enterprise,phone_transcript,billing,other,medium,resolved,standard,"Something seems off, can you please check my workspace?",Thanks for contacting support. Our team is reviewing this and will follow up within 24 hours.,Provided general guidance and confirmed the issue was resolved.,37.67,0,positive,0,0,desktop_app,MEA
TCKT_056777,2023-01-22 07:21:46,CUST_03212,enterprise,web_form,api_integration,other,low,resolved,standard,I need help but I'm not sure which category this fits in.,Thanks for contacting support. We will look into this and get back to you within the next 48 hours.,Provided general guidance and confirmed the issue was resolved.,58.37,0,negative,2,0,ios,APAC
TCKT_056814,2023-01-02 21:56:05,CUST_01482,education,email,login_auth,billing_problem,low,resolved,gold,My invoice amount is incorrect compared to the plan I selected.,Thanks for reaching out about the billing issue. We will look into this and get back to you within the next 48 hours.,Adjusted the invoice and issued a refund where applicable.,28.87,0,neutral,3,0,desktop_app,LATAM
TCKT_056855,2023-01-01 15:36:58,CUST_06472,education,web_form,data_export,performance,medium,resolved,gold,Queries in the data export module are timing out.,We understand performance issues can be frustrating. Our team is reviewing this and will follow up within 24 hours.,Optimized queries and increased resource allocation.,13.63,1,neutral,4,0,ios,LATAM
TCKT_056909,2023-01-20 07:12:45,CUST_03065,non_profit,in_app,analytics_dashboard,performance,low,closed_no_action,standard,Queries in the analytics dashboard module are timing out.,We understand performance issues can be frustrating. We will look into this and get back to you within the next 48 hours.,Ticket closed without further action after no response from the customer.,31.9,0,very_negative,0,1,ios,MEA
TCKT_056926,2023-01-19 07:20:54,CUST_06650,individual,web_form,analytics_dashboard,account_access,medium,resolved,standard,My 2FA code is not working when I try to sign in.,Sorry to hear you're having trouble accessing your account. Our team is reviewing this and will follow up within 24 hours.,Reset account credentials and confirmed successful login.,16.3,0,negative,2,0,android,EU
TCKT_056948,2023-01-21 10:55:30,CUST_00980,education,phone_transcript,analytics_dashboard,bug,low,open,gold,The page keeps crashing whenever I try to open the analytics dashboard section.,Thanks for reporting this bug. We will look into this and get back to you within the next 48 hours.,,,0,positive,0,0,desktop_app,EU
TCKT_057021,2023-01-14 04:18:38,CUST_05629,individual,email,billing,other,high,in_progress,gold,I have a general question about my account.,Thanks for contacting support. We are prioritizing this and will update you as soon as possible.,,,0,positive,4,0,desktop_app,EU
TCKT_057209,2023-01-16 02:14:19,CUST_08073,individual,chat,analytics_dashboard,bug,low,resolved,standard,The analytics dashboard feature is not saving my changes.,Thanks for reporting this bug. We will look into this and get back to you within the next 48 hours.,Patched the bug and deployed a fix to production.,16.38,0,negative,2,0,api_client,LATAM
TCKT_057459,2023-01-12 22:15:08,CUST_09515,education,chat,api_integration,other,medium,resolved,standard,"Something seems off, can you please check my workspace?",Thanks for contacting support. Our team is reviewing this and will follow up within 24 hours.,Provided general guidance and confirmed the issue was resolved.,47.92,0,positive,0,0,web,MEA
TCKT_057510,2023-01-25 14:18:30,CUST_00416,education,email,analytics_dashboard,other,low,resolved,gold,"Something seems off, can you please check my workspace?",Thanks for contacting support. We will look into this and get back to you within the next 48 hours.,Provided general guidance and confirmed the issue was resolved.,67.91,1,very_positive,5,1,ios,LATAM
TCKT_057526,2023-01-16 15:03:15,CUST_01548,enterprise,web_form,login_auth,security_concern,medium,resolved,platinum,I noticed a suspicious login on my account.,We take security very seriously. Our team is reviewing this and will follow up within 24 hours.,"Investigated logs, mitigated the issue, and updated security settings.",23.68,0,very_negative,1,0,api_client,MEA
TCKT_057572,2023-01-01 23:57:34,CUST_07744,small_business,chat,data_export,feature_request,low,closed_no_action,standard,Our team needs more advanced options for data export.,Thanks for your feature suggestion. We will look into this and get back to you within the next 48 hours.,Ticket closed without further action after no response from the customer.,65.42,0,neutral,4,0,web,MEA
TCKT_057586,2023-01-14 06:29:29,CUST_03533,individual,chat,notifications,feature_request,low,closed_no_action,standard,It would be great to have notifications support in your product.,Thanks for your feature suggestion. We will look into this and get back to you within the next 48 hours.,Ticket closed without further action after no response from the customer.,44.44,0,neutral,4,0,web,MEA
TCKT_057589,2023-01-05 01:29:29,CUST_09127,individual,phone_transcript,analytics_dashboard,account_access,high,resolved,gold,My account was locked after multiple failed login attempts.,Sorry to hear you're having trouble accessing your account. We are prioritizing this and will update you as soon as possible.,Reset account credentials and confirmed successful login.,6.95,0,negative,2,0,web,APAC
TCKT_057597,2023-01-18 15:03:59,CUST_08555,small_business,in_app,login_auth,account_access,medium,resolved,standard,My account was locked after multiple failed login attempts.,Sorry to hear you're having trouble accessing your account. Our team is reviewing this and will follow up within 24 hours.,Reset account credentials and confirmed successful login.,20.79,0,very_negative,0,0,web,MEA
TCKT_057617,2023-01-10 13:16:14,CUST_02166,enterprise,in_app,login_auth,security_concern,high,resolved,standard,There seems to be a vulnerability in the login auth functionality.,We take security very seriously. We are prioritizing this and will update you as soon as possible.,"Investigated logs, mitigated the issue, and updated security settings.",6.32,0,very_negative,1,1,web,MEA
TCKT_057619,2023-01-31 03:40:36,CUST_04269,individual,phone_transcript,api_integration,other,medium,open,gold,"Something seems off, can you please check my workspace?",Thanks for contacting support. Our team is reviewing this and will follow up within 24 hours.,,,0,positive,0,1,desktop_app,EU
TCKT_057659,2023-01-10 09:09:17,CUST_04397,non_profit,in_app,billing,billing_problem,low,on_hold,standard,I downgraded my plan but I am still being billed for the higher tier.,Thanks for reaching out about the billing issue. We will look into this and get back to you within the next 48 hours.,,,0,very_positive,5,0,android,LATAM
TCKT_057677,2023-01-01 01:20:29,CUST_05710,small_business,chat,analytics_dashboard,feature_request,high,resolved,standard,It would be great to have analytics dashboard support in your product.,Thanks for your feature suggestion. We are prioritizing this and will update you as soon as possible.,Captured the request and added it to the product backlog.,13.31,0,very_positive,5,0,desktop_app,APAC
TCKT_057745,2023-01-19 04:09:03,CUST_01807,enterprise,web_form,data_export,security_concern,low,resolved,platinum,I noticed a suspicious login on my account.,We take security very seriously. We will look into this and get back to you within the next 48 hours.,"Investigated logs, mitigated the issue, and updated security settings.",37.75,0,neutral,3,1,android,LATAM
TCKT_057747,2023-01-09 16:52:46,CUST_00168,enterprise,phone_transcript,notifications,account_access,low,on_hold,platinum,My 2FA code is not working when I try to sign in.,Sorry to hear you're having trouble accessing your account. We will look into this and get back to you within the next 48 hours.,,,0,very_negative,0,0,api_client,EU
TCKT_057817,2023-01-02 11:12:25,CUST_04314,individual,chat,billing,feature_request,high,in_progress,standard,It would be great to have billing support in your product.,Thanks for your feature suggestion. We are prioritizing this and will update you as soon as possible.,,,0,very_positive,5,0,api_client,EU
TCKT_057853,2023-01-06 04:40:31,CUST_00309,enterprise,in_app,billing,performance,low,resolved,standard,Overall performance has degraded in the last few days.,We understand performance issues can be frustrating. We will look into this and get back to you within the next 48 hours.,Optimized queries and increased resource allocation.,22.83,0,neutral,4,0,android,EU
TCKT_057886,2023-01-16 15:34:31,CUST_08293,individual,phone_transcript,mobile_app,billing_problem,high,resolved,standard,I downgraded my plan but I am still being billed for the higher tier.,Thanks for reaching out about the billing issue. We are prioritizing this and will update you as soon as possible.,Adjusted the invoice and issued a refund where applicable.,15.92,0,very_positive,0,0,api_client,LATAM
TCKT_057901,2023-01-05 00:36:07,CUST_09463,non_profit,email,analytics_dashboard,performance,high,closed_no_action,standard,Overall performance has degraded in the last few days.,We understand performance issues can be frustrating. We are prioritizing this and will update you as soon as possible.,Ticket closed without further action after no response from the customer.,90.37,0,positive,5,0,api_client,LATAM
TCKT_058040,2023-01-18 15:57:00,CUST_07849,individual,in_app,billing,billing_problem,medium,closed_no_action,gold,My invoice amount is incorrect compared to the plan I selected.,Thanks for reaching out about the billing issue. Our team is reviewing this and will follow up within 24 hours.,Ticket closed without further action after no response from the customer.,51.14,0,negative,0,0,android,APAC
TCKT_058089,2023-01-25 17:33:15,CUST_03954,enterprise,email,login_auth,how_to,low,in_progress,gold,I need help setting up login auth for my team.,Happy to help with your question. We will look into this and get back to you within the next 48 hours.,,,0,positive,4,1,android,LATAM
TCKT_058118,2023-01-07 05:28:10,CUST_09880,education,email,login_auth,other,low,resolved,standard,"Something seems off, can you please check my workspace?",Thanks for contacting support. We will look into this and get back to you within the next 48 hours.,Provided general guidance and confirmed the issue was resolved.,53.91,0,neutral,4,0,android,EU
TCKT_058144,2023-01-30 19:46:26,CUST_07010,enterprise,chat,api_integration,performance,low,resolved,gold,Overall performance has degraded in the last few days.,We understand performance issues can be frustrating. We will look into this and get back to you within the next 48 hours.,Optimized queries and increased resource allocation.,50.0,0,neutral,3,0,web,MEA
TCKT_058268,2023-01-04 23:32:38,CUST_05526,enterprise,email,analytics_dashboard,account_access,high,resolved,gold,My 2FA code is not working when I try to sign in.,Sorry to hear you're having trouble accessing your account. We are prioritizing this and will update you as soon as possible.,Reset account credentials and confirmed successful login.,21.63,0,negative,0,1,android,
TCKT_058397,2023-01-24 09:50:49,CUST_02338,individual,email,analytics_dashboard,other,medium,resolved,standard,I need help but I'm not sure which category this fits in.,Thanks for contacting support. Our team is reviewing this and will follow up within 24 hours.,Provided general guidance and confirmed the issue was resolved.,39.99,0,neutral,0,1,ios,
TCKT_058593,2023-01-11 20:00:21,CUST_01596,education,chat,billing,feature_request,urgent,resolved,standard,It would be great to have billing support in your product.,Thanks for your feature suggestion. This has been escalated to our on-call team for immediate attention.,Captured the request and added it to the product backlog.,6.05,0,neutral,4,1,api_client,
TCKT_058649,2023-01-19 10:50:40,CUST_07354,enterprise,phone_transcript,analytics_dashboard,account_access,low,in_progress,standard,My account was locked after multiple failed login attempts.,Sorry to hear you're having trouble accessing your account. We will look into this and get back to you within the next 48 hours.,,,0,neutral,4,0,api_client,EU
TCKT_058841,2023-01-02 05:25:18,CUST_04757,non_profit,chat,notifications,billing_problem,medium,resolved,standard,I was charged twice for my subscription this month.,Thanks for reaching out about the billing issue. Our team is reviewing this and will follow up within 24 hours.,Adjusted the invoice and issued a refund where applicable.,16.78,0,very_negative,2,0,android,
TCKT_058854,2023-01-03 12:20:43,CUST_07730,enterprise,phone_transcript,api_integration,bug,medium,resolved,standard,I am seeing an error message when I click on api integration.,Thanks for reporting this bug. Our team is reviewing this and will follow up within 24 hours.,Patched the bug and deployed a fix to production.,12.92,0,neutral,0,0,web,MEA
TCKT_058884,2023-01-12 06:22:35,CUST_04345,non_profit,email,data_export,performance,high,resolved,standard,The data export page is very slow and takes a long time to load.,We understand performance issues can be frustrating. We are prioritizing this and will update you as soon as possible.,Optimized queries and increased resource allocation.,6.84,0,negative,0,1,desktop_app,MEA
TCKT_058903,2023-01-16 18:28:04,CUST_01331,education,in_app,analytics_dashboard,billing_problem,high,resolved,gold,I downgraded my plan but I am still being billed for the higher tier.,Thanks for reaching out about the billing issue. We are prioritizing this and will update you as soon as possible.,Adjusted the invoice and issued a refund where applicable.,19.74,0,very_negative,2,0,android,APAC
TCKT_058952,2023-01-19 04:21:38,CUST_04298,small_business,in_app,notifications,feature_request,low,resolved,standard,It would be great to have notifications support in your product.,Thanks for your feature suggestion. We will look into this and get back to you within the next 48 hours.,Captured the request and added it to the product backlog.,60.58,0,positive,0,1,android,MEA
TCKT_058973,2023-01-16 18:17:08,CUST_01633,individual,in_app,mobile_app,billing_problem,low,in_progress,standard,My invoice amount is incorrect compared to the plan I selected.,Thanks for reaching out about the billing issue. We will look into this and get back to you within the next 48 hours.,,,0,neutral,0,0,api_client,APAC
TCKT_059029,2023-01-26 09:05:10,CUST_03599,non_profit,email,data_export,security_concern,medium,resolved,standard,We need details about your data encryption and compliance.,We take security very seriously. Our team is reviewing this and will follow up within 24 hours.,"Investigated logs, mitigated the issue, and updated security settings.",5.09,0,very_negative,0,0,ios,EU
TCKT_059123,2023-01-09 04:06:14,CUST_01608,small_business,email,api_integration,feature_request,low,open,standard,It would be great to have api integration support in your product.,Thanks for your feature suggestion. We will look into this and get back to you within the next 48 hours.,,,0,positive,5,1,web,
TCKT_059152,2023-01-23 11:07:30,CUST_03126,individual,chat,login_auth,performance,low,resolved,platinum,Overall performance has degraded in the last few days.,We understand performance issues can be frustrating. We will look into this and get back to you within the next 48 hours.,Optimized queries and increased resource allocation.,18.71,0,negative,3,0,android,EU
TCKT_059175,2023-01-21 09:36:06,CUST_07980,education,chat,data_export,bug,high,closed_no_action,standard,The data export feature is not saving my changes.,Thanks for reporting this bug. We are prioritizing this and will update you as soon as possible.,Ticket closed without further action after no response from the customer.,123.99,0,neutral,4,0,ios,MEA
TCKT_059211,2023-01-19 06:19:49,CUST_02909,non_profit,phone_transcript,mobile_app,how_to,low,in_progress,standard,I need help setting up mobile app for my team.,Happy to help with your question. We will look into this and get back to you within the next 48 hours.,,,0,negative,3,1,android,LATAM
TCKT_059329,2023-01-27 10:03:09,CUST_02796,enterprise,chat,notifications,how_to,high,resolved,platinum,I need help setting up notifications for my team.,Happy to help with your question. We are prioritizing this and will update you as soon as possible.,Provided step-by-step instructions and relevant documentation.,11.52,0,positive,4,0,ios,MEA
TCKT_059376,2023-01-05 08:07:31,CUST_05173,small_business,phone_transcript,billing,how_to,medium,in_progress,standard,I need help setting up billing for my team.,Happy to help with your question. Our team is reviewing this and will follow up within 24 hours.,,,0,negative,0,1,android,
TCKT_059405,2023-01-13 16:13:47,CUST_04987,enterprise,chat,data_export,bug,high,closed_no_action,standard,The page keeps crashing whenever I try to open the data export section.,Thanks for reporting this bug. We are prioritizing this and will update you as soon as possible.,Ticket closed without further action after no response from the customer.,52.36,0,positive,0,0,api_client,APAC
TCKT_059540,2023-01-21 17:41:18,CUST_05882,small_business,email,api_integration,billing_problem,high,resolved,gold,My invoice amount is incorrect compared to the plan I selected.,Thanks for reaching out about the billing issue. We are prioritizing this and will update you as soon as possible.,Adjusted the invoice and issued a refund where applicable.,16.65,0,negative,3,0,desktop_app,APAC
TCKT_059588,2023-01-15 11:41:21,CUST_06610,education,web_form,api_integration,other,low,in_progress,standard,I need help but I'm not sure which category this fits in.,Thanks for contacting support. We will look into this and get back to you within the next 48 hours.,,,0,very_positive,5,1,web,APAC
TCKT_059750,2023-01-07 08:00:27,CUST_01733,education,in_app,mobile_app,feature_request,medium,in_progress,gold,It would be great to have mobile app support in your product.,Thanks for your feature suggestion. Our team is reviewing this and will follow up within 24 hours.,,,0,very_positive,0,1,api_client,MEA
TCKT_059794,2023-01-19 23:37:01,CUST_00114,small_business,phone_transcript,login_auth,how_to,high,resolved,standard,I need help setting up login auth for my team.,Happy to help with your question. We are prioritizing this and will update you as soon as possible.,Provided step-by-step instructions and relevant documentation.,13.54,0,positive,0,1,api_client,
TCKT_059842,2023-01-03 15:03:21,CUST_02394,non_profit,web_form,analytics_dashboard,billing_problem,medium,on_hold,platinum,My invoice amount is incorrect compared to the plan I selected.,Thanks for reaching out about the billing issue. Our team is reviewing this and will follow up within 24 hours.,,,0,negative,0,0,api_client,
TCKT_059952,2023-01-20 20:03:33,CUST_09767,enterprise,web_form,notifications,other,urgent,closed_no_action,standard,"Something seems off, can you please check my workspace?",Thanks for contacting support. This has been escalated to our on-call team for immediate attention.,Ticket closed without further action after no response from the customer.,206.22,0,positive,5,0,web,MEA
TCKT_059986,2023-01-03 08:27:43,CUST_09857,enterprise,email,api_integration,performance,high,resolved,gold,Overall performance has degraded in the last few days.,We understand performance issues can be frustrating. We are prioritizing this and will update you as soon as possible.,Optimized queries and increased resource allocation.,10.99,0,very_negative,0,0,desktop_app,APAC
TCKT_060052,2023-01-03 05:03:20,CUST_07660,individual,chat,analytics_dashboard,feature_request,low,in_progress,standard,It would be great to have analytics dashboard support in your product.,Thanks for your feature suggestion. We will look into this and get back to you within the next 48 hours.,,,0,very_negative,2,1,android,MEA
TCKT_060113,2023-01-02 08:12:37,CUST_00023,individual,web_form,mobile_app,feature_request,medium,closed_no_action,standard,It would be great to have mobile app support in your product.,Thanks for your feature suggestion. Our team is reviewing this and will follow up within 24 hours.,Ticket closed without further action after no response from the customer.,238.17,0,negative,3,0,api_client,LATAM
TCKT_060137,2023-01-15 16:46:45,CUST_04754,non_profit,in_app,analytics_dashboard,billing_problem,low,in_progress,gold,My invoice amount is incorrect compared to the plan I selected.,Thanks for reaching out about the billing issue. We will look into this and get back to you within the next 48 hours.,,,0,neutral,0,0,desktop_app,LATAM
TCKT_060165,2023-01-17 12:33:23,CUST_04456,individual,email,mobile_app,bug,low,resolved,standard,I am seeing an error message when I click on mobile app.,Thanks for reporting this bug. We will look into this and get back to you within the next 48 hours.,Patched the bug and deployed a fix to production.,47.19,0,neutral,3,1,desktop_app,MEA
TCKT_060183,2023-01-15 20:13:12,CUST_06445,individual,in_app,notifications,account_access,high,resolved,standard,I cannot log in; the system says my password is incorrect.,Sorry to hear you're having trouble accessing your account. We are prioritizing this and will update you as soon as possible.,Reset account credentials and confirmed successful login.,21.19,0,neutral,0,1,android,APAC
TCKT_060204,2023-01-03 09:42:58,CUST_08800,small_business,phone_transcript,billing,bug,low,open,standard,I am seeing an error message when I click on billing.,Thanks for reporting this bug. We will look into this and get back to you within the next 48 hours.,,,0,negative,3,0,api_client,MEA
TCKT_060218,2023-01-03 13:01:31,CUST_05062,enterprise,phone_transcript,api_integration,performance,low,open,platinum,The api integration page is very slow and takes a long time to load.,We understand performance issues can be frustrating. We will look into this and get back to you within the next 48 hours.,,,0,neutral,0,0,android,MEA
TCKT_060298,2023-01-04 20:01:00,CUST_02321,small_business,in_app,api_integration,security_concern,high,resolved,gold,There seems to be a vulnerability in the api integration functionality.,We take security very seriously. We are prioritizing this and will update you as soon as possible.,"Investigated logs, mitigated the issue, and updated security settings.",8.26,0,very_negative,2,0,ios,APAC
TCKT_060328,2023-01-11 08:18:01,CUST_08395,enterprise,email,api_integration,how_to,high,on_hold,standard,How can I export my data from the api integration section?,Happy to help with your question. We are prioritizing this and will update you as soon as possible.,,,0,neutral,3,0,api_client,LATAM
TCKT_060332,2023-01-24 15:30:15,CUST_01363,enterprise,phone_transcript,mobile_app,billing_problem,urgent,closed_no_action,standard,I was charged twice for my subscription this month.,Thanks for reaching out about the billing issue. This has been escalated to our on-call team for immediate attention.,Ticket closed without further action after no response from the customer.,113.51,0,neutral,3,0,ios,EU
TCKT_060338,2023-01-29 05:17:51,CUST_08021,education,phone_transcript,data_export,performance,low,open,gold,Overall performance has degraded in the last few days.,We understand performance issues can be frustrating. We will look into this and get back to you within the next 48 hours.,,,0,neutral,4,0,api_client,
TCKT_060343,2023-01-18 19:44:56,CUST_07054,non_profit,chat,billing,account_access,medium,resolved,standard,My account was locked after multiple failed login attempts.,Sorry to hear you're having trouble accessing your account. Our team is reviewing this and will follow up within 24 hours.,Reset account credentials and confirmed successful login.,26.92,0,positive,4,0,android,MEA
TCKT_060391,2023-01-23 06:46:08,CUST_04175,small_business,phone_transcript,login_auth,feature_request,low,resolved,standard,It would be great to have login auth support in your product.,Thanks for your feature suggestion. We will look into this and get back to you within the next 48 hours.,Captured the request and added it to the product backlog.,61.64,0,positive,5,0,ios,EU
TCKT_060404,2023-01-08 01:46:30,CUST_02131,small_business,in_app,mobile_app,other,medium,closed_no_action,standard,I need help but I'm not sure which category this fits in.,Thanks for contacting support. Our team is reviewing this and will follow up within 24 hours.,Ticket closed without further action after no response from the customer.,227.65,0,neutral,4,0,web,EU
TCKT_060432,2023-01-30 22:43:53,CUST_00326,education,phone_transcript,data_export,other,low,resolved,standard,"Something seems off, can you please check my workspace?",Thanks for contacting support. We will look into this and get back to you within the next 48 hours.,Provided general guidance and confirmed the issue was resolved.,14.68,0,neutral,4,0,desktop_app,APAC
TCKT_060473,2023-01-16 17:36:31,CUST_04550,small_business,email,login_auth,billing_problem,low,in_progress,standard,My invoice amount is incorrect compared to the plan I selected.,Thanks for reaching out about the billing issue. We will look into this and get back to you within the next 48 hours.,,,0,very_negative,2,0,ios,APAC
TCKT_060493,2023-01-25 18:49:29,CUST_08857,non_profit,in_app,mobile_app,how_to,medium,closed_no_action,standard,How can I export my data from the mobile app section?,Happy to help with your question. Our team is reviewing this and will follow up within 24 hours.,Ticket closed without further action after no response from the customer.,24.2,0,negative,2,0,api_client,MEA
TCKT_060538,2023-01-09 09:07:03,CUST_05188,small_business,in_app,notifications,other,medium,in_progress,standard,I need help but I'm not sure which category this fits in.,Thanks for contacting support. Our team is reviewing this and will follow up within 24 hours.,,,0,negative,0,0,web,APAC
TCKT_060639,2023-01-25 21:50:47,CUST_08704,small_business,chat,api_integration,feature_request,medium,resolved,standard,Our team needs more advanced options for api integration.,Thanks for your feature suggestion. Our team is reviewing this and will follow up within 24 hours.,Captured the request and added it to the product backlog.,46.38,0,neutral,0,0,ios,MEA
TCKT_060657,2023-01-21 06:19:17,CUST_02807,individual,email,notifications,security_concern,medium,resolved,gold,I noticed a suspicious login on my account.,We take security very seriously. Our team is reviewing this and will follow up within 24 hours.,"Investigated logs, mitigated the issue, and updated security settings.",38.93,0,negative,3,0,api_client,
TCKT_060663,2023-01-18 10:03:49,CUST_08416,enterprise,phone_transcript,api_integration,bug,low,open,gold,I am seeing an error message when I click on api integration.,Thanks for reporting this bug. We will look into this and get back to you within the next 48 hours.,,,0,very_positive,5,1,web,LATAM
TCKT_060669,2023-01-30 03:06:02,CUST_01415,education,email,billing,how_to,medium,on_hold,platinum,I need help setting up billing for my team.,Happy to help with your question. Our team is reviewing this and will follow up within 24 hours.,,,0,negative,3,0,ios,EU
TCKT_060763,2023-01-11 02:34:12,CUST_07292,individual,in_app,analytics_dashboard,billing_problem,low,resolved,standard,I was charged twice for my subscription this month.,Thanks for reaching out about the billing issue. We will look into this and get back to you within the next 48 hours.,Adjusted the invoice and issued a refund where applicable.,21.3,0,very_negative,1,1,android,MEA
TCKT_060863,2023-01-27 23:35:22,CUST_05999,individual,web_form,notifications,feature_request,low,closed_no_action,gold,Can you add an option to customize notifications?,Thanks for your feature suggestion. We will look into this and get back to you within the next 48 hours.,Ticket closed without further action after no response from the customer.,24.3,0,neutral,3,1,web,LATAM
TCKT_060884,2023-01-21 05:56:19,CUST_03085,non_profit,chat,notifications,billing_problem,high,in_progress,gold,I downgraded my plan but I am still being billed for the higher tier.,Thanks for reaching out about the billing issue. We are prioritizing this and will update you as soon as possible.,,,0,negative,0,0,web,MEA
TCKT_060976,2023-01-15 12:20:53,CUST_09957,small_business,email,notifications,feature_request,low,on_hold,gold,Can you add an option to customize notifications?,Thanks for your feature suggestion. We will look into this and get back to you within the next 48 hours.,,,0,very_positive,5,0,android,LATAM
TCKT_061078,2023-01-13 08:27:49,CUST_04780,small_business,chat,api_integration,bug,high,resolved,platinum,I am seeing an error message when I click on api integration.,Thanks for reporting this bug. We are prioritizing this and will update you as soon as possible.,Patched the bug and deployed a fix to production.,23.9,0,neutral,3,0,web,EU
TCKT_061086,2023-01-29 16:53:12,CUST_01574,individual,in_app,billing,how_to,low,in_progress,gold,Can you explain how to configure billing properly?,Happy to help with your question. We will look into this and get back to you within the next 48 hours.,,,0,neutral,4,0,api_client,LATAM
TCKT_061124,2023-01-08 14:33:49,CUST_04173,education,email,data_export,other,low,resolved,standard,I have a general question about my account.,Thanks for contacting support. We will look into this and get back to you within the next 48 hours.,Provided general guidance and confirmed the issue was resolved.,60.08,0,positive,5,0,api_client,LATAM
TCKT_061129,2023-01-06 22:12:13,CUST_04472,education,email,notifications,performance,low,resolved,standard,The notifications page is very slow and takes a long time to load.,We understand performance issues can be frustrating. We will look into this and get back to you within the next 48 hours.,Optimized queries and increased resource allocation.,69.39,0,negative,2,0,desktop_app,MEA
TCKT_061194,2023-01-10 22:59:49,CUST_03645,education,chat,data_export,feature_request,high,open,standard,Can you add an option to customize data export?,Thanks for your feature suggestion. We are prioritizing this and will update you as soon as possible.,,,0,very_positive,5,0,api_client,APAC
TCKT_061240,2023-01-22 19:11:09,CUST_00189,enterprise,phone_transcript,api_integration,performance,low,open,gold,Queries in the api integration module are timing out.,We understand performance issues can be frustrating. We will look into this and get back to you within the next 48 hours.,,,0,positive,4,0,desktop_app,EU
TCKT_061279,2023-01-19 05:25:55,CUST_07575,non_profit,email,billing,security_concern,low,on_hold,gold,There seems to be a vulnerability in the billing functionality.,We take security very seriously. We will look into this and get back to you within the next 48 hours.,,,0,negative,3,1,desktop_app,
TCKT_061306,2023-01-09 12:05:51,CUST_05662,enterprise,chat,api_integration,security_concern,low,resolved,standard,There seems to be a vulnerability in the api integration functionality.,We take security very seriously. We will look into this and get back to you within the next 48 hours.,"Investigated logs, mitigated the issue, and updated security settings.",17.79,0,very_negative,1,0,ios,APAC
TCKT_061310,2023-01-13 21:03:00,CUST_06809,non_profit,web_form,data_export,other,low,resolved,standard,"Something seems off, can you please check my workspace?",Thanks for contacting support. We will look into this and get back to you within the next 48 hours.,Provided general guidance and confirmed the issue was resolved.,42.21,0,very_negative,1,0,desktop_app,
TCKT_061353,2023-01-10 01:49:09,CUST_06007,individual,phone_transcript,analytics_dashboard,account_access,low,closed_no_action,gold,My 2FA code is not working when I try to sign in.,Sorry to hear you're having trouble accessing your account. We will look into this and get back to you within the next 48 hours.,Ticket closed without further action after no response from the customer.,69.68,0,very_negative,2,0,api_client,EU
TCKT_061406,2023-01-03 10:46:34,CUST_01975,non_profit,email,mobile_app,account_access,medium,on_hold,standard,My account was locked after multiple failed login attempts.,Sorry to hear you're having trouble accessing your account. Our team is reviewing this and will follow up within 24 hours.,,,0,positive,5,0,android,
TCKT_061476,2023-01-18 17:24:06,CUST_03793,individual,chat,analytics_dashboard,account_access,medium,on_hold,standard,My 2FA code is not working when I try to sign in.,Sorry to hear you're having trouble accessing your account. Our team is reviewing this and will follow up within 24 hours.,,,0,negative,2,1,desktop_app,MEA
TCKT_061490,2023-01-21 22:26:39,CUST_01392,education,phone_transcript,mobile_app,other,low,resolved,standard,I need help but I'm not sure which category this fits in.,Thanks for contacting support. We will look into this and get back to you within the next 48 hours.,Provided general guidance and confirmed the issue was resolved.,68.05,0,very_negative,1,1,ios,MEA
TCKT_061544,2023-01-05 21:52:46,CUST_00987,individual,phone_transcript,billing,how_to,low,open,standard,How can I export my data from the billing section?,Happy to help with your question. We will look into this and get back to you within the next 48 hours.,,,0,neutral,4,0,android,MEA
TCKT_061545,2023-01-03 03:09:53,CUST_02315,education,email,notifications,feature_request,high,on_hold,platinum,It would be great to have notifications support in your product.,Thanks for your feature suggestion. We are prioritizing this and will update you as soon as possible.,,,0,neutral,3,0,ios,MEA
TCKT_061571,2023-01-25 12:16:46,CUST_07924,education,in_app,data_export,other,low,resolved,standard,I have a general question about my account.,Thanks for contacting support. We will look into this and get back to you within the next 48 hours.,Provided general guidance and confirmed the issue was resolved.,46.57,0,negative,2,0,desktop_app,APAC
TCKT_061573,2023-01-07 14:41:41,CUST_04435,enterprise,email,login_auth,performance,medium,open,standard,Overall performance has degraded in the last few days.,We understand performance issues can be frustrating. Our team is reviewing this and will follow up within 24 hours.,,,0,negative,3,0,android,APAC
TCKT_061601,2023-01-10 18:47:53,CUST_09362,education,phone_transcript,login_auth,billing_problem,low,resolved,standard,I was charged twice for my subscription this month.,Thanks for reaching out about the billing issue. We will look into this and get back to you within the next 48 hours.,Adjusted the invoice and issued a refund where applicable.,42.56,0,negative,3,1,android,MEA
TCKT_061606,2023-01-05 08:39:55,CUST_00203,individual,phone_transcript,mobile_app,other,medium,resolved,gold,"Something seems off, can you please check my workspace?",Thanks for contacting support. Our team is reviewing this and will follow up within 24 hours.,Provided general guidance and confirmed the issue was resolved.,43.8,0,negative,0,1,android,MEA
TCKT_061657,2023-01-31 10:10:45,CUST_00418,enterprise,phone_transcript,api_integration,feature_request,medium,resolved,standard,Can you add an option to customize api integration?,Thanks for your feature suggestion. Our team is reviewing this and will follow up within 24 hours.,Captured the request and added it to the product backlog.,46.44,0,positive,5,1,android,MEA
TCKT_061695,2023-01-26 21:54:49,CUST_06654,non_profit,phone_transcript,billing,performance,medium,resolved,standard,Queries in the billing module are timing out.,We understand performance issues can be frustrating. Our team is reviewing this and will follow up within 24 hours.,Optimized queries and increased resource allocation.,36.29,1,very_negative,2,0,desktop_app,APAC
TCKT_061819,2023-01-15 15:07:21,CUST_07188,enterprise,phone_transcript,analytics_dashboard,billing_problem,medium,on_hold,standard,I downgraded my plan but I am still being billed for the higher tier.,Thanks for reaching out about the billing issue. Our team is reviewing this and will follow up within 24 hours.,,,1,neutral,3,0,api_client,
TCKT_061856,2023-01-29 08:01:29,CUST_00193,non_profit,web_form,api_integration,security_concern,medium,open,standard,I noticed a suspicious login on my account.,We take security very seriously. Our team is reviewing this and will follow up within 24 hours.,,,0,negative,2,0,desktop_app,
TCKT_061859,2023-01-19 01:55:50,CUST_02742,non_profit,chat,mobile_app,bug,low,resolved,standard,The mobile app feature is not saving my changes.,Thanks for reporting this bug. We will look into this and get back to you within the next 48 hours.,Patched the bug and deployed a fix to production.,43.86,0,positive,4,0,ios,EU
TCKT_061884,2023-01-13 06:29:38,CUST_04252,small_business,web_form,data_export,how_to,low,in_progress,standard,I need help setting up data export for my team.,Happy to help with your question. We will look into this and get back to you within the next 48 hours.,,,1,positive,4,0,desktop_app,EU
TCKT_061920,2023-01-03 14:42:12,CUST_03105,individual,chat,login_auth,bug,medium,in_progress,platinum,The login auth feature is not saving my changes.,Thanks for reporting this bug. Our team is reviewing this and will follow up within 24 hours.,,,0,neutral,0,0,web,LATAM
TCKT_061952,2023-01-29 19:35:36,CUST_01344,education,in_app,notifications,security_concern,low,on_hold,platinum,There seems to be a vulnerability in the notifications functionality.,We take security very seriously. We will look into this and get back to you within the next 48 hours.,,,0,neutral,0,0,api_client,MEA
TCKT_062062,2023-01-21 10:13:20,CUST_04057,enterprise,email,api_integration,account_access,medium,resolved,standard,My account was locked after multiple failed login attempts.,Sorry to hear you're having trouble accessing your account. Our team is reviewing this and will follow up within 24 hours.,Reset account credentials and confirmed successful login.,47.45,0,positive,4,0,ios,LATAM
TCKT_062111,2023-01-14 20:09:22,CUST_02437,enterprise,phone_transcript,mobile_app,security_concern,high,in_progress,standard,There seems to be a vulnerability in the mobile app functionality.,We take security very seriously. We are prioritizing this and will update you as soon as possible.,,,0,very_negative,0,0,web,APAC
TCKT_062117,2023-01-18 19:22:19,CUST_02512,education,web_form,mobile_app,account_access,high,on_hold,standard,I cannot log in; the system says my password is incorrect.,Sorry to hear you're having trouble accessing your account. We are prioritizing this and will update you as soon as possible.,,,0,negative,3,1,web,EU
TCKT_062196,2023-01-18 00:46:22,CUST_06876,non_profit,web_form,billing,how_to,medium,resolved,gold,Can you explain how to configure billing properly?,Happy to help with your question. Our team is reviewing this and will follow up within 24 hours.,Provided step-by-step instructions and relevant documentation.,47.02,0,very_positive,5,0,android,MEA
TCKT_062208,2023-01-20 17:05:27,CUST_07997,small_business,in_app,data_export,performance,urgent,resolved,gold,Overall performance has degraded in the last few days.,We understand performance issues can be frustrating. This has been escalated to our on-call team for immediate attention.,Optimized queries and increased resource allocation.,4.14,0,negative,3,0,desktop_app,
TCKT_062223,2023-01-11 08:35:29,CUST_06967,non_profit,chat,mobile_app,bug,low,resolved,platinum,The mobile app feature is not saving my changes.,Thanks for reporting this bug. We will look into this and get back to you within the next 48 hours.,Patched the bug and deployed a fix to production.,43.33,0,very_negative,0,1,android,MEA
TCKT_062252,2023-01-27 22:27:30,CUST_02013,small_business,chat,mobile_app,bug,low,on_hold,standard,The mobile app feature is not saving my changes.,Thanks for reporting this bug. We will look into this and get back to you within the next 48 hours.,,,0,neutral,4,0,web,LATAM
TCKT_062290,2023-01-23 13:21:04,CUST_04740,individual,phone_transcript,mobile_app,billing_problem,low,closed_no_action,gold,I was charged twice for my subscription this month.,Thanks for reaching out about the billing issue. We will look into this and get back to you within the next 48 hours.,Ticket closed without further action after no response from the customer.,90.44,0,very_negative,2,1,ios,MEA
TCKT_062319,2023-01-31 10:20:39,CUST_07846,non_profit,chat,analytics_dashboard,bug,medium,resolved,standard,I am seeing an error message when I click on analytics dashboard.,Thanks for reporting this bug. Our team is reviewing this and will follow up within 24 hours.,Patched the bug and deployed a fix to production.,14.24,0,neutral,4,1,ios,
TCKT_062361,2023-01-16 15:53:33,CUST_00452,individual,chat,data_export,security_concern,medium,in_progress,standard,We need details about your data encryption and compliance.,We take security very seriously. Our team is reviewing this and will follow up within 24 hours.,,,1,very_negative,1,0,api_client,
TCKT_062367,2023-01-08 07:43:33,CUST_00881,individual,phone_transcript,notifications,bug,medium,on_hold,standard,The notifications feature is not saving my changes.,Thanks for reporting this bug. Our team is reviewing this and will follow up within 24 hours.,,,0,neutral,3,0,web,
TCKT_062404,2023-01-28 21:23:50,CUST_07824,individual,in_app,billing,account_access,medium,open,standard,My account was locked after multiple failed login attempts.,Sorry to hear you're having trouble accessing your account. Our team is reviewing this and will follow up within 24 hours.,,,0,positive,5,0,ios,
TCKT_062417,2023-01-13 21:18:17,CUST_09375,education,email,login_auth,security_concern,low,on_hold,gold,I noticed a suspicious login on my account.,We take security very seriously. We will look into this and get back to you within the next 48 hours.,,,0,very_negative,2,1,web,
TCKT_062458,2023-01-30 12:32:27,CUST_06333,non_profit,web_form,mobile_app,how_to,medium,on_hold,standard,I need help setting up mobile app for my team.,Happy to help with your question. Our team is reviewing this and will follow up within 24 hours.,,,0,neutral,0,0,android,LATAM
TCKT_062559,2023-01-12 13:42:40,CUST_08831,small_business,chat,notifications,other,high,in_progress,standard,I have a general question about my account.,Thanks for contacting support. We are prioritizing this and will update you as soon as possible.,,,0,very_positive,0,1,ios,MEA
TCKT_062634,2023-01-16 07:49:34,CUST_05192,individual,phone_transcript,notifications,feature_request,medium,resolved,standard,Can you add an option to customize notifications?,Thanks for your feature suggestion. Our team is reviewing this and will follow up within 24 hours.,Captured the request and added it to the product backlog.,23.84,0,positive,5,1,web,EU
TCKT_062648,2023-01-07 12:07:23,CUST_01912,small_business,chat,mobile_app,billing_problem,high,resolved,standard,My invoice amount is incorrect compared to the plan I selected.,Thanks for reaching out about the billing issue. We are prioritizing this and will update you as soon as possible.,Adjusted the invoice and issued a refund where applicable.,2.0,0,very_positive,5,1,desktop_app,
TCKT_062701,2023-01-14 03:17:13,CUST_03405,enterprise,phone_transcript,api_integration,account_access,medium,closed_no_action,platinum,I cannot log in; the system says my password is incorrect.,Sorry to hear you're having trouble accessing your account. Our team is reviewing this and will follow up within 24 hours.,Ticket closed without further action after no response from the customer.,220.65,0,negative,2,1,web,EU
TCKT_062857,2023-01-07 00:41:02,CUST_02467,individual,in_app,notifications,how_to,medium,resolved,standard,I need help setting up notifications for my team.,Happy to help with your question. Our team is reviewing this and will follow up within 24 hours.,Provided step-by-step instructions and relevant documentation.,12.73,0,positive,5,1,web,LATAM
TCKT_062884,2023-01-10 19:08:10,CUST_03217,education,in_app,data_export,performance,low,on_hold,standard,Overall performance has degraded in the last few days.,We understand performance issues can be frustrating. We will look into this and get back to you within the next 48 hours.,,,0,very_negative,0,0,api_client,MEA
TCKT_062900,2023-01-16 17:04:31,CUST_06254,enterprise,phone_transcript,billing,other,low,in_progress,standard,I need help but I'm not sure which category this fits in.,Thanks for contacting support. We will look into this and get back to you within the next 48 hours.,,,0,positive,0,0,desktop_app,
TCKT_062913,2023-01-11 11:58:13,CUST_09640,small_business,in_app,billing,billing_problem,medium,resolved,standard,I downgraded my plan but I am still being billed for the higher tier.,Thanks for reaching out about the billing issue. Our team is reviewing this and will follow up within 24 hours.,Adjusted the invoice and issued a refund where applicable.,46.99,0,very_negative,0,0,web,MEA
TCKT_062922,2023-01-21 20:00:52,CUST_03186,enterprise,web_form,billing,billing_problem,high,open,standard,I was charged twice for my subscription this month.,Thanks for reaching out about the billing issue. We are prioritizing this and will update you as soon as possible.,,,0,neutral,3,0,web,LATAM
TCKT_062937,2023-01-05 10:22:40,CUST_01528,enterprise,chat,login_auth,feature_request,medium,in_progress,standard,It would be great to have login auth support in your product.,Thanks for your feature suggestion. Our team is reviewing this and will follow up within 24 hours.,,,0,very_positive,5,0,web,MEA
TCKT_062939,2023-01-02 17:35:32,CUST_09095,small_business,in_app,analytics_dashboard,billing_problem,medium,closed_no_action,standard,I downgraded my plan but I am still being billed for the higher tier.,Thanks for reaching out about the billing issue. Our team is reviewing this and will follow up within 24 hours.,Ticket closed without further action after no response from the customer.,222.78,0,neutral,3,1,api_client,
TCKT_062954,2023-01-07 09:14:34,CUST_08425,individual,phone_transcript,login_auth,how_to,medium,on_hold,gold,How can I export my data from the login auth section?,Happy to help with your question. Our team is reviewing this and will follow up within 24 hours.,,,0,very_negative,1,0,desktop_app,
TCKT_063062,2023-01-27 06:44:17,CUST_05827,education,web_form,mobile_app,performance,medium,in_progress,gold,Overall performance has degraded in the last few days.,We understand performance issues can be frustrating. Our team is reviewing this and will follow up within 24 hours.,,,0,neutral,0,0,ios,MEA
TCKT_063136,2023-01-11 20:12:20,CUST_01436,enterprise,in_app,notifications,account_access,urgent,open,standard,I cannot log in; the system says my password is incorrect.,Sorry to hear you're having trouble accessing your account. This has been escalated to our on-call team for immediate attention.,,,0,very_positive,5,1,android,APAC
TCKT_063155,2023-01-04 13:14:37,CUST_09021,enterprise,email,notifications,security_concern,medium,resolved,gold,We need details about your data encryption and compliance.,We take security very seriously. Our team is reviewing this and will follow up within 24 hours.,"Investigated logs, mitigated the issue, and updated security settings.",25.83,0,negative,2,0,web,LATAM
TCKT_063160,2023-01-24 21:40:38,CUST_05747,education,phone_transcript,analytics_dashboard,performance,high,resolved,standard,The analytics dashboard page is very slow and takes a long time to load.,We understand performance issues can be frustrating. We are prioritizing this and will update you as soon as possible.,Optimized queries and increased resource allocation.,7.14,0,negative,3,0,api_client,MEA
TCKT_063205,2023-01-20 21:16:02,CUST_08588,non_profit,chat,data_export,how_to,low,resolved,standard,Can you explain how to configure data export properly?,Happy to help with your question. We will look into this and get back to you within the next 48 hours.,Provided step-by-step instructions and relevant documentation.,28.28,0,neutral,4,1,ios,
TCKT_063260,2023-01-14 12:14:50,CUST_03569,non_profit,web_form,mobile_app,security_concern,low,in_progress,gold,I noticed a suspicious login on my account.,We take security very seriously. We will look into this and get back to you within the next 48 hours.,,,1,neutral,3,1,android,MEA
TCKT_063282,2023-01-04 22:09:30,CUST_01802,enterprise,chat,data_export,bug,low,resolved,platinum,I am seeing an error message when I click on data export.,Thanks for reporting this bug. We will look into this and get back to you within the next 48 hours.,Patched the bug and deployed a fix to production.,49.35,0,neutral,0,1,web,EU
TCKT_063297,2023-01-18 23:22:28,CUST_02046,individual,in_app,billing,bug,high,resolved,standard,I am seeing an error message when I click on billing.,Thanks for reporting this bug. We are prioritizing this and will update you as soon as possible.,Patched the bug and deployed a fix to production.,16.83,0,negative,0,0,api_client,MEA
TCKT_063305,2023-01-09 01:39:02,CUST_07849,education,email,billing,billing_problem,medium,open,gold,My invoice amount is incorrect compared to the plan I selected.,Thanks for reaching out about the billing issue. Our team is reviewing this and will follow up within 24 hours.,,,0,very_negative,1,0,desktop_app,APAC
TCKT_063335,2023-01-07 08:41:14,CUST_01140,small_business,chat,billing,bug,low,resolved,gold,The billing feature is not saving my changes.,Thanks for reporting this bug. We will look into this and get back to you within the next 48 hours.,Patched the bug and deployed a fix to production.,68.59,0,very_positive,5,1,web,EU
TCKT_063424,2023-01-22 04:14:18,CUST_06599,small_business,email,data_export,feature_request,medium,on_hold,standard,It would be great to have data export support in your product.,Thanks for your feature suggestion. Our team is reviewing this and will follow up within 24 hours.,,,0,neutral,0,1,android,EU
TCKT_063521,2023-01-09 19:50:01,CUST_03285,individual,chat,notifications,account_access,medium,closed_no_action,gold,My 2FA code is not working when I try to sign in.,Sorry to hear you're having trouble accessing your account. Our team is reviewing this and will follow up within 24 hours.,Ticket closed without further action after no response from the customer.,187.42,0,very_negative,0,1,ios,
TCKT_063578,2023-01-25 06:26:29,CUST_07178,education,chat,notifications,performance,medium,closed_no_action,standard,Overall performance has degraded in the last few days.,We understand performance issues can be frustrating. Our team is reviewing this and will follow up within 24 hours.,Ticket closed without further action after no response from the customer.,185.56,1,neutral,3,0,web,EU
TCKT_063658,2023-01-03 00:50:19,CUST_08071,education,email,api_integration,bug,low,resolved,standard,I am seeing an error message when I click on api integration.,Thanks for reporting this bug. We will look into this and get back to you within the next 48 hours.,Patched the bug and deployed a fix to production.,35.58,0,negative,2,0,android,APAC
TCKT_063662,2023-01-15 01:00:34,CUST_06109,education,email,mobile_app,performance,high,open,standard,Overall performance has degraded in the last few days.,We understand performance issues can be frustrating. We are prioritizing this and will update you as soon as possible.,,,0,negative,3,1,ios,APAC
TCKT_063681,2023-01-08 01:07:52,CUST_08555,small_business,in_app,mobile_app,bug,high,resolved,standard,I am seeing an error message when I click on mobile app.,Thanks for reporting this bug. We are prioritizing this and will update you as soon as possible.,Patched the bug and deployed a fix to production.,6.87,0,very_negative,1,0,ios,EU
TCKT_063694,2023-01-25 17:58:37,CUST_03329,small_business,chat,billing,account_access,medium,on_hold,standard,My 2FA code is not working when I try to sign in.,Sorry to hear you're having trouble accessing your account. Our team is reviewing this and will follow up within 24 hours.,,,0,very_negative,0,0,api_client,EU
TCKT_063697,2023-01-21 18:27:48,CUST_01051,small_business,in_app,billing,how_to,high,resolved,gold,Can you explain how to configure billing properly?,Happy to help with your question. We are prioritizing this and will update you as soon as possible.,Provided step-by-step instructions and relevant documentation.,7.22,0,positive,4,1,web,LATAM
TCKT_063766,2023-01-01 01:04:25,CUST_01562,education,phone_transcript,analytics_dashboard,security_concern,medium,resolved,standard,I noticed a suspicious login on my account.,We take security very seriously. Our team is reviewing this and will follow up within 24 hours.,"Investigated logs, mitigated the issue, and updated security settings.",7.61,0,very_negative,1,0,android,MEA
TCKT_063769,2023-01-08 22:11:12,CUST_01691,education,chat,login_auth,security_concern,low,resolved,gold,There seems to be a vulnerability in the login auth functionality.,We take security very seriously. We will look into this and get back to you within the next 48 hours.,"Investigated logs, mitigated the issue, and updated security settings.",27.06,0,negative,2,0,api_client,
TCKT_063805,2023-01-01 20:35:44,CUST_05093,non_profit,in_app,billing,billing_problem,low,in_progress,standard,I downgraded my plan but I am still being billed for the higher tier.,Thanks for reaching out about the billing issue. We will look into this and get back to you within the next 48 hours.,,,0,very_negative,0,0,web,
TCKT_063809,2023-01-07 20:28:53,CUST_06313,small_business,chat,login_auth,performance,low,resolved,gold,Overall performance has degraded in the last few days.,We understand performance issues can be frustrating. We will look into this and get back to you within the next 48 hours.,Optimized queries and increased resource allocation.,44.53,1,negative,3,0,ios,MEA
TCKT_063889,2023-01-01 08:44:01,CUST_01871,non_profit,phone_transcript,analytics_dashboard,other,high,closed_no_action,gold,"Something seems off, can you please check my workspace?",Thanks for contacting support. We are prioritizing this and will update you as soon as possible.,Ticket closed without further action after no response from the customer.,207.08,0,neutral,0,1,api_client,EU
TCKT_063972,2023-01-24 02:46:17,CUST_05101,education,in_app,notifications,security_concern,medium,open,standard,I noticed a suspicious login on my account.,We take security very seriously. Our team is reviewing this and will follow up within 24 hours.,,,0,very_negative,1,0,web,LATAM
TCKT_064058,2023-01-20 12:43:25,CUST_05496,non_profit,in_app,data_export,bug,medium,in_progress,standard,The data export feature is not saving my changes.,Thanks for reporting this bug. Our team is reviewing this and will follow up within 24 hours.,,,0,neutral,3,0,android,EU
TCKT_064065,2023-01-31 23:17:04,CUST_08716,enterprise,email,notifications,how_to,medium,resolved,platinum,I need help setting up notifications for my team.,Happy to help with your question. Our team is reviewing this and will follow up within 24 hours.,Provided step-by-step instructions and relevant documentation.,30.34,0,very_negative,0,0,api_client,APAC
TCKT_064223,2023-01-01 19:28:15,CUST_07726,education,phone_transcript,notifications,billing_problem,low,closed_no_action,gold,My invoice amount is incorrect compared to the plan I selected.,Thanks for reaching out about the billing issue. We will look into this and get back to you within the next 48 hours.,Ticket closed without further action after no response from the customer.,34.02,0,positive,4,0,web,
TCKT_064225,2023-01-01 01:28:36,CUST_06087,enterprise,chat,login_auth,other,high,resolved,standard,I need help but I'm not sure which category this fits in.,Thanks for contacting support. We are prioritizing this and will update you as soon as possible.,Provided general guidance and confirmed the issue was resolved.,23.73,0,negative,3,0,desktop_app,
TCKT_064241,2023-01-03 17:05:52,CUST_07969,small_business,in_app,billing,how_to,medium,in_progress,standard,How can I export my data from the billing section?,Happy to help with your question. Our team is reviewing this and will follow up within 24 hours.,,,0,positive,5,0,web,MEA
TCKT_064256,2023-01-01 12:08:49,CUST_02669,enterprise,web_form,api_integration,bug,medium,on_hold,gold,The api integration feature is not saving my changes.,Thanks for reporting this bug. Our team is reviewing this and will follow up within 24 hours.,,,1,neutral,4,0,api_client,
TCKT_064437,2023-01-07 04:29:42,CUST_06240,small_business,phone_transcript,api_integration,performance,high,in_progress,standard,The api integration page is very slow and takes a long time to load.,We understand performance issues can be frustrating. We are prioritizing this and will update you as soon as possible.,,,0,positive,4,0,web,APAC
TCKT_064464,2023-01-21 19:52:37,CUST_07596,education,in_app,api_integration,account_access,low,resolved,gold,I cannot log in; the system says my password is incorrect.,Sorry to hear you're having trouble accessing your account. We will look into this and get back to you within the next 48 hours.,Reset account credentials and confirmed successful login.,44.95,0,very_positive,5,0,ios,MEA
TCKT_064467,2023-01-26 02:27:53,CUST_04229,education,phone_transcript,mobile_app,account_access,low,resolved,standard,My account was locked after multiple failed login attempts.,Sorry to hear you're having trouble accessing your account. We will look into this and get back to you within the next 48 hours.,Reset account credentials and confirmed successful login.,26.68,0,negative,0,0,api_client,APAC
TCKT_064619,2023-01-19 15:14:00,CUST_00115,education,phone_transcript,notifications,other,medium,in_progress,gold,I have a general question about my account.,Thanks for contacting support. Our team is reviewing this and will follow up within 24 hours.,,,0,neutral,3,0,android,EU
TCKT_064715,2023-01-24 15:58:29,CUST_08561,education,email,mobile_app,account_access,medium,in_progress,standard,I cannot log in; the system says my password is incorrect.,Sorry to hear you're having trouble accessing your account. Our team is reviewing this and will follow up within 24 hours.,,,0,very_negative,0,0,api_client,LATAM
TCKT_064761,2023-01-14 09:20:22,CUST_03124,non_profit,phone_transcript,notifications,security_concern,high,in_progress,standard,I noticed a suspicious login on my account.,We take security very seriously. We are prioritizing this and will update you as soon as possible.,,,0,very_negative,2,0,web,APAC
TCKT_064879,2023-01-21 14:26:36,CUST_09755,education,email,billing,bug,low,resolved,gold,The page keeps crashing whenever I try to open the billing section.,Thanks for reporting this bug. We will look into this and get back to you within the next 48 hours.,Patched the bug and deployed a fix to production.,57.83,0,very_positive,0,0,android,MEA
TCKT_064893,2023-01-22 04:18:29,CUST_01319,non_profit,chat,api_integration,feature_request,high,open,standard,Can you add an option to customize api integration?,Thanks for your feature suggestion. We are prioritizing this and will update you as soon as possible.,,,0,very_negative,1,1,ios,LATAM
TCKT_064907,2023-01-27 00:54:33,CUST_05494,individual,email,notifications,account_access,low,resolved,standard,My account was locked after multiple failed login attempts.,Sorry to hear you're having trouble accessing your account. We will look into this and get back to you within the next 48 hours.,Reset account credentials and confirmed successful login.,13.87,0,neutral,3,0,android,EU
TCKT_064989,2023-01-04 10:54:19,CUST_05067,enterprise,in_app,notifications,performance,medium,in_progress,standard,The notifications page is very slow and takes a long time to load.,We understand performance issues can be frustrating. Our team is reviewing this and will follow up within 24 hours.,,,0,negative,2,0,ios,EU
TCKT_065002,2023-01-21 10:31:46,CUST_04533,non_profit,email,notifications,other,medium,open,standard,I have a general question about my account.,Thanks for contacting support. Our team is reviewing this and will follow up within 24 hours.,,,0,positive,0,0,android,
TCKT_065035,2023-01-03 23:29:20,CUST_02059,non_profit,email,analytics_dashboard,security_concern,medium,resolved,gold,I noticed a suspicious login on my account.,We take security very seriously. Our team is reviewing this and will follow up within 24 hours.,"Investigated logs, mitigated the issue, and updated security settings.",19.92,0,negative,0,0,desktop_app,APAC
TCKT_065057,2023-01-09 04:29:44,CUST_05070,enterprise,chat,data_export,how_to,medium,resolved,gold,Can you explain how to configure data export properly?,Happy to help with your question. Our team is reviewing this and will follow up within 24 hours.,Provided step-by-step instructions and relevant documentation.,37.68,0,neutral,0,1,ios,LATAM
TCKT_065067,2023-01-05 08:05:25,CUST_09787,non_profit,in_app,notifications,feature_request,medium,in_progress,standard,Can you add an option to customize notifications?,Thanks for your feature suggestion. Our team is reviewing this and will follow up within 24 hours.,,,0,positive,4,1,desktop_app,MEA
TCKT_065267,2023-01-26 17:21:58,CUST_03126,non_profit,email,notifications,how_to,high,resolved,standard,How can I export my data from the notifications section?,Happy to help with your question. We are prioritizing this and will update you as soon as possible.,Provided step-by-step instructions and relevant documentation.,12.93,1,neutral,4,0,android,
TCKT_065273,2023-01-17 06:36:59,CUST_09848,small_business,email,billing,security_concern,high,closed_no_action,gold,There seems to be a vulnerability in the billing functionality.,We take security very seriously. We are prioritizing this and will update you as soon as possible.,Ticket closed without further action after no response from the customer.,222.35,0,negative,3,1,android,EU
TCKT_065288,2023-01-08 22:29:57,CUST_06265,enterprise,web_form,billing,performance,high,closed_no_action,gold,Overall performance has degraded in the last few days.,We understand performance issues can be frustrating. We are prioritizing this and will update you as soon as possible.,Ticket closed without further action after no response from the customer.,49.97,0,negative,0,0,api_client,EU
TCKT_065314,2023-01-13 04:17:11,CUST_07188,individual,chat,data_export,performance,medium,open,standard,The data export page is very slow and takes a long time to load.,We understand performance issues can be frustrating. Our team is reviewing this and will follow up within 24 hours.,,,0,negative,3,0,api_client,
TCKT_065325,2023-01-11 19:16:26,CUST_06208,non_profit,web_form,billing,account_access,medium,resolved,platinum,I cannot log in; the system says my password is incorrect.,Sorry to hear you're having trouble accessing your account. Our team is reviewing this and will follow up within 24 hours.,Reset account credentials and confirmed successful login.,18.87,0,very_negative,2,0,api_client,LATAM
TCKT_065331,2023-01-11 00:47:14,CUST_09711,small_business,in_app,data_export,how_to,low,on_hold,gold,How can I export my data from the data export section?,Happy to help with your question. We will look into this and get back to you within the next 48 hours.,,,0,neutral,3,0,api_client,LATAM
TCKT_065374,2023-01-23 20:03:20,CUST_06608,enterprise,in_app,login_auth,other,low,on_hold,standard,I need help but I'm not sure which category this fits in.,Thanks for contacting support. We will look into this and get back to you within the next 48 hours.,,,0,positive,0,0,api_client,MEA
TCKT_065445,2023-01-14 18:15:43,CUST_02133,non_profit,in_app,data_export,feature_request,medium,resolved,standard,Our team needs more advanced options for data export.,Thanks for your feature suggestion. Our team is reviewing this and will follow up within 24 hours.,Captured the request and added it to the product backlog.,17.47,0,negative,3,0,android,MEA
TCKT_065448,2023-01-28 21:57:47,CUST_07242,education,in_app,analytics_dashboard,how_to,high,in_progress,gold,I need help setting up analytics dashboard for my team.,Happy to help with your question. We are prioritizing this and will update you as soon as possible.,,,0,neutral,3,0,android,
TCKT_065496,2023-01-14 09:43:34,CUST_08453,non_profit,phone_transcript,login_auth,billing_problem,high,resolved,gold,I was charged twice for my subscription this month.,Thanks for reaching out about the billing issue. We are prioritizing this and will update you as soon as possible.,Adjusted the invoice and issued a refund where applicable.,3.55,0,negative,0,0,android,
TCKT_065651,2023-01-18 14:23:20,CUST_01074,individual,web_form,data_export,billing_problem,medium,resolved,standard,My invoice amount is incorrect compared to the plan I selected.,Thanks for reaching out about the billing issue. Our team is reviewing this and will follow up within 24 hours.,Adjusted the invoice and issued a refund where applicable.,21.07,0,negative,2,0,android,APAC
TCKT_065659,2023-01-28 22:13:31,CUST_00677,non_profit,web_form,login_auth,feature_request,high,open,standard,It would be great to have login auth support in your product.,Thanks for your feature suggestion. We are prioritizing this and will update you as soon as possible.,,,1,very_positive,0,0,api_client,EU
TCKT_065805,2023-01-08 10:26:37,CUST_02663,education,chat,billing,bug,medium,in_progress,standard,I am seeing an error message when I click on billing.,Thanks for reporting this bug. Our team is reviewing this and will follow up within 24 hours.,,,0,negative,2,1,ios,LATAM
TCKT_066029,2023-01-07 18:26:11,CUST_03201,enterprise,phone_transcript,login_auth,security_concern,medium,in_progress,standard,I noticed a suspicious login on my account.,We take security very seriously. Our team is reviewing this and will follow up within 24 hours.,,,0,negative,2,0,ios,LATAM
TCKT_066032,2023-01-25 09:42:12,CUST_07149,small_business,chat,login_auth,security_concern,medium,resolved,gold,I noticed a suspicious login on my account.,We take security very seriously. Our team is reviewing this and will follow up within 24 hours.,"Investigated logs, mitigated the issue, and updated security settings.",4.28,0,negative,2,1,ios,APAC
TCKT_066104,2023-01-12 23:37:05,CUST_07483,small_business,web_form,api_integration,billing_problem,low,on_hold,standard,My invoice amount is incorrect compared to the plan I selected.,Thanks for reaching out about the billing issue. We will look into this and get back to you within the next 48 hours.,,,0,positive,0,0,desktop_app,MEA
TCKT_066124,2023-01-14 04:36:51,CUST_03020,small_business,phone_transcript,login_auth,how_to,high,resolved,standard,I need help setting up login auth for my team.,Happy to help with your question. We are prioritizing this and will update you as soon as possible.,Provided step-by-step instructions and relevant documentation.,17.85,0,neutral,4,0,api_client,APAC
TCKT_066129,2023-01-20 10:58:06,CUST_02614,enterprise,in_app,login_auth,bug,low,on_hold,standard,The login auth feature is not saving my changes.,Thanks for reporting this bug. We will look into this and get back to you within the next 48 hours.,,,0,positive,5,0,android,LATAM
TCKT_066236,2023-01-21 06:26:15,CUST_05857,small_business,phone_transcript,analytics_dashboard,billing_problem,low,closed_no_action,gold,My invoice amount is incorrect compared to the plan I selected.,Thanks for reaching out about the billing issue. We will look into this and get back to you within the next 48 hours.,Ticket closed without further action after no response from the customer.,175.19,0,very_negative,1,1,api_client,
TCKT_066272,2023-01-28 00:21:48,CUST_00257,individual,email,analytics_dashboard,billing_problem,medium,open,gold,I was charged twice for my subscription this month.,Thanks for reaching out about the billing issue. Our team is reviewing this and will follow up within 24 hours.,,,0,neutral,0,1,desktop_app,APAC
TCKT_066326,2023-01-15 18:23:09,CUST_00886,enterprise,in_app,data_export,feature_request,high,in_progress,standard,Can you add an option to customize data export?,Thanks for your feature suggestion. We are prioritizing this and will update you as soon as possible.,,,0,positive,0,1,api_client,MEA
TCKT_066411,2023-01-10 10:35:49,CUST_09852,enterprise,phone_transcript,notifications,feature_request,high,resolved,standard,Can you add an option to customize notifications?,Thanks for your feature suggestion. We are prioritizing this and will update you as soon as possible.,Captured the request and added it to the product backlog.,14.32,0,very_positive,5,0,android,EU
TCKT_066476,2023-01-28 20:51:26,CUST_08870,enterprise,email,notifications,billing_problem,low,resolved,platinum,I downgraded my plan but I am still being billed for the higher tier.,Thanks for reaching out about the billing issue. We will look into this and get back to you within the next 48 hours.,Adjusted the invoice and issued a refund where applicable.,41.85,0,neutral,4,0,api_client,MEA
TCKT_066499,2023-01-23 03:31:24,CUST_09302,enterprise,in_app,mobile_app,how_to,low,open,gold,I need help setting up mobile app for my team.,Happy to help with your question. We will look into this and get back to you within the next 48 hours.,,,0,negative,0,0,web,LATAM
TCKT_066501,2023-01-07 22:36:10,CUST_00167,small_business,email,billing,feature_request,medium,open,standard,Can you add an option to customize billing?,Thanks for your feature suggestion. Our team is reviewing this and will follow up within 24 hours.,,,0,neutral,3,0,desktop_app,APAC
TCKT_066512,2023-01-26 00:23:15,CUST_06015,small_business,web_form,notifications,performance,medium,resolved,gold,Queries in the notifications module are timing out.,We understand performance issues can be frustrating. Our team is reviewing this and will follow up within 24 hours.,Optimized queries and increased resource allocation.,44.07,0,positive,0,1,desktop_app,EU
TCKT_066550,2023-01-16 02:39:56,CUST_02714,small_business,email,analytics_dashboard,security_concern,medium,in_progress,standard,We need details about your data encryption and compliance.,We take security very seriously. Our team is reviewing this and will follow up within 24 hours.,,,0,very_negative,2,1,web,APAC
TCKT_066563,2023-01-07 15:36:14,CUST_00507,small_business,phone_transcript,notifications,billing_problem,low,resolved,gold,I was charged twice for my subscription this month.,Thanks for reaching out about the billing issue. We will look into this and get back to you within the next 48 hours.,Adjusted the invoice and issued a refund where applicable.,20.81,0,negative,3,0,ios,
TCKT_066647,2023-01-01 02:34:45,CUST_06887,small_business,phone_transcript,login_auth,other,low,in_progress,standard,I need help but I'm not sure which category this fits in.,Thanks for contacting support. We will look into this and get back to you within the next 48 hours.,,,0,very_positive,0,0,web,LATAM
TCKT_066689,2023-01-08 09:08:24,CUST_03366,individual,phone_transcript,mobile_app,how_to,medium,resolved,standard,I need help setting up mobile app for my team.,Happy to help with your question. Our team is reviewing this and will follow up within 24 hours.,Provided step-by-step instructions and relevant documentation.,24.93,0,neutral,0,0,android,EU
TCKT_066736,2023-01-19 14:15:14,CUST_08870,individual,phone_transcript,login_auth,how_to,urgent,open,gold,How can I export my data from the login auth section?,Happy to help with your question. This has been escalated to our on-call team for immediate attention.,,,0,very_negative,1,1,android,APAC
TCKT_066752,2023-01-24 17:32:08,CUST_07006,education,email,data_export,billing_problem,high,on_hold,standard,I was charged twice for my subscription this month.,Thanks for reaching out about the billing issue. We are prioritizing this and will update you as soon as possible.,,,0,neutral,4,0,ios,LATAM
TCKT_066796,2023-01-11 22:31:55,CUST_05746,individual,chat,data_export,security_concern,medium,resolved,platinum,There seems to be a vulnerability in the data export functionality.,We take security very seriously. Our team is reviewing this and will follow up within 24 hours.,"Investigated logs, mitigated the issue, and updated security settings.",21.84,0,neutral,3,1,desktop_app,EU
TCKT_066847,2023-01-02 03:00:28,CUST_09828,non_profit,phone_transcript,data_export,bug,high,open,standard,The page keeps crashing whenever I try to open the data export section.,Thanks for reporting this bug. We are prioritizing this and will update you as soon as possible.,,,0,negative,3,0,android,EU
TCKT_066889,2023-01-23 09:42:28,CUST_09311,small_business,in_app,notifications,security_concern,high,resolved,platinum,I noticed a suspicious login on my account.,We take security very seriously. We are prioritizing this and will update you as soon as possible.,"Investigated logs, mitigated the issue, and updated security settings.",7.01,0,very_negative,2,0,ios,MEA
TCKT_066928,2023-01-02 08:02:53,CUST_06127,non_profit,phone_transcript,api_integration,billing_problem,low,resolved,standard,I was charged twice for my subscription this month.,Thanks for reaching out about the billing issue. We will look into this and get back to you within the next 48 hours.,Adjusted the invoice and issued a refund where applicable.,41.98,0,positive,4,0,desktop_app,EU
TCKT_066993,2023-01-24 09:02:25,CUST_06855,individual,in_app,login_auth,security_concern,medium,on_hold,standard,I noticed a suspicious login on my account.,We take security very seriously. Our team is reviewing this and will follow up within 24 hours.,,,0,very_negative,1,0,api_client,EU
TCKT_067116,2023-01-09 04:11:59,CUST_06651,small_business,phone_transcript,analytics_dashboard,billing_problem,medium,resolved,gold,My invoice amount is incorrect compared to the plan I selected.,Thanks for reaching out about the billing issue. Our team is reviewing this and will follow up within 24 hours.,Adjusted the invoice and issued a refund where applicable.,28.28,0,very_negative,0,1,android,MEA
TCKT_067150,2023-01-23 09:32:02,CUST_02603,enterprise,email,analytics_dashboard,account_access,medium,resolved,standard,My 2FA code is not working when I try to sign in.,Sorry to hear you're having trouble accessing your account. Our team is reviewing this and will follow up within 24 hours.,Reset account credentials and confirmed successful login.,33.39,0,negative,0,0,ios,
TCKT_067165,2023-01-06 03:40:56,CUST_07304,non_profit,phone_transcript,mobile_app,billing_problem,medium,on_hold,platinum,My invoice amount is incorrect compared to the plan I selected.,Thanks for reaching out about the billing issue. Our team is reviewing this and will follow up within 24 hours.,,,0,neutral,4,0,android,APAC
TCKT_067167,2023-01-01 19:57:45,CUST_02902,small_business,chat,login_auth,security_concern,medium,resolved,standard,We need details about your data encryption and compliance.,We take security very seriously. Our team is reviewing this and will follow up within 24 hours.,"Investigated logs, mitigated the issue, and updated security settings.",11.32,0,positive,5,0,ios,APAC
TCKT_067271,2023-01-26 17:18:52,CUST_01293,individual,web_form,login_auth,other,high,in_progress,platinum,I need help but I'm not sure which category this fits in.,Thanks for contacting support. We are prioritizing this and will update you as soon as possible.,,,0,neutral,3,0,ios,LATAM
TCKT_067368,2023-01-04 08:01:43,CUST_01888,enterprise,in_app,data_export,how_to,low,open,standard,How can I export my data from the data export section?,Happy to help with your question. We will look into this and get back to you within the next 48 hours.,,,0,positive,0,1,ios,LATAM
TCKT_067385,2023-01-08 09:14:48,CUST_04083,enterprise,web_form,data_export,feature_request,medium,on_hold,gold,It would be great to have data export support in your product.,Thanks for your feature suggestion. Our team is reviewing this and will follow up within 24 hours.,,,0,very_positive,0,0,ios,APAC
TCKT_067431,2023-01-21 19:34:59,CUST_00586,enterprise,web_form,login_auth,feature_request,medium,resolved,standard,It would be great to have login auth support in your product.,Thanks for your feature suggestion. Our team is reviewing this and will follow up within 24 hours.,Captured the request and added it to the product backlog.,11.22,0,neutral,0,0,android,
TCKT_067466,2023-01-11 04:55:19,CUST_01823,non_profit,phone_transcript,billing,how_to,high,in_progress,gold,Can you explain how to configure billing properly?,Happy to help with your question. We are prioritizing this and will update you as soon as possible.,,,0,negative,3,0,web,
TCKT_067469,2023-01-19 11:23:06,CUST_08898,small_business,in_app,billing,billing_problem,low,in_progress,gold,I was charged twice for my subscription this month.,Thanks for reaching out about the billing issue. We will look into this and get back to you within the next 48 hours.,,,0,positive,4,0,ios,MEA
TCKT_067487,2023-01-15 11:02:05,CUST_05152,enterprise,phone_transcript,notifications,bug,low,resolved,standard,I am seeing an error message when I click on notifications.,Thanks for reporting this bug. We will look into this and get back to you within the next 48 hours.,Patched the bug and deployed a fix to production.,67.78,0,neutral,3,0,ios,APAC
TCKT_067488,2023-01-13 18:27:32,CUST_04822,non_profit,phone_transcript,notifications,bug,low,resolved,standard,I am seeing an error message when I click on notifications.,Thanks for reporting this bug. We will look into this and get back to you within the next 48 hours.,Patched the bug and deployed a fix to production.,71.62,1,neutral,0,1,android,EU
TCKT_067709,2023-01-07 00:24:02,CUST_08914,education,web_form,mobile_app,how_to,high,resolved,standard,Can you explain how to configure mobile app properly?,Happy to help with your question. We are prioritizing this and will update you as soon as possible.,Provided step-by-step instructions and relevant documentation.,23.16,0,positive,5,1,web,LATAM
TCKT_067746,2023-01-06 17:07:41,CUST_04616,enterprise,web_form,mobile_app,how_to,low,in_progress,standard,How can I export my data from the mobile app section?,Happy to help with your question. We will look into this and get back to you within the next 48 hours.,,,0,positive,4,1,ios,MEA
TCKT_067779,2023-01-19 17:47:45,CUST_05225,enterprise,web_form,login_auth,billing_problem,medium,on_hold,gold,I was charged twice for my subscription this month.,Thanks for reaching out about the billing issue. Our team is reviewing this and will follow up within 24 hours.,,,0,negative,0,1,android,EU
TCKT_067807,2023-01-15 20:12:00,CUST_00852,education,chat,notifications,other,low,resolved,standard,I need help but I'm not sure which category this fits in.,Thanks for contacting support. We will look into this and get back to you within the next 48 hours.,Provided general guidance and confirmed the issue was resolved.,57.21,0,very_negative,1,0,desktop_app,APAC
TCKT_067813,2023-01-31 03:02:16,CUST_09126,non_profit,email,billing,account_access,medium,resolved,gold,My 2FA code is not working when I try to sign in.,Sorry to hear you're having trouble accessing your account. Our team is reviewing this and will follow up within 24 hours.,Reset account credentials and confirmed successful login.,32.73,0,very_negative,2,0,api_client,LATAM
TCKT_067848,2023-01-10 10:31:33,CUST_07128,small_business,web_form,api_integration,other,low,resolved,standard,I need help but I'm not sure which category this fits in.,Thanks for contacting support. We will look into this and get back to you within the next 48 hours.,Provided general guidance and confirmed the issue was resolved.,59.39,0,negative,2,0,api_client,MEA
TCKT_067948,2023-01-03 13:17:34,CUST_06184,small_business,phone_transcript,notifications,billing_problem,low,resolved,standard,I downgraded my plan but I am still being billed for the higher tier.,Thanks for reaching out about the billing issue. We will look into this and get back to you within the next 48 hours.,Adjusted the invoice and issued a refund where applicable.,13.12,0,positive,4,1,api_client,LATAM
TCKT_067987,2023-01-25 13:25:32,CUST_05527,individual,phone_transcript,analytics_dashboard,billing_problem,low,resolved,gold,I was charged twice for my subscription this month.,Thanks for reaching out about the billing issue. We will look into this and get back to you within the next 48 hours.,Adjusted the invoice and issued a refund where applicable.,61.24,0,negative,2,0,android,MEA
TCKT_068004,2023-01-30 14:14:48,CUST_02808,small_business,chat,api_integration,security_concern,low,in_progress,platinum,There seems to be a vulnerability in the api integration functionality.,We take security very seriously. We will look into this and get back to you within the next 48 hours.,,,0,very_positive,0,0,android,
TCKT_068117,2023-01-06 06:49:33,CUST_09104,non_profit,chat,notifications,how_to,high,resolved,standard,I need help setting up notifications for my team.,Happy to help with your question. We are prioritizing this and will update you as soon as possible.,Provided step-by-step instructions and relevant documentation.,17.32,1,negative,0,1,web,EU
TCKT_068128,2023-01-03 05:00:11,CUST_01035,education,web_form,analytics_dashboard,feature_request,medium,resolved,standard,Can you add an option to customize analytics dashboard?,Thanks for your feature suggestion. Our team is reviewing this and will follow up within 24 hours.,Captured the request and added it to the product backlog.,19.84,0,positive,5,0,api_client,
TCKT_068168,2023-01-02 08:52:06,CUST_02708,non_profit,phone_transcript,data_export,security_concern,low,in_progress,standard,We need details about your data encryption and compliance.,We take security very seriously. We will look into this and get back to you within the next 48 hours.,,,0,neutral,4,1,api_client,EU
TCKT_068239,2023-01-21 06:27:14,CUST_02570,enterprise,chat,mobile_app,how_to,urgent,resolved,standard,Can you explain how to configure mobile app properly?,Happy to help with your question. This has been escalated to our on-call team for immediate attention.,Provided step-by-step instructions and relevant documentation.,2.45,1,positive,4,0,api_client,LATAM
TCKT_068240,2023-01-01 03:50:31,CUST_08767,small_business,in_app,billing,feature_request,high,resolved,gold,Can you add an option to customize billing?,Thanks for your feature suggestion. We are prioritizing this and will update you as soon as possible.,Captured the request and added it to the product backlog.,7.66,0,negative,0,1,android,APAC
TCKT_068250,2023-01-22 04:56:37,CUST_00964,non_profit,web_form,billing,account_access,medium,on_hold,standard,My account was locked after multiple failed login attempts.,Sorry to hear you're having trouble accessing your account. Our team is reviewing this and will follow up within 24 hours.,,,0,very_negative,0,0,ios,LATAM
TCKT_068259,2023-01-16 13:52:43,CUST_04480,enterprise,in_app,notifications,other,medium,in_progress,standard,I have a general question about my account.,Thanks for contacting support. Our team is reviewing this and will follow up within 24 hours.,,,0,negative,3,0,api_client,EU
TCKT_068283,2023-01-12 12:06:21,CUST_00398,enterprise,chat,login_auth,billing_problem,medium,open,gold,My invoice amount is incorrect compared to the plan I selected.,Thanks for reaching out about the billing issue. Our team is reviewing this and will follow up within 24 hours.,,,0,negative,2,0,ios,MEA
TCKT_068377,2023-01-21 16:40:59,CUST_09451,individual,email,api_integration,security_concern,medium,resolved,gold,I noticed a suspicious login on my account.,We take security very seriously. Our team is reviewing this and will follow up within 24 hours.,"Investigated logs, mitigated the issue, and updated security settings.",13.99,0,neutral,3,0,api_client,
TCKT_068510,2023-01-03 01:49:30,CUST_09514,education,chat,billing,billing_problem,low,open,standard,My invoice amount is incorrect compared to the plan I selected.,Thanks for reaching out about the billing issue. We will look into this and get back to you within the next 48 hours.,,,0,positive,4,1,android,APAC
TCKT_068619,2023-01-08 17:30:06,CUST_01532,non_profit,phone_transcript,login_auth,how_to,medium,resolved,standard,How can I export my data from the login auth section?,Happy to help with your question. Our team is reviewing this and will follow up within 24 hours.,Provided step-by-step instructions and relevant documentation.,18.16,0,neutral,3,0,web,APAC
TCKT_068740,2023-01-30 15:04:42,CUST_00581,non_profit,phone_transcript,data_export,security_concern,high,resolved,standard,I noticed a suspicious login on my account.,We take security very seriously. We are prioritizing this and will update you as soon as possible.,"Investigated logs, mitigated the issue, and updated security settings.",20.42,0,negative,3,1,ios,APAC
TCKT_068953,2023-01-02 08:11:09,CUST_05317,education,email,mobile_app,security_concern,low,in_progress,standard,I noticed a suspicious login on my account.,We take security very seriously. We will look into this and get back to you within the next 48 hours.,,,0,neutral,4,0,web,MEA
TCKT_068975,2023-01-28 13:50:20,CUST_02554,education,web_form,billing,account_access,high,resolved,platinum,My 2FA code is not working when I try to sign in.,Sorry to hear you're having trouble accessing your account. We are prioritizing this and will update you as soon as possible.,Reset account credentials and confirmed successful login.,17.13,0,neutral,0,0,ios,LATAM
TCKT_069003,2023-01-10 22:25:26,CUST_05539,enterprise,phone_transcript,billing,billing_problem,low,resolved,standard,My invoice amount is incorrect compared to the plan I selected.,Thanks for reaching out about the billing issue. We will look into this and get back to you within the next 48 hours.,Adjusted the invoice and issued a refund where applicable.,50.62,0,negative,2,0,desktop_app,EU
TCKT_069038,2023-01-09 01:11:55,CUST_03188,small_business,email,mobile_app,account_access,medium,resolved,gold,My 2FA code is not working when I try to sign in.,Sorry to hear you're having trouble accessing your account. Our team is reviewing this and will follow up within 24 hours.,Reset account credentials and confirmed successful login.,29.25,0,positive,5,1,web,EU
TCKT_069153,2023-01-25 01:00:21,CUST_00123,education,in_app,mobile_app,account_access,high,resolved,gold,My 2FA code is not working when I try to sign in.,Sorry to hear you're having trouble accessing your account. We are prioritizing this and will update you as soon as possible.,Reset account credentials and confirmed successful login.,20.93,0,very_negative,0,0,web,EU
TCKT_069198,2023-01-02 01:01:46,CUST_04729,education,phone_transcript,billing,other,low,resolved,platinum,I have a general question about my account.,Thanks for contacting support. We will look into this and get back to you within the next 48 hours.,Provided general guidance and confirmed the issue was resolved.,31.7,0,positive,0,1,desktop_app,
TCKT_069255,2023-01-10 18:02:25,CUST_06951,non_profit,phone_transcript,login_auth,other,medium,resolved,standard,"Something seems off, can you please check my workspace?",Thanks for contacting support. Our team is reviewing this and will follow up within 24 hours.,Provided general guidance and confirmed the issue was resolved.,30.69,0,negative,0,0,web,LATAM
TCKT_069321,2023-01-22 05:48:08,CUST_01214,individual,phone_transcript,mobile_app,how_to,low,open,gold,I need help setting up mobile app for my team.,Happy to help with your question. We will look into this and get back to you within the next 48 hours.,,,0,neutral,3,0,desktop_app,EU
TCKT_069398,2023-01-11 09:50:30,CUST_08808,education,web_form,data_export,how_to,high,open,platinum,I need help setting up data export for my team.,Happy to help with your question. We are prioritizing this and will update you as soon as possible.,,,0,positive,5,0,api_client,MEA
TCKT_069446,2023-01-12 05:06:06,CUST_00954,small_business,phone_transcript,notifications,feature_request,medium,on_hold,standard,Our team needs more advanced options for notifications.,Thanks for your feature suggestion. Our team is reviewing this and will follow up within 24 hours.,,,0,positive,0,0,desktop_app,MEA
TCKT_069478,2023-01-25 15:45:45,CUST_02033,education,email,mobile_app,other,low,on_hold,standard,"Something seems off, can you please check my workspace?",Thanks for contacting support. We will look into this and get back to you within the next 48 hours.,,,0,positive,4,1,desktop_app,EU
TCKT_069520,2023-01-07 03:44:41,CUST_09336,education,chat,billing,security_concern,low,resolved,standard,I noticed a suspicious login on my account.,We take security very seriously. We will look into this and get back to you within the next 48 hours.,"Investigated logs, mitigated the issue, and updated security settings.",69.42,0,very_negative,0,0,api_client,LATAM
TCKT_069569,2023-01-09 03:59:48,CUST_07533,individual,phone_transcript,api_integration,performance,medium,resolved,platinum,Queries in the api integration module are timing out.,We understand performance issues can be frustrating. Our team is reviewing this and will follow up within 24 hours.,Optimized queries and increased resource allocation.,27.58,0,negative,0,0,android,LATAM
TCKT_069617,2023-01-29 00:46:39,CUST_07502,individual,web_form,api_integration,billing_problem,medium,open,standard,I was charged twice for my subscription this month.,Thanks for reaching out about the billing issue. Our team is reviewing this and will follow up within 24 hours.,,,1,negative,0,0,desktop_app,
TCKT_069665,2023-01-28 15:31:00,CUST_02038,small_business,chat,billing,billing_problem,medium,resolved,gold,My invoice amount is incorrect compared to the plan I selected.,Thanks for reaching out about the billing issue. Our team is reviewing this and will follow up within 24 hours.,Adjusted the invoice and issued a refund where applicable.,36.96,1,neutral,4,0,api_client,APAC
TCKT_069710,2023-01-13 12:33:15,CUST_00960,education,web_form,notifications,performance,low,closed_no_action,standard,The notifications page is very slow and takes a long time to load.,We understand performance issues can be frustrating. We will look into this and get back to you within the next 48 hours.,Ticket closed without further action after no response from the customer.,55.19,0,very_positive,5,0,ios,
TCKT_069718,2023-01-26 04:34:18,CUST_09015,non_profit,web_form,api_integration,feature_request,urgent,open,standard,Can you add an option to customize api integration?,Thanks for your feature suggestion. This has been escalated to our on-call team for immediate attention.,,,0,neutral,0,1,api_client,
TCKT_069778,2023-01-30 08:19:44,CUST_02678,individual,web_form,billing,billing_problem,medium,resolved,platinum,I was charged twice for my subscription this month.,Thanks for reaching out about the billing issue. Our team is reviewing this and will follow up within 24 hours.,Adjusted the invoice and issued a refund where applicable.,38.88,0,very_negative,2,1,desktop_app,APAC
TCKT_069927,2023-01-24 03:57:01,CUST_07829,non_profit,web_form,login_auth,bug,medium,resolved,standard,The page keeps crashing whenever I try to open the login auth section.,Thanks for reporting this bug. Our team is reviewing this and will follow up within 24 hours.,Patched the bug and deployed a fix to production.,29.95,0,negative,0,0,desktop_app,LATAM
TCKT_069956,2023-01-30 20:38:26,CUST_08783,non_profit,chat,mobile_app,performance,medium,resolved,standard,The mobile app page is very slow and takes a long time to load.,We understand performance issues can be frustrating. Our team is reviewing this and will follow up within 24 hours.,Optimized queries and increased resource allocation.,8.98,0,very_negative,0,0,desktop_app,MEA
TCKT_070009,2023-01-11 15:21:12,CUST_09974,small_business,in_app,notifications,bug,high,resolved,standard,The page keeps crashing whenever I try to open the notifications section.,Thanks for reporting this bug. We are prioritizing this and will update you as soon as possible.,Patched the bug and deployed a fix to production.,10.52,0,positive,5,0,android,MEA
TCKT_070016,2023-01-02 02:54:27,CUST_04437,education,email,mobile_app,how_to,high,resolved,platinum,How can I export my data from the mobile app section?,Happy to help with your question. We are prioritizing this and will update you as soon as possible.,Provided step-by-step instructions and relevant documentation.,9.62,0,very_positive,5,0,desktop_app,EU
TCKT_070041,2023-01-25 15:05:45,CUST_02984,enterprise,phone_transcript,data_export,feature_request,high,in_progress,standard,Can you add an option to customize data export?,Thanks for your feature suggestion. We are prioritizing this and will update you as soon as possible.,,,0,neutral,3,0,android,
TCKT_070049,2023-01-03 17:45:55,CUST_02191,individual,web_form,notifications,how_to,low,in_progress,standard,How can I export my data from the notifications section?,Happy to help with your question. We will look into this and get back to you within the next 48 hours.,,,0,negative,2,1,desktop_app,
TCKT_070081,2023-01-02 07:52:45,CUST_09328,enterprise,web_form,data_export,other,low,resolved,platinum,"Something seems off, can you please check my workspace?",Thanks for contacting support. We will look into this and get back to you within the next 48 hours.,Provided general guidance and confirmed the issue was resolved.,10.24,0,neutral,3,0,api_client,EU
TCKT_070098,2023-01-23 18:24:23,CUST_04461,individual,email,api_integration,performance,medium,on_hold,gold,Queries in the api integration module are timing out.,We understand performance issues can be frustrating. Our team is reviewing this and will follow up within 24 hours.,,,0,neutral,0,0,ios,LATAM
TCKT_070115,2023-01-21 00:51:19,CUST_05527,education,email,data_export,bug,medium,resolved,standard,The page keeps crashing whenever I try to open the data export section.,Thanks for reporting this bug. Our team is reviewing this and will follow up within 24 hours.,Patched the bug and deployed a fix to production.,33.95,0,very_negative,2,0,web,MEA
TCKT_070158,2023-01-12 21:48:32,CUST_00366,small_business,email,billing,feature_request,medium,in_progress,standard,It would be great to have billing support in your product.,Thanks for your feature suggestion. Our team is reviewing this and will follow up within 24 hours.,,,0,neutral,4,0,desktop_app,LATAM
TCKT_070183,2023-01-27 11:14:42,CUST_03098,small_business,web_form,login_auth,billing_problem,medium,resolved,platinum,I downgraded my plan but I am still being billed for the higher tier.,Thanks for reaching out about the billing issue. Our team is reviewing this and will follow up within 24 hours.,Adjusted the invoice and issued a refund where applicable.,24.26,0,negative,2,0,api_client,
TCKT_070254,2023-01-02 01:34:24,CUST_09109,education,phone_transcript,login_auth,feature_request,low,resolved,gold,It would be great to have login auth support in your product.,Thanks for your feature suggestion. We will look into this and get back to you within the next 48 hours.,Captured the request and added it to the product backlog.,27.22,0,neutral,0,0,desktop_app,
TCKT_070256,2023-01-08 11:48:01,CUST_09642,small_business,web_form,api_integration,performance,medium,resolved,gold,Overall performance has degraded in the last few days.,We understand performance issues can be frustrating. Our team is reviewing this and will follow up within 24 hours.,Optimized queries and increased resource allocation.,26.36,0,very_negative,2,0,ios,MEA
TCKT_070270,2023-01-27 07:36:43,CUST_02902,education,email,data_export,how_to,urgent,closed_no_action,standard,Can you explain how to configure data export properly?,Happy to help with your question. This has been escalated to our on-call team for immediate attention.,Ticket closed without further action after no response from the customer.,152.08,0,neutral,3,0,api_client,
TCKT_070342,2023-01-19 15:38:38,CUST_02797,individual,chat,notifications,billing_problem,high,resolved,gold,I was charged twice for my subscription this month.,Thanks for reaching out about the billing issue. We are prioritizing this and will update you as soon as possible.,Adjusted the invoice and issued a refund where applicable.,17.02,0,very_negative,1,0,api_client,EU
TCKT_070346,2023-01-14 07:23:30,CUST_09807,education,in_app,mobile_app,other,low,resolved,standard,I have a general question about my account.,Thanks for contacting support. We will look into this and get back to you within the next 48 hours.,Provided general guidance and confirmed the issue was resolved.,14.06,0,neutral,4,0,desktop_app,LATAM
TCKT_070348,2023-01-16 06:49:59,CUST_03204,non_profit,phone_transcript,mobile_app,other,medium,resolved,gold,I need help but I'm not sure which category this fits in.,Thanks for contacting support. Our team is reviewing this and will follow up within 24 hours.,Provided general guidance and confirmed the issue was resolved.,30.16,0,neutral,3,0,web,EU
TCKT_070373,2023-01-18 00:06:05,CUST_09241,small_business,email,analytics_dashboard,how_to,medium,resolved,standard,How can I export my data from the analytics dashboard section?,Happy to help with your question. Our team is reviewing this and will follow up within 24 hours.,Provided step-by-step instructions and relevant documentation.,35.4,0,very_negative,2,0,desktop_app,
TCKT_070375,2023-01-22 05:01:52,CUST_02775,small_business,web_form,analytics_dashboard,billing_problem,medium,resolved,gold,I was charged twice for my subscription this month.,Thanks for reaching out about the billing issue. Our team is reviewing this and will follow up within 24 hours.,Adjusted the invoice and issued a refund where applicable.,46.02,0,very_negative,1,0,api_client,MEA
TCKT_070550,2023-01-20 07:51:00,CUST_04144,enterprise,chat,api_integration,performance,medium,resolved,standard,The api integration page is very slow and takes a long time to load.,We understand performance issues can be frustrating. Our team is reviewing this and will follow up within 24 hours.,Optimized queries and increased resource allocation.,30.88,0,very_negative,1,0,api_client,EU
TCKT_070619,2023-01-17 23:13:15,CUST_07510,individual,email,analytics_dashboard,how_to,medium,in_progress,gold,Can you explain how to configure analytics dashboard properly?,Happy to help with your question. Our team is reviewing this and will follow up within 24 hours.,,,0,neutral,0,0,ios,APAC
TCKT_070683,2023-01-15 01:28:59,CUST_05840,education,phone_transcript,api_integration,security_concern,low,open,gold,There seems to be a vulnerability in the api integration functionality.,We take security very seriously. We will look into this and get back to you within the next 48 hours.,,,0,negative,3,0,ios,EU
TCKT_070744,2023-01-21 06:37:57,CUST_09655,non_profit,phone_transcript,api_integration,security_concern,low,resolved,standard,I noticed a suspicious login on my account.,We take security very seriously. We will look into this and get back to you within the next 48 hours.,"Investigated logs, mitigated the issue, and updated security settings.",43.49,0,very_negative,2,0,web,MEA
TCKT_070863,2023-01-11 18:33:38,CUST_02288,education,in_app,notifications,how_to,medium,open,gold,How can I export my data from the notifications section?,Happy to help with your question. Our team is reviewing this and will follow up within 24 hours.,,,0,very_positive,5,0,desktop_app,EU
TCKT_070887,2023-01-08 02:31:44,CUST_01918,education,chat,notifications,security_concern,medium,resolved,standard,We need details about your data encryption and compliance.,We take security very seriously. Our team is reviewing this and will follow up within 24 hours.,"Investigated logs, mitigated the issue, and updated security settings.",6.98,1,negative,3,1,desktop_app,LATAM
TCKT_070900,2023-01-19 12:22:52,CUST_02730,individual,phone_transcript,notifications,feature_request,high,resolved,gold,Can you add an option to customize notifications?,Thanks for your feature suggestion. We are prioritizing this and will update you as soon as possible.,Captured the request and added it to the product backlog.,9.74,0,positive,0,0,android,
TCKT_070909,2023-01-04 04:44:49,CUST_04079,small_business,web_form,notifications,feature_request,medium,resolved,standard,It would be great to have notifications support in your product.,Thanks for your feature suggestion. Our team is reviewing this and will follow up within 24 hours.,Captured the request and added it to the product backlog.,24.36,0,very_positive,5,0,web,MEA
TCKT_070913,2023-01-08 08:55:52,CUST_02826,small_business,in_app,notifications,billing_problem,low,resolved,gold,I was charged twice for my subscription this month.,Thanks for reaching out about the billing issue. We will look into this and get back to you within the next 48 hours.,Adjusted the invoice and issued a refund where applicable.,55.0,1,negative,0,0,api_client,APAC
TCKT_070920,2023-01-05 09:45:27,CUST_07302,education,in_app,analytics_dashboard,bug,medium,open,standard,The page keeps crashing whenever I try to open the analytics dashboard section.,Thanks for reporting this bug. Our team is reviewing this and will follow up within 24 hours.,,,0,neutral,4,0,android,EU
TCKT_070970,2023-01-29 15:14:35,CUST_00320,enterprise,web_form,login_auth,feature_request,low,resolved,gold,It would be great to have login auth support in your product.,Thanks for your feature suggestion. We will look into this and get back to you within the next 48 hours.,Captured the request and added it to the product backlog.,53.56,0,positive,0,0,desktop_app,APAC
TCKT_071002,2023-01-14 20:36:47,CUST_01300,enterprise,in_app,billing,other,low,resolved,standard,"Something seems off, can you please check my workspace?",Thanks for contacting support. We will look into this and get back to you within the next 48 hours.,Provided general guidance and confirmed the issue was resolved.,20.08,0,positive,5,0,web,
TCKT_071064,2023-01-13 06:17:52,CUST_02387,enterprise,in_app,analytics_dashboard,security_concern,medium,resolved,gold,There seems to be a vulnerability in the analytics dashboard functionality.,We take security very seriously. Our team is reviewing this and will follow up within 24 hours.,"Investigated logs, mitigated the issue, and updated security settings.",26.52,0,neutral,3,0,desktop_app,APAC
TCKT_071150,2023-01-19 12:12:15,CUST_08358,education,in_app,mobile_app,bug,urgent,open,gold,The page keeps crashing whenever I try to open the mobile app section.,Thanks for reporting this bug. This has been escalated to our on-call team for immediate attention.,,,0,positive,4,0,android,APAC
TCKT_071194,2023-01-03 19:39:04,CUST_08336,education,in_app,billing,other,medium,in_progress,gold,I need help but I'm not sure which category this fits in.,Thanks for contacting support. Our team is reviewing this and will follow up within 24 hours.,,,0,positive,5,0,android,LATAM
TCKT_071195,2023-01-09 18:25:24,CUST_09654,individual,phone_transcript,api_integration,other,urgent,resolved,gold,I have a general question about my account.,Thanks for contacting support. This has been escalated to our on-call team for immediate attention.,Provided general guidance and confirmed the issue was resolved.,7.24,0,neutral,3,0,desktop_app,EU
TCKT_071331,2023-01-29 02:49:05,CUST_01597,individual,email,mobile_app,performance,medium,resolved,standard,Overall performance has degraded in the last few days.,We understand performance issues can be frustrating. Our team is reviewing this and will follow up within 24 hours.,Optimized queries and increased resource allocation.,44.8,0,positive,4,1,desktop_app,
TCKT_071394,2023-01-11 21:46:43,CUST_06276,education,phone_transcript,analytics_dashboard,feature_request,high,closed_no_action,standard,Can you add an option to customize analytics dashboard?,Thanks for your feature suggestion. We are prioritizing this and will update you as soon as possible.,Ticket closed without further action after no response from the customer.,68.3,0,very_positive,5,0,desktop_app,EU
TCKT_071399,2023-01-18 11:19:15,CUST_06090,enterprise,email,analytics_dashboard,feature_request,medium,resolved,gold,Our team needs more advanced options for analytics dashboard.,Thanks for your feature suggestion. Our team is reviewing this and will follow up within 24 hours.,Captured the request and added it to the product backlog.,35.49,0,negative,0,0,desktop_app,MEA
TCKT_071423,2023-01-05 22:07:56,CUST_08342,education,web_form,billing,other,medium,in_progress,gold,I need help but I'm not sure which category this fits in.,Thanks for contacting support. Our team is reviewing this and will follow up within 24 hours.,,,0,very_positive,5,0,api_client,APAC
TCKT_071431,2023-01-28 01:10:32,CUST_08032,non_profit,email,mobile_app,account_access,low,in_progress,gold,My 2FA code is not working when I try to sign in.,Sorry to hear you're having trouble accessing your account. We will look into this and get back to you within the next 48 hours.,,,0,neutral,3,1,web,
TCKT_071517,2023-01-07 04:55:56,CUST_00675,small_business,phone_transcript,mobile_app,security_concern,low,on_hold,platinum,We need details about your data encryption and compliance.,We take security very seriously. We will look into this and get back to you within the next 48 hours.,,,0,negative,3,0,android,EU
TCKT_071571,2023-01-18 20:18:44,CUST_06776,individual,in_app,api_integration,account_access,low,resolved,gold,My 2FA code is not working when I try to sign in.,Sorry to hear you're having trouble accessing your account. We will look into this and get back to you within the next 48 hours.,Reset account credentials and confirmed successful login.,13.83,0,positive,0,0,desktop_app,
TCKT_071599,2023-01-24 07:36:07,CUST_06753,small_business,web_form,analytics_dashboard,security_concern,low,closed_no_action,gold,There seems to be a vulnerability in the analytics dashboard functionality.,We take security very seriously. We will look into this and get back to you within the next 48 hours.,Ticket closed without further action after no response from the customer.,110.68,0,neutral,3,0,api_client,MEA
TCKT_071655,2023-01-23 07:05:54,CUST_07308,small_business,in_app,api_integration,feature_request,low,resolved,gold,Our team needs more advanced options for api integration.,Thanks for your feature suggestion. We will look into this and get back to you within the next 48 hours.,Captured the request and added it to the product backlog.,38.87,0,very_positive,5,1,desktop_app,MEA
TCKT_071684,2023-01-27 18:33:07,CUST_06852,education,email,notifications,account_access,medium,resolved,gold,I cannot log in; the system says my password is incorrect.,Sorry to hear you're having trouble accessing your account. Our team is reviewing this and will follow up within 24 hours.,Reset account credentials and confirmed successful login.,15.96,0,neutral,3,1,api_client,MEA
TCKT_071716,2023-01-21 05:17:07,CUST_05033,individual,phone_transcript,notifications,other,medium,resolved,standard,I have a general question about my account.,Thanks for contacting support. Our team is reviewing this and will follow up within 24 hours.,Provided general guidance and confirmed the issue was resolved.,5.43,0,negative,2,0,desktop_app,EU
TCKT_071724,2023-01-27 11:29:18,CUST_00342,education,phone_transcript,billing,how_to,medium,resolved,standard,How can I export my data from the billing section?,Happy to help with your question. Our team is reviewing this and will follow up within 24 hours.,Provided step-by-step instructions and relevant documentation.,27.33,1,very_positive,0,1,api_client,APAC
TCKT_071726,2023-01-08 04:26:13,CUST_07834,enterprise,web_form,billing,feature_request,medium,resolved,platinum,Our team needs more advanced options for billing.,Thanks for your feature suggestion. Our team is reviewing this and will follow up within 24 hours.,Captured the request and added it to the product backlog.,5.25,0,very_positive,5,0,api_client,LATAM
TCKT_071852,2023-01-31 08:56:40,CUST_03889,enterprise,email,analytics_dashboard,account_access,medium,on_hold,standard,My 2FA code is not working when I try to sign in.,Sorry to hear you're having trouble accessing your account. Our team is reviewing this and will follow up within 24 hours.,,,0,neutral,0,0,api_client,LATAM
TCKT_071971,2023-01-09 13:45:22,CUST_09000,individual,in_app,data_export,billing_problem,low,in_progress,gold,I was charged twice for my subscription this month.,Thanks for reaching out about the billing issue. We will look into this and get back to you within the next 48 hours.,,,0,very_negative,0,0,api_client,
TCKT_072023,2023-01-21 20:49:15,CUST_01738,small_business,web_form,login_auth,security_concern,low,resolved,gold,There seems to be a vulnerability in the login auth functionality.,We take security very seriously. We will look into this and get back to you within the next 48 hours.,"Investigated logs, mitigated the issue, and updated security settings.",48.13,0,very_negative,2,0,desktop_app,MEA
TCKT_072082,2023-01-31 19:02:31,CUST_06392,individual,in_app,data_export,account_access,high,closed_no_action,gold,I cannot log in; the system says my password is incorrect.,Sorry to hear you're having trouble accessing your account. We are prioritizing this and will update you as soon as possible.,Ticket closed without further action after no response from the customer.,71.24,0,neutral,4,1,ios,LATAM
TCKT_072119,2023-01-31 03:40:03,CUST_07874,small_business,in_app,mobile_app,performance,high,in_progress,standard,Overall performance has degraded in the last few days.,We understand performance issues can be frustrating. We are prioritizing this and will update you as soon as possible.,,,0,very_negative,1,1,web,
TCKT_072128,2023-01-24 09:11:02,CUST_05812,individual,phone_transcript,analytics_dashboard,performance,low,resolved,standard,The analytics dashboard page is very slow and takes a long time to load.,We understand performance issues can be frustrating. We will look into this and get back to you within the next 48 hours.,Optimized queries and increased resource allocation.,19.62,0,negative,3,0,web,MEA
TCKT_072198,2023-01-28 07:35:53,CUST_00150,small_business,email,login_auth,other,medium,in_progress,platinum,I need help but I'm not sure which category this fits in.,Thanks for contacting support. Our team is reviewing this and will follow up within 24 hours.,,,0,neutral,4,1,desktop_app,APAC
TCKT_072242,2023-01-15 02:02:51,CUST_09952,non_profit,web_form,api_integration,how_to,low,in_progress,platinum,How can I export my data from the api integration section?,Happy to help with your question. We will look into this and get back to you within the next 48 hours.,,,0,neutral,0,1,web,EU
TCKT_072321,2023-01-26 20:58:20,CUST_08447,non_profit,web_form,analytics_dashboard,how_to,low,resolved,standard,I need help setting up analytics dashboard for my team.,Happy to help with your question. We will look into this and get back to you within the next 48 hours.,Provided step-by-step instructions and relevant documentation.,34.59,0,very_positive,5,0,ios,LATAM
TCKT_072369,2023-01-31 15:55:47,CUST_09400,education,phone_transcript,data_export,account_access,high,resolved,platinum,My account was locked after multiple failed login attempts.,Sorry to hear you're having trouble accessing your account. We are prioritizing this and will update you as soon as possible.,Reset account credentials and confirmed successful login.,5.05,0,neutral,3,0,ios,LATAM
TCKT_072373,2023-01-03 15:34:33,CUST_00974,small_business,chat,analytics_dashboard,performance,low,resolved,standard,Queries in the analytics dashboard module are timing out.,We understand performance issues can be frustrating. We will look into this and get back to you within the next 48 hours.,Optimized queries and increased resource allocation.,66.33,0,very_negative,2,1,api_client,MEA
TCKT_072390,2023-01-01 12:48:07,CUST_08263,small_business,email,api_integration,security_concern,medium,in_progress,standard,There seems to be a vulnerability in the api integration functionality.,We take security very seriously. Our team is reviewing this and will follow up within 24 hours.,,,0,neutral,4,0,ios,APAC
TCKT_072409,2023-01-19 22:48:01,CUST_03039,education,email,api_integration,feature_request,low,on_hold,gold,Can you add an option to customize api integration?,Thanks for your feature suggestion. We will look into this and get back to you within the next 48 hours.,,,0,very_negative,0,0,ios,MEA
TCKT_072423,2023-01-23 08:15:16,CUST_01955,enterprise,chat,api_integration,performance,high,closed_no_action,standard,Overall performance has degraded in the last few days.,We understand performance issues can be frustrating. We are prioritizing this and will update you as soon as possible.,Ticket closed without further action after no response from the customer.,130.14,0,neutral,4,0,desktop_app,LATAM
TCKT_072460,2023-01-07 20:51:37,CUST_01802,non_profit,web_form,billing,bug,medium,on_hold,standard,I am seeing an error message when I click on billing.,Thanks for reporting this bug. Our team is reviewing this and will follow up within 24 hours.,,,0,neutral,0,1,desktop_app,APAC
TCKT_072538,2023-01-07 11:41:41,CUST_07490,education,web_form,billing,billing_problem,medium,resolved,gold,My invoice amount is incorrect compared to the plan I selected.,Thanks for reaching out about the billing issue. Our team is reviewing this and will follow up within 24 hours.,Adjusted the invoice and issued a refund where applicable.,45.28,0,negative,2,0,api_client,EU
TCKT_072585,2023-01-11 11:10:32,CUST_07331,individual,phone_transcript,mobile_app,other,high,in_progress,platinum,I need help but I'm not sure which category this fits in.,Thanks for contacting support. We are prioritizing this and will update you as soon as possible.,,,0,very_positive,5,1,web,MEA
TCKT_072606,2023-01-14 21:52:59,CUST_03227,enterprise,web_form,api_integration,performance,medium,resolved,standard,Overall performance has degraded in the last few days.,We understand performance issues can be frustrating. Our team is reviewing this and will follow up within 24 hours.,Optimized queries and increased resource allocation.,19.06,0,neutral,4,0,desktop_app,APAC
TCKT_072618,2023-01-15 04:23:52,CUST_09740,education,phone_transcript,api_integration,other,medium,resolved,standard,I need help but I'm not sure which category this fits in.,Thanks for contacting support. Our team is reviewing this and will follow up within 24 hours.,Provided general guidance and confirmed the issue was resolved.,28.49,0,negative,0,1,android,APAC
TCKT_072818,2023-01-18 07:15:09,CUST_08085,small_business,phone_transcript,data_export,other,high,resolved,standard,"Something seems off, can you please check my workspace?",Thanks for contacting support. We are prioritizing this and will update you as soon as possible.,Provided general guidance and confirmed the issue was resolved.,2.08,0,positive,0,0,desktop_app,MEA
TCKT_072851,2023-01-19 10:42:49,CUST_05774,small_business,chat,login_auth,security_concern,medium,resolved,standard,We need details about your data encryption and compliance.,We take security very seriously. Our team is reviewing this and will follow up within 24 hours.,"Investigated logs, mitigated the issue, and updated security settings.",39.26,0,very_negative,1,0,desktop_app,
TCKT_072872,2023-01-22 01:48:47,CUST_04390,enterprise,web_form,analytics_dashboard,other,medium,in_progress,gold,I need help but I'm not sure which category this fits in.,Thanks for contacting support. Our team is reviewing this and will follow up within 24 hours.,,,0,negative,0,0,android,
TCKT_072908,2023-01-19 20:17:58,CUST_01072,non_profit,email,analytics_dashboard,billing_problem,medium,in_progress,gold,I was charged twice for my subscription this month.,Thanks for reaching out about the billing issue. Our team is reviewing this and will follow up within 24 hours.,,,0,negative,0,0,web,
TCKT_073003,2023-01-06 06:32:20,CUST_06266,non_profit,web_form,data_export,billing_problem,urgent,open,standard,My invoice amount is incorrect compared to the plan I selected.,Thanks for reaching out about the billing issue. This has been escalated to our on-call team for immediate attention.,,,0,very_negative,1,0,ios,
TCKT_073109,2023-01-03 13:18:34,CUST_04968,education,in_app,mobile_app,how_to,high,in_progress,gold,I need help setting up mobile app for my team.,Happy to help with your question. We are prioritizing this and will update you as soon as possible.,,,0,positive,0,1,api_client,EU
TCKT_073144,2023-01-09 05:32:36,CUST_02870,individual,email,api_integration,performance,high,on_hold,standard,Queries in the api integration module are timing out.,We understand performance issues can be frustrating. We are prioritizing this and will update you as soon as possible.,,,0,positive,0,1,web,APAC
TCKT_073162,2023-01-08 00:32:57,CUST_07285,individual,in_app,analytics_dashboard,security_concern,medium,in_progress,gold,We need details about your data encryption and compliance.,We take security very seriously. Our team is reviewing this and will follow up within 24 hours.,,,0,very_negative,2,0,api_client,
TCKT_073179,2023-01-12 18:28:20,CUST_02843,individual,email,login_auth,account_access,low,resolved,gold,My 2FA code is not working when I try to sign in.,Sorry to hear you're having trouble accessing your account. We will look into this and get back to you within the next 48 hours.,Reset account credentials and confirmed successful login.,49.9,0,positive,4,1,api_client,APAC
TCKT_073182,2023-01-25 03:30:58,CUST_08239,non_profit,phone_transcript,analytics_dashboard,performance,medium,resolved,standard,Overall performance has degraded in the last few days.,We understand performance issues can be frustrating. Our team is reviewing this and will follow up within 24 hours.,Optimized queries and increased resource allocation.,39.39,1,very_negative,2,0,ios,
TCKT_073198,2023-01-26 05:20:24,CUST_06511,enterprise,in_app,billing,bug,high,on_hold,gold,I am seeing an error message when I click on billing.,Thanks for reporting this bug. We are prioritizing this and will update you as soon as possible.,,,0,positive,0,0,desktop_app,MEA
TCKT_073242,2023-01-03 12:50:00,CUST_00244,non_profit,email,mobile_app,billing_problem,low,on_hold,standard,I downgraded my plan but I am still being billed for the higher tier.,Thanks for reaching out about the billing issue. We will look into this and get back to you within the next 48 hours.,,,0,negative,3,0,android,EU
TCKT_073291,2023-01-15 08:03:49,CUST_02392,enterprise,in_app,billing,bug,medium,open,gold,The billing feature is not saving my changes.,Thanks for reporting this bug. Our team is reviewing this and will follow up within 24 hours.,,,0,negative,2,0,ios,APAC
TCKT_073303,2023-01-26 23:37:26,CUST_02678,enterprise,web_form,login_auth,feature_request,low,in_progress,standard,It would be great to have login auth support in your product.,Thanks for your feature suggestion. We will look into this and get back to you within the next 48 hours.,,,0,positive,4,0,web,LATAM
TCKT_073408,2023-01-08 18:58:18,CUST_06954,individual,web_form,data_export,other,medium,resolved,gold,I need help but I'm not sure which category this fits in.,Thanks for contacting support. Our team is reviewing this and will follow up within 24 hours.,Provided general guidance and confirmed the issue was resolved.,21.91,0,neutral,4,0,web,MEA
TCKT_073412,2023-01-22 18:28:36,CUST_05524,education,chat,api_integration,billing_problem,low,closed_no_action,standard,I downgraded my plan but I am still being billed for the higher tier.,Thanks for reaching out about the billing issue. We will look into this and get back to you within the next 48 hours.,Ticket closed without further action after no response from the customer.,50.52,0,neutral,4,0,ios,APAC
TCKT_073547,2023-01-24 19:37:17,CUST_07587,non_profit,in_app,login_auth,other,low,in_progress,standard,I need help but I'm not sure which category this fits in.,Thanks for contacting support. We will look into this and get back to you within the next 48 hours.,,,0,neutral,3,1,android,
TCKT_073703,2023-01-23 15:00:18,CUST_03665,small_business,phone_transcript,mobile_app,bug,low,resolved,gold,The page keeps crashing whenever I try to open the mobile app section.,Thanks for reporting this bug. We will look into this and get back to you within the next 48 hours.,Patched the bug and deployed a fix to production.,13.45,0,neutral,0,0,api_client,MEA
TCKT_073710,2023-01-21 04:24:25,CUST_07892,individual,chat,notifications,how_to,low,in_progress,standard,I need help setting up notifications for my team.,Happy to help with your question. We will look into this and get back to you within the next 48 hours.,,,0,positive,5,0,api_client,APAC
TCKT_073971,2023-01-24 21:24:06,CUST_00614,small_business,phone_transcript,api_integration,feature_request,urgent,open,standard,Our team needs more advanced options for api integration.,Thanks for your feature suggestion. This has been escalated to our on-call team for immediate attention.,,,1,neutral,4,1,api_client,MEA
TCKT_074004,2023-01-06 14:47:20,CUST_00226,enterprise,in_app,analytics_dashboard,how_to,low,resolved,gold,How can I export my data from the analytics dashboard section?,Happy to help with your question. We will look into this and get back to you within the next 48 hours.,Provided step-by-step instructions and relevant documentation.,65.14,0,neutral,3,0,android,LATAM
TCKT_074012,2023-01-14 20:59:20,CUST_06369,small_business,chat,mobile_app,other,high,closed_no_action,standard,"Something seems off, can you please check my workspace?",Thanks for contacting support. We are prioritizing this and will update you as soon as possible.,Ticket closed without further action after no response from the customer.,142.06,0,neutral,4,1,desktop_app,
TCKT_074037,2023-01-15 19:28:17,CUST_05967,small_business,email,billing,billing_problem,medium,closed_no_action,platinum,I downgraded my plan but I am still being billed for the higher tier.,Thanks for reaching out about the billing issue. Our team is reviewing this and will follow up within 24 hours.,Ticket closed without further action after no response from the customer.,31.86,0,very_negative,2,0,api_client,LATAM
TCKT_074090,2023-01-20 05:28:08,CUST_08709,individual,email,api_integration,performance,medium,resolved,standard,Overall performance has degraded in the last few days.,We understand performance issues can be frustrating. Our team is reviewing this and will follow up within 24 hours.,Optimized queries and increased resource allocation.,11.46,0,negative,3,0,android,
TCKT_074183,2023-01-12 04:57:13,CUST_08297,non_profit,chat,login_auth,other,high,in_progress,standard,I need help but I'm not sure which category this fits in.,Thanks for contacting support. We are prioritizing this and will update you as soon as possible.,,,0,positive,5,1,ios,MEA
TCKT_074242,2023-01-01 07:50:51,CUST_05217,non_profit,chat,billing,feature_request,low,closed_no_action,standard,Can you add an option to customize billing?,Thanks for your feature suggestion. We will look into this and get back to you within the next 48 hours.,Ticket closed without further action after no response from the customer.,44.71,0,neutral,0,0,android,MEA
TCKT_074373,2023-01-28 17:39:07,CUST_07791,enterprise,in_app,login_auth,billing_problem,high,open,gold,I was charged twice for my subscription this month.,Thanks for reaching out about the billing issue. We are prioritizing this and will update you as soon as possible.,,,0,neutral,4,0,desktop_app,
TCKT_074411,2023-01-05 19:05:25,CUST_00514,individual,phone_transcript,notifications,other,medium,resolved,platinum,I need help but I'm not sure which category this fits in.,Thanks for contacting support. Our team is reviewing this and will follow up within 24 hours.,Provided general guidance and confirmed the issue was resolved.,30.69,0,negative,2,0,ios,APAC
TCKT_074431,2023-01-26 04:51:57,CUST_01339,individual,email,data_export,feature_request,low,resolved,standard,Our team needs more advanced options for data export.,Thanks for your feature suggestion. We will look into this and get back to you within the next 48 hours.,Captured the request and added it to the product backlog.,62.92,0,neutral,4,0,ios,LATAM
TCKT_074437,2023-01-23 11:56:49,CUST_04207,non_profit,in_app,notifications,security_concern,low,resolved,standard,We need details about your data encryption and compliance.,We take security very seriously. We will look into this and get back to you within the next 48 hours.,"Investigated logs, mitigated the issue, and updated security settings.",54.54,0,neutral,4,0,web,EU
TCKT_074452,2023-01-30 03:14:36,CUST_01429,individual,chat,notifications,bug,medium,on_hold,standard,I am seeing an error message when I click on notifications.,Thanks for reporting this bug. Our team is reviewing this and will follow up within 24 hours.,,,0,negative,0,0,desktop_app,APAC
TCKT_074456,2023-01-05 07:39:46,CUST_06211,non_profit,in_app,notifications,how_to,medium,on_hold,gold,Can you explain how to configure notifications properly?,Happy to help with your question. Our team is reviewing this and will follow up within 24 hours.,,,0,negative,2,1,desktop_app,LATAM
TCKT_074554,2023-01-15 13:01:11,CUST_02830,education,phone_transcript,mobile_app,performance,low,in_progress,standard,The mobile app page is very slow and takes a long time to load.,We understand performance issues can be frustrating. We will look into this and get back to you within the next 48 hours.,,,0,negative,3,1,api_client,LATAM
TCKT_074666,2023-01-14 06:43:56,CUST_08192,enterprise,phone_transcript,api_integration,account_access,high,resolved,standard,My 2FA code is not working when I try to sign in.,Sorry to hear you're having trouble accessing your account. We are prioritizing this and will update you as soon as possible.,Reset account credentials and confirmed successful login.,11.12,0,negative,0,0,android,EU
TCKT_074671,2023-01-07 10:39:31,CUST_00404,education,in_app,mobile_app,bug,low,resolved,gold,The page keeps crashing whenever I try to open the mobile app section.,Thanks for reporting this bug. We will look into this and get back to you within the next 48 hours.,Patched the bug and deployed a fix to production.,53.53,0,negative,3,0,android,
TCKT_074745,2023-01-30 01:12:38,CUST_01873,non_profit,web_form,notifications,how_to,medium,open,standard,Can you explain how to configure notifications properly?,Happy to help with your question. Our team is reviewing this and will follow up within 24 hours.,,,0,very_positive,5,0,desktop_app,APAC
TCKT_074768,2023-01-24 08:50:22,CUST_09953,individual,email,billing,feature_request,low,resolved,standard,Can you add an option to customize billing?,Thanks for your feature suggestion. We will look into this and get back to you within the next 48 hours.,Captured the request and added it to the product backlog.,30.48,0,negative,0,0,api_client,EU
TCKT_074823,2023-01-25 15:35:37,CUST_03031,individual,web_form,billing,bug,low,resolved,gold,The billing feature is not saving my changes.,Thanks for reporting this bug. We will look into this and get back to you within the next 48 hours.,Patched the bug and deployed a fix to production.,43.5,0,very_negative,1,1,api_client,APAC
TCKT_074948,2023-01-05 01:30:12,CUST_00372,individual,in_app,data_export,other,low,closed_no_action,gold,"Something seems off, can you please check my workspace?",Thanks for contacting support. We will look into this and get back to you within the next 48 hours.,Ticket closed without further action after no response from the customer.,141.1,0,positive,4,0,web,EU
TCKT_074968,2023-01-20 07:22:42,CUST_03095,non_profit,phone_transcript,data_export,security_concern,high,resolved,standard,We need details about your data encryption and compliance.,We take security very seriously. We are prioritizing this and will update you as soon as possible.,"Investigated logs, mitigated the issue, and updated security settings.",17.17,0,very_negative,1,0,api_client,EU
TCKT_075036,2023-01-23 10:12:15,CUST_04265,education,web_form,login_auth,feature_request,low,resolved,standard,Can you add an option to customize login auth?,Thanks for your feature suggestion. We will look into this and get back to you within the next 48 hours.,Captured the request and added it to the product backlog.,12.08,0,very_positive,0,0,desktop_app,EU
TCKT_075058,2023-01-03 01:31:36,CUST_02028,small_business,chat,mobile_app,bug,high,in_progress,gold,The page keeps crashing whenever I try to open the mobile app section.,Thanks for reporting this bug. We are prioritizing this and will update you as soon as possible.,,,0,positive,5,1,ios,MEA
TCKT_075086,2023-01-10 01:12:25,CUST_01526,non_profit,web_form,analytics_dashboard,bug,high,open,gold,I am seeing an error message when I click on analytics dashboard.,Thanks for reporting this bug. We are prioritizing this and will update you as soon as possible.,,,0,neutral,3,1,web,MEA
TCKT_075146,2023-01-13 23:25:19,CUST_07594,non_profit,web_form,login_auth,billing_problem,medium,in_progress,standard,I was charged twice for my subscription this month.,Thanks for reaching out about the billing issue. Our team is reviewing this and will follow up within 24 hours.,,,0,neutral,3,0,web,MEA
TCKT_075264,2023-01-10 04:17:51,CUST_08558,enterprise,chat,login_auth,bug,medium,closed_no_action,standard,I am seeing an error message when I click on login auth.,Thanks for reporting this bug. Our team is reviewing this and will follow up within 24 hours.,Ticket closed without further action after no response from the customer.,214.39,0,positive,0,0,ios,MEA
TCKT_075269,2023-01-17 05:00:57,CUST_06659,individual,phone_transcript,billing,security_concern,low,on_hold,platinum,There seems to be a vulnerability in the billing functionality.,We take security very seriously. We will look into this and get back to you within the next 48 hours.,,,0,very_negative,2,1,api_client,MEA
TCKT_075300,2023-01-11 10:44:56,CUST_02112,non_profit,email,billing,billing_problem,low,on_hold,gold,I was charged twice for my subscription this month.,Thanks for reaching out about the billing issue. We will look into this and get back to you within the next 48 hours.,,,0,neutral,4,0,api_client,EU
TCKT_075331,2023-01-06 16:16:49,CUST_08215,small_business,in_app,login_auth,security_concern,medium,resolved,standard,I noticed a suspicious login on my account.,We take security very seriously. Our team is reviewing this and will follow up within 24 hours.,"Investigated logs, mitigated the issue, and updated security settings.",38.15,0,negative,2,0,android,MEA
TCKT_075344,2023-01-29 21:31:22,CUST_04558,education,in_app,api_integration,other,high,closed_no_action,standard,I have a general question about my account.,Thanks for contacting support. We are prioritizing this and will update you as soon as possible.,Ticket closed without further action after no response from the customer.,237.93,0,positive,5,0,android,
TCKT_075552,2023-01-22 08:15:10,CUST_02486,small_business,email,billing,other,medium,in_progress,gold,I need help but I'm not sure which category this fits in.,Thanks for contacting support. Our team is reviewing this and will follow up within 24 hours.,,,0,neutral,0,1,desktop_app,
TCKT_075580,2023-01-03 08:32:38,CUST_05821,education,in_app,data_export,billing_problem,low,resolved,standard,I was charged twice for my subscription this month.,Thanks for reaching out about the billing issue. We will look into this and get back to you within the next 48 hours.,Adjusted the invoice and issued a refund where applicable.,61.34,0,neutral,3,1,web,LATAM
TCKT_075595,2023-01-28 01:48:23,CUST_04469,individual,email,notifications,billing_problem,medium,closed_no_action,gold,I downgraded my plan but I am still being billed for the higher tier.,Thanks for reaching out about the billing issue. Our team is reviewing this and will follow up within 24 hours.,Ticket closed without further action after no response from the customer.,41.85,0,very_negative,1,1,desktop_app,LATAM
TCKT_075734,2023-01-26 14:15:17,CUST_06516,non_profit,web_form,login_auth,other,urgent,on_hold,platinum,"Something seems off, can you please check my workspace?",Thanks for contacting support. This has been escalated to our on-call team for immediate attention.,,,0,neutral,3,0,api_client,EU
TCKT_075840,2023-01-14 06:04:08,CUST_09819,enterprise,in_app,analytics_dashboard,feature_request,high,in_progress,standard,Our team needs more advanced options for analytics dashboard.,Thanks for your feature suggestion. We are prioritizing this and will update you as soon as possible.,,,1,negative,2,0,desktop_app,MEA
TCKT_075847,2023-01-18 17:04:31,CUST_03897,non_profit,email,data_export,how_to,medium,resolved,standard,I need help setting up data export for my team.,Happy to help with your question. Our team is reviewing this and will follow up within 24 hours.,Provided step-by-step instructions and relevant documentation.,44.96,0,positive,0,0,android,LATAM
TCKT_075917,2023-01-02 08:15:52,CUST_09336,enterprise,chat,notifications,security_concern,high,closed_no_action,standard,We need details about your data encryption and compliance.,We take security very seriously. We are prioritizing this and will update you as soon as possible.,Ticket closed without further action after no response from the customer.,218.93,0,negative,3,0,android,
TCKT_075957,2023-01-12 12:38:41,CUST_08783,education,email,billing,account_access,medium,resolved,standard,I cannot log in; the system says my password is incorrect.,Sorry to hear you're having trouble accessing your account. Our team is reviewing this and will follow up within 24 hours.,Reset account credentials and confirmed successful login.,42.04,0,very_negative,2,0,desktop_app,APAC
TCKT_075961,2023-01-02 09:57:15,CUST_09172,enterprise,phone_transcript,mobile_app,how_to,medium,resolved,gold,I need help setting up mobile app for my team.,Happy to help with your question. Our team is reviewing this and will follow up within 24 hours.,Provided step-by-step instructions and relevant documentation.,15.65,0,neutral,3,1,api_client,
TCKT_075967,2023-01-31 03:37:14,CUST_08993,enterprise,in_app,api_integration,account_access,medium,resolved,standard,I cannot log in; the system says my password is incorrect.,Sorry to hear you're having trouble accessing your account. Our team is reviewing this and will follow up within 24 hours.,Reset account credentials and confirmed successful login.,12.19,0,negative,3,0,ios,LATAM
TCKT_075984,2023-01-01 03:40:05,CUST_03718,education,email,data_export,security_concern,urgent,open,standard,We need details about your data encryption and compliance.,We take security very seriously. This has been escalated to our on-call team for immediate attention.,,,0,very_negative,2,1,web,EU
TCKT_076010,2023-01-11 02:28:52,CUST_07981,enterprise,chat,billing,how_to,medium,resolved,gold,Can you explain how to configure billing properly?,Happy to help with your question. Our team is reviewing this and will follow up within 24 hours.,Provided step-by-step instructions and relevant documentation.,16.77,0,neutral,3,0,ios,APAC
TCKT_076012,2023-01-07 11:06:25,CUST_01636,non_profit,email,api_integration,how_to,medium,resolved,gold,Can you explain how to configure api integration properly?,Happy to help with your question. Our team is reviewing this and will follow up within 24 hours.,Provided step-by-step instructions and relevant documentation.,19.02,0,neutral,4,0,desktop_app,LATAM
TCKT_076092,2023-01-12 02:06:31,CUST_04158,individual,chat,mobile_app,how_to,medium,resolved,standard,How can I export my data from the mobile app section?,Happy to help with your question. Our team is reviewing this and will follow up within 24 hours.,Provided step-by-step instructions and relevant documentation.,27.86,0,negative,2,0,web,EU
TCKT_076121,2023-01-01 08:10:03,CUST_09043,education,chat,mobile_app,billing_problem,low,in_progress,platinum,I downgraded my plan but I am still being billed for the higher tier.,Thanks for reaching out about the billing issue. We will look into this and get back to you within the next 48 hours.,,,0,neutral,0,0,web,
TCKT_076149,2023-01-12 08:43:11,CUST_00733,small_business,email,api_integration,billing_problem,low,resolved,gold,I was charged twice for my subscription this month.,Thanks for reaching out about the billing issue. We will look into this and get back to you within the next 48 hours.,Adjusted the invoice and issued a refund where applicable.,36.43,0,positive,4,0,api_client,MEA
TCKT_076157,2023-01-30 17:28:38,CUST_05895,non_profit,chat,data_export,security_concern,high,on_hold,standard,I noticed a suspicious login on my account.,We take security very seriously. We are prioritizing this and will update you as soon as possible.,,,0,negative,2,0,api_client,MEA
TCKT_076194,2023-01-18 23:46:53,CUST_05732,small_business,in_app,api_integration,bug,low,closed_no_action,standard,The page keeps crashing whenever I try to open the api integration section.,Thanks for reporting this bug. We will look into this and get back to you within the next 48 hours.,Ticket closed without further action after no response from the customer.,128.78,0,negative,2,0,desktop_app,MEA
TCKT_076225,2023-01-08 14:16:54,CUST_03626,non_profit,in_app,analytics_dashboard,account_access,medium,resolved,gold,My account was locked after multiple failed login attempts.,Sorry to hear you're having trouble accessing your account. Our team is reviewing this and will follow up within 24 hours.,Reset account credentials and confirmed successful login.,23.16,0,very_negative,0,0,ios,
TCKT_076416,2023-01-14 10:54:38,CUST_07662,education,email,login_auth,other,low,resolved,standard,"Something seems off, can you please check my workspace?",Thanks for contacting support. We will look into this and get back to you within the next 48 hours.,Provided general guidance and confirmed the issue was resolved.,49.76,0,negative,0,0,ios,EU
TCKT_076463,2023-01-02 14:13:31,CUST_00230,individual,web_form,notifications,other,high,resolved,platinum,"Something seems off, can you please check my workspace?",Thanks for contacting support. We are prioritizing this and will update you as soon as possible.,Provided general guidance and confirmed the issue was resolved.,7.25,0,very_negative,0,0,ios,MEA
TCKT_076590,2023-01-12 18:23:39,CUST_03113,individual,email,mobile_app,other,high,resolved,gold,I have a general question about my account.,Thanks for contacting support. We are prioritizing this and will update you as soon as possible.,Provided general guidance and confirmed the issue was resolved.,15.71,0,very_negative,2,0,android,EU
TCKT_076655,2023-01-16 23:43:01,CUST_00215,non_profit,phone_transcript,api_integration,other,high,resolved,gold,"Something seems off, can you please check my workspace?",Thanks for contacting support. We are prioritizing this and will update you as soon as possible.,Provided general guidance and confirmed the issue was resolved.,20.24,0,very_negative,0,1,web,LATAM
TCKT_076668,2023-01-12 09:24:13,CUST_05071,enterprise,phone_transcript,analytics_dashboard,bug,low,open,gold,The analytics dashboard feature is not saving my changes.,Thanks for reporting this bug. We will look into this and get back to you within the next 48 hours.,,,0,neutral,0,0,android,MEA
TCKT_076705,2023-01-18 02:41:53,CUST_05336,small_business,chat,analytics_dashboard,performance,low,resolved,gold,Queries in the analytics dashboard module are timing out.,We understand performance issues can be frustrating. We will look into this and get back to you within the next 48 hours.,Optimized queries and increased resource allocation.,34.88,0,positive,4,0,ios,
TCKT_076729,2023-01-11 16:46:06,CUST_04334,non_profit,chat,login_auth,other,urgent,resolved,standard,I have a general question about my account.,Thanks for contacting support. This has been escalated to our on-call team for immediate attention.,Provided general guidance and confirmed the issue was resolved.,7.24,1,negative,2,1,ios,MEA
TCKT_076904,2023-01-05 09:07:36,CUST_01537,small_business,in_app,data_export,security_concern,low,resolved,gold,I noticed a suspicious login on my account.,We take security very seriously. We will look into this and get back to you within the next 48 hours.,"Investigated logs, mitigated the issue, and updated security settings.",68.14,0,negative,2,0,ios,LATAM
TCKT_076905,2023-01-16 07:15:27,CUST_02683,enterprise,in_app,data_export,other,low,resolved,gold,I have a general question about my account.,Thanks for contacting support. We will look into this and get back to you within the next 48 hours.,Provided general guidance and confirmed the issue was resolved.,46.27,0,very_negative,1,1,web,LATAM
TCKT_076983,2023-01-26 00:42:35,CUST_01828,enterprise,phone_transcript,mobile_app,performance,low,in_progress,standard,The mobile app page is very slow and takes a long time to load.,We understand performance issues can be frustrating. We will look into this and get back to you within the next 48 hours.,,,1,neutral,0,0,desktop_app,APAC
TCKT_077059,2023-01-01 15:06:55,CUST_00270,non_profit,web_form,billing,bug,low,closed_no_action,standard,The billing feature is not saving my changes.,Thanks for reporting this bug. We will look into this and get back to you within the next 48 hours.,Ticket closed without further action after no response from the customer.,124.77,0,neutral,0,0,api_client,LATAM
TCKT_077062,2023-01-05 01:59:21,CUST_00411,enterprise,web_form,billing,other,high,on_hold,gold,"Something seems off, can you please check my workspace?",Thanks for contacting support. We are prioritizing this and will update you as soon as possible.,,,1,negative,3,1,web,MEA
TCKT_077171,2023-01-20 01:05:55,CUST_02479,individual,chat,api_integration,security_concern,low,open,gold,There seems to be a vulnerability in the api integration functionality.,We take security very seriously. We will look into this and get back to you within the next 48 hours.,,,0,negative,3,0,ios,EU
TCKT_077278,2023-01-07 09:27:55,CUST_05472,individual,in_app,analytics_dashboard,security_concern,high,resolved,gold,We need details about your data encryption and compliance.,We take security very seriously. We are prioritizing this and will update you as soon as possible.,"Investigated logs, mitigated the issue, and updated security settings.",5.65,0,neutral,4,0,android,EU
TCKT_077320,2023-01-15 09:54:27,CUST_04918,education,phone_transcript,mobile_app,performance,medium,resolved,standard,Queries in the mobile app module are timing out.,We understand performance issues can be frustrating. Our team is reviewing this and will follow up within 24 hours.,Optimized queries and increased resource allocation.,26.3,1,negative,0,1,ios,LATAM
TCKT_077330,2023-01-15 21:01:04,CUST_00137,individual,phone_transcript,login_auth,billing_problem,low,resolved,standard,I was charged twice for my subscription this month.,Thanks for reaching out about the billing issue. We will look into this and get back to you within the next 48 hours.,Adjusted the invoice and issued a refund where applicable.,56.37,0,neutral,3,0,android,APAC
TCKT_077350,2023-01-11 04:16:28,CUST_07694,enterprise,web_form,mobile_app,feature_request,high,resolved,gold,Can you add an option to customize mobile app?,Thanks for your feature suggestion. We are prioritizing this and will update you as soon as possible.,Captured the request and added it to the product backlog.,23.0,0,neutral,3,0,android,LATAM
TCKT_077383,2023-01-01 22:48:23,CUST_01104,individual,chat,api_integration,other,low,resolved,gold,I have a general question about my account.,Thanks for contacting support. We will look into this and get back to you within the next 48 hours.,Provided general guidance and confirmed the issue was resolved.,27.45,0,very_negative,1,1,android,
TCKT_077453,2023-01-28 22:03:08,CUST_05354,enterprise,chat,api_integration,bug,medium,in_progress,standard,The api integration feature is not saving my changes.,Thanks for reporting this bug. Our team is reviewing this and will follow up within 24 hours.,,,0,positive,0,0,api_client,LATAM
TCKT_077536,2023-01-17 06:42:57,CUST_01431,non_profit,chat,billing,how_to,urgent,closed_no_action,gold,How can I export my data from the billing section?,Happy to help with your question. This has been escalated to our on-call team for immediate attention.,Ticket closed without further action after no response from the customer.,179.91,0,neutral,4,1,api_client,APAC
TCKT_077565,2023-01-14 19:59:26,CUST_02478,individual,phone_transcript,api_integration,performance,high,in_progress,standard,Queries in the api integration module are timing out.,We understand performance issues can be frustrating. We are prioritizing this and will update you as soon as possible.,,,0,neutral,4,0,ios,APAC
TCKT_077837,2023-01-26 08:10:09,CUST_03909,education,phone_transcript,analytics_dashboard,billing_problem,medium,closed_no_action,gold,I downgraded my plan but I am still being billed for the higher tier.,Thanks for reaching out about the billing issue. Our team is reviewing this and will follow up within 24 hours.,Ticket closed without further action after no response from the customer.,209.59,0,neutral,0,0,ios,MEA
TCKT_077995,2023-01-20 08:34:01,CUST_08836,individual,email,analytics_dashboard,account_access,high,in_progress,standard,I cannot log in; the system says my password is incorrect.,Sorry to hear you're having trouble accessing your account. We are prioritizing this and will update you as soon as possible.,,,1,very_negative,0,0,ios,LATAM
TCKT_078024,2023-01-16 15:16:56,CUST_01561,small_business,email,api_integration,bug,low,resolved,standard,The page keeps crashing whenever I try to open the api integration section.,Thanks for reporting this bug. We will look into this and get back to you within the next 48 hours.,Patched the bug and deployed a fix to production.,41.22,0,positive,0,0,ios,LATAM
TCKT_078158,2023-01-21 20:06:05,CUST_05631,individual,chat,data_export,feature_request,low,resolved,standard,Can you add an option to customize data export?,Thanks for your feature suggestion. We will look into this and get back to you within the next 48 hours.,Captured the request and added it to the product backlog.,9.95,0,neutral,4,0,api_client,MEA
TCKT_078351,2023-01-06 08:04:59,CUST_04373,non_profit,web_form,data_export,account_access,medium,resolved,standard,My account was locked after multiple failed login attempts.,Sorry to hear you're having trouble accessing your account. Our team is reviewing this and will follow up within 24 hours.,Reset account credentials and confirmed successful login.,33.83,0,neutral,3,0,ios,
TCKT_078371,2023-01-18 00:29:52,CUST_06349,enterprise,phone_transcript,mobile_app,other,medium,resolved,platinum,I need help but I'm not sure which category this fits in.,Thanks for contacting support. Our team is reviewing this and will follow up within 24 hours.,Provided general guidance and confirmed the issue was resolved.,27.26,0,neutral,3,0,web,APAC
TCKT_078396,2023-01-13 13:53:46,CUST_02213,small_business,email,mobile_app,performance,low,resolved,standard,The mobile app page is very slow and takes a long time to load.,We understand performance issues can be frustrating. We will look into this and get back to you within the next 48 hours.,Optimized queries and increased resource allocation.,39.65,0,negative,0,0,api_client,APAC
TCKT_078431,2023-01-08 05:27:47,CUST_03707,individual,chat,data_export,performance,high,closed_no_action,standard,Overall performance has degraded in the last few days.,We understand performance issues can be frustrating. We are prioritizing this and will update you as soon as possible.,Ticket closed without further action after no response from the customer.,27.57,0,negative,3,0,api_client,APAC
TCKT_078576,2023-01-18 14:36:58,CUST_07007,education,web_form,api_integration,performance,low,resolved,standard,The api integration page is very slow and takes a long time to load.,We understand performance issues can be frustrating. We will look into this and get back to you within the next 48 hours.,Optimized queries and increased resource allocation.,19.5,0,negative,0,0,web,
TCKT_078601,2023-01-25 20:50:43,CUST_00697,education,chat,mobile_app,bug,low,resolved,platinum,I am seeing an error message when I click on mobile app.,Thanks for reporting this bug. We will look into this and get back to you within the next 48 hours.,Patched the bug and deployed a fix to production.,66.73,0,negative,0,0,web,MEA
TCKT_078612,2023-01-25 09:07:20,CUST_04551,enterprise,web_form,billing,account_access,urgent,closed_no_action,gold,My 2FA code is not working when I try to sign in.,Sorry to hear you're having trouble accessing your account. This has been escalated to our on-call team for immediate attention.,Ticket closed without further action after no response from the customer.,155.35,0,very_negative,2,1,api_client,LATAM
TCKT_078710,2023-01-04 14:45:10,CUST_02790,education,chat,analytics_dashboard,performance,high,resolved,standard,The analytics dashboard page is very slow and takes a long time to load.,We understand performance issues can be frustrating. We are prioritizing this and will update you as soon as possible.,Optimized queries and increased resource allocation.,8.82,0,neutral,4,0,desktop_app,MEA
TCKT_078781,2023-01-10 19:24:56,CUST_02148,non_profit,in_app,analytics_dashboard,how_to,medium,in_progress,gold,How can I export my data from the analytics dashboard section?,Happy to help with your question. Our team is reviewing this and will follow up within 24 hours.,,,0,neutral,0,0,web,LATAM
TCKT_078817,2023-01-20 21:04:19,CUST_02344,non_profit,phone_transcript,mobile_app,bug,low,resolved,standard,I am seeing an error message when I click on mobile app.,Thanks for reporting this bug. We will look into this and get back to you within the next 48 hours.,Patched the bug and deployed a fix to production.,40.79,0,neutral,0,0,android,
TCKT_078866,2023-01-29 18:47:00,CUST_08111,non_profit,phone_transcript,billing,feature_request,low,resolved,standard,Can you add an option to customize billing?,Thanks for your feature suggestion. We will look into this and get back to you within the next 48 hours.,Captured the request and added it to the product backlog.,17.64,0,neutral,4,0,web,MEA
TCKT_078899,2023-01-30 02:01:39,CUST_08979,small_business,web_form,notifications,account_access,medium,closed_no_action,standard,I cannot log in; the system says my password is incorrect.,Sorry to hear you're having trouble accessing your account. Our team is reviewing this and will follow up within 24 hours.,Ticket closed without further action after no response from the customer.,46.52,0,very_negative,1,0,desktop_app,MEA
TCKT_079069,2023-01-04 15:07:02,CUST_02910,small_business,in_app,api_integration,how_to,low,on_hold,standard,How can I export my data from the api integration section?,Happy to help with your question. We will look into this and get back to you within the next 48 hours.,,,0,negative,2,0,desktop_app,EU
TCKT_079115,2023-01-16 04:42:10,CUST_03682,small_business,chat,login_auth,security_concern,low,resolved,gold,I noticed a suspicious login on my account.,We take security very seriously. We will look into this and get back to you within the next 48 hours.,"Investigated logs, mitigated the issue, and updated security settings.",43.6,0,negative,2,0,ios,MEA
TCKT_079146,2023-01-20 22:16:57,CUST_08022,enterprise,email,login_auth,feature_request,medium,resolved,platinum,Can you add an option to customize login auth?,Thanks for your feature suggestion. Our team is reviewing this and will follow up within 24 hours.,Captured the request and added it to the product backlog.,36.08,0,very_positive,5,0,ios,MEA
TCKT_079179,2023-01-17 09:51:11,CUST_03809,non_profit,chat,analytics_dashboard,performance,medium,in_progress,standard,Queries in the analytics dashboard module are timing out.,We understand performance issues can be frustrating. Our team is reviewing this and will follow up within 24 hours.,,,0,negative,2,0,android,MEA
TCKT_079191,2023-01-02 18:26:09,CUST_02960,non_profit,chat,analytics_dashboard,billing_problem,low,resolved,standard,I was charged twice for my subscription this month.,Thanks for reaching out about the billing issue. We will look into this and get back to you within the next 48 hours.,Adjusted the invoice and issued a refund where applicable.,11.9,0,very_negative,1,0,desktop_app,MEA
TCKT_079217,2023-01-28 17:15:29,CUST_08753,education,chat,analytics_dashboard,security_concern,low,open,platinum,We need details about your data encryption and compliance.,We take security very seriously. We will look into this and get back to you within the next 48 hours.,,,0,neutral,4,0,ios,LATAM
TCKT_079233,2023-01-22 07:24:54,CUST_00651,small_business,email,login_auth,how_to,medium,resolved,standard,Can you explain how to configure login auth properly?,Happy to help with your question. Our team is reviewing this and will follow up within 24 hours.,Provided step-by-step instructions and relevant documentation.,36.67,0,neutral,0,0,api_client,
TCKT_079372,2023-01-04 08:02:09,CUST_06029,non_profit,email,data_export,billing_problem,low,closed_no_action,standard,I downgraded my plan but I am still being billed for the higher tier.,Thanks for reaching out about the billing issue. We will look into this and get back to you within the next 48 hours.,Ticket closed without further action after no response from the customer.,185.9,0,positive,4,0,android,MEA
TCKT_079412,2023-01-24 06:59:48,CUST_08704,education,phone_transcript,billing,bug,medium,in_progress,gold,I am seeing an error message when I click on billing.,Thanks for reporting this bug. Our team is reviewing this and will follow up within 24 hours.,,,0,very_negative,2,1,android,
TCKT_079451,2023-01-17 23:13:57,CUST_01233,education,chat,api_integration,bug,medium,on_hold,standard,The api integration feature is not saving my changes.,Thanks for reporting this bug. Our team is reviewing this and will follow up within 24 hours.,,,0,very_positive,0,0,web,MEA
TCKT_079454,2023-01-05 22:02:52,CUST_04524,non_profit,web_form,login_auth,billing_problem,low,open,gold,My invoice amount is incorrect compared to the plan I selected.,Thanks for reaching out about the billing issue. We will look into this and get back to you within the next 48 hours.,,,0,positive,5,0,web,
TCKT_079553,2023-01-06 18:09:29,CUST_01273,small_business,in_app,analytics_dashboard,other,medium,open,standard,I need help but I'm not sure which category this fits in.,Thanks for contacting support. Our team is reviewing this and will follow up within 24 hours.,,,0,neutral,0,1,desktop_app,EU
TCKT_079556,2023-01-10 01:48:08,CUST_02507,education,chat,billing,security_concern,low,resolved,gold,There seems to be a vulnerability in the billing functionality.,We take security very seriously. We will look into this and get back to you within the next 48 hours.,"Investigated logs, mitigated the issue, and updated security settings.",30.15,0,negative,2,0,ios,EU
TCKT_079648,2023-01-30 11:13:05,CUST_00851,education,web_form,mobile_app,billing_problem,high,resolved,platinum,I downgraded my plan but I am still being billed for the higher tier.,Thanks for reaching out about the billing issue. We are prioritizing this and will update you as soon as possible.,Adjusted the invoice and issued a refund where applicable.,2.38,0,positive,4,0,desktop_app,EU
TCKT_079782,2023-01-17 08:20:06,CUST_09066,non_profit,phone_transcript,api_integration,billing_problem,high,resolved,standard,I was charged twice for my subscription this month.,Thanks for reaching out about the billing issue. We are prioritizing this and will update you as soon as possible.,Adjusted the invoice and issued a refund where applicable.,5.45,0,neutral,3,1,api_client,EU
TCKT_079794,2023-01-22 10:58:19,CUST_05204,non_profit,chat,api_integration,bug,medium,resolved,standard,The api integration feature is not saving my changes.,Thanks for reporting this bug. Our team is reviewing this and will follow up within 24 hours.,Patched the bug and deployed a fix to production.,46.7,0,negative,2,0,web,MEA
TCKT_079895,2023-01-19 03:10:25,CUST_09775,individual,web_form,analytics_dashboard,bug,medium,on_hold,gold,The page keeps crashing whenever I try to open the analytics dashboard section.,Thanks for reporting this bug. Our team is reviewing this and will follow up within 24 hours.,,,0,positive,4,0,android,APAC
TCKT_079924,2023-01-19 11:00:36,CUST_02431,enterprise,email,api_integration,performance,medium,on_hold,standard,Queries in the api integration module are timing out.,We understand performance issues can be frustrating. Our team is reviewing this and will follow up within 24 hours.,,,0,negative,3,0,api_client,MEA
TCKT_079959,2023-01-19 21:45:27,CUST_03568,small_business,chat,mobile_app,performance,low,resolved,standard,Queries in the mobile app module are timing out.,We understand performance issues can be frustrating. We will look into this and get back to you within the next 48 hours.,Optimized queries and increased resource allocation.,67.07,0,positive,4,1,api_client,APAC
TCKT_079970,2023-01-31 19:06:14,CUST_08805,enterprise,email,data_export,security_concern,low,closed_no_action,gold,I noticed a suspicious login on my account.,We take security very seriously. We will look into this and get back to you within the next 48 hours.,Ticket closed without further action after no response from the customer.,207.28,1,neutral,3,0,api_client,LATAM
TCKT_080019,2023-01-13 07:19:47,CUST_01501,enterprise,phone_transcript,analytics_dashboard,bug,low,in_progress,gold,The page keeps crashing whenever I try to open the analytics dashboard section.,Thanks for reporting this bug. We will look into this and get back to you within the next 48 hours.,,,0,neutral,3,0,desktop_app,MEA
TCKT_080048,2023-01-13 20:49:46,CUST_05471,non_profit,phone_transcript,login_auth,security_concern,low,resolved,standard,I noticed a suspicious login on my account.,We take security very seriously. We will look into this and get back to you within the next 48 hours.,"Investigated logs, mitigated the issue, and updated security settings.",33.19,0,neutral,0,0,desktop_app,MEA
TCKT_080075,2023-01-12 07:23:22,CUST_07688,non_profit,web_form,api_integration,how_to,low,open,standard,I need help setting up api integration for my team.,Happy to help with your question. We will look into this and get back to you within the next 48 hours.,,,1,neutral,0,0,android,LATAM
TCKT_080130,2023-01-30 06:35:22,CUST_02477,non_profit,in_app,login_auth,billing_problem,low,closed_no_action,standard,I was charged twice for my subscription this month.,Thanks for reaching out about the billing issue. We will look into this and get back to you within the next 48 hours.,Ticket closed without further action after no response from the customer.,190.44,0,negative,0,0,web,LATAM
TCKT_080154,2023-01-30 22:31:40,CUST_02303,individual,chat,api_integration,how_to,low,open,gold,I need help setting up api integration for my team.,Happy to help with your question. We will look into this and get back to you within the next 48 hours.,,,0,positive,0,0,ios,LATAM
TCKT_080193,2023-01-01 13:34:32,CUST_05899,education,web_form,mobile_app,bug,medium,resolved,gold,The mobile app feature is not saving my changes.,Thanks for reporting this bug. Our team is reviewing this and will follow up within 24 hours.,Patched the bug and deployed a fix to production.,33.02,0,neutral,0,0,android,APAC
TCKT_080239,2023-01-16 18:12:47,CUST_07966,small_business,email,analytics_dashboard,other,medium,resolved,standard,I need help but I'm not sure which category this fits in.,Thanks for contacting support. Our team is reviewing this and will follow up within 24 hours.,Provided general guidance and confirmed the issue was resolved.,44.75,0,positive,4,0,web,MEA
TCKT_080273,2023-01-24 10:07:43,CUST_07105,enterprise,in_app,notifications,billing_problem,high,resolved,gold,My invoice amount is incorrect compared to the plan I selected.,Thanks for reaching out about the billing issue. We are prioritizing this and will update you as soon as possible.,Adjusted the invoice and issued a refund where applicable.,7.39,0,positive,5,0,web,MEA
TCKT_080296,2023-01-03 16:51:08,CUST_05448,education,in_app,notifications,other,medium,in_progress,gold,I have a general question about my account.,Thanks for contacting support. Our team is reviewing this and will follow up within 24 hours.,,,0,neutral,3,0,web,MEA
TCKT_080346,2023-01-07 01:52:11,CUST_07801,individual,web_form,data_export,bug,high,resolved,gold,I am seeing an error message when I click on data export.,Thanks for reporting this bug. We are prioritizing this and will update you as soon as possible.,Patched the bug and deployed a fix to production.,9.33,1,positive,0,0,android,MEA
TCKT_080360,2023-01-11 16:28:34,CUST_03097,small_business,web_form,notifications,performance,low,open,gold,Overall performance has degraded in the last few days.,We understand performance issues can be frustrating. We will look into this and get back to you within the next 48 hours.,,,0,neutral,0,0,web,EU
TCKT_080363,2023-01-15 16:53:00,CUST_06644,education,phone_transcript,login_auth,feature_request,low,resolved,standard,Our team needs more advanced options for login auth.,Thanks for your feature suggestion. We will look into this and get back to you within the next 48 hours.,Captured the request and added it to the product backlog.,31.44,0,very_negative,1,1,web,EU
TCKT_080374,2023-01-02 04:35:47,CUST_08282,small_business,email,analytics_dashboard,security_concern,medium,resolved,standard,I noticed a suspicious login on my account.,We take security very seriously. Our team is reviewing this and will follow up within 24 hours.,"Investigated logs, mitigated the issue, and updated security settings.",21.67,0,very_negative,2,0,ios,EU
TCKT_080379,2023-01-27 17:25:19,CUST_06540,education,chat,notifications,other,medium,resolved,gold,I have a general question about my account.,Thanks for contacting support. Our team is reviewing this and will follow up within 24 hours.,Provided general guidance and confirmed the issue was resolved.,11.49,0,neutral,4,0,android,APAC
TCKT_080445,2023-01-28 03:12:41,CUST_02741,small_business,in_app,data_export,other,medium,open,standard,"Something seems off, can you please check my workspace?",Thanks for contacting support. Our team is reviewing this and will follow up within 24 hours.,,,0,neutral,0,1,android,MEA
TCKT_080628,2023-01-31 11:21:47,CUST_09706,education,in_app,api_integration,security_concern,urgent,in_progress,gold,We need details about your data encryption and compliance.,We take security very seriously. This has been escalated to our on-call team for immediate attention.,,,0,neutral,4,0,web,EU
TCKT_080634,2023-01-23 04:33:22,CUST_08742,education,web_form,data_export,feature_request,high,resolved,gold,Can you add an option to customize data export?,Thanks for your feature suggestion. We are prioritizing this and will update you as soon as possible.,Captured the request and added it to the product backlog.,3.6,0,neutral,3,1,api_client,
TCKT_080671,2023-01-07 22:39:40,CUST_08877,education,chat,data_export,performance,high,open,gold,Queries in the data export module are timing out.,We understand performance issues can be frustrating. We are prioritizing this and will update you as soon as possible.,,,1,negative,2,0,desktop_app,
TCKT_080675,2023-01-21 14:58:11,CUST_09976,education,in_app,notifications,how_to,low,in_progress,platinum,Can you explain how to configure notifications properly?,Happy to help with your question. We will look into this and get back to you within the next 48 hours.,,,0,positive,5,1,desktop_app,APAC
TCKT_080703,2023-01-31 01:22:39,CUST_00703,non_profit,web_form,data_export,other,medium,resolved,standard,I need help but I'm not sure which category this fits in.,Thanks for contacting support. Our team is reviewing this and will follow up within 24 hours.,Provided general guidance and confirmed the issue was resolved.,25.56,1,very_negative,1,1,android,APAC
TCKT_080718,2023-01-06 20:23:44,CUST_04104,education,in_app,data_export,how_to,high,resolved,gold,Can you explain how to configure data export properly?,Happy to help with your question. We are prioritizing this and will update you as soon as possible.,Provided step-by-step instructions and relevant documentation.,4.46,0,negative,3,0,web,
TCKT_080722,2023-01-07 12:53:57,CUST_07087,individual,in_app,login_auth,feature_request,low,resolved,gold,Our team needs more advanced options for login auth.,Thanks for your feature suggestion. We will look into this and get back to you within the next 48 hours.,Captured the request and added it to the product backlog.,15.13,1,negative,2,0,desktop_app,LATAM
TCKT_080874,2023-01-08 14:44:19,CUST_05714,individual,web_form,analytics_dashboard,security_concern,low,resolved,gold,We need details about your data encryption and compliance.,We take security very seriously. We will look into this and get back to you within the next 48 hours.,"Investigated logs, mitigated the issue, and updated security settings.",17.01,0,very_negative,2,0,web,EU
TCKT_080908,2023-01-08 19:50:28,CUST_00812,enterprise,in_app,api_integration,bug,medium,resolved,platinum,The page keeps crashing whenever I try to open the api integration section.,Thanks for reporting this bug. Our team is reviewing this and will follow up within 24 hours.,Patched the bug and deployed a fix to production.,26.78,0,positive,5,0,desktop_app,APAC
TCKT_080975,2023-01-09 15:32:32,CUST_08791,non_profit,phone_transcript,login_auth,security_concern,urgent,closed_no_action,standard,There seems to be a vulnerability in the login auth functionality.,We take security very seriously. This has been escalated to our on-call team for immediate attention.,Ticket closed without further action after no response from the customer.,119.31,0,neutral,4,0,api_client,
TCKT_080999,2023-01-05 09:41:08,CUST_05267,non_profit,in_app,data_export,security_concern,high,resolved,platinum,There seems to be a vulnerability in the data export functionality.,We take security very seriously. We are prioritizing this and will update you as soon as possible.,"Investigated logs, mitigated the issue, and updated security settings.",21.72,0,neutral,0,0,ios,APAC
TCKT_081036,2023-01-01 01:55:03,CUST_02687,non_profit,email,data_export,billing_problem,low,closed_no_action,standard,I was charged twice for my subscription this month.,Thanks for reaching out about the billing issue. We will look into this and get back to you within the next 48 hours.,Ticket closed without further action after no response from the customer.,100.87,0,very_positive,5,0,desktop_app,APAC
TCKT_081063,2023-01-21 17:18:26,CUST_00318,education,web_form,api_integration,how_to,low,resolved,standard,How can I export my data from the api integration section?,Happy to help with your question. We will look into this and get back to you within the next 48 hours.,Provided step-by-step instructions and relevant documentation.,12.48,0,positive,0,0,api_client,MEA
TCKT_081108,2023-01-22 20:52:39,CUST_04780,non_profit,web_form,login_auth,account_access,low,in_progress,gold,I cannot log in; the system says my password is incorrect.,Sorry to hear you're having trouble accessing your account. We will look into this and get back to you within the next 48 hours.,,,0,very_negative,0,1,ios,LATAM
TCKT_081133,2023-01-12 21:04:07,CUST_03245,enterprise,phone_transcript,login_auth,account_access,low,in_progress,standard,My account was locked after multiple failed login attempts.,Sorry to hear you're having trouble accessing your account. We will look into this and get back to you within the next 48 hours.,,,0,neutral,0,0,api_client,APAC
TCKT_081137,2023-01-18 09:35:25,CUST_03130,small_business,phone_transcript,login_auth,billing_problem,low,open,gold,I downgraded my plan but I am still being billed for the higher tier.,Thanks for reaching out about the billing issue. We will look into this and get back to you within the next 48 hours.,,,0,neutral,4,1,ios,EU
TCKT_081147,2023-01-13 00:02:39,CUST_08043,enterprise,web_form,api_integration,bug,medium,open,standard,I am seeing an error message when I click on api integration.,Thanks for reporting this bug. Our team is reviewing this and will follow up within 24 hours.,,,0,positive,4,0,api_client,LATAM
TCKT_081166,2023-01-21 11:43:23,CUST_07881,education,in_app,billing,security_concern,low,in_progress,gold,We need details about your data encryption and compliance.,We take security very seriously. We will look into this and get back to you within the next 48 hours.,,,0,negative,0,0,web,EU
TCKT_081208,2023-01-22 19:51:44,CUST_04303,education,email,notifications,feature_request,medium,resolved,gold,Can you add an option to customize notifications?,Thanks for your feature suggestion. Our team is reviewing this and will follow up within 24 hours.,Captured the request and added it to the product backlog.,35.07,0,positive,4,0,android,EU
TCKT_081213,2023-01-24 11:59:16,CUST_09149,non_profit,web_form,mobile_app,performance,medium,resolved,standard,Overall performance has degraded in the last few days.,We understand performance issues can be frustrating. Our team is reviewing this and will follow up within 24 hours.,Optimized queries and increased resource allocation.,10.62,0,positive,4,0,ios,MEA
TCKT_081293,2023-01-23 04:26:12,CUST_07673,enterprise,email,api_integration,other,medium,closed_no_action,standard,I have a general question about my account.,Thanks for contacting support. Our team is reviewing this and will follow up within 24 hours.,Ticket closed without further action after no response from the customer.,93.73,0,very_negative,1,0,ios,EU
TCKT_081368,2023-01-23 01:01:45,CUST_04193,small_business,phone_transcript,mobile_app,bug,medium,resolved,standard,The mobile app feature is not saving my changes.,Thanks for reporting this bug. Our team is reviewing this and will follow up within 24 hours.,Patched the bug and deployed a fix to production.,15.4,0,neutral,0,0,api_client,APAC
TCKT_081427,2023-01-23 21:57:06,CUST_00287,small_business,chat,login_auth,other,high,resolved,gold,"Something seems off, can you please check my workspace?",Thanks for contacting support. We are prioritizing this and will update you as soon as possible.,Provided general guidance and confirmed the issue was resolved.,14.22,0,neutral,3,0,android,MEA
TCKT_081458,2023-01-07 02:37:06,CUST_02890,small_business,in_app,api_integration,account_access,low,resolved,standard,I cannot log in; the system says my password is incorrect.,Sorry to hear you're having trouble accessing your account. We will look into this and get back to you within the next 48 hours.,Reset account credentials and confirmed successful login.,8.48,0,negative,2,0,desktop_app,MEA
TCKT_081497,2023-01-09 14:00:56,CUST_09586,individual,email,api_integration,performance,high,resolved,standard,Overall performance has degraded in the last few days.,We understand performance issues can be frustrating. We are prioritizing this and will update you as soon as possible.,Optimized queries and increased resource allocation.,5.41,0,neutral,4,0,desktop_app,
TCKT_081627,2023-01-09 02:11:40,CUST_00247,individual,email,notifications,feature_request,high,resolved,standard,It would be great to have notifications support in your product.,Thanks for your feature suggestion. We are prioritizing this and will update you as soon as possible.,Captured the request and added it to the product backlog.,17.35,0,neutral,4,1,ios,
TCKT_081707,2023-01-26 03:47:07,CUST_09133,non_profit,email,mobile_app,account_access,medium,in_progress,standard,My account was locked after multiple failed login attempts.,Sorry to hear you're having trouble accessing your account. Our team is reviewing this and will follow up within 24 hours.,,,0,neutral,4,1,ios,LATAM
TCKT_081721,2023-01-01 23:10:27,CUST_09131,education,in_app,data_export,how_to,low,closed_no_action,standard,I need help setting up data export for my team.,Happy to help with your question. We will look into this and get back to you within the next 48 hours.,Ticket closed without further action after no response from the customer.,196.87,0,positive,0,0,web,
TCKT_081783,2023-01-21 02:45:01,CUST_08867,education,email,mobile_app,account_access,low,resolved,gold,My account was locked after multiple failed login attempts.,Sorry to hear you're having trouble accessing your account. We will look into this and get back to you within the next 48 hours.,Reset account credentials and confirmed successful login.,41.35,0,negative,3,0,android,EU
TCKT_081788,2023-01-05 05:47:00,CUST_06121,individual,phone_transcript,billing,bug,low,resolved,platinum,I am seeing an error message when I click on billing.,Thanks for reporting this bug. We will look into this and get back to you within the next 48 hours.,Patched the bug and deployed a fix to production.,67.67,0,positive,5,1,desktop_app,
TCKT_081811,2023-01-23 23:53:39,CUST_04228,individual,in_app,api_integration,security_concern,low,resolved,gold,We need details about your data encryption and compliance.,We take security very seriously. We will look into this and get back to you within the next 48 hours.,"Investigated logs, mitigated the issue, and updated security settings.",60.02,0,very_negative,2,0,desktop_app,EU
TCKT_081856,2023-01-08 00:31:21,CUST_05263,non_profit,in_app,api_integration,feature_request,low,in_progress,standard,Our team needs more advanced options for api integration.,Thanks for your feature suggestion. We will look into this and get back to you within the next 48 hours.,,,0,negative,0,0,api_client,LATAM
TCKT_081917,2023-01-31 23:10:46,CUST_02139,enterprise,in_app,mobile_app,performance,low,resolved,standard,The mobile app page is very slow and takes a long time to load.,We understand performance issues can be frustrating. We will look into this and get back to you within the next 48 hours.,Optimized queries and increased resource allocation.,26.6,0,neutral,4,1,ios,EU
TCKT_081929,2023-01-18 03:20:06,CUST_03094,individual,web_form,analytics_dashboard,bug,low,on_hold,platinum,The page keeps crashing whenever I try to open the analytics dashboard section.,Thanks for reporting this bug. We will look into this and get back to you within the next 48 hours.,,,0,neutral,0,0,desktop_app,APAC
TCKT_081953,2023-01-11 01:03:02,CUST_01601,education,web_form,analytics_dashboard,account_access,low,resolved,platinum,I cannot log in; the system says my password is incorrect.,Sorry to hear you're having trouble accessing your account. We will look into this and get back to you within the next 48 hours.,Reset account credentials and confirmed successful login.,71.62,0,positive,4,0,ios,
TCKT_081966,2023-01-14 22:57:31,CUST_06633,non_profit,chat,notifications,billing_problem,medium,open,standard,I was charged twice for my subscription this month.,Thanks for reaching out about the billing issue. Our team is reviewing this and will follow up within 24 hours.,,,0,very_negative,2,0,android,EU
TCKT_081986,2023-01-03 16:39:25,CUST_09649,non_profit,chat,billing,bug,low,in_progress,standard,The page keeps crashing whenever I try to open the billing section.,Thanks for reporting this bug. We will look into this and get back to you within the next 48 hours.,,,0,negative,2,0,desktop_app,
TCKT_081990,2023-01-24 03:29:51,CUST_08437,education,phone_transcript,billing,billing_problem,low,resolved,platinum,I was charged twice for my subscription this month.,Thanks for reaching out about the billing issue. We will look into this and get back to you within the next 48 hours.,Adjusted the invoice and issued a refund where applicable.,37.09,0,neutral,3,0,android,MEA
TCKT_082030,2023-01-30 09:17:28,CUST_06285,small_business,phone_transcript,analytics_dashboard,security_concern,high,open,standard,We need details about your data encryption and compliance.,We take security very seriously. We are prioritizing this and will update you as soon as possible.,,,0,very_positive,5,0,desktop_app,
TCKT_082045,2023-01-04 02:27:38,CUST_01044,individual,email,data_export,billing_problem,medium,on_hold,platinum,My invoice amount is incorrect compared to the plan I selected.,Thanks for reaching out about the billing issue. Our team is reviewing this and will follow up within 24 hours.,,,0,very_negative,1,1,android,APAC
TCKT_082050,2023-01-29 21:54:54,CUST_06426,non_profit,chat,analytics_dashboard,bug,medium,in_progress,platinum,I am seeing an error message when I click on analytics dashboard.,Thanks for reporting this bug. Our team is reviewing this and will follow up within 24 hours.,,,0,neutral,3,0,api_client,EU
TCKT_082064,2023-01-01 18:35:46,CUST_05246,non_profit,in_app,mobile_app,feature_request,medium,on_hold,standard,Our team needs more advanced options for mobile app.,Thanks for your feature suggestion. Our team is reviewing this and will follow up within 24 hours.,,,0,very_positive,5,0,android,MEA
TCKT_082083,2023-01-18 14:00:39,CUST_06280,education,phone_transcript,data_export,billing_problem,low,in_progress,standard,I downgraded my plan but I am still being billed for the higher tier.,Thanks for reaching out about the billing issue. We will look into this and get back to you within the next 48 hours.,,,0,positive,5,1,ios,
TCKT_082091,2023-01-19 05:40:27,CUST_00643,enterprise,phone_transcript,login_auth,how_to,low,resolved,standard,Can you explain how to configure login auth properly?,Happy to help with your question. We will look into this and get back to you within the next 48 hours.,Provided step-by-step instructions and relevant documentation.,49.83,0,neutral,4,1,desktop_app,LATAM
TCKT_082202,2023-01-24 05:08:33,CUST_06150,education,email,data_export,account_access,low,resolved,standard,I cannot log in; the system says my password is incorrect.,Sorry to hear you're having trouble accessing your account. We will look into this and get back to you within the next 48 hours.,Reset account credentials and confirmed successful login.,41.38,0,neutral,3,0,web,MEA
TCKT_082223,2023-01-07 12:55:46,CUST_03201,enterprise,email,analytics_dashboard,other,low,resolved,standard,I have a general question about my account.,Thanks for contacting support. We will look into this and get back to you within the next 48 hours.,Provided general guidance and confirmed the issue was resolved.,22.64,0,negative,3,0,api_client,
TCKT_082240,2023-01-19 03:39:39,CUST_03764,education,phone_transcript,analytics_dashboard,other,low,closed_no_action,standard,"Something seems off, can you please check my workspace?",Thanks for contacting support. We will look into this and get back to you within the next 48 hours.,Ticket closed without further action after no response from the customer.,67.98,0,neutral,0,1,ios,MEA
TCKT_082258,2023-01-10 15:24:54,CUST_06339,enterprise,chat,billing,other,low,resolved,standard,I need help but I'm not sure which category this fits in.,Thanks for contacting support. We will look into this and get back to you within the next 48 hours.,Provided general guidance and confirmed the issue was resolved.,65.05,0,neutral,4,1,desktop_app,
TCKT_082296,2023-01-21 03:09:05,CUST_06529,individual,chat,mobile_app,bug,high,resolved,standard,The page keeps crashing whenever I try to open the mobile app section.,Thanks for reporting this bug. We are prioritizing this and will update you as soon as possible.,Patched the bug and deployed a fix to production.,19.03,0,negative,3,1,ios,EU
TCKT_082377,2023-01-16 15:08:42,CUST_07634,enterprise,phone_transcript,data_export,feature_request,medium,resolved,standard,Our team needs more advanced options for data export.,Thanks for your feature suggestion. Our team is reviewing this and will follow up within 24 hours.,Captured the request and added it to the product backlog.,34.02,0,very_positive,0,0,ios,MEA
TCKT_082395,2023-01-29 12:00:20,CUST_06072,non_profit,chat,analytics_dashboard,billing_problem,medium,closed_no_action,standard,My invoice amount is incorrect compared to the plan I selected.,Thanks for reaching out about the billing issue. Our team is reviewing this and will follow up within 24 hours.,Ticket closed without further action after no response from the customer.,182.32,0,very_negative,1,0,ios,MEA
TCKT_082409,2023-01-20 06:50:56,CUST_02510,small_business,phone_transcript,data_export,billing_problem,low,in_progress,standard,My invoice amount is incorrect compared to the plan I selected.,Thanks for reaching out about the billing issue. We will look into this and get back to you within the next 48 hours.,,,0,very_positive,0,0,android,
TCKT_082445,2023-01-12 12:53:17,CUST_09064,individual,phone_transcript,login_auth,feature_request,high,in_progress,standard,Can you add an option to customize login auth?,Thanks for your feature suggestion. We are prioritizing this and will update you as soon as possible.,,,0,neutral,3,0,api_client,MEA
TCKT_082533,2023-01-12 13:04:00,CUST_06080,individual,email,billing,how_to,medium,in_progress,standard,I need help setting up billing for my team.,Happy to help with your question. Our team is reviewing this and will follow up within 24 hours.,,,0,positive,0,0,android,
TCKT_082599,2023-01-25 15:25:50,CUST_03982,individual,web_form,notifications,feature_request,medium,closed_no_action,standard,Can you add an option to customize notifications?,Thanks for your feature suggestion. Our team is reviewing this and will follow up within 24 hours.,Ticket closed without further action after no response from the customer.,184.55,0,very_negative,2,0,android,EU
TCKT_082711,2023-01-22 19:28:31,CUST_07629,individual,chat,api_integration,how_to,high,resolved,gold,Can you explain how to configure api integration properly?,Happy to help with your question. We are prioritizing this and will update you as soon as possible.,Provided step-by-step instructions and relevant documentation.,18.05,0,very_positive,5,1,api_client,EU
TCKT_082727,2023-01-12 17:08:03,CUST_04970,non_profit,chat,billing,billing_problem,low,open,standard,I was charged twice for my subscription this month.,Thanks for reaching out about the billing issue. We will look into this and get back to you within the next 48 hours.,,,0,positive,4,0,ios,MEA
TCKT_082809,2023-01-26 16:11:35,CUST_05035,non_profit,email,login_auth,billing_problem,low,resolved,gold,I downgraded my plan but I am still being billed for the higher tier.,Thanks for reaching out about the billing issue. We will look into this and get back to you within the next 48 hours.,Adjusted the invoice and issued a refund where applicable.,65.97,0,very_negative,1,0,ios,APAC
TCKT_082813,2023-01-11 05:45:41,CUST_08509,individual,chat,mobile_app,security_concern,medium,closed_no_action,standard,We need details about your data encryption and compliance.,We take security very seriously. Our team is reviewing this and will follow up within 24 hours.,Ticket closed without further action after no response from the customer.,82.39,0,negative,0,0,ios,EU
TCKT_082848,2023-01-20 03:34:13,CUST_03754,enterprise,in_app,login_auth,performance,low,resolved,standard,Overall performance has degraded in the last few days.,We understand performance issues can be frustrating. We will look into this and get back to you within the next 48 hours.,Optimized queries and increased resource allocation.,67.97,0,negative,2,0,api_client,
TCKT_083013,2023-01-24 09:58:36,CUST_08883,enterprise,phone_transcript,analytics_dashboard,security_concern,low,open,gold,I noticed a suspicious login on my account.,We take security very seriously. We will look into this and get back to you within the next 48 hours.,,,0,negative,2,1,api_client,LATAM
TCKT_083295,2023-01-20 14:25:01,CUST_00590,individual,chat,data_export,feature_request,medium,in_progress,gold,Our team needs more advanced options for data export.,Thanks for your feature suggestion. Our team is reviewing this and will follow up within 24 hours.,,,0,negative,3,0,api_client,LATAM
TCKT_083296,2023-01-20 16:41:04,CUST_08799,non_profit,web_form,notifications,security_concern,medium,in_progress,platinum,We need details about your data encryption and compliance.,We take security very seriously. Our team is reviewing this and will follow up within 24 hours.,,,0,neutral,3,1,desktop_app,APAC
TCKT_083321,2023-01-04 08:26:06,CUST_03725,enterprise,in_app,api_integration,billing_problem,low,resolved,standard,I was charged twice for my subscription this month.,Thanks for reaching out about the billing issue. We will look into this and get back to you within the next 48 hours.,Adjusted the invoice and issued a refund where applicable.,23.3,0,negative,2,0,desktop_app,EU
TCKT_083336,2023-01-20 05:06:38,CUST_02329,small_business,chat,login_auth,performance,medium,in_progress,standard,Queries in the login auth module are timing out.,We understand performance issues can be frustrating. Our team is reviewing this and will follow up within 24 hours.,,,1,negative,2,0,web,EU
TCKT_083379,2023-01-21 06:06:40,CUST_09588,enterprise,email,billing,other,medium,resolved,standard,"Something seems off, can you please check my workspace?",Thanks for contacting support. Our team is reviewing this and will follow up within 24 hours.,Provided general guidance and confirmed the issue was resolved.,8.1,0,negative,3,1,web,LATAM
TCKT_083401,2023-01-03 04:07:09,CUST_08685,enterprise,email,notifications,billing_problem,medium,in_progress,gold,I was charged twice for my subscription this month.,Thanks for reaching out about the billing issue. Our team is reviewing this and will follow up within 24 hours.,,,0,positive,0,0,desktop_app,
TCKT_083482,2023-01-03 22:09:55,CUST_01534,small_business,chat,mobile_app,billing_problem,medium,resolved,platinum,I downgraded my plan but I am still being billed for the higher tier.,Thanks for reaching out about the billing issue. Our team is reviewing this and will follow up within 24 hours.,Adjusted the invoice and issued a refund where applicable.,45.35,0,very_negative,0,0,web,APAC
TCKT_083492,2023-01-26 21:28:08,CUST_03587,small_business,chat,billing,security_concern,high,resolved,standard,We need details about your data encryption and compliance.,We take security very seriously. We are prioritizing this and will update you as soon as possible.,"Investigated logs, mitigated the issue, and updated security settings.",10.88,0,neutral,4,0,ios,LATAM
TCKT_083552,2023-01-12 08:55:58,CUST_03880,non_profit,in_app,analytics_dashboard,billing_problem,low,resolved,standard,I downgraded my plan but I am still being billed for the higher tier.,Thanks for reaching out about the billing issue. We will look into this and get back to you within the next 48 hours.,Adjusted the invoice and issued a refund where applicable.,47.07,0,negative,3,0,desktop_app,LATAM
TCKT_083610,2023-01-31 17:59:58,CUST_07412,non_profit,in_app,billing,feature_request,medium,on_hold,gold,Our team needs more advanced options for billing.,Thanks for your feature suggestion. Our team is reviewing this and will follow up within 24 hours.,,,0,very_positive,5,0,android,LATAM
TCKT_083643,2023-01-23 22:07:32,CUST_04807,non_profit,in_app,api_integration,security_concern,high,resolved,standard,We need details about your data encryption and compliance.,We take security very seriously. We are prioritizing this and will update you as soon as possible.,"Investigated logs, mitigated the issue, and updated security settings.",9.63,0,very_negative,0,0,ios,MEA
TCKT_083653,2023-01-19 11:04:02,CUST_01755,small_business,in_app,mobile_app,bug,high,on_hold,standard,The page keeps crashing whenever I try to open the mobile app section.,Thanks for reporting this bug. We are prioritizing this and will update you as soon as possible.,,,0,neutral,4,0,ios,MEA
TCKT_083660,2023-01-30 12:00:40,CUST_05919,education,email,mobile_app,account_access,medium,in_progress,standard,My account was locked after multiple failed login attempts.,Sorry to hear you're having trouble accessing your account. Our team is reviewing this and will follow up within 24 hours.,,,0,negative,0,0,desktop_app,LATAM
TCKT_083685,2023-01-11 15:02:19,CUST_00368,small_business,web_form,data_export,billing_problem,urgent,resolved,gold,My invoice amount is incorrect compared to the plan I selected.,Thanks for reaching out about the billing issue. This has been escalated to our on-call team for immediate attention.,Adjusted the invoice and issued a refund where applicable.,3.72,0,negative,3,0,ios,APAC
TCKT_083694,2023-01-29 09:52:55,CUST_03032,non_profit,chat,billing,bug,medium,resolved,standard,The page keeps crashing whenever I try to open the billing section.,Thanks for reporting this bug. Our team is reviewing this and will follow up within 24 hours.,Patched the bug and deployed a fix to production.,14.98,0,negative,3,0,android,MEA
TCKT_083700,2023-01-12 01:21:50,CUST_05443,education,web_form,notifications,security_concern,high,resolved,platinum,There seems to be a vulnerability in the notifications functionality.,We take security very seriously. We are prioritizing this and will update you as soon as possible.,"Investigated logs, mitigated the issue, and updated security settings.",22.46,0,negative,2,0,ios,EU
TCKT_083763,2023-01-11 23:51:25,CUST_03456,enterprise,phone_transcript,login_auth,feature_request,low,resolved,platinum,Our team needs more advanced options for login auth.,Thanks for your feature suggestion. We will look into this and get back to you within the next 48 hours.,Captured the request and added it to the product backlog.,35.3,0,very_positive,0,1,ios,LATAM
TCKT_083811,2023-01-20 21:59:38,CUST_05100,non_profit,chat,login_auth,bug,low,on_hold,gold,The page keeps crashing whenever I try to open the login auth section.,Thanks for reporting this bug. We will look into this and get back to you within the next 48 hours.,,,0,very_negative,2,0,ios,APAC
TCKT_083832,2023-01-07 16:11:12,CUST_07624,education,email,api_integration,performance,urgent,resolved,standard,Queries in the api integration module are timing out.,We understand performance issues can be frustrating. This has been escalated to our on-call team for immediate attention.,Optimized queries and increased resource allocation.,0.73,0,very_negative,1,0,android,APAC
TCKT_083843,2023-01-05 16:11:01,CUST_08314,education,email,api_integration,billing_problem,low,resolved,standard,I was charged twice for my subscription this month.,Thanks for reaching out about the billing issue. We will look into this and get back to you within the next 48 hours.,Adjusted the invoice and issued a refund where applicable.,63.83,0,very_negative,1,0,web,EU
TCKT_083861,2023-01-02 03:14:32,CUST_02563,small_business,phone_transcript,api_integration,bug,medium,resolved,standard,I am seeing an error message when I click on api integration.,Thanks for reporting this bug. Our team is reviewing this and will follow up within 24 hours.,Patched the bug and deployed a fix to production.,36.3,0,neutral,3,1,android,APAC
TCKT_083886,2023-01-28 13:12:29,CUST_05410,education,phone_transcript,data_export,other,medium,open,gold,I need help but I'm not sure which category this fits in.,Thanks for contacting support. Our team is reviewing this and will follow up within 24 hours.,,,0,neutral,3,0,web,EU
TCKT_083903,2023-01-31 13:13:35,CUST_03001,non_profit,in_app,login_auth,how_to,medium,in_progress,gold,I need help setting up login auth for my team.,Happy to help with your question. Our team is reviewing this and will follow up within 24 hours.,,,0,negative,0,0,web,EU
TCKT_083990,2023-01-24 22:28:35,CUST_02400,non_profit,chat,analytics_dashboard,account_access,low,resolved,platinum,My 2FA code is not working when I try to sign in.,Sorry to hear you're having trouble accessing your account. We will look into this and get back to you within the next 48 hours.,Reset account credentials and confirmed successful login.,27.62,0,very_negative,1,0,api_client,
TCKT_084042,2023-01-10 21:55:56,CUST_08600,education,email,login_auth,security_concern,high,resolved,standard,I noticed a suspicious login on my account.,We take security very seriously. We are prioritizing this and will update you as soon as possible.,"Investigated logs, mitigated the issue, and updated security settings.",14.47,0,neutral,4,0,ios,APAC
TCKT_084098,2023-01-13 06:07:59,CUST_00242,small_business,phone_transcript,billing,feature_request,medium,resolved,standard,It would be great to have billing support in your product.,Thanks for your feature suggestion. Our team is reviewing this and will follow up within 24 hours.,Captured the request and added it to the product backlog.,9.0,0,negative,0,0,web,LATAM
TCKT_084110,2023-01-08 02:23:02,CUST_08872,enterprise,in_app,billing,bug,medium,open,standard,I am seeing an error message when I click on billing.,Thanks for reporting this bug. Our team is reviewing this and will follow up within 24 hours.,,,0,negative,2,0,android,
TCKT_084121,2023-01-21 15:10:24,CUST_07129,small_business,in_app,data_export,how_to,high,resolved,standard,Can you explain how to configure data export properly?,Happy to help with your question. We are prioritizing this and will update you as soon as possible.,Provided step-by-step instructions and relevant documentation.,3.56,0,very_negative,2,1,web,EU
TCKT_084161,2023-01-29 11:10:31,CUST_09065,education,email,mobile_app,account_access,medium,open,standard,I cannot log in; the system says my password is incorrect.,Sorry to hear you're having trouble accessing your account. Our team is reviewing this and will follow up within 24 hours.,,,0,neutral,4,0,desktop_app,
TCKT_084184,2023-01-01 07:18:25,CUST_06038,small_business,phone_transcript,notifications,how_to,medium,resolved,gold,How can I export my data from the notifications section?,Happy to help with your question. Our team is reviewing this and will follow up within 24 hours.,Provided step-by-step instructions and relevant documentation.,42.18,0,negative,0,0,desktop_app,MEA
TCKT_084273,2023-01-15 02:58:58,CUST_06860,small_business,chat,api_integration,feature_request,high,open,gold,Our team needs more advanced options for api integration.,Thanks for your feature suggestion. We are prioritizing this and will update you as soon as possible.,,,0,very_positive,5,0,ios,EU
TCKT_084361,2023-01-31 18:16:07,CUST_09594,small_business,phone_transcript,data_export,feature_request,medium,closed_no_action,standard,It would be great to have data export support in your product.,Thanks for your feature suggestion. Our team is reviewing this and will follow up within 24 hours.,Ticket closed without further action after no response from the customer.,89.84,0,negative,3,0,web,LATAM
TCKT_084406,2023-01-01 23:55:22,CUST_05913,small_business,web_form,login_auth,how_to,high,in_progress,standard,Can you explain how to configure login auth properly?,Happy to help with your question. We are prioritizing this and will update you as soon as possible.,,,0,neutral,3,1,desktop_app,MEA
TCKT_084473,2023-01-31 03:39:41,CUST_07306,non_profit,web_form,notifications,performance,high,resolved,standard,Queries in the notifications module are timing out.,We understand performance issues can be frustrating. We are prioritizing this and will update you as soon as possible.,Optimized queries and increased resource allocation.,6.52,0,neutral,0,0,api_client,LATAM
TCKT_084494,2023-01-29 17:06:12,CUST_02998,education,in_app,api_integration,security_concern,high,in_progress,standard,There seems to be a vulnerability in the api integration functionality.,We take security very seriously. We are prioritizing this and will update you as soon as possible.,,,0,negative,0,1,api_client,EU
TCKT_084504,2023-01-31 00:24:13,CUST_05558,non_profit,web_form,mobile_app,billing_problem,medium,resolved,standard,My invoice amount is incorrect compared to the plan I selected.,Thanks for reaching out about the billing issue. Our team is reviewing this and will follow up within 24 hours.,Adjusted the invoice and issued a refund where applicable.,11.02,0,negative,0,1,ios,APAC
TCKT_084545,2023-01-04 22:54:11,CUST_05376,non_profit,email,mobile_app,account_access,medium,closed_no_action,standard,I cannot log in; the system says my password is incorrect.,Sorry to hear you're having trouble accessing your account. Our team is reviewing this and will follow up within 24 hours.,Ticket closed without further action after no response from the customer.,69.69,0,negative,3,0,web,EU
TCKT_084596,2023-01-19 04:06:02,CUST_09597,individual,chat,api_integration,feature_request,medium,resolved,standard,It would be great to have api integration support in your product.,Thanks for your feature suggestion. Our team is reviewing this and will follow up within 24 hours.,Captured the request and added it to the product backlog.,19.45,0,neutral,0,0,api_client,EU
TCKT_084644,2023-01-26 02:43:56,CUST_00018,enterprise,web_form,login_auth,bug,urgent,in_progress,standard,I am seeing an error message when I click on login auth.,Thanks for reporting this bug. This has been escalated to our on-call team for immediate attention.,,,0,very_negative,2,0,api_client,MEA
TCKT_084674,2023-01-11 03:42:15,CUST_06790,non_profit,in_app,billing,how_to,high,on_hold,platinum,How can I export my data from the billing section?,Happy to help with your question. We are prioritizing this and will update you as soon as possible.,,,0,positive,4,1,android,LATAM
TCKT_084725,2023-01-17 23:44:55,CUST_05371,small_business,in_app,data_export,account_access,medium,resolved,standard,My account was locked after multiple failed login attempts.,Sorry to hear you're having trouble accessing your account. Our team is reviewing this and will follow up within 24 hours.,Reset account credentials and confirmed successful login.,5.24,0,negative,2,0,api_client,APAC
TCKT_084786,2023-01-24 07:14:37,CUST_09389,education,in_app,analytics_dashboard,how_to,medium,resolved,standard,How can I export my data from the analytics dashboard section?,Happy to help with your question. Our team is reviewing this and will follow up within 24 hours.,Provided step-by-step instructions and relevant documentation.,12.73,0,neutral,3,0,android,MEA
TCKT_084923,2023-01-10 18:27:51,CUST_05629,individual,in_app,billing,how_to,medium,resolved,standard,Can you explain how to configure billing properly?,Happy to help with your question. Our team is reviewing this and will follow up within 24 hours.,Provided step-by-step instructions and relevant documentation.,5.26,0,negative,2,0,web,EU
TCKT_084981,2023-01-13 18:17:54,CUST_08003,enterprise,email,api_integration,feature_request,high,in_progress,standard,Our team needs more advanced options for api integration.,Thanks for your feature suggestion. We are prioritizing this and will update you as soon as possible.,,,0,negative,2,1,ios,
TCKT_085008,2023-01-08 06:06:20,CUST_08251,education,in_app,data_export,bug,medium,in_progress,platinum,I am seeing an error message when I click on data export.,Thanks for reporting this bug. Our team is reviewing this and will follow up within 24 hours.,,,0,neutral,0,0,api_client,
TCKT_085011,2023-01-08 09:50:48,CUST_07575,enterprise,web_form,billing,how_to,urgent,open,standard,Can you explain how to configure billing properly?,Happy to help with your question. This has been escalated to our on-call team for immediate attention.,,,0,positive,5,0,web,EU
TCKT_085029,2023-01-04 15:02:43,CUST_09940,enterprise,chat,api_integration,bug,low,in_progress,standard,The page keeps crashing whenever I try to open the api integration section.,Thanks for reporting this bug. We will look into this and get back to you within the next 48 hours.,,,0,neutral,0,0,desktop_app,LATAM
TCKT_085086,2023-01-04 07:51:21,CUST_04850,small_business,email,notifications,account_access,high,on_hold,standard,My 2FA code is not working when I try to sign in.,Sorry to hear you're having trouble accessing your account. We are prioritizing this and will update you as soon as possible.,,,0,very_negative,2,0,web,LATAM
TCKT_085190,2023-01-17 04:37:19,CUST_08196,individual,chat,mobile_app,feature_request,low,resolved,gold,Can you add an option to customize mobile app?,Thanks for your feature suggestion. We will look into this and get back to you within the next 48 hours.,Captured the request and added it to the product backlog.,32.69,1,neutral,4,1,android,EU
TCKT_085272,2023-01-24 03:12:38,CUST_04273,small_business,email,data_export,feature_request,high,resolved,gold,It would be great to have data export support in your product.,Thanks for your feature suggestion. We are prioritizing this and will update you as soon as possible.,Captured the request and added it to the product backlog.,22.05,0,very_positive,5,0,desktop_app,APAC
TCKT_085310,2023-01-21 12:23:07,CUST_02544,education,email,data_export,account_access,medium,in_progress,standard,My account was locked after multiple failed login attempts.,Sorry to hear you're having trouble accessing your account. Our team is reviewing this and will follow up within 24 hours.,,,0,negative,3,0,desktop_app,EU
TCKT_085379,2023-01-19 18:25:19,CUST_08882,individual,phone_transcript,mobile_app,performance,medium,on_hold,standard,The mobile app page is very slow and takes a long time to load.,We understand performance issues can be frustrating. Our team is reviewing this and will follow up within 24 hours.,,,0,positive,5,0,web,APAC
TCKT_085577,2023-01-25 16:20:07,CUST_02353,education,web_form,login_auth,feature_request,high,in_progress,platinum,Our team needs more advanced options for login auth.,Thanks for your feature suggestion. We are prioritizing this and will update you as soon as possible.,,,0,neutral,3,0,desktop_app,MEA
TCKT_085583,2023-01-22 00:13:10,CUST_04150,individual,web_form,mobile_app,other,medium,open,platinum,"Something seems off, can you please check my workspace?",Thanks for contacting support. Our team is reviewing this and will follow up within 24 hours.,,,0,very_negative,1,1,web,LATAM
TCKT_085597,2023-01-31 16:51:48,CUST_04978,enterprise,chat,login_auth,how_to,high,in_progress,platinum,How can I export my data from the login auth section?,Happy to help with your question. We are prioritizing this and will update you as soon as possible.,,,1,neutral,4,0,desktop_app,APAC
TCKT_085602,2023-01-27 19:29:23,CUST_00126,non_profit,in_app,analytics_dashboard,how_to,medium,on_hold,standard,How can I export my data from the analytics dashboard section?,Happy to help with your question. Our team is reviewing this and will follow up within 24 hours.,,,0,negative,3,0,ios,LATAM
TCKT_085700,2023-01-04 23:54:11,CUST_00849,small_business,phone_transcript,notifications,how_to,medium,on_hold,standard,How can I export my data from the notifications section?,Happy to help with your question. Our team is reviewing this and will follow up within 24 hours.,,,0,very_positive,5,0,api_client,EU
TCKT_085716,2023-01-27 09:52:01,CUST_03452,education,web_form,api_integration,account_access,medium,resolved,standard,My 2FA code is not working when I try to sign in.,Sorry to hear you're having trouble accessing your account. Our team is reviewing this and will follow up within 24 hours.,Reset account credentials and confirmed successful login.,4.76,0,positive,5,1,android,LATAM
TCKT_085783,2023-01-04 00:53:33,CUST_00526,non_profit,phone_transcript,data_export,account_access,high,on_hold,gold,My 2FA code is not working when I try to sign in.,Sorry to hear you're having trouble accessing your account. We are prioritizing this and will update you as soon as possible.,,,1,negative,0,1,android,EU
TCKT_085806,2023-01-18 14:09:54,CUST_01183,small_business,phone_transcript,billing,feature_request,low,resolved,standard,Our team needs more advanced options for billing.,Thanks for your feature suggestion. We will look into this and get back to you within the next 48 hours.,Captured the request and added it to the product backlog.,65.35,0,negative,0,0,api_client,LATAM
TCKT_085833,2023-01-20 11:41:44,CUST_03120,small_business,in_app,login_auth,how_to,medium,on_hold,standard,Can you explain how to configure login auth properly?,Happy to help with your question. Our team is reviewing this and will follow up within 24 hours.,,,0,negative,2,0,api_client,APAC
TCKT_085986,2023-01-02 14:12:22,CUST_02964,education,email,notifications,other,medium,closed_no_action,platinum,I need help but I'm not sure which category this fits in.,Thanks for contacting support. Our team is reviewing this and will follow up within 24 hours.,Ticket closed without further action after no response from the customer.,221.77,0,neutral,4,0,android,APAC
TCKT_085991,2023-01-18 09:39:10,CUST_07456,small_business,in_app,login_auth,account_access,low,resolved,platinum,I cannot log in; the system says my password is incorrect.,Sorry to hear you're having trouble accessing your account. We will look into this and get back to you within the next 48 hours.,Reset account credentials and confirmed successful login.,54.02,1,very_negative,1,0,api_client,LATAM
TCKT_086031,2023-01-24 20:20:11,CUST_00156,non_profit,chat,api_integration,security_concern,medium,open,gold,We need details about your data encryption and compliance.,We take security very seriously. Our team is reviewing this and will follow up within 24 hours.,,,0,very_negative,1,0,api_client,EU
TCKT_086045,2023-01-07 19:12:59,CUST_03823,non_profit,in_app,api_integration,other,high,resolved,platinum,I need help but I'm not sure which category this fits in.,Thanks for contacting support. We are prioritizing this and will update you as soon as possible.,Provided general guidance and confirmed the issue was resolved.,12.51,1,neutral,4,0,ios,EU
TCKT_086050,2023-01-12 06:38:30,CUST_05404,small_business,in_app,analytics_dashboard,bug,high,closed_no_action,standard,The page keeps crashing whenever I try to open the analytics dashboard section.,Thanks for reporting this bug. We are prioritizing this and will update you as soon as possible.,Ticket closed without further action after no response from the customer.,157.9,0,negative,3,0,web,APAC
TCKT_086139,2023-01-09 13:10:15,CUST_08115,enterprise,chat,mobile_app,account_access,medium,closed_no_action,standard,I cannot log in; the system says my password is incorrect.,Sorry to hear you're having trouble accessing your account. Our team is reviewing this and will follow up within 24 hours.,Ticket closed without further action after no response from the customer.,198.24,1,negative,2,0,api_client,APAC
TCKT_086183,2023-01-11 18:46:51,CUST_00431,non_profit,web_form,notifications,performance,low,resolved,standard,Queries in the notifications module are timing out.,We understand performance issues can be frustrating. We will look into this and get back to you within the next 48 hours.,Optimized queries and increased resource allocation.,67.96,0,very_negative,0,0,web,
TCKT_086214,2023-01-22 13:27:52,CUST_05957,enterprise,in_app,api_integration,performance,low,in_progress,standard,The api integration page is very slow and takes a long time to load.,We understand performance issues can be frustrating. We will look into this and get back to you within the next 48 hours.,,,0,positive,5,0,android,APAC
TCKT_086242,2023-01-07 13:30:28,CUST_08589,education,in_app,api_integration,bug,low,resolved,gold,The api integration feature is not saving my changes.,Thanks for reporting this bug. We will look into this and get back to you within the next 48 hours.,Patched the bug and deployed a fix to production.,62.95,0,very_negative,2,0,web,LATAM
TCKT_086334,2023-01-26 03:39:21,CUST_02759,non_profit,phone_transcript,api_integration,bug,low,resolved,gold,I am seeing an error message when I click on api integration.,Thanks for reporting this bug. We will look into this and get back to you within the next 48 hours.,Patched the bug and deployed a fix to production.,21.56,0,negative,2,0,api_client,APAC
TCKT_086343,2023-01-22 09:52:27,CUST_00662,non_profit,web_form,mobile_app,how_to,low,resolved,standard,Can you explain how to configure mobile app properly?,Happy to help with your question. We will look into this and get back to you within the next 48 hours.,Provided step-by-step instructions and relevant documentation.,46.53,0,neutral,3,0,api_client,LATAM
TCKT_086400,2023-01-28 13:48:04,CUST_02797,small_business,web_form,mobile_app,account_access,low,resolved,platinum,My 2FA code is not working when I try to sign in.,Sorry to hear you're having trouble accessing your account. We will look into this and get back to you within the next 48 hours.,Reset account credentials and confirmed successful login.,59.77,1,neutral,4,1,web,LATAM
TCKT_086406,2023-01-12 07:24:50,CUST_08103,enterprise,in_app,data_export,billing_problem,high,resolved,gold,My invoice amount is incorrect compared to the plan I selected.,Thanks for reaching out about the billing issue. We are prioritizing this and will update you as soon as possible.,Adjusted the invoice and issued a refund where applicable.,14.52,0,very_negative,2,0,desktop_app,LATAM
TCKT_086429,2023-01-12 15:45:16,CUST_01448,individual,in_app,analytics_dashboard,feature_request,low,resolved,gold,It would be great to have analytics dashboard support in your product.,Thanks for your feature suggestion. We will look into this and get back to you within the next 48 hours.,Captured the request and added it to the product backlog.,31.63,0,neutral,4,0,desktop_app,
TCKT_086461,2023-01-27 20:20:52,CUST_01607,non_profit,phone_transcript,api_integration,account_access,medium,resolved,standard,My 2FA code is not working when I try to sign in.,Sorry to hear you're having trouble accessing your account. Our team is reviewing this and will follow up within 24 hours.,Reset account credentials and confirmed successful login.,31.53,0,positive,0,1,desktop_app,LATAM
TCKT_086467,2023-01-27 05:54:59,CUST_09161,small_business,chat,mobile_app,billing_problem,medium,resolved,standard,I was charged twice for my subscription this month.,Thanks for reaching out about the billing issue. Our team is reviewing this and will follow up within 24 hours.,Adjusted the invoice and issued a refund where applicable.,9.44,0,very_positive,0,0,api_client,
TCKT_086472,2023-01-08 05:12:31,CUST_08463,non_profit,web_form,api_integration,feature_request,high,resolved,standard,It would be great to have api integration support in your product.,Thanks for your feature suggestion. We are prioritizing this and will update you as soon as possible.,Captured the request and added it to the product backlog.,22.84,0,neutral,4,0,desktop_app,MEA
TCKT_086489,2023-01-17 20:09:23,CUST_07341,small_business,in_app,mobile_app,bug,low,resolved,standard,The mobile app feature is not saving my changes.,Thanks for reporting this bug. We will look into this and get back to you within the next 48 hours.,Patched the bug and deployed a fix to production.,51.4,0,neutral,4,0,ios,APAC
TCKT_086536,2023-01-16 04:21:54,CUST_08135,non_profit,phone_transcript,mobile_app,how_to,medium,resolved,gold,Can you explain how to configure mobile app properly?,Happy to help with your question. Our team is reviewing this and will follow up within 24 hours.,Provided step-by-step instructions and relevant documentation.,41.4,0,very_positive,0,1,api_client,
TCKT_086564,2023-01-25 23:33:10,CUST_00913,small_business,web_form,analytics_dashboard,bug,low,resolved,standard,I am seeing an error message when I click on analytics dashboard.,Thanks for reporting this bug. We will look into this and get back to you within the next 48 hours.,Patched the bug and deployed a fix to production.,67.46,0,negative,0,0,api_client,EU
TCKT_086567,2023-01-07 00:15:46,CUST_08479,non_profit,web_form,mobile_app,bug,high,resolved,gold,I am seeing an error message when I click on mobile app.,Thanks for reporting this bug. We are prioritizing this and will update you as soon as possible.,Patched the bug and deployed a fix to production.,11.14,0,positive,0,1,android,
TCKT_086568,2023-01-30 05:43:24,CUST_04041,non_profit,web_form,analytics_dashboard,other,medium,resolved,standard,"Something seems off, can you please check my workspace?",Thanks for contacting support. Our team is reviewing this and will follow up within 24 hours.,Provided general guidance and confirmed the issue was resolved.,7.64,0,very_negative,0,0,api_client,APAC
TCKT_086690,2023-01-18 01:48:59,CUST_05903,education,in_app,login_auth,account_access,medium,resolved,gold,I cannot log in; the system says my password is incorrect.,Sorry to hear you're having trouble accessing your account. Our team is reviewing this and will follow up within 24 hours.,Reset account credentials and confirmed successful login.,29.2,0,very_positive,5,1,web,EU
TCKT_086712,2023-01-12 11:42:45,CUST_06252,individual,phone_transcript,login_auth,bug,low,closed_no_action,standard,I am seeing an error message when I click on login auth.,Thanks for reporting this bug. We will look into this and get back to you within the next 48 hours.,Ticket closed without further action after no response from the customer.,140.09,0,neutral,3,0,desktop_app,LATAM
TCKT_086796,2023-01-04 20:13:31,CUST_07153,education,in_app,analytics_dashboard,other,medium,on_hold,standard,I need help but I'm not sure which category this fits in.,Thanks for contacting support. Our team is reviewing this and will follow up within 24 hours.,,,0,neutral,0,0,web,EU
TCKT_086844,2023-01-18 22:55:27,CUST_08954,individual,chat,mobile_app,bug,medium,on_hold,platinum,The page keeps crashing whenever I try to open the mobile app section.,Thanks for reporting this bug. Our team is reviewing this and will follow up within 24 hours.,,,0,positive,0,0,web,MEA
TCKT_086952,2023-01-27 08:34:29,CUST_07962,non_profit,chat,analytics_dashboard,other,low,on_hold,standard,"Something seems off, can you please check my workspace?",Thanks for contacting support. We will look into this and get back to you within the next 48 hours.,,,0,positive,5,0,api_client,LATAM
TCKT_086992,2023-01-09 01:02:51,CUST_00230,education,in_app,mobile_app,security_concern,high,resolved,gold,We need details about your data encryption and compliance.,We take security very seriously. We are prioritizing this and will update you as soon as possible.,"Investigated logs, mitigated the issue, and updated security settings.",5.97,0,very_negative,2,1,android,
TCKT_086993,2023-01-21 05:37:14,CUST_07184,non_profit,chat,analytics_dashboard,how_to,low,resolved,standard,Can you explain how to configure analytics dashboard properly?,Happy to help with your question. We will look into this and get back to you within the next 48 hours.,Provided step-by-step instructions and relevant documentation.,46.35,0,positive,0,0,android,
TCKT_087066,2023-01-20 13:38:41,CUST_06721,education,web_form,data_export,bug,low,resolved,gold,I am seeing an error message when I click on data export.,Thanks for reporting this bug. We will look into this and get back to you within the next 48 hours.,Patched the bug and deployed a fix to production.,62.5,0,very_positive,0,0,api_client,EU
TCKT_087114,2023-01-28 17:33:36,CUST_01214,non_profit,in_app,analytics_dashboard,performance,urgent,on_hold,standard,Overall performance has degraded in the last few days.,We understand performance issues can be frustrating. This has been escalated to our on-call team for immediate attention.,,,0,neutral,4,0,android,LATAM
TCKT_087123,2023-01-05 01:27:28,CUST_06396,enterprise,email,login_auth,feature_request,medium,open,standard,It would be great to have login auth support in your product.,Thanks for your feature suggestion. Our team is reviewing this and will follow up within 24 hours.,,,0,very_positive,5,0,api_client,
TCKT_087214,2023-01-10 07:55:36,CUST_06171,enterprise,email,analytics_dashboard,bug,medium,in_progress,standard,The analytics dashboard feature is not saving my changes.,Thanks for reporting this bug. Our team is reviewing this and will follow up within 24 hours.,,,0,negative,2,0,web,LATAM
TCKT_087345,2023-01-19 12:31:45,CUST_03352,individual,email,api_integration,performance,high,resolved,gold,Overall performance has degraded in the last few days.,We understand performance issues can be frustrating. We are prioritizing this and will update you as soon as possible.,Optimized queries and increased resource allocation.,18.4,0,negative,3,0,desktop_app,APAC
TCKT_087362,2023-01-08 22:44:04,CUST_09608,non_profit,email,notifications,account_access,high,resolved,gold,My 2FA code is not working when I try to sign in.,Sorry to hear you're having trouble accessing your account. We are prioritizing this and will update you as soon as possible.,Reset account credentials and confirmed successful login.,22.52,0,negative,3,0,web,MEA
TCKT_087373,2023-01-05 07:31:48,CUST_01427,individual,phone_transcript,data_export,billing_problem,medium,resolved,gold,I downgraded my plan but I am still being billed for the higher tier.,Thanks for reaching out about the billing issue. Our team is reviewing this and will follow up within 24 hours.,Adjusted the invoice and issued a refund where applicable.,34.59,0,positive,4,1,ios,MEA
TCKT_087400,2023-01-19 16:55:08,CUST_00449,small_business,phone_transcript,billing,bug,high,in_progress,standard,The billing feature is not saving my changes.,Thanks for reporting this bug. We are prioritizing this and will update you as soon as possible.,,,0,very_positive,5,1,ios,EU
TCKT_087403,2023-01-09 21:45:51,CUST_04802,non_profit,email,mobile_app,account_access,low,in_progress,gold,My 2FA code is not working when I try to sign in.,Sorry to hear you're having trouble accessing your account. We will look into this and get back to you within the next 48 hours.,,,0,very_positive,5,0,web,LATAM
TCKT_087471,2023-01-13 02:34:38,CUST_03547,enterprise,chat,notifications,feature_request,low,on_hold,standard,Our team needs more advanced options for notifications.,Thanks for your feature suggestion. We will look into this and get back to you within the next 48 hours.,,,0,positive,0,0,android,LATAM
TCKT_087476,2023-01-24 06:29:09,CUST_05963,education,in_app,analytics_dashboard,billing_problem,high,resolved,gold,I was charged twice for my subscription this month.,Thanks for reaching out about the billing issue. We are prioritizing this and will update you as soon as possible.,Adjusted the invoice and issued a refund where applicable.,13.77,1,very_negative,0,0,android,EU
TCKT_087541,2023-01-19 02:36:11,CUST_08143,small_business,in_app,notifications,billing_problem,low,resolved,standard,My invoice amount is incorrect compared to the plan I selected.,Thanks for reaching out about the billing issue. We will look into this and get back to you within the next 48 hours.,Adjusted the invoice and issued a refund where applicable.,20.63,0,very_negative,0,0,desktop_app,MEA
TCKT_087563,2023-01-08 21:52:34,CUST_06587,education,in_app,mobile_app,billing_problem,medium,open,gold,I downgraded my plan but I am still being billed for the higher tier.,Thanks for reaching out about the billing issue. Our team is reviewing this and will follow up within 24 hours.,,,0,neutral,3,0,desktop_app,LATAM
TCKT_087580,2023-01-09 08:16:22,CUST_06210,individual,in_app,mobile_app,how_to,low,resolved,standard,How can I export my data from the mobile app section?,Happy to help with your question. We will look into this and get back to you within the next 48 hours.,Provided step-by-step instructions and relevant documentation.,69.48,0,neutral,3,0,android,LATAM
TCKT_087650,2023-01-23 15:15:30,CUST_05051,small_business,web_form,login_auth,how_to,low,in_progress,standard,How can I export my data from the login auth section?,Happy to help with your question. We will look into this and get back to you within the next 48 hours.,,,0,negative,0,0,ios,
TCKT_087651,2023-01-28 07:14:26,CUST_05176,individual,chat,data_export,billing_problem,urgent,resolved,standard,My invoice amount is incorrect compared to the plan I selected.,Thanks for reaching out about the billing issue. This has been escalated to our on-call team for immediate attention.,Adjusted the invoice and issued a refund where applicable.,2.19,0,very_negative,0,0,ios,MEA
TCKT_087657,2023-01-06 10:30:47,CUST_07731,enterprise,phone_transcript,billing,billing_problem,medium,open,standard,My invoice amount is incorrect compared to the plan I selected.,Thanks for reaching out about the billing issue. Our team is reviewing this and will follow up within 24 hours.,,,0,negative,2,0,desktop_app,MEA
TCKT_087665,2023-01-07 07:04:22,CUST_03238,small_business,web_form,analytics_dashboard,how_to,medium,resolved,gold,Can you explain how to configure analytics dashboard properly?,Happy to help with your question. Our team is reviewing this and will follow up within 24 hours.,Provided step-by-step instructions and relevant documentation.,27.11,0,neutral,0,0,desktop_app,
TCKT_087670,2023-01-16 16:50:22,CUST_02068,enterprise,email,mobile_app,performance,high,resolved,standard,The mobile app page is very slow and takes a long time to load.,We understand performance issues can be frustrating. We are prioritizing this and will update you as soon as possible.,Optimized queries and increased resource allocation.,17.89,0,very_negative,0,0,web,MEA
TCKT_087711,2023-01-23 16:19:00,CUST_03544,individual,phone_transcript,data_export,performance,medium,resolved,standard,The data export page is very slow and takes a long time to load.,We understand performance issues can be frustrating. Our team is reviewing this and will follow up within 24 hours.,Optimized queries and increased resource allocation.,27.75,0,neutral,4,0,ios,LATAM
TCKT_087726,2023-01-12 02:09:41,CUST_06593,individual,chat,api_integration,bug,medium,resolved,gold,The page keeps crashing whenever I try to open the api integration section.,Thanks for reporting this bug. Our team is reviewing this and will follow up within 24 hours.,Patched the bug and deployed a fix to production.,34.88,0,neutral,4,1,android,
TCKT_087753,2023-01-12 03:12:09,CUST_08991,education,in_app,notifications,other,medium,resolved,standard,I have a general question about my account.,Thanks for contacting support. Our team is reviewing this and will follow up within 24 hours.,Provided general guidance and confirmed the issue was resolved.,17.77,0,negative,2,0,desktop_app,MEA
TCKT_087769,2023-01-18 00:29:49,CUST_01389,education,phone_transcript,login_auth,account_access,medium,on_hold,standard,My account was locked after multiple failed login attempts.,Sorry to hear you're having trouble accessing your account. Our team is reviewing this and will follow up within 24 hours.,,,0,negative,3,0,android,
TCKT_087867,2023-01-28 00:23:46,CUST_00297,non_profit,email,billing,performance,low,resolved,gold,Queries in the billing module are timing out.,We understand performance issues can be frustrating. We will look into this and get back to you within the next 48 hours.,Optimized queries and increased resource allocation.,49.07,0,negative,0,0,android,APAC
TCKT_087875,2023-01-05 02:25:37,CUST_03417,non_profit,in_app,notifications,performance,urgent,in_progress,platinum,The notifications page is very slow and takes a long time to load.,We understand performance issues can be frustrating. This has been escalated to our on-call team for immediate attention.,,,0,neutral,0,0,api_client,LATAM
TCKT_087921,2023-01-02 14:22:27,CUST_08531,education,email,analytics_dashboard,other,urgent,in_progress,standard,I have a general question about my account.,Thanks for contacting support. This has been escalated to our on-call team for immediate attention.,,,0,positive,0,0,ios,APAC
TCKT_087945,2023-01-21 19:18:33,CUST_03835,individual,phone_transcript,data_export,other,medium,open,standard,I need help but I'm not sure which category this fits in.,Thanks for contacting support. Our team is reviewing this and will follow up within 24 hours.,,,0,very_positive,5,0,api_client,MEA
TCKT_087972,2023-01-23 09:45:49,CUST_03794,enterprise,web_form,billing,performance,medium,on_hold,gold,Queries in the billing module are timing out.,We understand performance issues can be frustrating. Our team is reviewing this and will follow up within 24 hours.,,,0,very_negative,2,1,ios,EU
TCKT_087990,2023-01-14 22:03:38,CUST_02868,education,in_app,billing,bug,low,open,standard,The billing feature is not saving my changes.,Thanks for reporting this bug. We will look into this and get back to you within the next 48 hours.,,,0,negative,2,0,android,EU
TCKT_088052,2023-01-01 00:43:40,CUST_01881,small_business,web_form,api_integration,account_access,high,resolved,gold,I cannot log in; the system says my password is incorrect.,Sorry to hear you're having trouble accessing your account. We are prioritizing this and will update you as soon as possible.,Reset account credentials and confirmed successful login.,18.96,0,very_positive,5,0,desktop_app,MEA
TCKT_088125,2023-01-07 16:18:24,CUST_02819,individual,in_app,login_auth,security_concern,medium,in_progress,standard,I noticed a suspicious login on my account.,We take security very seriously. Our team is reviewing this and will follow up within 24 hours.,,,0,negative,3,0,api_client,EU
TCKT_088193,2023-01-19 09:37:16,CUST_04016,education,in_app,notifications,billing_problem,high,resolved,standard,My invoice amount is incorrect compared to the plan I selected.,Thanks for reaching out about the billing issue. We are prioritizing this and will update you as soon as possible.,Adjusted the invoice and issued a refund where applicable.,22.15,0,negative,0,0,desktop_app,EU
TCKT_088201,2023-01-16 22:18:36,CUST_05198,small_business,email,api_integration,security_concern,low,resolved,gold,There seems to be a vulnerability in the api integration functionality.,We take security very seriously. We will look into this and get back to you within the next 48 hours.,"Investigated logs, mitigated the issue, and updated security settings.",38.94,0,neutral,4,0,android,APAC
TCKT_088213,2023-01-26 10:02:23,CUST_05226,enterprise,chat,analytics_dashboard,billing_problem,medium,in_progress,standard,My invoice amount is incorrect compared to the plan I selected.,Thanks for reaching out about the billing issue. Our team is reviewing this and will follow up within 24 hours.,,,0,neutral,3,1,web,
TCKT_088234,2023-01-21 01:45:31,CUST_06921,non_profit,phone_transcript,notifications,feature_request,high,in_progress,gold,Can you add an option to customize notifications?,Thanks for your feature suggestion. We are prioritizing this and will update you as soon as possible.,,,0,positive,0,0,web,MEA
TCKT_088243,2023-01-08 15:20:16,CUST_00340,enterprise,in_app,api_integration,bug,low,resolved,standard,I am seeing an error message when I click on api integration.,Thanks for reporting this bug. We will look into this and get back to you within the next 48 hours.,Patched the bug and deployed a fix to production.,56.61,0,positive,0,0,ios,MEA
TCKT_088286,2023-01-08 20:29:07,CUST_01013,education,in_app,analytics_dashboard,performance,low,resolved,gold,Overall performance has degraded in the last few days.,We understand performance issues can be frustrating. We will look into this and get back to you within the next 48 hours.,Optimized queries and increased resource allocation.,70.11,0,negative,0,0,web,
TCKT_088288,2023-01-06 08:22:22,CUST_08580,non_profit,chat,data_export,feature_request,low,in_progress,standard,It would be great to have data export support in your product.,Thanks for your feature suggestion. We will look into this and get back to you within the next 48 hours.,,,0,very_negative,0,0,ios,LATAM
TCKT_088437,2023-01-02 02:05:09,CUST_06542,enterprise,in_app,notifications,feature_request,medium,in_progress,standard,It would be great to have notifications support in your product.,Thanks for your feature suggestion. Our team is reviewing this and will follow up within 24 hours.,,,0,very_positive,5,1,ios,MEA
TCKT_088462,2023-01-17 22:44:29,CUST_06739,small_business,chat,data_export,how_to,low,resolved,gold,How can I export my data from the data export section?,Happy to help with your question. We will look into this and get back to you within the next 48 hours.,Provided step-by-step instructions and relevant documentation.,12.73,0,very_positive,5,0,desktop_app,LATAM
TCKT_088506,2023-01-31 04:58:18,CUST_00162,individual,phone_transcript,api_integration,other,medium,in_progress,gold,"Something seems off, can you please check my workspace?",Thanks for contacting support. Our team is reviewing this and will follow up within 24 hours.,,,0,negative,0,0,web,
TCKT_088533,2023-01-21 11:01:57,CUST_08856,enterprise,phone_transcript,analytics_dashboard,how_to,low,closed_no_action,standard,Can you explain how to configure analytics dashboard properly?,Happy to help with your question. We will look into this and get back to you within the next 48 hours.,Ticket closed without further action after no response from the customer.,137.62,0,neutral,4,1,desktop_app,
TCKT_088552,2023-01-21 04:04:53,CUST_00894,individual,in_app,billing,performance,low,resolved,gold,The billing page is very slow and takes a long time to load.,We understand performance issues can be frustrating. We will look into this and get back to you within the next 48 hours.,Optimized queries and increased resource allocation.,33.75,0,very_negative,1,0,ios,EU
TCKT_088596,2023-01-22 23:24:56,CUST_05837,education,chat,login_auth,account_access,low,resolved,gold,My account was locked after multiple failed login attempts.,Sorry to hear you're having trouble accessing your account. We will look into this and get back to you within the next 48 hours.,Reset account credentials and confirmed successful login.,16.25,0,negative,2,0,api_client,MEA
TCKT_088612,2023-01-09 06:59:27,CUST_03438,enterprise,phone_transcript,billing,other,medium,resolved,gold,I have a general question about my account.,Thanks for contacting support. Our team is reviewing this and will follow up within 24 hours.,Provided general guidance and confirmed the issue was resolved.,4.78,0,neutral,4,0,api_client,
TCKT_088615,2023-01-14 12:28:25,CUST_00134,individual,chat,data_export,performance,low,closed_no_action,standard,The data export page is very slow and takes a long time to load.,We understand performance issues can be frustrating. We will look into this and get back to you within the next 48 hours.,Ticket closed without further action after no response from the customer.,24.07,0,positive,5,1,android,EU
TCKT_088635,2023-01-24 23:55:10,CUST_07733,non_profit,email,data_export,security_concern,medium,resolved,standard,We need details about your data encryption and compliance.,We take security very seriously. Our team is reviewing this and will follow up within 24 hours.,"Investigated logs, mitigated the issue, and updated security settings.",12.75,0,neutral,3,0,desktop_app,LATAM
TCKT_088675,2023-01-10 05:55:35,CUST_06749,individual,chat,data_export,bug,medium,resolved,standard,The page keeps crashing whenever I try to open the data export section.,Thanks for reporting this bug. Our team is reviewing this and will follow up within 24 hours.,Patched the bug and deployed a fix to production.,30.29,0,negative,2,1,android,APAC
TCKT_088761,2023-01-03 17:05:43,CUST_02352,non_profit,web_form,notifications,performance,urgent,resolved,standard,Overall performance has degraded in the last few days.,We understand performance issues can be frustrating. This has been escalated to our on-call team for immediate attention.,Optimized queries and increased resource allocation.,4.49,0,very_negative,0,0,android,LATAM
TCKT_088788,2023-01-16 01:59:45,CUST_00818,enterprise,phone_transcript,mobile_app,bug,medium,resolved,standard,The page keeps crashing whenever I try to open the mobile app section.,Thanks for reporting this bug. Our team is reviewing this and will follow up within 24 hours.,Patched the bug and deployed a fix to production.,11.27,0,neutral,0,0,api_client,LATAM
TCKT_088807,2023-01-27 18:21:21,CUST_05661,non_profit,web_form,mobile_app,performance,high,open,standard,The mobile app page is very slow and takes a long time to load.,We understand performance issues can be frustrating. We are prioritizing this and will update you as soon as possible.,,,0,very_negative,2,0,api_client,LATAM
TCKT_089026,2023-01-23 01:45:09,CUST_06653,small_business,email,analytics_dashboard,performance,low,open,standard,Overall performance has degraded in the last few days.,We understand performance issues can be frustrating. We will look into this and get back to you within the next 48 hours.,,,0,negative,3,0,web,
TCKT_089029,2023-01-28 03:32:23,CUST_01839,non_profit,in_app,data_export,performance,high,in_progress,gold,The data export page is very slow and takes a long time to load.,We understand performance issues can be frustrating. We are prioritizing this and will update you as soon as possible.,,,0,negative,0,0,api_client,EU
TCKT_089050,2023-01-12 20:11:25,CUST_02980,non_profit,chat,billing,account_access,low,resolved,gold,My 2FA code is not working when I try to sign in.,Sorry to hear you're having trouble accessing your account. We will look into this and get back to you within the next 48 hours.,Reset account credentials and confirmed successful login.,52.83,0,negative,0,0,web,LATAM
TCKT_089085,2023-01-13 15:41:57,CUST_02354,education,phone_transcript,data_export,other,medium,resolved,standard,I need help but I'm not sure which category this fits in.,Thanks for contacting support. Our team is reviewing this and will follow up within 24 hours.,Provided general guidance and confirmed the issue was resolved.,24.92,0,neutral,3,0,ios,
TCKT_089127,2023-01-01 05:48:47,CUST_00919,education,email,analytics_dashboard,security_concern,low,open,standard,I noticed a suspicious login on my account.,We take security very seriously. We will look into this and get back to you within the next 48 hours.,,,0,very_negative,1,0,api_client,MEA
TCKT_089199,2023-01-06 16:19:35,CUST_06445,non_profit,chat,analytics_dashboard,security_concern,low,resolved,gold,There seems to be a vulnerability in the analytics dashboard functionality.,We take security very seriously. We will look into this and get back to you within the next 48 hours.,"Investigated logs, mitigated the issue, and updated security settings.",13.08,0,neutral,0,0,web,APAC
TCKT_089251,2023-01-18 23:58:32,CUST_09742,non_profit,email,mobile_app,how_to,high,closed_no_action,standard,How can I export my data from the mobile app section?,Happy to help with your question. We are prioritizing this and will update you as soon as possible.,Ticket closed without further action after no response from the customer.,193.55,0,neutral,0,0,web,
TCKT_089279,2023-01-24 14:48:39,CUST_01472,non_profit,web_form,analytics_dashboard,billing_problem,low,resolved,gold,I was charged twice for my subscription this month.,Thanks for reaching out about the billing issue. We will look into this and get back to you within the next 48 hours.,Adjusted the invoice and issued a refund where applicable.,59.76,0,very_positive,5,0,desktop_app,LATAM
TCKT_089317,2023-01-01 02:54:39,CUST_09047,education,in_app,notifications,billing_problem,low,open,gold,I was charged twice for my subscription this month.,Thanks for reaching out about the billing issue. We will look into this and get back to you within the next 48 hours.,,,0,neutral,0,0,ios,
TCKT_089325,2023-01-11 21:02:59,CUST_09260,enterprise,chat,login_auth,security_concern,medium,in_progress,gold,There seems to be a vulnerability in the login auth functionality.,We take security very seriously. Our team is reviewing this and will follow up within 24 hours.,,,1,positive,4,0,android,EU
TCKT_089330,2023-01-20 15:12:44,CUST_07036,enterprise,in_app,analytics_dashboard,billing_problem,medium,closed_no_action,platinum,My invoice amount is incorrect compared to the plan I selected.,Thanks for reaching out about the billing issue. Our team is reviewing this and will follow up within 24 hours.,Ticket closed without further action after no response from the customer.,88.4,0,very_negative,1,0,api_client,LATAM
TCKT_089362,2023-01-27 01:19:37,CUST_04384,individual,web_form,login_auth,security_concern,low,in_progress,standard,There seems to be a vulnerability in the login auth functionality.,We take security very seriously. We will look into this and get back to you within the next 48 hours.,,,0,positive,0,0,desktop_app,EU
TCKT_089439,2023-01-09 00:32:32,CUST_07587,education,email,notifications,account_access,high,open,standard,My 2FA code is not working when I try to sign in.,Sorry to hear you're having trouble accessing your account. We are prioritizing this and will update you as soon as possible.,,,0,negative,2,0,api_client,
TCKT_089511,2023-01-22 05:34:01,CUST_08051,small_business,web_form,api_integration,security_concern,medium,resolved,standard,I noticed a suspicious login on my account.,We take security very seriously. Our team is reviewing this and will follow up within 24 hours.,"Investigated logs, mitigated the issue, and updated security settings.",27.78,0,negative,3,0,web,
TCKT_089526,2023-01-08 03:35:42,CUST_07902,education,phone_transcript,mobile_app,performance,urgent,closed_no_action,platinum,The mobile app page is very slow and takes a long time to load.,We understand performance issues can be frustrating. This has been escalated to our on-call team for immediate attention.,Ticket closed without further action after no response from the customer.,29.89,0,negative,0,1,ios,APAC
TCKT_089552,2023-01-01 00:12:50,CUST_02243,education,email,login_auth,security_concern,high,resolved,gold,I noticed a suspicious login on my account.,We take security very seriously. We are prioritizing this and will update you as soon as possible.,"Investigated logs, mitigated the issue, and updated security settings.",20.48,1,negative,3,0,ios,MEA
TCKT_089556,2023-01-19 20:33:16,CUST_02766,non_profit,phone_transcript,notifications,feature_request,urgent,in_progress,standard,It would be great to have notifications support in your product.,Thanks for your feature suggestion. This has been escalated to our on-call team for immediate attention.,,,0,positive,0,0,ios,
TCKT_089587,2023-01-27 19:44:56,CUST_05223,individual,in_app,billing,how_to,high,resolved,standard,Can you explain how to configure billing properly?,Happy to help with your question. We are prioritizing this and will update you as soon as possible.,Provided step-by-step instructions and relevant documentation.,23.01,0,very_positive,5,0,android,LATAM
TCKT_089692,2023-01-02 11:29:46,CUST_00259,small_business,email,billing,feature_request,low,resolved,gold,Our team needs more advanced options for billing.,Thanks for your feature suggestion. We will look into this and get back to you within the next 48 hours.,Captured the request and added it to the product backlog.,43.63,0,negative,0,0,desktop_app,APAC
TCKT_089700,2023-01-19 19:54:11,CUST_03015,small_business,in_app,data_export,billing_problem,medium,resolved,standard,My invoice amount is incorrect compared to the plan I selected.,Thanks for reaching out about the billing issue. Our team is reviewing this and will follow up within 24 hours.,Adjusted the invoice and issued a refund where applicable.,40.21,0,neutral,0,0,ios,APAC
TCKT_089708,2023-01-22 06:00:58,CUST_06445,enterprise,phone_transcript,api_integration,performance,high,open,gold,The api integration page is very slow and takes a long time to load.,We understand performance issues can be frustrating. We are prioritizing this and will update you as soon as possible.,,,0,neutral,4,0,android,APAC
TCKT_089727,2023-01-05 05:04:34,CUST_03537,education,chat,login_auth,how_to,low,resolved,platinum,Can you explain how to configure login auth properly?,Happy to help with your question. We will look into this and get back to you within the next 48 hours.,Provided step-by-step instructions and relevant documentation.,61.64,0,positive,4,1,web,
TCKT_089815,2023-01-12 23:22:15,CUST_04601,non_profit,in_app,notifications,how_to,high,resolved,gold,How can I export my data from the notifications section?,Happy to help with your question. We are prioritizing this and will update you as soon as possible.,Provided step-by-step instructions and relevant documentation.,3.84,0,positive,5,0,android,MEA
TCKT_089834,2023-01-13 13:53:46,CUST_06604,small_business,chat,analytics_dashboard,feature_request,high,resolved,gold,Can you add an option to customize analytics dashboard?,Thanks for your feature suggestion. We are prioritizing this and will update you as soon as possible.,Captured the request and added it to the product backlog.,13.44,0,very_positive,5,0,android,MEA
TCKT_089908,2023-01-02 20:05:27,CUST_04416,education,phone_transcript,billing,other,low,open,standard,I need help but I'm not sure which category this fits in.,Thanks for contacting support. We will look into this and get back to you within the next 48 hours.,,,0,positive,4,1,ios,MEA
TCKT_089920,2023-01-07 00:35:44,CUST_02293,enterprise,web_form,login_auth,feature_request,low,on_hold,gold,Can you add an option to customize login auth?,Thanks for your feature suggestion. We will look into this and get back to you within the next 48 hours.,,,0,neutral,3,0,ios,APAC
TCKT_089937,2023-01-11 06:37:09,CUST_02120,small_business,phone_transcript,analytics_dashboard,bug,medium,on_hold,gold,The page keeps crashing whenever I try to open the analytics dashboard section.,Thanks for reporting this bug. Our team is reviewing this and will follow up within 24 hours.,,,0,neutral,3,0,desktop_app,
TCKT_089969,2023-01-15 16:45:12,CUST_02077,education,chat,notifications,how_to,urgent,resolved,standard,I need help setting up notifications for my team.,Happy to help with your question. This has been escalated to our on-call team for immediate attention.,Provided step-by-step instructions and relevant documentation.,7.36,0,negative,0,0,ios,MEA
TCKT_089975,2023-01-16 15:36:21,CUST_03113,enterprise,chat,data_export,account_access,low,open,standard,My 2FA code is not working when I try to sign in.,Sorry to hear you're having trouble accessing your account. We will look into this and get back to you within the next 48 hours.,,,0,very_negative,2,1,ios,EU
TCKT_090008,2023-01-04 19:03:49,CUST_05097,enterprise,phone_transcript,analytics_dashboard,how_to,medium,closed_no_action,standard,How can I export my data from the analytics dashboard section?,Happy to help with your question. Our team is reviewing this and will follow up within 24 hours.,Ticket closed without further action after no response from the customer.,49.44,0,neutral,0,1,ios,
TCKT_090051,2023-01-01 00:59:27,CUST_03578,enterprise,web_form,notifications,bug,high,on_hold,standard,The page keeps crashing whenever I try to open the notifications section.,Thanks for reporting this bug. We are prioritizing this and will update you as soon as possible.,,,1,negative,3,0,ios,LATAM
TCKT_090085,2023-01-01 03:00:32,CUST_04401,enterprise,in_app,api_integration,billing_problem,medium,resolved,standard,I was charged twice for my subscription this month.,Thanks for reaching out about the billing issue. Our team is reviewing this and will follow up within 24 hours.,Adjusted the invoice and issued a refund where applicable.,10.07,0,very_negative,2,0,web,LATAM
TCKT_090148,2023-01-12 17:45:52,CUST_03002,non_profit,phone_transcript,mobile_app,billing_problem,medium,resolved,gold,I was charged twice for my subscription this month.,Thanks for reaching out about the billing issue. Our team is reviewing this and will follow up within 24 hours.,Adjusted the invoice and issued a refund where applicable.,37.07,0,negative,2,1,ios,APAC
TCKT_090161,2023-01-11 04:59:12,CUST_02373,enterprise,in_app,api_integration,billing_problem,low,closed_no_action,gold,I downgraded my plan but I am still being billed for the higher tier.,Thanks for reaching out about the billing issue. We will look into this and get back to you within the next 48 hours.,Ticket closed without further action after no response from the customer.,25.61,0,neutral,4,0,desktop_app,MEA
TCKT_090173,2023-01-20 06:22:57,CUST_02107,enterprise,phone_transcript,mobile_app,feature_request,low,resolved,standard,Can you add an option to customize mobile app?,Thanks for your feature suggestion. We will look into this and get back to you within the next 48 hours.,Captured the request and added it to the product backlog.,26.17,0,positive,0,1,desktop_app,MEA
TCKT_090223,2023-01-21 09:21:26,CUST_00386,enterprise,phone_transcript,notifications,billing_problem,low,closed_no_action,platinum,I was charged twice for my subscription this month.,Thanks for reaching out about the billing issue. We will look into this and get back to you within the next 48 hours.,Ticket closed without further action after no response from the customer.,43.83,0,positive,4,0,android,
TCKT_090232,2023-01-13 08:51:48,CUST_02018,education,phone_transcript,billing,performance,high,resolved,standard,The billing page is very slow and takes a long time to load.,We understand performance issues can be frustrating. We are prioritizing this and will update you as soon as possible.,Optimized queries and increased resource allocation.,3.7,0,negative,2,0,ios,LATAM
TCKT_090245,2023-01-02 00:01:55,CUST_04326,non_profit,web_form,billing,security_concern,low,closed_no_action,standard,We need details about your data encryption and compliance.,We take security very seriously. We will look into this and get back to you within the next 48 hours.,Ticket closed without further action after no response from the customer.,139.62,0,negative,0,0,web,MEA
TCKT_090248,2023-01-16 05:54:38,CUST_07241,education,in_app,mobile_app,account_access,high,resolved,standard,My account was locked after multiple failed login attempts.,Sorry to hear you're having trouble accessing your account. We are prioritizing this and will update you as soon as possible.,Reset account credentials and confirmed successful login.,21.02,0,neutral,4,0,desktop_app,EU
TCKT_090345,2023-01-03 18:56:46,CUST_04104,individual,phone_transcript,data_export,billing_problem,low,in_progress,standard,My invoice amount is incorrect compared to the plan I selected.,Thanks for reaching out about the billing issue. We will look into this and get back to you within the next 48 hours.,,,0,very_negative,2,0,ios,MEA
TCKT_090365,2023-01-15 21:13:45,CUST_06821,small_business,phone_transcript,data_export,security_concern,low,resolved,gold,We need details about your data encryption and compliance.,We take security very seriously. We will look into this and get back to you within the next 48 hours.,"Investigated logs, mitigated the issue, and updated security settings.",19.07,0,negative,3,0,ios,LATAM
TCKT_090376,2023-01-13 18:45:51,CUST_03619,non_profit,in_app,api_integration,performance,low,resolved,standard,The api integration page is very slow and takes a long time to load.,We understand performance issues can be frustrating. We will look into this and get back to you within the next 48 hours.,Optimized queries and increased resource allocation.,49.97,0,very_negative,0,0,desktop_app,
TCKT_090400,2023-01-25 14:59:18,CUST_00736,education,web_form,notifications,other,low,resolved,gold,"Something seems off, can you please check my workspace?",Thanks for contacting support. We will look into this and get back to you within the next 48 hours.,Provided general guidance and confirmed the issue was resolved.,33.33,0,neutral,3,0,api_client,APAC
TCKT_090424,2023-01-27 16:13:33,CUST_02866,education,chat,data_export,other,urgent,resolved,standard,I have a general question about my account.,Thanks for contacting support. This has been escalated to our on-call team for immediate attention.,Provided general guidance and confirmed the issue was resolved.,1.16,0,very_positive,5,0,api_client,EU
TCKT_090433,2023-01-17 02:48:47,CUST_07951,small_business,phone_transcript,billing,bug,low,resolved,standard,I am seeing an error message when I click on billing.,Thanks for reporting this bug. We will look into this and get back to you within the next 48 hours.,Patched the bug and deployed a fix to production.,50.04,0,very_negative,0,0,api_client,EU
TCKT_090438,2023-01-20 14:45:25,CUST_02886,individual,email,api_integration,performance,low,on_hold,standard,Queries in the api integration module are timing out.,We understand performance issues can be frustrating. We will look into this and get back to you within the next 48 hours.,,,0,negative,3,0,ios,EU
TCKT_090489,2023-01-19 07:00:19,CUST_00850,individual,chat,mobile_app,account_access,low,resolved,standard,My 2FA code is not working when I try to sign in.,Sorry to hear you're having trouble accessing your account. We will look into this and get back to you within the next 48 hours.,Reset account credentials and confirmed successful login.,10.48,0,very_negative,0,1,ios,LATAM
TCKT_090535,2023-01-25 21:16:25,CUST_05610,education,email,mobile_app,billing_problem,low,resolved,gold,I was charged twice for my subscription this month.,Thanks for reaching out about the billing issue. We will look into this and get back to you within the next 48 hours.,Adjusted the invoice and issued a refund where applicable.,65.56,0,neutral,3,1,api_client,EU
TCKT_090707,2023-01-09 10:39:22,CUST_02278,non_profit,email,billing,security_concern,urgent,on_hold,standard,There seems to be a vulnerability in the billing functionality.,We take security very seriously. This has been escalated to our on-call team for immediate attention.,,,0,negative,0,0,android,APAC
TCKT_090905,2023-01-23 13:48:55,CUST_03458,individual,in_app,data_export,feature_request,medium,on_hold,standard,Our team needs more advanced options for data export.,Thanks for your feature suggestion. Our team is reviewing this and will follow up within 24 hours.,,,0,negative,0,0,android,APAC
TCKT_091087,2023-01-04 08:43:04,CUST_00786,non_profit,phone_transcript,api_integration,bug,low,in_progress,gold,The page keeps crashing whenever I try to open the api integration section.,Thanks for reporting this bug. We will look into this and get back to you within the next 48 hours.,,,0,very_positive,5,0,web,EU
TCKT_091242,2023-01-11 03:17:16,CUST_08445,education,email,data_export,bug,high,open,standard,The data export feature is not saving my changes.,Thanks for reporting this bug. We are prioritizing this and will update you as soon as possible.,,,0,negative,2,1,web,EU
TCKT_091262,2023-01-20 23:21:54,CUST_09927,enterprise,email,data_export,other,medium,resolved,standard,I need help but I'm not sure which category this fits in.,Thanks for contacting support. Our team is reviewing this and will follow up within 24 hours.,Provided general guidance and confirmed the issue was resolved.,46.65,1,neutral,0,1,api_client,APAC
TCKT_091330,2023-01-19 08:28:16,CUST_07272,small_business,phone_transcript,data_export,how_to,high,on_hold,standard,Can you explain how to configure data export properly?,Happy to help with your question. We are prioritizing this and will update you as soon as possible.,,,0,very_positive,0,1,api_client,LATAM
TCKT_091350,2023-01-03 08:59:58,CUST_04728,individual,in_app,notifications,billing_problem,medium,closed_no_action,standard,I downgraded my plan but I am still being billed for the higher tier.,Thanks for reaching out about the billing issue. Our team is reviewing this and will follow up within 24 hours.,Ticket closed without further action after no response from the customer.,158.09,1,neutral,3,1,web,
TCKT_091485,2023-01-31 13:21:41,CUST_08887,education,chat,api_integration,bug,high,open,standard,The page keeps crashing whenever I try to open the api integration section.,Thanks for reporting this bug. We are prioritizing this and will update you as soon as possible.,,,0,very_positive,5,0,desktop_app,MEA
TCKT_091491,2023-01-07 22:24:40,CUST_04645,small_business,web_form,mobile_app,feature_request,low,resolved,standard,It would be great to have mobile app support in your product.,Thanks for your feature suggestion. We will look into this and get back to you within the next 48 hours.,Captured the request and added it to the product backlog.,27.92,0,very_positive,5,0,web,APAC
TCKT_091504,2023-01-13 11:32:24,CUST_02944,individual,phone_transcript,billing,how_to,high,in_progress,gold,How can I export my data from the billing section?,Happy to help with your question. We are prioritizing this and will update you as soon as possible.,,,0,negative,2,0,web,
TCKT_091609,2023-01-07 22:06:13,CUST_09051,non_profit,in_app,analytics_dashboard,other,medium,resolved,standard,"Something seems off, can you please check my workspace?",Thanks for contacting support. Our team is reviewing this and will follow up within 24 hours.,Provided general guidance and confirmed the issue was resolved.,11.07,0,positive,5,0,web,APAC
TCKT_091613,2023-01-30 16:12:19,CUST_08221,enterprise,phone_transcript,billing,billing_problem,high,resolved,standard,I downgraded my plan but I am still being billed for the higher tier.,Thanks for reaching out about the billing issue. We are prioritizing this and will update you as soon as possible.,Adjusted the invoice and issued a refund where applicable.,21.44,0,negative,0,0,web,APAC
TCKT_091621,2023-01-02 04:10:04,CUST_02587,small_business,phone_transcript,api_integration,bug,medium,resolved,standard,The api integration feature is not saving my changes.,Thanks for reporting this bug. Our team is reviewing this and will follow up within 24 hours.,Patched the bug and deployed a fix to production.,21.73,1,neutral,0,0,desktop_app,APAC
TCKT_091627,2023-01-02 07:15:36,CUST_03783,individual,chat,mobile_app,account_access,high,in_progress,gold,My account was locked after multiple failed login attempts.,Sorry to hear you're having trouble accessing your account. We are prioritizing this and will update you as soon as possible.,,,0,very_negative,2,0,ios,APAC
TCKT_091645,2023-01-30 08:48:39,CUST_05903,non_profit,in_app,data_export,bug,high,resolved,gold,I am seeing an error message when I click on data export.,Thanks for reporting this bug. We are prioritizing this and will update you as soon as possible.,Patched the bug and deployed a fix to production.,14.81,0,neutral,0,0,api_client,EU
TCKT_091715,2023-01-02 14:40:46,CUST_09010,enterprise,chat,mobile_app,other,medium,in_progress,gold,I have a general question about my account.,Thanks for contacting support. Our team is reviewing this and will follow up within 24 hours.,,,0,very_negative,2,1,android,APAC
TCKT_091717,2023-01-06 03:55:32,CUST_04106,small_business,chat,analytics_dashboard,security_concern,high,in_progress,standard,We need details about your data encryption and compliance.,We take security very seriously. We are prioritizing this and will update you as soon as possible.,,,0,neutral,4,0,web,EU
TCKT_091872,2023-01-28 19:52:17,CUST_06338,education,web_form,billing,account_access,high,resolved,platinum,My 2FA code is not working when I try to sign in.,Sorry to hear you're having trouble accessing your account. We are prioritizing this and will update you as soon as possible.,Reset account credentials and confirmed successful login.,22.27,0,neutral,4,0,android,MEA
TCKT_091894,2023-01-17 14:06:27,CUST_04971,education,web_form,login_auth,how_to,high,resolved,gold,I need help setting up login auth for my team.,Happy to help with your question. We are prioritizing this and will update you as soon as possible.,Provided step-by-step instructions and relevant documentation.,19.43,0,negative,0,1,android,LATAM
TCKT_091907,2023-01-24 21:09:33,CUST_07567,education,phone_transcript,analytics_dashboard,security_concern,medium,resolved,standard,There seems to be a vulnerability in the analytics dashboard functionality.,We take security very seriously. Our team is reviewing this and will follow up within 24 hours.,"Investigated logs, mitigated the issue, and updated security settings.",25.34,0,negative,3,0,android,APAC
TCKT_091934,2023-01-05 16:35:31,CUST_09132,education,phone_transcript,notifications,account_access,low,in_progress,standard,My 2FA code is not working when I try to sign in.,Sorry to hear you're having trouble accessing your account. We will look into this and get back to you within the next 48 hours.,,,0,positive,0,0,android,
TCKT_091997,2023-01-16 21:14:43,CUST_07578,individual,phone_transcript,mobile_app,how_to,low,on_hold,gold,How can I export my data from the mobile app section?,Happy to help with your question. We will look into this and get back to you within the next 48 hours.,,,0,very_positive,5,0,android,
TCKT_092025,2023-01-11 14:19:43,CUST_00954,enterprise,email,data_export,billing_problem,low,resolved,gold,My invoice amount is incorrect compared to the plan I selected.,Thanks for reaching out about the billing issue. We will look into this and get back to you within the next 48 hours.,Adjusted the invoice and issued a refund where applicable.,69.62,0,negative,2,1,web,EU
TCKT_092182,2023-01-19 18:23:10,CUST_05644,enterprise,phone_transcript,mobile_app,billing_problem,low,open,gold,My invoice amount is incorrect compared to the plan I selected.,Thanks for reaching out about the billing issue. We will look into this and get back to you within the next 48 hours.,,,0,positive,4,0,android,
TCKT_092266,2023-01-02 17:11:04,CUST_02187,individual,in_app,notifications,account_access,high,in_progress,gold,My account was locked after multiple failed login attempts.,Sorry to hear you're having trouble accessing your account. We are prioritizing this and will update you as soon as possible.,,,0,very_positive,5,0,ios,LATAM
TCKT_092329,2023-01-14 16:45:43,CUST_02836,individual,in_app,api_integration,how_to,low,closed_no_action,gold,Can you explain how to configure api integration properly?,Happy to help with your question. We will look into this and get back to you within the next 48 hours.,Ticket closed without further action after no response from the customer.,134.45,0,negative,0,0,web,EU
TCKT_092372,2023-01-28 06:30:15,CUST_02759,non_profit,in_app,billing,security_concern,medium,resolved,gold,We need details about your data encryption and compliance.,We take security very seriously. Our team is reviewing this and will follow up within 24 hours.,"Investigated logs, mitigated the issue, and updated security settings.",9.39,0,very_positive,0,0,ios,MEA
TCKT_092396,2023-01-06 04:31:37,CUST_01795,education,chat,login_auth,feature_request,high,resolved,standard,It would be great to have login auth support in your product.,Thanks for your feature suggestion. We are prioritizing this and will update you as soon as possible.,Captured the request and added it to the product backlog.,23.45,0,neutral,0,1,web,
TCKT_092406,2023-01-26 08:52:56,CUST_07359,education,web_form,billing,billing_problem,medium,open,platinum,I was charged twice for my subscription this month.,Thanks for reaching out about the billing issue. Our team is reviewing this and will follow up within 24 hours.,,,0,neutral,3,0,ios,
TCKT_092419,2023-01-08 05:33:55,CUST_06640,individual,chat,mobile_app,account_access,high,resolved,standard,I cannot log in; the system says my password is incorrect.,Sorry to hear you're having trouble accessing your account. We are prioritizing this and will update you as soon as possible.,Reset account credentials and confirmed successful login.,22.91,0,neutral,3,1,ios,
TCKT_092423,2023-01-31 17:08:36,CUST_02991,non_profit,chat,analytics_dashboard,account_access,medium,resolved,gold,My account was locked after multiple failed login attempts.,Sorry to hear you're having trouble accessing your account. Our team is reviewing this and will follow up within 24 hours.,Reset account credentials and confirmed successful login.,41.25,0,very_negative,0,1,ios,EU
TCKT_092446,2023-01-28 00:35:38,CUST_03552,non_profit,in_app,api_integration,bug,medium,closed_no_action,standard,The page keeps crashing whenever I try to open the api integration section.,Thanks for reporting this bug. Our team is reviewing this and will follow up within 24 hours.,Ticket closed without further action after no response from the customer.,126.83,0,very_positive,0,0,ios,
TCKT_092614,2023-01-23 12:33:53,CUST_06424,non_profit,chat,api_integration,performance,medium,resolved,standard,Overall performance has degraded in the last few days.,We understand performance issues can be frustrating. Our team is reviewing this and will follow up within 24 hours.,Optimized queries and increased resource allocation.,8.34,0,neutral,3,0,desktop_app,APAC
TCKT_092615,2023-01-12 02:37:30,CUST_07345,non_profit,chat,api_integration,feature_request,low,resolved,gold,It would be great to have api integration support in your product.,Thanks for your feature suggestion. We will look into this and get back to you within the next 48 hours.,Captured the request and added it to the product backlog.,65.06,0,neutral,4,1,desktop_app,APAC
TCKT_092663,2023-01-19 21:58:06,CUST_07219,enterprise,phone_transcript,api_integration,how_to,low,resolved,gold,Can you explain how to configure api integration properly?,Happy to help with your question. We will look into this and get back to you within the next 48 hours.,Provided step-by-step instructions and relevant documentation.,8.54,0,neutral,0,0,android,LATAM
TCKT_092671,2023-01-17 10:09:38,CUST_00711,non_profit,chat,billing,bug,high,on_hold,standard,The page keeps crashing whenever I try to open the billing section.,Thanks for reporting this bug. We are prioritizing this and will update you as soon as possible.,,,0,neutral,0,0,api_client,APAC
TCKT_092706,2023-01-25 18:39:21,CUST_00081,small_business,in_app,billing,feature_request,low,on_hold,gold,It would be great to have billing support in your product.,Thanks for your feature suggestion. We will look into this and get back to you within the next 48 hours.,,,0,very_positive,5,0,api_client,APAC
TCKT_093033,2023-01-03 09:43:48,CUST_04629,enterprise,web_form,billing,security_concern,high,on_hold,gold,We need details about your data encryption and compliance.,We take security very seriously. We are prioritizing this and will update you as soon as possible.,,,1,negative,3,0,api_client,APAC
TCKT_093056,2023-01-23 23:03:20,CUST_01723,enterprise,phone_transcript,login_auth,billing_problem,medium,resolved,gold,I downgraded my plan but I am still being billed for the higher tier.,Thanks for reaching out about the billing issue. Our team is reviewing this and will follow up within 24 hours.,Adjusted the invoice and issued a refund where applicable.,4.99,0,negative,3,0,web,
TCKT_093058,2023-01-07 14:12:07,CUST_08982,small_business,web_form,analytics_dashboard,other,high,resolved,platinum,"Something seems off, can you please check my workspace?",Thanks for contacting support. We are prioritizing this and will update you as soon as possible.,Provided general guidance and confirmed the issue was resolved.,23.56,0,negative,0,0,android,
TCKT_093084,2023-01-29 02:22:30,CUST_05988,non_profit,email,data_export,performance,high,on_hold,standard,Queries in the data export module are timing out.,We understand performance issues can be frustrating. We are prioritizing this and will update you as soon as possible.,,,0,negative,0,0,desktop_app,MEA
TCKT_093096,2023-01-18 17:57:22,CUST_04001,enterprise,email,billing,feature_request,low,in_progress,standard,It would be great to have billing support in your product.,Thanks for your feature suggestion. We will look into this and get back to you within the next 48 hours.,,,0,very_negative,0,0,web,EU
TCKT_093127,2023-01-16 02:54:08,CUST_03738,non_profit,web_form,mobile_app,account_access,low,resolved,standard,My 2FA code is not working when I try to sign in.,Sorry to hear you're having trouble accessing your account. We will look into this and get back to you within the next 48 hours.,Reset account credentials and confirmed successful login.,17.25,0,neutral,3,0,api_client,APAC
TCKT_093230,2023-01-04 16:41:53,CUST_03961,education,phone_transcript,notifications,account_access,low,resolved,standard,My account was locked after multiple failed login attempts.,Sorry to hear you're having trouble accessing your account. We will look into this and get back to you within the next 48 hours.,Reset account credentials and confirmed successful login.,18.12,0,positive,4,0,desktop_app,LATAM
TCKT_093237,2023-01-19 10:00:42,CUST_02893,small_business,phone_transcript,login_auth,performance,low,open,standard,Queries in the login auth module are timing out.,We understand performance issues can be frustrating. We will look into this and get back to you within the next 48 hours.,,,0,positive,5,0,web,
TCKT_093317,2023-01-28 04:21:33,CUST_06283,education,web_form,notifications,bug,high,in_progress,standard,The page keeps crashing whenever I try to open the notifications section.,Thanks for reporting this bug. We are prioritizing this and will update you as soon as possible.,,,0,positive,4,0,ios,APAC
TCKT_093330,2023-01-20 18:06:08,CUST_06510,enterprise,phone_transcript,login_auth,other,medium,on_hold,standard,I have a general question about my account.,Thanks for contacting support. Our team is reviewing this and will follow up within 24 hours.,,,0,very_positive,5,0,api_client,
TCKT_093343,2023-01-22 04:04:33,CUST_04659,individual,in_app,login_auth,account_access,low,in_progress,standard,I cannot log in; the system says my password is incorrect.,Sorry to hear you're having trouble accessing your account. We will look into this and get back to you within the next 48 hours.,,,1,negative,2,0,android,EU
TCKT_093348,2023-01-20 14:49:13,CUST_04615,education,phone_transcript,analytics_dashboard,how_to,low,on_hold,standard,How can I export my data from the analytics dashboard section?,Happy to help with your question. We will look into this and get back to you within the next 48 hours.,,,0,very_positive,0,0,desktop_app,LATAM
TCKT_093367,2023-01-04 06:30:22,CUST_09365,non_profit,phone_transcript,api_integration,billing_problem,high,in_progress,standard,I downgraded my plan but I am still being billed for the higher tier.,Thanks for reaching out about the billing issue. We are prioritizing this and will update you as soon as possible.,,,0,very_negative,1,1,web,MEA
TCKT_093368,2023-01-02 04:44:37,CUST_03514,non_profit,chat,api_integration,how_to,medium,in_progress,gold,How can I export my data from the api integration section?,Happy to help with your question. Our team is reviewing this and will follow up within 24 hours.,,,0,negative,0,0,api_client,LATAM
TCKT_093412,2023-01-20 00:18:09,CUST_08967,non_profit,phone_transcript,data_export,account_access,medium,closed_no_action,gold,I cannot log in; the system says my password is incorrect.,Sorry to hear you're having trouble accessing your account. Our team is reviewing this and will follow up within 24 hours.,Ticket closed without further action after no response from the customer.,170.87,0,neutral,4,0,web,MEA
TCKT_093556,2023-01-01 19:31:04,CUST_06568,individual,phone_transcript,data_export,how_to,urgent,in_progress,standard,I need help setting up data export for my team.,Happy to help with your question. This has been escalated to our on-call team for immediate attention.,,,0,negative,2,0,web,MEA
TCKT_093577,2023-01-20 23:00:48,CUST_04975,education,chat,login_auth,billing_problem,medium,closed_no_action,standard,I downgraded my plan but I am still being billed for the higher tier.,Thanks for reaching out about the billing issue. Our team is reviewing this and will follow up within 24 hours.,Ticket closed without further action after no response from the customer.,160.26,0,very_negative,2,0,web,MEA
TCKT_093600,2023-01-10 11:09:40,CUST_07829,education,in_app,mobile_app,other,medium,on_hold,gold,I need help but I'm not sure which category this fits in.,Thanks for contacting support. Our team is reviewing this and will follow up within 24 hours.,,,0,neutral,4,0,api_client,MEA
TCKT_093644,2023-01-13 17:53:30,CUST_06504,small_business,chat,login_auth,performance,low,in_progress,gold,The login auth page is very slow and takes a long time to load.,We understand performance issues can be frustrating. We will look into this and get back to you within the next 48 hours.,,,0,very_negative,0,0,desktop_app,
TCKT_093651,2023-01-30 22:35:44,CUST_09453,enterprise,email,login_auth,other,medium,resolved,gold,"Something seems off, can you please check my workspace?",Thanks for contacting support. Our team is reviewing this and will follow up within 24 hours.,Provided general guidance and confirmed the issue was resolved.,43.59,1,very_positive,5,0,api_client,EU
TCKT_093676,2023-01-14 21:04:19,CUST_07757,small_business,email,notifications,feature_request,medium,resolved,standard,It would be great to have notifications support in your product.,Thanks for your feature suggestion. Our team is reviewing this and will follow up within 24 hours.,Captured the request and added it to the product backlog.,15.25,0,negative,3,1,api_client,MEA
TCKT_093863,2023-01-07 17:15:20,CUST_05234,individual,phone_transcript,notifications,feature_request,high,in_progress,platinum,It would be great to have notifications support in your product.,Thanks for your feature suggestion. We are prioritizing this and will update you as soon as possible.,,,1,neutral,0,1,api_client,EU
TCKT_093930,2023-01-03 06:23:11,CUST_06890,enterprise,email,data_export,feature_request,high,open,standard,Our team needs more advanced options for data export.,Thanks for your feature suggestion. We are prioritizing this and will update you as soon as possible.,,,0,positive,4,0,ios,EU
TCKT_093983,2023-01-22 17:11:08,CUST_03297,individual,phone_transcript,billing,other,high,closed_no_action,standard,I need help but I'm not sure which category this fits in.,Thanks for contacting support. We are prioritizing this and will update you as soon as possible.,Ticket closed without further action after no response from the customer.,236.77,0,very_positive,5,0,web,MEA
TCKT_094038,2023-01-17 22:01:01,CUST_03035,education,web_form,login_auth,billing_problem,high,resolved,standard,I was charged twice for my subscription this month.,Thanks for reaching out about the billing issue. We are prioritizing this and will update you as soon as possible.,Adjusted the invoice and issued a refund where applicable.,10.86,0,very_negative,0,0,android,EU
TCKT_094108,2023-01-28 22:32:19,CUST_07975,non_profit,chat,billing,account_access,medium,resolved,standard,My account was locked after multiple failed login attempts.,Sorry to hear you're having trouble accessing your account. Our team is reviewing this and will follow up within 24 hours.,Reset account credentials and confirmed successful login.,29.55,0,negative,3,1,desktop_app,EU
TCKT_094126,2023-01-16 11:31:10,CUST_05082,non_profit,phone_transcript,mobile_app,account_access,urgent,on_hold,gold,My account was locked after multiple failed login attempts.,Sorry to hear you're having trouble accessing your account. This has been escalated to our on-call team for immediate attention.,,,0,neutral,3,0,desktop_app,EU
TCKT_094127,2023-01-08 03:00:46,CUST_00622,small_business,email,login_auth,bug,low,in_progress,standard,The page keeps crashing whenever I try to open the login auth section.,Thanks for reporting this bug. We will look into this and get back to you within the next 48 hours.,,,0,neutral,3,0,web,MEA
TCKT_094159,2023-01-22 14:02:05,CUST_06990,non_profit,web_form,billing,performance,high,closed_no_action,standard,The billing page is very slow and takes a long time to load.,We understand performance issues can be frustrating. We are prioritizing this and will update you as soon as possible.,Ticket closed without further action after no response from the customer.,236.73,0,negative,2,1,ios,LATAM
TCKT_094181,2023-01-25 23:45:29,CUST_02812,enterprise,in_app,analytics_dashboard,security_concern,low,in_progress,standard,We need details about your data encryption and compliance.,We take security very seriously. We will look into this and get back to you within the next 48 hours.,,,0,positive,5,0,api_client,LATAM
TCKT_094231,2023-01-09 04:33:12,CUST_01247,small_business,in_app,notifications,how_to,low,resolved,standard,Can you explain how to configure notifications properly?,Happy to help with your question. We will look into this and get back to you within the next 48 hours.,Provided step-by-step instructions and relevant documentation.,14.08,0,very_positive,0,0,desktop_app,LATAM
TCKT_094246,2023-01-15 06:25:21,CUST_07971,non_profit,web_form,analytics_dashboard,how_to,high,open,gold,Can you explain how to configure analytics dashboard properly?,Happy to help with your question. We are prioritizing this and will update you as soon as possible.,,,0,neutral,0,0,api_client,EU
TCKT_094255,2023-01-13 18:02:10,CUST_02754,individual,email,analytics_dashboard,other,medium,in_progress,standard,I have a general question about my account.,Thanks for contacting support. Our team is reviewing this and will follow up within 24 hours.,,,0,negative,0,1,desktop_app,EU
TCKT_094297,2023-01-27 20:43:18,CUST_04647,individual,chat,data_export,other,medium,resolved,platinum,I have a general question about my account.,Thanks for contacting support. Our team is reviewing this and will follow up within 24 hours.,Provided general guidance and confirmed the issue was resolved.,25.64,0,positive,0,0,web,LATAM
TCKT_094344,2023-01-20 11:00:22,CUST_03949,enterprise,web_form,mobile_app,feature_request,medium,resolved,standard,Can you add an option to customize mobile app?,Thanks for your feature suggestion. Our team is reviewing this and will follow up within 24 hours.,Captured the request and added it to the product backlog.,14.2,0,positive,4,0,ios,
TCKT_094386,2023-01-11 06:41:53,CUST_03566,education,web_form,login_auth,other,urgent,closed_no_action,gold,I have a general question about my account.,Thanks for contacting support. This has been escalated to our on-call team for immediate attention.,Ticket closed without further action after no response from the customer.,193.6,0,positive,0,0,android,LATAM
TCKT_094393,2023-01-30 11:36:05,CUST_05889,enterprise,phone_transcript,mobile_app,billing_problem,medium,in_progress,standard,I downgraded my plan but I am still being billed for the higher tier.,Thanks for reaching out about the billing issue. Our team is reviewing this and will follow up within 24 hours.,,,0,neutral,0,0,ios,APAC
TCKT_094394,2023-01-05 13:52:50,CUST_05576,education,in_app,mobile_app,how_to,medium,open,standard,How can I export my data from the mobile app section?,Happy to help with your question. Our team is reviewing this and will follow up within 24 hours.,,,0,positive,4,0,web,MEA
TCKT_094414,2023-01-28 22:02:18,CUST_07655,enterprise,chat,mobile_app,billing_problem,high,resolved,platinum,I downgraded my plan but I am still being billed for the higher tier.,Thanks for reaching out about the billing issue. We are prioritizing this and will update you as soon as possible.,Adjusted the invoice and issued a refund where applicable.,5.44,0,negative,0,0,android,EU
TCKT_094443,2023-01-08 13:03:01,CUST_09121,education,in_app,login_auth,feature_request,high,resolved,gold,Our team needs more advanced options for login auth.,Thanks for your feature suggestion. We are prioritizing this and will update you as soon as possible.,Captured the request and added it to the product backlog.,15.31,0,negative,2,0,api_client,APAC
TCKT_094553,2023-01-22 18:02:27,CUST_08164,individual,web_form,analytics_dashboard,bug,low,on_hold,gold,The analytics dashboard feature is not saving my changes.,Thanks for reporting this bug. We will look into this and get back to you within the next 48 hours.,,,0,very_negative,1,0,ios,EU
TCKT_094595,2023-01-24 21:07:09,CUST_08140,education,email,api_integration,security_concern,high,on_hold,standard,We need details about your data encryption and compliance.,We take security very seriously. We are prioritizing this and will update you as soon as possible.,,,0,very_negative,1,0,android,MEA
TCKT_094668,2023-01-03 16:59:01,CUST_06434,individual,phone_transcript,data_export,how_to,high,in_progress,gold,Can you explain how to configure data export properly?,Happy to help with your question. We are prioritizing this and will update you as soon as possible.,,,0,positive,4,1,ios,LATAM
TCKT_094678,2023-01-24 05:26:57,CUST_06943,enterprise,in_app,api_integration,how_to,high,resolved,standard,Can you explain how to configure api integration properly?,Happy to help with your question. We are prioritizing this and will update you as soon as possible.,Provided step-by-step instructions and relevant documentation.,17.24,0,very_positive,0,0,android,MEA
TCKT_094695,2023-01-22 01:38:17,CUST_07559,education,in_app,login_auth,account_access,high,resolved,standard,I cannot log in; the system says my password is incorrect.,Sorry to hear you're having trouble accessing your account. We are prioritizing this and will update you as soon as possible.,Reset account credentials and confirmed successful login.,22.72,0,negative,3,0,web,MEA
TCKT_094739,2023-01-25 03:56:26,CUST_01443,small_business,email,billing,account_access,low,resolved,platinum,I cannot log in; the system says my password is incorrect.,Sorry to hear you're having trouble accessing your account. We will look into this and get back to you within the next 48 hours.,Reset account credentials and confirmed successful login.,25.37,0,neutral,0,0,ios,LATAM
TCKT_094740,2023-01-03 12:50:49,CUST_07410,enterprise,web_form,api_integration,other,low,resolved,gold,I have a general question about my account.,Thanks for contacting support. We will look into this and get back to you within the next 48 hours.,Provided general guidance and confirmed the issue was resolved.,22.02,0,negative,2,0,web,LATAM
TCKT_094783,2023-01-06 22:54:25,CUST_03540,individual,chat,api_integration,feature_request,high,in_progress,platinum,It would be great to have api integration support in your product.,Thanks for your feature suggestion. We are prioritizing this and will update you as soon as possible.,,,0,positive,5,1,ios,EU
TCKT_094869,2023-01-16 20:32:59,CUST_06938,enterprise,web_form,notifications,how_to,medium,closed_no_action,standard,I need help setting up notifications for my team.,Happy to help with your question. Our team is reviewing this and will follow up within 24 hours.,Ticket closed without further action after no response from the customer.,83.04,0,negative,0,0,api_client,MEA
TCKT_094870,2023-01-07 16:20:34,CUST_08324,education,phone_transcript,mobile_app,feature_request,low,open,standard,Can you add an option to customize mobile app?,Thanks for your feature suggestion. We will look into this and get back to you within the next 48 hours.,,,0,positive,0,0,desktop_app,MEA
TCKT_094898,2023-01-17 16:26:12,CUST_03971,enterprise,phone_transcript,data_export,billing_problem,low,closed_no_action,standard,I was charged twice for my subscription this month.,Thanks for reaching out about the billing issue. We will look into this and get back to you within the next 48 hours.,Ticket closed without further action after no response from the customer.,206.05,0,very_positive,5,0,ios,LATAM
TCKT_094915,2023-01-08 09:58:33,CUST_06847,individual,phone_transcript,billing,billing_problem,low,resolved,gold,I downgraded my plan but I am still being billed for the higher tier.,Thanks for reaching out about the billing issue. We will look into this and get back to you within the next 48 hours.,Adjusted the invoice and issued a refund where applicable.,9.53,0,neutral,3,0,desktop_app,MEA
TCKT_094964,2023-01-28 19:26:13,CUST_02690,non_profit,in_app,notifications,bug,medium,resolved,standard,The notifications feature is not saving my changes.,Thanks for reporting this bug. Our team is reviewing this and will follow up within 24 hours.,Patched the bug and deployed a fix to production.,6.06,0,very_positive,5,0,ios,
TCKT_094976,2023-01-28 20:56:40,CUST_05408,enterprise,chat,mobile_app,feature_request,medium,on_hold,gold,Can you add an option to customize mobile app?,Thanks for your feature suggestion. Our team is reviewing this and will follow up within 24 hours.,,,0,neutral,4,0,web,MEA
TCKT_094996,2023-01-08 18:12:28,CUST_00890,education,web_form,login_auth,bug,high,open,standard,I am seeing an error message when I click on login auth.,Thanks for reporting this bug. We are prioritizing this and will update you as soon as possible.,,,0,positive,0,0,android,MEA
TCKT_095060,2023-01-13 21:14:57,CUST_02209,individual,email,mobile_app,security_concern,medium,closed_no_action,platinum,I noticed a suspicious login on my account.,We take security very seriously. Our team is reviewing this and will follow up within 24 hours.,Ticket closed without further action after no response from the customer.,152.34,0,positive,0,0,desktop_app,APAC
TCKT_095094,2023-01-10 22:49:08,CUST_02371,individual,in_app,login_auth,feature_request,medium,in_progress,gold,Can you add an option to customize login auth?,Thanks for your feature suggestion. Our team is reviewing this and will follow up within 24 hours.,,,0,positive,4,0,web,
TCKT_095104,2023-01-29 10:40:14,CUST_02190,education,web_form,notifications,account_access,medium,resolved,standard,My account was locked after multiple failed login attempts.,Sorry to hear you're having trouble accessing your account. Our team is reviewing this and will follow up within 24 hours.,Reset account credentials and confirmed successful login.,13.86,0,neutral,0,0,api_client,APAC
TCKT_095235,2023-01-31 18:39:05,CUST_08726,non_profit,phone_transcript,billing,account_access,low,resolved,gold,My account was locked after multiple failed login attempts.,Sorry to hear you're having trouble accessing your account. We will look into this and get back to you within the next 48 hours.,Reset account credentials and confirmed successful login.,26.11,0,very_negative,2,0,ios,
TCKT_095255,2023-01-28 08:14:02,CUST_07388,small_business,email,mobile_app,security_concern,low,resolved,gold,We need details about your data encryption and compliance.,We take security very seriously. We will look into this and get back to you within the next 48 hours.,"Investigated logs, mitigated the issue, and updated security settings.",53.97,0,very_negative,2,0,ios,APAC
TCKT_095335,2023-01-18 17:56:36,CUST_02834,small_business,chat,notifications,other,low,on_hold,gold,I have a general question about my account.,Thanks for contacting support. We will look into this and get back to you within the next 48 hours.,,,0,neutral,0,0,web,MEA
TCKT_095349,2023-01-01 13:47:07,CUST_09286,education,in_app,analytics_dashboard,how_to,medium,on_hold,standard,Can you explain how to configure analytics dashboard properly?,Happy to help with your question. Our team is reviewing this and will follow up within 24 hours.,,,0,positive,0,0,web,EU
TCKT_095403,2023-01-10 16:02:07,CUST_04406,small_business,email,notifications,how_to,low,resolved,standard,I need help setting up notifications for my team.,Happy to help with your question. We will look into this and get back to you within the next 48 hours.,Provided step-by-step instructions and relevant documentation.,39.21,0,neutral,4,1,web,EU
TCKT_095440,2023-01-20 15:17:51,CUST_05484,individual,phone_transcript,data_export,security_concern,low,resolved,standard,We need details about your data encryption and compliance.,We take security very seriously. We will look into this and get back to you within the next 48 hours.,"Investigated logs, mitigated the issue, and updated security settings.",17.23,0,very_negative,2,1,android,EU
TCKT_095516,2023-01-14 01:43:33,CUST_02913,education,chat,mobile_app,bug,low,resolved,platinum,The mobile app feature is not saving my changes.,Thanks for reporting this bug. We will look into this and get back to you within the next 48 hours.,Patched the bug and deployed a fix to production.,61.63,0,positive,4,0,desktop_app,MEA
TCKT_095649,2023-01-24 00:26:33,CUST_04857,small_business,web_form,data_export,how_to,low,resolved,gold,I need help setting up data export for my team.,Happy to help with your question. We will look into this and get back to you within the next 48 hours.,Provided step-by-step instructions and relevant documentation.,31.07,0,positive,0,0,desktop_app,
TCKT_095673,2023-01-09 06:28:50,CUST_05349,individual,chat,notifications,bug,medium,open,gold,I am seeing an error message when I click on notifications.,Thanks for reporting this bug. Our team is reviewing this and will follow up within 24 hours.,,,0,negative,3,0,ios,LATAM
TCKT_095703,2023-01-11 22:30:05,CUST_09314,non_profit,in_app,notifications,account_access,low,resolved,gold,My account was locked after multiple failed login attempts.,Sorry to hear you're having trouble accessing your account. We will look into this and get back to you within the next 48 hours.,Reset account credentials and confirmed successful login.,55.75,0,neutral,4,1,desktop_app,APAC
TCKT_095716,2023-01-05 10:50:37,CUST_04586,small_business,web_form,mobile_app,bug,urgent,resolved,standard,The page keeps crashing whenever I try to open the mobile app section.,Thanks for reporting this bug. This has been escalated to our on-call team for immediate attention.,Patched the bug and deployed a fix to production.,1.29,0,neutral,3,0,desktop_app,EU
TCKT_095725,2023-01-14 14:11:50,CUST_04108,non_profit,in_app,billing,other,low,resolved,standard,I need help but I'm not sure which category this fits in.,Thanks for contacting support. We will look into this and get back to you within the next 48 hours.,Provided general guidance and confirmed the issue was resolved.,13.51,0,neutral,0,0,android,APAC
TCKT_095737,2023-01-12 08:36:52,CUST_03525,education,web_form,api_integration,performance,medium,resolved,standard,Overall performance has degraded in the last few days.,We understand performance issues can be frustrating. Our team is reviewing this and will follow up within 24 hours.,Optimized queries and increased resource allocation.,26.02,0,neutral,3,0,android,LATAM
TCKT_095763,2023-01-11 19:17:56,CUST_03057,non_profit,chat,api_integration,bug,low,closed_no_action,gold,I am seeing an error message when I click on api integration.,Thanks for reporting this bug. We will look into this and get back to you within the next 48 hours.,Ticket closed without further action after no response from the customer.,237.03,0,neutral,0,0,ios,APAC
TCKT_095782,2023-01-03 00:08:24,CUST_03405,individual,email,analytics_dashboard,feature_request,high,in_progress,standard,Can you add an option to customize analytics dashboard?,Thanks for your feature suggestion. We are prioritizing this and will update you as soon as possible.,,,0,positive,5,0,web,EU
TCKT_095883,2023-01-28 14:17:44,CUST_09848,enterprise,in_app,analytics_dashboard,other,medium,in_progress,gold,I have a general question about my account.,Thanks for contacting support. Our team is reviewing this and will follow up within 24 hours.,,,0,negative,0,0,desktop_app,APAC
TCKT_095942,2023-01-05 18:41:02,CUST_03350,individual,chat,login_auth,performance,medium,closed_no_action,standard,Overall performance has degraded in the last few days.,We understand performance issues can be frustrating. Our team is reviewing this and will follow up within 24 hours.,Ticket closed without further action after no response from the customer.,136.25,0,neutral,4,0,api_client,LATAM
TCKT_095978,2023-01-30 15:23:52,CUST_01100,small_business,phone_transcript,billing,account_access,high,resolved,platinum,My account was locked after multiple failed login attempts.,Sorry to hear you're having trouble accessing your account. We are prioritizing this and will update you as soon as possible.,Reset account credentials and confirmed successful login.,3.42,0,negative,3,0,android,APAC
TCKT_096075,2023-01-27 01:25:56,CUST_01149,non_profit,in_app,billing,billing_problem,low,on_hold,platinum,I was charged twice for my subscription this month.,Thanks for reaching out about the billing issue. We will look into this and get back to you within the next 48 hours.,,,0,neutral,4,0,web,LATAM
TCKT_096113,2023-01-29 06:06:27,CUST_07174,enterprise,phone_transcript,login_auth,billing_problem,medium,resolved,gold,I downgraded my plan but I am still being billed for the higher tier.,Thanks for reaching out about the billing issue. Our team is reviewing this and will follow up within 24 hours.,Adjusted the invoice and issued a refund where applicable.,18.78,0,very_negative,1,0,api_client,MEA
TCKT_096261,2023-01-12 17:49:46,CUST_05193,enterprise,web_form,data_export,security_concern,low,closed_no_action,standard,I noticed a suspicious login on my account.,We take security very seriously. We will look into this and get back to you within the next 48 hours.,Ticket closed without further action after no response from the customer.,33.37,0,negative,3,1,android,LATAM
TCKT_096266,2023-01-02 04:21:06,CUST_01422,small_business,phone_transcript,mobile_app,account_access,medium,in_progress,gold,I cannot log in; the system says my password is incorrect.,Sorry to hear you're having trouble accessing your account. Our team is reviewing this and will follow up within 24 hours.,,,0,neutral,0,0,api_client,APAC
TCKT_096275,2023-01-20 03:01:56,CUST_05294,non_profit,web_form,mobile_app,bug,medium,in_progress,standard,The page keeps crashing whenever I try to open the mobile app section.,Thanks for reporting this bug. Our team is reviewing this and will follow up within 24 hours.,,,0,neutral,0,0,api_client,APAC
TCKT_096298,2023-01-31 04:36:40,CUST_00300,enterprise,phone_transcript,billing,feature_request,low,closed_no_action,standard,Our team needs more advanced options for billing.,Thanks for your feature suggestion. We will look into this and get back to you within the next 48 hours.,Ticket closed without further action after no response from the customer.,62.45,0,very_negative,1,0,ios,LATAM
TCKT_096354,2023-01-19 08:12:28,CUST_08757,small_business,chat,api_integration,bug,low,resolved,standard,The page keeps crashing whenever I try to open the api integration section.,Thanks for reporting this bug. We will look into this and get back to you within the next 48 hours.,Patched the bug and deployed a fix to production.,32.85,0,neutral,3,0,api_client,MEA
TCKT_096441,2023-01-01 21:25:31,CUST_08670,non_profit,in_app,login_auth,account_access,urgent,closed_no_action,standard,My 2FA code is not working when I try to sign in.,Sorry to hear you're having trouble accessing your account. This has been escalated to our on-call team for immediate attention.,Ticket closed without further action after no response from the customer.,98.68,0,negative,2,0,desktop_app,APAC
TCKT_096444,2023-01-20 00:17:17,CUST_04928,small_business,email,billing,account_access,medium,open,gold,I cannot log in; the system says my password is incorrect.,Sorry to hear you're having trouble accessing your account. Our team is reviewing this and will follow up within 24 hours.,,,0,negative,2,0,ios,EU
TCKT_096481,2023-01-28 18:56:40,CUST_02137,individual,email,api_integration,feature_request,high,open,standard,It would be great to have api integration support in your product.,Thanks for your feature suggestion. We are prioritizing this and will update you as soon as possible.,,,0,neutral,3,0,api_client,
TCKT_096533,2023-01-27 11:09:32,CUST_01417,non_profit,chat,analytics_dashboard,billing_problem,low,resolved,standard,I was charged twice for my subscription this month.,Thanks for reaching out about the billing issue. We will look into this and get back to you within the next 48 hours.,Adjusted the invoice and issued a refund where applicable.,63.34,1,very_positive,0,1,ios,EU
TCKT_096671,2023-01-25 09:03:24,CUST_08591,enterprise,chat,data_export,other,medium,closed_no_action,standard,I have a general question about my account.,Thanks for contacting support. Our team is reviewing this and will follow up within 24 hours.,Ticket closed without further action after no response from the customer.,223.26,0,negative,0,0,web,EU
TCKT_096717,2023-01-25 10:42:29,CUST_06727,small_business,phone_transcript,billing,billing_problem,high,resolved,gold,I downgraded my plan but I am still being billed for the higher tier.,Thanks for reaching out about the billing issue. We are prioritizing this and will update you as soon as possible.,Adjusted the invoice and issued a refund where applicable.,16.96,0,negative,2,0,api_client,
TCKT_096758,2023-01-10 10:40:04,CUST_02240,non_profit,in_app,api_integration,account_access,high,in_progress,gold,My account was locked after multiple failed login attempts.,Sorry to hear you're having trouble accessing your account. We are prioritizing this and will update you as soon as possible.,,,0,neutral,3,0,web,MEA
TCKT_096779,2023-01-02 16:33:19,CUST_01620,small_business,web_form,billing,account_access,low,closed_no_action,platinum,I cannot log in; the system says my password is incorrect.,Sorry to hear you're having trouble accessing your account. We will look into this and get back to you within the next 48 hours.,Ticket closed without further action after no response from the customer.,32.82,0,negative,0,0,android,MEA
TCKT_096859,2023-01-29 11:31:53,CUST_03076,small_business,phone_transcript,notifications,performance,low,resolved,standard,The notifications page is very slow and takes a long time to load.,We understand performance issues can be frustrating. We will look into this and get back to you within the next 48 hours.,Optimized queries and increased resource allocation.,29.27,0,neutral,4,0,web,
TCKT_097012,2023-01-14 03:56:02,CUST_07660,non_profit,in_app,api_integration,how_to,urgent,resolved,gold,How can I export my data from the api integration section?,Happy to help with your question. This has been escalated to our on-call team for immediate attention.,Provided step-by-step instructions and relevant documentation.,3.55,0,positive,0,0,web,MEA
TCKT_097032,2023-01-11 19:25:15,CUST_06156,enterprise,phone_transcript,data_export,billing_problem,high,in_progress,standard,My invoice amount is incorrect compared to the plan I selected.,Thanks for reaching out about the billing issue. We are prioritizing this and will update you as soon as possible.,,,0,very_negative,2,0,android,LATAM
TCKT_097063,2023-01-14 16:56:32,CUST_06642,enterprise,web_form,login_auth,account_access,low,closed_no_action,gold,My 2FA code is not working when I try to sign in.,Sorry to hear you're having trouble accessing your account. We will look into this and get back to you within the next 48 hours.,Ticket closed without further action after no response from the customer.,123.2,0,negative,3,1,api_client,MEA
TCKT_097177,2023-01-16 10:45:59,CUST_07431,individual,email,login_auth,bug,medium,resolved,standard,The page keeps crashing whenever I try to open the login auth section.,Thanks for reporting this bug. Our team is reviewing this and will follow up within 24 hours.,Patched the bug and deployed a fix to production.,27.05,0,negative,3,0,api_client,MEA
TCKT_097234,2023-01-02 21:06:14,CUST_02779,small_business,phone_transcript,login_auth,security_concern,low,resolved,gold,There seems to be a vulnerability in the login auth functionality.,We take security very seriously. We will look into this and get back to you within the next 48 hours.,"Investigated logs, mitigated the issue, and updated security settings.",8.68,1,neutral,0,0,desktop_app,
TCKT_097292,2023-01-31 10:51:14,CUST_09836,small_business,phone_transcript,data_export,billing_problem,medium,resolved,standard,I downgraded my plan but I am still being billed for the higher tier.,Thanks for reaching out about the billing issue. Our team is reviewing this and will follow up within 24 hours.,Adjusted the invoice and issued a refund where applicable.,35.86,0,neutral,4,0,web,APAC
TCKT_097298,2023-01-18 00:26:41,CUST_07971,individual,phone_transcript,login_auth,feature_request,high,resolved,gold,Can you add an option to customize login auth?,Thanks for your feature suggestion. We are prioritizing this and will update you as soon as possible.,Captured the request and added it to the product backlog.,12.2,0,very_positive,0,0,desktop_app,APAC
TCKT_097337,2023-01-24 12:33:41,CUST_02487,small_business,chat,mobile_app,security_concern,low,on_hold,gold,There seems to be a vulnerability in the mobile app functionality.,We take security very seriously. We will look into this and get back to you within the next 48 hours.,,,0,very_negative,2,0,web,LATAM
TCKT_097359,2023-01-20 18:17:47,CUST_08435,enterprise,email,api_integration,how_to,medium,resolved,platinum,I need help setting up api integration for my team.,Happy to help with your question. Our team is reviewing this and will follow up within 24 hours.,Provided step-by-step instructions and relevant documentation.,14.77,0,negative,3,0,ios,LATAM
TCKT_097380,2023-01-31 15:24:58,CUST_09871,education,phone_transcript,analytics_dashboard,security_concern,low,in_progress,standard,There seems to be a vulnerability in the analytics dashboard functionality.,We take security very seriously. We will look into this and get back to you within the next 48 hours.,,,0,positive,5,0,api_client,LATAM
TCKT_097412,2023-01-13 18:31:43,CUST_02629,individual,phone_transcript,billing,billing_problem,high,in_progress,standard,My invoice amount is incorrect compared to the plan I selected.,Thanks for reaching out about the billing issue. We are prioritizing this and will update you as soon as possible.,,,0,very_negative,0,0,ios,EU
TCKT_097547,2023-01-01 12:41:33,CUST_07321,education,chat,mobile_app,security_concern,high,resolved,standard,I noticed a suspicious login on my account.,We take security very seriously. We are prioritizing this and will update you as soon as possible.,"Investigated logs, mitigated the issue, and updated security settings.",5.95,0,very_positive,5,0,ios,
TCKT_097551,2023-01-07 08:47:34,CUST_06000,small_business,email,data_export,account_access,high,resolved,gold,My 2FA code is not working when I try to sign in.,Sorry to hear you're having trouble accessing your account. We are prioritizing this and will update you as soon as possible.,Reset account credentials and confirmed successful login.,3.93,0,negative,3,0,api_client,LATAM
TCKT_097552,2023-01-19 02:09:37,CUST_08286,non_profit,email,mobile_app,bug,medium,resolved,gold,The mobile app feature is not saving my changes.,Thanks for reporting this bug. Our team is reviewing this and will follow up within 24 hours.,Patched the bug and deployed a fix to production.,35.09,0,negative,2,0,android,LATAM
TCKT_097634,2023-01-12 02:55:40,CUST_05522,individual,in_app,notifications,how_to,low,resolved,standard,I need help setting up notifications for my team.,Happy to help with your question. We will look into this and get back to you within the next 48 hours.,Provided step-by-step instructions and relevant documentation.,46.9,0,positive,0,0,desktop_app,LATAM
TCKT_097704,2023-01-25 03:33:40,CUST_04075,non_profit,web_form,billing,other,high,on_hold,gold,I have a general question about my account.,Thanks for contacting support. We are prioritizing this and will update you as soon as possible.,,,0,very_positive,5,0,ios,APAC
TCKT_097707,2023-01-01 14:29:21,CUST_02873,small_business,web_form,analytics_dashboard,bug,medium,in_progress,standard,The page keeps crashing whenever I try to open the analytics dashboard section.,Thanks for reporting this bug. Our team is reviewing this and will follow up within 24 hours.,,,0,positive,5,0,desktop_app,APAC
TCKT_097715,2023-01-04 12:53:08,CUST_05223,education,web_form,billing,how_to,high,closed_no_action,standard,I need help setting up billing for my team.,Happy to help with your question. We are prioritizing this and will update you as soon as possible.,Ticket closed without further action after no response from the customer.,124.4,0,neutral,4,0,ios,MEA
TCKT_097749,2023-01-07 23:46:18,CUST_00339,enterprise,web_form,mobile_app,how_to,low,resolved,standard,How can I export my data from the mobile app section?,Happy to help with your question. We will look into this and get back to you within the next 48 hours.,Provided step-by-step instructions and relevant documentation.,46.64,1,neutral,4,1,web,MEA
TCKT_097754,2023-01-13 04:56:08,CUST_03673,non_profit,chat,login_auth,account_access,low,resolved,gold,My 2FA code is not working when I try to sign in.,Sorry to hear you're having trouble accessing your account. We will look into this and get back to you within the next 48 hours.,Reset account credentials and confirmed successful login.,10.06,0,negative,2,0,desktop_app,
TCKT_097824,2023-01-07 07:36:16,CUST_03783,small_business,web_form,billing,account_access,medium,closed_no_action,standard,I cannot log in; the system says my password is incorrect.,Sorry to hear you're having trouble accessing your account. Our team is reviewing this and will follow up within 24 hours.,Ticket closed without further action after no response from the customer.,179.18,0,very_negative,2,0,web,EU
TCKT_097867,2023-01-30 05:15:00,CUST_00744,small_business,chat,api_integration,bug,medium,in_progress,standard,The page keeps crashing whenever I try to open the api integration section.,Thanks for reporting this bug. Our team is reviewing this and will follow up within 24 hours.,,,0,neutral,3,0,android,MEA
TCKT_097881,2023-01-27 12:47:31,CUST_08343,individual,chat,notifications,billing_problem,low,resolved,gold,I downgraded my plan but I am still being billed for the higher tier.,Thanks for reaching out about the billing issue. We will look into this and get back to you within the next 48 hours.,Adjusted the invoice and issued a refund where applicable.,27.18,0,neutral,4,0,ios,MEA
TCKT_097958,2023-01-02 03:41:48,CUST_04620,small_business,email,login_auth,how_to,medium,resolved,platinum,I need help setting up login auth for my team.,Happy to help with your question. Our team is reviewing this and will follow up within 24 hours.,Provided step-by-step instructions and relevant documentation.,24.65,0,neutral,3,0,android,EU
TCKT_097973,2023-01-12 08:40:07,CUST_08049,education,web_form,mobile_app,feature_request,urgent,resolved,standard,Can you add an option to customize mobile app?,Thanks for your feature suggestion. This has been escalated to our on-call team for immediate attention.,Captured the request and added it to the product backlog.,4.85,0,neutral,3,0,web,MEA
TCKT_098077,2023-01-19 14:40:56,CUST_06575,small_business,phone_transcript,notifications,other,medium,on_hold,standard,"Something seems off, can you please check my workspace?",Thanks for contacting support. Our team is reviewing this and will follow up within 24 hours.,,,0,very_positive,5,0,web,MEA
TCKT_098298,2023-01-22 15:16:42,CUST_04024,non_profit,chat,api_integration,how_to,low,closed_no_action,standard,Can you explain how to configure api integration properly?,Happy to help with your question. We will look into this and get back to you within the next 48 hours.,Ticket closed without further action after no response from the customer.,172.03,0,positive,4,1,ios,EU
TCKT_098387,2023-01-09 21:20:16,CUST_03238,enterprise,email,analytics_dashboard,how_to,high,resolved,gold,Can you explain how to configure analytics dashboard properly?,Happy to help with your question. We are prioritizing this and will update you as soon as possible.,Provided step-by-step instructions and relevant documentation.,11.68,0,neutral,3,1,web,APAC
TCKT_098388,2023-01-16 20:57:28,CUST_00371,enterprise,web_form,api_integration,account_access,medium,in_progress,standard,My 2FA code is not working when I try to sign in.,Sorry to hear you're having trouble accessing your account. Our team is reviewing this and will follow up within 24 hours.,,,0,neutral,0,0,api_client,
TCKT_098415,2023-01-29 06:18:57,CUST_06154,enterprise,phone_transcript,login_auth,performance,medium,resolved,gold,Overall performance has degraded in the last few days.,We understand performance issues can be frustrating. Our team is reviewing this and will follow up within 24 hours.,Optimized queries and increased resource allocation.,45.3,0,very_negative,1,1,android,APAC
TCKT_098518,2023-01-14 19:54:14,CUST_03535,education,email,notifications,bug,medium,resolved,gold,The page keeps crashing whenever I try to open the notifications section.,Thanks for reporting this bug. Our team is reviewing this and will follow up within 24 hours.,Patched the bug and deployed a fix to production.,13.72,0,positive,0,0,web,MEA
TCKT_098540,2023-01-18 00:23:31,CUST_06474,non_profit,email,mobile_app,billing_problem,low,resolved,standard,I was charged twice for my subscription this month.,Thanks for reaching out about the billing issue. We will look into this and get back to you within the next 48 hours.,Adjusted the invoice and issued a refund where applicable.,23.53,0,negative,2,0,desktop_app,LATAM
TCKT_098667,2023-01-30 09:20:35,CUST_02099,small_business,phone_transcript,api_integration,performance,high,in_progress,standard,Overall performance has degraded in the last few days.,We understand performance issues can be frustrating. We are prioritizing this and will update you as soon as possible.,,,0,neutral,3,0,desktop_app,MEA
TCKT_098678,2023-01-14 22:27:24,CUST_06081,non_profit,web_form,api_integration,performance,medium,resolved,standard,Overall performance has degraded in the last few days.,We understand performance issues can be frustrating. Our team is reviewing this and will follow up within 24 hours.,Optimized queries and increased resource allocation.,14.83,0,negative,2,0,desktop_app,EU
TCKT_098710,2023-01-14 19:35:02,CUST_04989,enterprise,chat,billing,how_to,high,in_progress,gold,Can you explain how to configure billing properly?,Happy to help with your question. We are prioritizing this and will update you as soon as possible.,,,0,very_positive,0,0,ios,MEA
TCKT_098721,2023-01-31 01:30:23,CUST_07262,small_business,chat,billing,other,low,closed_no_action,standard,I need help but I'm not sure which category this fits in.,Thanks for contacting support. We will look into this and get back to you within the next 48 hours.,Ticket closed without further action after no response from the customer.,66.88,0,very_negative,1,0,desktop_app,LATAM
TCKT_098988,2023-01-23 10:56:27,CUST_00131,enterprise,chat,analytics_dashboard,how_to,medium,resolved,gold,How can I export my data from the analytics dashboard section?,Happy to help with your question. Our team is reviewing this and will follow up within 24 hours.,Provided step-by-step instructions and relevant documentation.,10.73,0,very_positive,5,0,desktop_app,EU
TCKT_098996,2023-01-29 03:41:53,CUST_00155,individual,web_form,data_export,billing_problem,medium,open,standard,I was charged twice for my subscription this month.,Thanks for reaching out about the billing issue. Our team is reviewing this and will follow up within 24 hours.,,,0,very_negative,0,0,web,LATAM
TCKT_099040,2023-01-20 15:46:38,CUST_00963,non_profit,in_app,notifications,how_to,low,resolved,standard,I need help setting up notifications for my team.,Happy to help with your question. We will look into this and get back to you within the next 48 hours.,Provided step-by-step instructions and relevant documentation.,41.44,0,neutral,3,1,ios,LATAM
TCKT_099086,2023-01-14 04:54:58,CUST_05807,enterprise,chat,analytics_dashboard,billing_problem,low,resolved,gold,I was charged twice for my subscription this month.,Thanks for reaching out about the billing issue. We will look into this and get back to you within the next 48 hours.,Adjusted the invoice and issued a refund where applicable.,57.03,0,very_negative,0,0,desktop_app,EU
TCKT_099146,2023-01-02 19:51:58,CUST_09417,individual,chat,login_auth,how_to,low,resolved,platinum,How can I export my data from the login auth section?,Happy to help with your question. We will look into this and get back to you within the next 48 hours.,Provided step-by-step instructions and relevant documentation.,28.08,0,neutral,0,1,api_client,EU
TCKT_099154,2023-01-11 19:50:16,CUST_04619,non_profit,chat,api_integration,security_concern,low,resolved,standard,There seems to be a vulnerability in the api integration functionality.,We take security very seriously. We will look into this and get back to you within the next 48 hours.,"Investigated logs, mitigated the issue, and updated security settings.",38.77,0,very_negative,2,1,android,APAC
TCKT_099175,2023-01-31 04:14:03,CUST_06985,non_profit,in_app,billing,security_concern,medium,on_hold,standard,I noticed a suspicious login on my account.,We take security very seriously. Our team is reviewing this and will follow up within 24 hours.,,,0,negative,0,0,web,
TCKT_099209,2023-01-17 04:49:05,CUST_02761,enterprise,chat,login_auth,other,high,open,platinum,I need help but I'm not sure which category this fits in.,Thanks for contacting support. We are prioritizing this and will update you as soon as possible.,,,0,negative,2,0,ios,APAC
TCKT_099295,2023-01-12 03:42:41,CUST_03045,education,web_form,notifications,account_access,medium,resolved,gold,I cannot log in; the system says my password is incorrect.,Sorry to hear you're having trouble accessing your account. Our team is reviewing this and will follow up within 24 hours.,Reset account credentials and confirmed successful login.,46.77,0,very_negative,1,0,web,EU
TCKT_099398,2023-01-04 07:54:40,CUST_08206,non_profit,in_app,api_integration,security_concern,low,in_progress,platinum,I noticed a suspicious login on my account.,We take security very seriously. We will look into this and get back to you within the next 48 hours.,,,0,very_negative,0,0,android,APAC
TCKT_099455,2023-01-24 18:10:14,CUST_02999,individual,chat,billing,performance,medium,on_hold,gold,Overall performance has degraded in the last few days.,We understand performance issues can be frustrating. Our team is reviewing this and will follow up within 24 hours.,,,0,neutral,4,1,api_client,LATAM
TCKT_099479,2023-01-26 09:46:32,CUST_09346,individual,chat,billing,how_to,high,closed_no_action,standard,Can you explain how to configure billing properly?,Happy to help with your question. We are prioritizing this and will update you as soon as possible.,Ticket closed without further action after no response from the customer.,100.09,0,negative,3,0,android,MEA
TCKT_099513,2023-01-24 12:53:22,CUST_09669,small_business,email,data_export,performance,medium,on_hold,gold,Overall performance has degraded in the last few days.,We understand performance issues can be frustrating. Our team is reviewing this and will follow up within 24 hours.,,,0,neutral,4,1,android,
TCKT_099522,2023-01-09 16:31:36,CUST_00291,individual,chat,analytics_dashboard,billing_problem,medium,resolved,platinum,I downgraded my plan but I am still being billed for the higher tier.,Thanks for reaching out about the billing issue. Our team is reviewing this and will follow up within 24 hours.,Adjusted the invoice and issued a refund where applicable.,4.36,0,very_negative,2,1,android,APAC
TCKT_099568,2023-01-03 16:44:45,CUST_03075,education,email,analytics_dashboard,how_to,high,resolved,standard,Can you explain how to configure analytics dashboard properly?,Happy to help with your question. We are prioritizing this and will update you as soon as possible.,Provided step-by-step instructions and relevant documentation.,23.45,0,very_negative,0,0,android,MEA
TCKT_099582,2023-01-08 20:40:56,CUST_03112,enterprise,in_app,mobile_app,other,high,in_progress,platinum,I have a general question about my account.,Thanks for contacting support. We are prioritizing this and will update you as soon as possible.,,,0,positive,5,1,desktop_app,LATAM
TCKT_099591,2023-01-02 17:02:20,CUST_02675,small_business,chat,billing,bug,low,open,standard,I am seeing an error message when I click on billing.,Thanks for reporting this bug. We will look into this and get back to you within the next 48 hours.,,,0,neutral,3,0,desktop_app,APAC
TCKT_099621,2023-01-22 00:04:18,CUST_01328,non_profit,phone_transcript,analytics_dashboard,feature_request,low,resolved,gold,It would be great to have analytics dashboard support in your product.,Thanks for your feature suggestion. We will look into this and get back to you within the next 48 hours.,Captured the request and added it to the product backlog.,42.37,0,neutral,4,1,web,EU
TCKT_099628,2023-01-18 16:13:38,CUST_00454,individual,chat,analytics_dashboard,bug,medium,resolved,gold,I am seeing an error message when I click on analytics dashboard.,Thanks for reporting this bug. Our team is reviewing this and will follow up within 24 hours.,Patched the bug and deployed a fix to production.,5.38,0,positive,4,0,desktop_app,APAC
TCKT_099641,2023-01-28 00:47:44,CUST_04973,individual,phone_transcript,data_export,how_to,low,resolved,standard,How can I export my data from the data export section?,Happy to help with your question. We will look into this and get back to you within the next 48 hours.,Provided step-by-step instructions and relevant documentation.,61.0,0,neutral,0,0,desktop_app,
TCKT_099704,2023-01-04 13:44:45,CUST_01715,small_business,in_app,api_integration,billing_problem,low,on_hold,standard,My invoice amount is incorrect compared to the plan I selected.,Thanks for reaching out about the billing issue. We will look into this and get back to you within the next 48 hours.,,,0,neutral,3,0,desktop_app,APAC
TCKT_099723,2023-01-28 05:36:30,CUST_01075,small_business,phone_transcript,notifications,performance,low,resolved,platinum,Overall performance has degraded in the last few days.,We understand performance issues can be frustrating. We will look into this and get back to you within the next 48 hours.,Optimized queries and increased resource allocation.,26.19,0,neutral,3,0,api_client,MEA
TCKT_099754,2023-01-14 14:25:05,CUST_03612,non_profit,chat,api_integration,performance,low,in_progress,standard,Queries in the api integration module are timing out.,We understand performance issues can be frustrating. We will look into this and get back to you within the next 48 hours.,,,0,positive,4,1,ios,LATAM
TCKT_099814,2023-01-08 21:50:19,CUST_04619,individual,chat,billing,how_to,low,closed_no_action,standard,How can I export my data from the billing section?,Happy to help with your question. We will look into this and get back to you within the next 48 hours.,Ticket closed without further action after no response from the customer.,178.45,0,negative,3,0,web,
TCKT_099852,2023-01-06 19:19:40,CUST_06955,non_profit,email,billing,performance,medium,resolved,standard,The billing page is very slow and takes a long time to load.,We understand performance issues can be frustrating. Our team is reviewing this and will follow up within 24 hours.,Optimized queries and increased resource allocation.,18.82,0,negative,2,1,ios,APAC
TCKT_099976,2023-01-07 05:42:35,CUST_00926,small_business,chat,analytics_dashboard,feature_request,medium,resolved,gold,Can you add an option to customize analytics dashboard?,Thanks for your feature suggestion. Our team is reviewing this and will follow up within 24 hours.,Captured the request and added it to the product backlog.,12.32,0,neutral,0,0,android,APAC
TCKT_099979,2023-01-26 15:55:39,CUST_06300,individual,web_form,billing,account_access,low,resolved,standard,My account was locked after multiple failed login attempts.,Sorry to hear you're having trouble accessing your account. We will look into this and get back to you within the next 48 hours.,Reset account credentials and confirmed successful login.,12.98,0,negative,0,0,api_client,APAC
