ticket_id,created_at,customer_id,customer_segment,channel,product_area,issue_type,priority,status,sla_plan,initial_message,agent_first_reply,resolution_summary,resolution_time_hours,reopened,customer_sentiment,csat_score,has_attachment,platform,region
TCKT_000013,2023-02-22 18:04:40,CUST_02694,small_business,email,notifications,performance,medium,in_progress,standard,Overall performance has degraded in the last few days.,We understand performance issues can be frustrating. Our team is reviewing this and will follow up within 24 hours.,,,0,positive,4,0,ios,
TCKT_000041,2023-02-17 03:42:35,CUST_04381,non_profit,in_app,billing,performance,low,in_progress,standard,The billing page is very slow and takes a long time to load.,We understand performance issues can be frustrating. We will look into this and get back to you within the next 48 hours.,,,0,very_negative,1,0,web,MEA
TCKT_000047,2023-02-20 23:35:20,CUST_01063,enterprise,email,billing,other,low,resolved,standard,I need help but I'm not sure which category this fits in.,Thanks for contacting support. We will look into this and get back to you within the next 48 hours.,Provided general guidance and confirmed the issue was resolved.,43.17,0,neutral,3,0,api_client,
TCKT_000072,2023-02-16 12:24:01,CUST_00877,education,in_app,api_integration,performance,low,closed_no_action,standard,Overall performance has degraded in the last few days.,We understand performance issues can be frustrating. We will look into this and get back to you within the next 48 hours.,Ticket closed without further action after no response from the customer.,72.67,0,negative,3,0,desktop_app,LATAM
TCKT_000086,2023-02-25 16:20:59,CUST_04452,individual,chat,notifications,security_concern,high,resolved,standard,We need details about your data encryption and compliance.,We take security very seriously. We are prioritizing this and will update you as soon as possible.,"Investigated logs, mitigated the issue, and updated security settings.",15.98,0,neutral,3,0,api_client,
TCKT_000089,2023-02-15 08:06:11,CUST_00537,education,web_form,billing,security_concern,high,closed_no_action,standard,We need details about your data encryption and compliance.,We take security very seriously. We are prioritizing this and will update you as soon as possible.,Ticket closed without further action after no response from the customer.,127.86,0,positive,4,1,desktop_app,EU
TCKT_000119,2023-02-14 12:53:05,CUST_09042,education,web_form,billing,bug,medium,in_progress,gold,The page keeps crashing whenever I try to open the billing section.,Thanks for reporting this bug. Our team is reviewing this and will follow up within 24 hours.,,,0,negative,0,0,android,MEA
TCKT_000137,2023-02-21 00:23:35,CUST_00779,education,web_form,billing,billing_problem,medium,in_progress,standard,I downgraded my plan but I am still being billed for the higher tier.,Thanks for reaching out about the billing issue. Our team is reviewing this and will follow up within 24 hours.,,,0,very_positive,0,0,ios,MEA
TCKT_000201,2023-02-24 03:18:35,CUST_01257,individual,phone_transcript,notifications,performance,medium,resolved,standard,The notifications page is very slow and takes a long time to load.,We understand performance issues can be frustrating. Our team is reviewing this and will follow up within 24 hours.,Optimized queries and increased resource allocation.,47.05,0,neutral,3,1,ios,MEA
TCKT_000215,2023-02-26 12:59:49,CUST_09818,individual,phone_transcript,api_integration,security_concern,low,resolved,standard,There seems to be a vulnerability in the api integration functionality.,We take security very seriously. We will look into this and get back to you within the next 48 hours.,"Investigated logs, mitigated the issue, and updated security settings.",35.96,0,neutral,4,1,desktop_app,LATAM
TCKT_000252,2023-02-11 07:04:12,CUST_06589,education,in_app,billing,how_to,low,resolved,platinum,How can I export my data from the billing section?,Happy to help with your question. We will look into this and get back to you within the next 48 hours.,Provided step-by-step instructions and relevant documentation.,60.56,0,very_negative,1,0,ios,EU
TCKT_000263,2023-02-02 10:08:29,CUST_04010,individual,chat,billing,performance,high,in_progress,platinum,Overall performance has degraded in the last few days.,We understand performance issues can be frustrating. We are prioritizing this and will update you as soon as possible.,,,0,negative,3,0,api_client,LATAM
TCKT_000294,2023-02-10 02:52:59,CUST_00720,non_profit,phone_transcript,data_export,account_access,low,resolved,platinum,My 2FA code is not working when I try to sign in.,Sorry to hear you're having trouble accessing your account. We will look into this and get back to you within the next 48 hours.,Reset account credentials and confirmed successful login.,62.21,0,very_negative,1,0,android,LATAM
TCKT_000304,2023-02-10 03:27:03,CUST_03424,enterprise,in_app,billing,how_to,low,in_progress,standard,I need help setting up billing for my team.,Happy to help with your question. We will look into this and get back to you within the next 48 hours.,,,0,positive,5,0,android,APAC
TCKT_000372,2023-02-06 07:03:26,CUST_01339,individual,email,login_auth,billing_problem,medium,resolved,standard,My invoice amount is incorrect compared to the plan I selected.,Thanks for reaching out about the billing issue. Our team is reviewing this and will follow up within 24 hours.,Adjusted the invoice and issued a refund where applicable.,41.89,0,negative,3,0,android,APAC
TCKT_000501,2023-02-12 04:07:11,CUST_03798,individual,chat,api_integration,performance,high,in_progress,gold,Queries in the api integration module are timing out.,We understand performance issues can be frustrating. We are prioritizing this and will update you as soon as possible.,,,0,neutral,4,0,web,APAC
TCKT_000518,2023-02-04 10:53:31,CUST_09698,education,chat,billing,performance,high,in_progress,gold,The billing page is very slow and takes a long time to load.,We understand performance issues can be frustrating. We are prioritizing this and will update you as soon as possible.,,,0,negative,0,1,web,LATAM
TCKT_000597,2023-02-23 09:04:41,CUST_02736,small_business,phone_transcript,data_export,how_to,urgent,in_progress,standard,How can I export my data from the data export section?,Happy to help with your question. This has been escalated to our on-call team for immediate attention.,,,0,neutral,4,0,ios,EU
TCKT_000616,2023-02-13 09:00:19,CUST_01824,individual,in_app,mobile_app,other,medium,on_hold,standard,I need help but I'm not sure which category this fits in.,Thanks for contacting support. Our team is reviewing this and will follow up within 24 hours.,,,0,neutral,0,1,android,EU
TCKT_000660,2023-02-26 13:15:27,CUST_05823,individual,email,login_auth,account_access,urgent,on_hold,platinum,I cannot log in; the system says my password is incorrect.,Sorry to hear you're having trouble accessing your account. This has been escalated to our on-call team for immediate attention.,,,0,negative,0,0,ios,APAC
TCKT_000678,2023-02-11 07:42:38,CUST_07938,enterprise,in_app,billing,how_to,medium,resolved,platinum,How can I export my data from the billing section?,Happy to help with your question. Our team is reviewing this and will follow up within 24 hours.,Provided step-by-step instructions and relevant documentation.,38.1,0,positive,5,0,api_client,MEA
TCKT_000685,2023-02-11 19:56:48,CUST_04152,individual,in_app,billing,how_to,high,closed_no_action,gold,I need help setting up billing for my team.,Happy to help with your question. We are prioritizing this and will update you as soon as possible.,Ticket closed without further action after no response from the customer.,46.73,0,positive,4,1,api_client,
TCKT_000693,2023-02-26 14:11:55,CUST_03516,non_profit,web_form,data_export,how_to,high,on_hold,standard,I need help setting up data export for my team.,Happy to help with your question. We are prioritizing this and will update you as soon as possible.,,,0,neutral,3,0,web,APAC
TCKT_000699,2023-02-05 04:06:18,CUST_02363,enterprise,chat,data_export,performance,high,resolved,standard,Overall performance has degraded in the last few days.,We understand performance issues can be frustrating. We are prioritizing this and will update you as soon as possible.,Optimized queries and increased resource allocation.,11.33,0,neutral,3,0,desktop_app,LATAM
TCKT_000730,2023-02-06 11:27:55,CUST_04678,small_business,web_form,notifications,security_concern,low,closed_no_action,standard,We need details about your data encryption and compliance.,We take security very seriously. We will look into this and get back to you within the next 48 hours.,Ticket closed without further action after no response from the customer.,144.92,0,negative,3,1,api_client,MEA
TCKT_000740,2023-02-11 01:46:04,CUST_04048,non_profit,in_app,data_export,bug,low,closed_no_action,gold,The page keeps crashing whenever I try to open the data export section.,Thanks for reporting this bug. We will look into this and get back to you within the next 48 hours.,Ticket closed without further action after no response from the customer.,39.53,0,very_positive,5,0,desktop_app,
TCKT_000782,2023-02-07 04:16:00,CUST_04491,enterprise,chat,mobile_app,performance,low,resolved,standard,Queries in the mobile app module are timing out.,We understand performance issues can be frustrating. We will look into this and get back to you within the next 48 hours.,Optimized queries and increased resource allocation.,10.81,0,neutral,3,0,ios,APAC
TCKT_000789,2023-02-14 06:27:35,CUST_00713,non_profit,chat,billing,bug,low,resolved,standard,The billing feature is not saving my changes.,Thanks for reporting this bug. We will look into this and get back to you within the next 48 hours.,Patched the bug and deployed a fix to production.,52.98,0,very_negative,0,0,ios,APAC
TCKT_000793,2023-02-16 08:07:08,CUST_07834,individual,web_form,mobile_app,performance,low,resolved,gold,Overall performance has degraded in the last few days.,We understand performance issues can be frustrating. We will look into this and get back to you within the next 48 hours.,Optimized queries and increased resource allocation.,37.05,0,negative,2,1,ios,EU
TCKT_000847,2023-02-27 02:50:17,CUST_01392,small_business,web_form,notifications,how_to,medium,resolved,gold,Can you explain how to configure notifications properly?,Happy to help with your question. Our team is reviewing this and will follow up within 24 hours.,Provided step-by-step instructions and relevant documentation.,22.01,0,neutral,0,0,ios,
TCKT_000860,2023-02-15 22:24:48,CUST_01913,non_profit,web_form,api_integration,feature_request,medium,open,standard,Can you add an option to customize api integration?,Thanks for your feature suggestion. Our team is reviewing this and will follow up within 24 hours.,,,0,positive,4,1,web,EU
TCKT_000896,2023-02-16 19:57:54,CUST_02170,individual,phone_transcript,mobile_app,feature_request,high,on_hold,standard,Our team needs more advanced options for mobile app.,Thanks for your feature suggestion. We are prioritizing this and will update you as soon as possible.,,,0,negative,0,1,web,
TCKT_000940,2023-02-20 01:34:28,CUST_03440,non_profit,phone_transcript,api_integration,other,medium,on_hold,gold,I have a general question about my account.,Thanks for contacting support. Our team is reviewing this and will follow up within 24 hours.,,,0,negative,3,0,android,
TCKT_001006,2023-02-11 12:19:58,CUST_01441,small_business,email,analytics_dashboard,other,medium,resolved,standard,I have a general question about my account.,Thanks for contacting support. Our team is reviewing this and will follow up within 24 hours.,Provided general guidance and confirmed the issue was resolved.,13.3,0,neutral,4,0,api_client,MEA
TCKT_001044,2023-02-18 04:14:14,CUST_00337,non_profit,in_app,notifications,billing_problem,low,closed_no_action,standard,I was charged twice for my subscription this month.,Thanks for reaching out about the billing issue. We will look into this and get back to you within the next 48 hours.,Ticket closed without further action after no response from the customer.,231.87,0,negative,2,0,desktop_app,MEA
TCKT_001054,2023-02-07 01:05:11,CUST_01522,enterprise,in_app,billing,account_access,high,in_progress,standard,My 2FA code is not working when I try to sign in.,Sorry to hear you're having trouble accessing your account. We are prioritizing this and will update you as soon as possible.,,,0,neutral,4,0,ios,MEA
TCKT_001073,2023-02-07 18:33:27,CUST_08504,small_business,chat,billing,bug,low,in_progress,standard,I am seeing an error message when I click on billing.,Thanks for reporting this bug. We will look into this and get back to you within the next 48 hours.,,,0,neutral,4,0,api_client,EU
TCKT_001173,2023-02-12 19:35:45,CUST_05328,enterprise,web_form,analytics_dashboard,account_access,urgent,closed_no_action,gold,My account was locked after multiple failed login attempts.,Sorry to hear you're having trouble accessing your account. This has been escalated to our on-call team for immediate attention.,Ticket closed without further action after no response from the customer.,183.75,0,very_negative,1,0,web,LATAM
TCKT_001182,2023-02-19 03:28:18,CUST_08028,small_business,phone_transcript,api_integration,how_to,high,in_progress,standard,I need help setting up api integration for my team.,Happy to help with your question. We are prioritizing this and will update you as soon as possible.,,,0,positive,4,0,desktop_app,MEA
TCKT_001192,2023-02-21 15:12:28,CUST_01569,individual,in_app,analytics_dashboard,other,high,in_progress,standard,I need help but I'm not sure which category this fits in.,Thanks for contacting support. We are prioritizing this and will update you as soon as possible.,,,0,neutral,4,0,desktop_app,
TCKT_001221,2023-02-06 21:35:47,CUST_01935,individual,phone_transcript,analytics_dashboard,security_concern,low,resolved,gold,There seems to be a vulnerability in the analytics dashboard functionality.,We take security very seriously. We will look into this and get back to you within the next 48 hours.,"Investigated logs, mitigated the issue, and updated security settings.",63.08,0,very_negative,1,0,ios,MEA
TCKT_001292,2023-02-15 19:49:21,CUST_07615,individual,phone_transcript,mobile_app,performance,low,resolved,standard,Overall performance has degraded in the last few days.,We understand performance issues can be frustrating. We will look into this and get back to you within the next 48 hours.,Optimized queries and increased resource allocation.,33.69,0,very_negative,1,1,ios,LATAM
TCKT_001316,2023-02-15 15:34:27,CUST_07104,small_business,phone_transcript,api_integration,feature_request,high,resolved,platinum,It would be great to have api integration support in your product.,Thanks for your feature suggestion. We are prioritizing this and will update you as soon as possible.,Captured the request and added it to the product backlog.,23.3,0,neutral,0,0,api_client,LATAM
TCKT_001385,2023-02-12 13:14:19,CUST_01006,small_business,phone_transcript,data_export,how_to,high,open,standard,I need help setting up data export for my team.,Happy to help with your question. We are prioritizing this and will update you as soon as possible.,,,0,negative,2,0,web,APAC
TCKT_001445,2023-02-25 19:27:39,CUST_03089,education,email,billing,other,low,resolved,standard,I have a general question about my account.,Thanks for contacting support. We will look into this and get back to you within the next 48 hours.,Provided general guidance and confirmed the issue was resolved.,48.12,0,negative,0,1,android,
TCKT_001515,2023-02-26 04:19:04,CUST_09456,non_profit,chat,analytics_dashboard,bug,medium,resolved,gold,I am seeing an error message when I click on analytics dashboard.,Thanks for reporting this bug. Our team is reviewing this and will follow up within 24 hours.,Patched the bug and deployed a fix to production.,11.0,0,very_negative,2,0,api_client,MEA
TCKT_001526,2023-02-01 11:31:49,CUST_01014,education,web_form,billing,account_access,low,resolved,gold,My account was locked after multiple failed login attempts.,Sorry to hear you're having trouble accessing your account. We will look into this and get back to you within the next 48 hours.,Reset account credentials and confirmed successful login.,43.9,0,very_negative,2,0,desktop_app,EU
TCKT_001585,2023-02-09 03:01:33,CUST_02766,small_business,phone_transcript,billing,bug,low,on_hold,gold,The billing feature is not saving my changes.,Thanks for reporting this bug. We will look into this and get back to you within the next 48 hours.,,,0,very_positive,5,1,android,LATAM
TCKT_001680,2023-02-21 04:24:02,CUST_03234,individual,email,login_auth,billing_problem,urgent,in_progress,standard,My invoice amount is incorrect compared to the plan I selected.,Thanks for reaching out about the billing issue. This has been escalated to our on-call team for immediate attention.,,,0,very_negative,2,0,api_client,EU
TCKT_001732,2023-02-02 15:38:03,CUST_08737,education,email,notifications,security_concern,high,closed_no_action,standard,There seems to be a vulnerability in the notifications functionality.,We take security very seriously. We are prioritizing this and will update you as soon as possible.,Ticket closed without further action after no response from the customer.,144.82,0,neutral,3,1,ios,APAC
TCKT_001756,2023-02-21 01:25:10,CUST_01605,small_business,phone_transcript,login_auth,security_concern,medium,resolved,gold,I noticed a suspicious login on my account.,We take security very seriously. Our team is reviewing this and will follow up within 24 hours.,"Investigated logs, mitigated the issue, and updated security settings.",47.09,0,neutral,4,1,api_client,APAC
TCKT_001773,2023-02-23 05:39:50,CUST_00202,education,email,login_auth,security_concern,high,on_hold,standard,We need details about your data encryption and compliance.,We take security very seriously. We are prioritizing this and will update you as soon as possible.,,,0,very_negative,2,0,android,
TCKT_001826,2023-02-10 02:09:38,CUST_09417,individual,web_form,analytics_dashboard,security_concern,low,open,standard,I noticed a suspicious login on my account.,We take security very seriously. We will look into this and get back to you within the next 48 hours.,,,0,negative,0,0,api_client,
TCKT_001889,2023-02-23 05:22:41,CUST_09464,individual,web_form,analytics_dashboard,feature_request,medium,in_progress,standard,Our team needs more advanced options for analytics dashboard.,Thanks for your feature suggestion. Our team is reviewing this and will follow up within 24 hours.,,,0,positive,4,0,desktop_app,EU
TCKT_001914,2023-02-10 10:40:53,CUST_04935,small_business,in_app,analytics_dashboard,billing_problem,medium,resolved,standard,I downgraded my plan but I am still being billed for the higher tier.,Thanks for reaching out about the billing issue. Our team is reviewing this and will follow up within 24 hours.,Adjusted the invoice and issued a refund where applicable.,27.87,0,very_positive,5,0,android,APAC
TCKT_001988,2023-02-06 08:20:04,CUST_08528,enterprise,phone_transcript,data_export,feature_request,low,resolved,standard,Our team needs more advanced options for data export.,Thanks for your feature suggestion. We will look into this and get back to you within the next 48 hours.,Captured the request and added it to the product backlog.,57.79,0,neutral,0,1,ios,MEA
TCKT_002063,2023-02-20 14:29:00,CUST_02641,enterprise,in_app,api_integration,security_concern,medium,resolved,standard,I noticed a suspicious login on my account.,We take security very seriously. Our team is reviewing this and will follow up within 24 hours.,"Investigated logs, mitigated the issue, and updated security settings.",9.54,0,very_negative,0,1,desktop_app,LATAM
TCKT_002066,2023-02-28 06:54:10,CUST_02328,education,in_app,data_export,security_concern,low,resolved,gold,We need details about your data encryption and compliance.,We take security very seriously. We will look into this and get back to you within the next 48 hours.,"Investigated logs, mitigated the issue, and updated security settings.",65.73,0,very_negative,1,0,desktop_app,EU
TCKT_002087,2023-02-21 16:58:30,CUST_08053,small_business,chat,login_auth,account_access,high,in_progress,standard,My 2FA code is not working when I try to sign in.,Sorry to hear you're having trouble accessing your account. We are prioritizing this and will update you as soon as possible.,,,0,negative,0,0,ios,EU
TCKT_002135,2023-02-25 11:00:44,CUST_02271,individual,in_app,notifications,performance,low,resolved,standard,Queries in the notifications module are timing out.,We understand performance issues can be frustrating. We will look into this and get back to you within the next 48 hours.,Optimized queries and increased resource allocation.,62.93,0,negative,2,0,desktop_app,APAC
TCKT_002151,2023-02-05 04:30:47,CUST_00523,non_profit,in_app,billing,feature_request,medium,resolved,standard,It would be great to have billing support in your product.,Thanks for your feature suggestion. Our team is reviewing this and will follow up within 24 hours.,Captured the request and added it to the product backlog.,34.34,0,very_positive,0,0,web,LATAM
TCKT_002172,2023-02-03 17:41:01,CUST_03979,non_profit,in_app,mobile_app,feature_request,urgent,on_hold,gold,Can you add an option to customize mobile app?,Thanks for your feature suggestion. This has been escalated to our on-call team for immediate attention.,,,0,positive,5,0,desktop_app,APAC
TCKT_002318,2023-02-15 19:38:56,CUST_06326,enterprise,web_form,login_auth,how_to,low,in_progress,standard,Can you explain how to configure login auth properly?,Happy to help with your question. We will look into this and get back to you within the next 48 hours.,,,0,negative,2,0,android,APAC
TCKT_002325,2023-02-22 00:20:55,CUST_06444,education,email,data_export,account_access,medium,resolved,standard,My account was locked after multiple failed login attempts.,Sorry to hear you're having trouble accessing your account. Our team is reviewing this and will follow up within 24 hours.,Reset account credentials and confirmed successful login.,38.83,0,very_negative,2,0,desktop_app,APAC
TCKT_002356,2023-02-11 18:49:55,CUST_08134,individual,email,mobile_app,other,high,on_hold,gold,I need help but I'm not sure which category this fits in.,Thanks for contacting support. We are prioritizing this and will update you as soon as possible.,,,0,neutral,4,1,ios,EU
TCKT_002378,2023-02-14 23:40:50,CUST_03919,education,phone_transcript,login_auth,performance,high,on_hold,gold,Queries in the login auth module are timing out.,We understand performance issues can be frustrating. We are prioritizing this and will update you as soon as possible.,,,0,neutral,4,1,desktop_app,MEA
TCKT_002448,2023-02-01 02:47:50,CUST_06048,education,chat,data_export,other,medium,resolved,gold,I need help but I'm not sure which category this fits in.,Thanks for contacting support. Our team is reviewing this and will follow up within 24 hours.,Provided general guidance and confirmed the issue was resolved.,38.74,0,very_negative,2,1,web,
TCKT_002514,2023-02-08 18:13:45,CUST_09645,small_business,in_app,billing,other,medium,resolved,standard,I need help but I'm not sure which category this fits in.,Thanks for contacting support. Our team is reviewing this and will follow up within 24 hours.,Provided general guidance and confirmed the issue was resolved.,29.25,0,very_positive,5,1,ios,EU
TCKT_002520,2023-02-25 19:57:27,CUST_07242,non_profit,email,billing,security_concern,high,resolved,standard,I noticed a suspicious login on my account.,We take security very seriously. We are prioritizing this and will update you as soon as possible.,"Investigated logs, mitigated the issue, and updated security settings.",13.32,0,neutral,4,0,web,APAC
TCKT_002579,2023-02-28 04:33:06,CUST_03958,non_profit,web_form,mobile_app,billing_problem,medium,resolved,standard,I downgraded my plan but I am still being billed for the higher tier.,Thanks for reaching out about the billing issue. Our team is reviewing this and will follow up within 24 hours.,Adjusted the invoice and issued a refund where applicable.,4.34,0,negative,2,0,android,LATAM
TCKT_002636,2023-02-04 04:16:49,CUST_09727,non_profit,phone_transcript,analytics_dashboard,billing_problem,low,resolved,standard,I downgraded my plan but I am still being billed for the higher tier.,Thanks for reaching out about the billing issue. We will look into this and get back to you within the next 48 hours.,Adjusted the invoice and issued a refund where applicable.,70.12,1,negative,0,1,android,EU
TCKT_002682,2023-02-01 23:25:07,CUST_07882,non_profit,chat,notifications,feature_request,medium,resolved,gold,It would be great to have notifications support in your product.,Thanks for your feature suggestion. Our team is reviewing this and will follow up within 24 hours.,Captured the request and added it to the product backlog.,20.4,0,very_positive,0,0,desktop_app,LATAM
TCKT_002699,2023-02-24 02:39:08,CUST_08472,individual,in_app,data_export,bug,medium,resolved,platinum,The data export feature is not saving my changes.,Thanks for reporting this bug. Our team is reviewing this and will follow up within 24 hours.,Patched the bug and deployed a fix to production.,30.9,0,negative,3,1,desktop_app,
TCKT_002718,2023-02-08 05:55:19,CUST_06091,small_business,phone_transcript,login_auth,account_access,medium,open,platinum,My account was locked after multiple failed login attempts.,Sorry to hear you're having trouble accessing your account. Our team is reviewing this and will follow up within 24 hours.,,,0,neutral,3,1,ios,
TCKT_002734,2023-02-05 12:23:21,CUST_04603,non_profit,in_app,api_integration,feature_request,low,resolved,platinum,It would be great to have api integration support in your product.,Thanks for your feature suggestion. We will look into this and get back to you within the next 48 hours.,Captured the request and added it to the product backlog.,31.38,0,neutral,4,0,android,LATAM
TCKT_002746,2023-02-08 01:44:51,CUST_00497,education,chat,mobile_app,account_access,high,open,gold,I cannot log in; the system says my password is incorrect.,Sorry to hear you're having trouble accessing your account. We are prioritizing this and will update you as soon as possible.,,,0,negative,2,0,desktop_app,MEA
TCKT_002773,2023-02-12 10:44:41,CUST_07336,individual,chat,notifications,performance,medium,on_hold,standard,The notifications page is very slow and takes a long time to load.,We understand performance issues can be frustrating. Our team is reviewing this and will follow up within 24 hours.,,,0,neutral,3,1,web,
TCKT_002784,2023-02-17 11:59:39,CUST_09760,small_business,phone_transcript,analytics_dashboard,how_to,high,resolved,platinum,I need help setting up analytics dashboard for my team.,Happy to help with your question. We are prioritizing this and will update you as soon as possible.,Provided step-by-step instructions and relevant documentation.,2.54,0,neutral,3,0,api_client,
TCKT_002805,2023-02-05 13:30:47,CUST_04197,education,email,data_export,account_access,urgent,on_hold,standard,My 2FA code is not working when I try to sign in.,Sorry to hear you're having trouble accessing your account. This has been escalated to our on-call team for immediate attention.,,,0,neutral,3,0,api_client,EU
TCKT_002895,2023-02-03 12:09:30,CUST_00343,education,email,login_auth,other,low,resolved,standard,I have a general question about my account.,Thanks for contacting support. We will look into this and get back to you within the next 48 hours.,Provided general guidance and confirmed the issue was resolved.,22.57,0,positive,0,0,api_client,
TCKT_002928,2023-02-16 06:52:20,CUST_08301,non_profit,email,analytics_dashboard,other,medium,resolved,standard,I have a general question about my account.,Thanks for contacting support. Our team is reviewing this and will follow up within 24 hours.,Provided general guidance and confirmed the issue was resolved.,7.04,0,positive,4,0,android,
TCKT_002941,2023-02-12 07:41:17,CUST_05149,small_business,in_app,notifications,how_to,medium,open,standard,Can you explain how to configure notifications properly?,Happy to help with your question. Our team is reviewing this and will follow up within 24 hours.,,,0,positive,4,0,api_client,APAC
TCKT_002943,2023-02-24 07:16:45,CUST_02613,small_business,email,mobile_app,bug,medium,resolved,standard,The mobile app feature is not saving my changes.,Thanks for reporting this bug. Our team is reviewing this and will follow up within 24 hours.,Patched the bug and deployed a fix to production.,41.88,0,neutral,4,0,ios,MEA
TCKT_003047,2023-02-08 09:53:24,CUST_05067,education,phone_transcript,login_auth,account_access,low,resolved,gold,I cannot log in; the system says my password is incorrect.,Sorry to hear you're having trouble accessing your account. We will look into this and get back to you within the next 48 hours.,Reset account credentials and confirmed successful login.,34.79,0,neutral,4,1,android,MEA
TCKT_003097,2023-02-20 06:45:44,CUST_00689,individual,in_app,api_integration,account_access,medium,resolved,gold,My account was locked after multiple failed login attempts.,Sorry to hear you're having trouble accessing your account. Our team is reviewing this and will follow up within 24 hours.,Reset account credentials and confirmed successful login.,32.38,0,very_negative,0,1,ios,APAC
TCKT_003118,2023-02-06 07:34:49,CUST_06678,small_business,phone_transcript,notifications,account_access,high,resolved,platinum,My account was locked after multiple failed login attempts.,Sorry to hear you're having trouble accessing your account. We are prioritizing this and will update you as soon as possible.,Reset account credentials and confirmed successful login.,10.48,0,very_negative,0,0,web,EU
TCKT_003223,2023-02-02 15:16:23,CUST_08539,individual,phone_transcript,login_auth,performance,low,resolved,standard,Overall performance has degraded in the last few days.,We understand performance issues can be frustrating. We will look into this and get back to you within the next 48 hours.,Optimized queries and increased resource allocation.,60.72,0,positive,4,0,android,
TCKT_003271,2023-02-11 00:14:00,CUST_01205,non_profit,web_form,analytics_dashboard,security_concern,high,open,gold,We need details about your data encryption and compliance.,We take security very seriously. We are prioritizing this and will update you as soon as possible.,,,0,negative,0,0,api_client,LATAM
TCKT_003307,2023-02-14 14:37:05,CUST_06980,non_profit,phone_transcript,data_export,feature_request,medium,closed_no_action,standard,Our team needs more advanced options for data export.,Thanks for your feature suggestion. Our team is reviewing this and will follow up within 24 hours.,Ticket closed without further action after no response from the customer.,47.62,1,positive,0,0,ios,LATAM
TCKT_003318,2023-02-12 21:49:09,CUST_01409,education,in_app,api_integration,performance,medium,closed_no_action,standard,Overall performance has degraded in the last few days.,We understand performance issues can be frustrating. Our team is reviewing this and will follow up within 24 hours.,Ticket closed without further action after no response from the customer.,165.12,0,negative,2,0,android,
TCKT_003383,2023-02-11 16:22:18,CUST_04320,small_business,in_app,login_auth,security_concern,low,closed_no_action,gold,There seems to be a vulnerability in the login auth functionality.,We take security very seriously. We will look into this and get back to you within the next 48 hours.,Ticket closed without further action after no response from the customer.,91.6,1,negative,3,0,android,EU
TCKT_003406,2023-02-04 20:41:46,CUST_06687,small_business,phone_transcript,notifications,other,high,on_hold,standard,I need help but I'm not sure which category this fits in.,Thanks for contacting support. We are prioritizing this and will update you as soon as possible.,,,0,very_positive,5,1,ios,EU
TCKT_003418,2023-02-07 01:58:11,CUST_01692,individual,in_app,notifications,performance,low,resolved,standard,Queries in the notifications module are timing out.,We understand performance issues can be frustrating. We will look into this and get back to you within the next 48 hours.,Optimized queries and increased resource allocation.,68.59,0,neutral,0,0,android,
TCKT_003492,2023-02-10 04:46:52,CUST_02968,small_business,email,data_export,performance,low,resolved,standard,Overall performance has degraded in the last few days.,We understand performance issues can be frustrating. We will look into this and get back to you within the next 48 hours.,Optimized queries and increased resource allocation.,9.27,0,negative,2,1,desktop_app,EU
TCKT_003550,2023-02-07 06:40:10,CUST_01784,individual,web_form,billing,feature_request,medium,in_progress,standard,It would be great to have billing support in your product.,Thanks for your feature suggestion. Our team is reviewing this and will follow up within 24 hours.,,,0,positive,4,1,web,MEA
TCKT_003567,2023-02-15 11:42:19,CUST_06532,non_profit,in_app,api_integration,how_to,high,in_progress,standard,How can I export my data from the api integration section?,Happy to help with your question. We are prioritizing this and will update you as soon as possible.,,,0,negative,0,0,ios,
TCKT_003607,2023-02-05 14:34:08,CUST_00528,individual,chat,mobile_app,bug,medium,in_progress,gold,The page keeps crashing whenever I try to open the mobile app section.,Thanks for reporting this bug. Our team is reviewing this and will follow up within 24 hours.,,,0,positive,4,0,desktop_app,
TCKT_003677,2023-02-24 21:36:31,CUST_05113,individual,phone_transcript,api_integration,security_concern,low,in_progress,standard,There seems to be a vulnerability in the api integration functionality.,We take security very seriously. We will look into this and get back to you within the next 48 hours.,,,0,neutral,4,1,android,EU
TCKT_003740,2023-02-23 05:50:47,CUST_03869,non_profit,web_form,analytics_dashboard,bug,medium,resolved,standard,I am seeing an error message when I click on analytics dashboard.,Thanks for reporting this bug. Our team is reviewing this and will follow up within 24 hours.,Patched the bug and deployed a fix to production.,44.62,0,neutral,3,0,desktop_app,LATAM
TCKT_003772,2023-02-18 15:31:09,CUST_01969,small_business,in_app,billing,account_access,low,on_hold,standard,My 2FA code is not working when I try to sign in.,Sorry to hear you're having trouble accessing your account. We will look into this and get back to you within the next 48 hours.,,,0,neutral,4,0,web,LATAM
TCKT_003790,2023-02-03 05:48:00,CUST_05952,small_business,web_form,api_integration,how_to,low,in_progress,gold,I need help setting up api integration for my team.,Happy to help with your question. We will look into this and get back to you within the next 48 hours.,,,0,positive,0,0,ios,
TCKT_003851,2023-02-21 17:55:09,CUST_03291,small_business,chat,analytics_dashboard,feature_request,low,open,standard,It would be great to have analytics dashboard support in your product.,Thanks for your feature suggestion. We will look into this and get back to you within the next 48 hours.,,,1,neutral,0,1,desktop_app,LATAM
TCKT_003860,2023-02-07 23:11:19,CUST_00771,enterprise,email,data_export,other,low,open,standard,"Something seems off, can you please check my workspace?",Thanks for contacting support. We will look into this and get back to you within the next 48 hours.,,,0,negative,0,0,android,MEA
TCKT_003904,2023-02-14 05:50:02,CUST_07704,individual,phone_transcript,login_auth,security_concern,urgent,resolved,gold,I noticed a suspicious login on my account.,We take security very seriously. This has been escalated to our on-call team for immediate attention.,"Investigated logs, mitigated the issue, and updated security settings.",6.11,0,negative,0,0,android,
TCKT_003954,2023-02-11 02:50:18,CUST_08470,education,chat,api_integration,feature_request,high,in_progress,standard,It would be great to have api integration support in your product.,Thanks for your feature suggestion. We are prioritizing this and will update you as soon as possible.,,,0,negative,2,1,api_client,APAC
TCKT_004008,2023-02-04 09:31:21,CUST_03221,non_profit,in_app,data_export,billing_problem,medium,closed_no_action,standard,I was charged twice for my subscription this month.,Thanks for reaching out about the billing issue. Our team is reviewing this and will follow up within 24 hours.,Ticket closed without further action after no response from the customer.,34.86,0,negative,3,0,api_client,APAC
TCKT_004027,2023-02-28 02:54:28,CUST_00975,individual,web_form,analytics_dashboard,feature_request,low,resolved,standard,Our team needs more advanced options for analytics dashboard.,Thanks for your feature suggestion. We will look into this and get back to you within the next 48 hours.,Captured the request and added it to the product backlog.,8.47,0,positive,5,0,android,
TCKT_004068,2023-02-22 19:47:34,CUST_07989,small_business,web_form,login_auth,how_to,medium,resolved,standard,Can you explain how to configure login auth properly?,Happy to help with your question. Our team is reviewing this and will follow up within 24 hours.,Provided step-by-step instructions and relevant documentation.,13.62,0,negative,3,0,desktop_app,MEA
TCKT_004080,2023-02-25 04:02:09,CUST_08559,enterprise,email,data_export,feature_request,urgent,in_progress,standard,Our team needs more advanced options for data export.,Thanks for your feature suggestion. This has been escalated to our on-call team for immediate attention.,,,0,very_positive,5,1,android,MEA
TCKT_004096,2023-02-21 00:12:36,CUST_07938,enterprise,phone_transcript,api_integration,feature_request,medium,resolved,standard,Our team needs more advanced options for api integration.,Thanks for your feature suggestion. Our team is reviewing this and will follow up within 24 hours.,Captured the request and added it to the product backlog.,13.44,0,positive,4,0,android,LATAM
TCKT_004122,2023-02-27 17:09:33,CUST_01966,non_profit,chat,login_auth,feature_request,medium,on_hold,gold,It would be great to have login auth support in your product.,Thanks for your feature suggestion. Our team is reviewing this and will follow up within 24 hours.,,,0,very_positive,5,0,ios,
TCKT_004185,2023-02-04 06:38:08,CUST_01314,enterprise,phone_transcript,billing,how_to,medium,resolved,platinum,Can you explain how to configure billing properly?,Happy to help with your question. Our team is reviewing this and will follow up within 24 hours.,Provided step-by-step instructions and relevant documentation.,20.23,0,positive,0,0,android,
TCKT_004466,2023-02-24 23:40:46,CUST_07633,small_business,web_form,data_export,billing_problem,medium,resolved,platinum,I downgraded my plan but I am still being billed for the higher tier.,Thanks for reaching out about the billing issue. Our team is reviewing this and will follow up within 24 hours.,Adjusted the invoice and issued a refund where applicable.,6.37,0,neutral,0,1,desktop_app,MEA
TCKT_004467,2023-02-08 23:37:02,CUST_05270,non_profit,email,login_auth,account_access,high,open,standard,My account was locked after multiple failed login attempts.,Sorry to hear you're having trouble accessing your account. We are prioritizing this and will update you as soon as possible.,,,0,negative,0,0,ios,
TCKT_004524,2023-02-11 19:00:15,CUST_05879,individual,web_form,api_integration,performance,medium,in_progress,platinum,Overall performance has degraded in the last few days.,We understand performance issues can be frustrating. Our team is reviewing this and will follow up within 24 hours.,,,0,negative,3,0,api_client,
TCKT_004552,2023-02-04 16:56:18,CUST_05150,non_profit,in_app,data_export,how_to,high,closed_no_action,standard,How can I export my data from the data export section?,Happy to help with your question. We are prioritizing this and will update you as soon as possible.,Ticket closed without further action after no response from the customer.,48.55,0,positive,5,1,desktop_app,
TCKT_004635,2023-02-25 10:19:59,CUST_09283,enterprise,chat,mobile_app,other,medium,closed_no_action,gold,"Something seems off, can you please check my workspace?",Thanks for contacting support. Our team is reviewing this and will follow up within 24 hours.,Ticket closed without further action after no response from the customer.,119.07,0,neutral,0,1,ios,EU
TCKT_004678,2023-02-19 14:13:29,CUST_02099,non_profit,in_app,mobile_app,security_concern,medium,resolved,platinum,We need details about your data encryption and compliance.,We take security very seriously. Our team is reviewing this and will follow up within 24 hours.,"Investigated logs, mitigated the issue, and updated security settings.",15.83,0,neutral,3,0,ios,EU
TCKT_004735,2023-02-08 19:55:07,CUST_00496,small_business,phone_transcript,login_auth,security_concern,medium,resolved,standard,There seems to be a vulnerability in the login auth functionality.,We take security very seriously. Our team is reviewing this and will follow up within 24 hours.,"Investigated logs, mitigated the issue, and updated security settings.",18.38,0,positive,0,0,desktop_app,LATAM
TCKT_004758,2023-02-07 04:16:12,CUST_08217,non_profit,web_form,data_export,feature_request,high,resolved,standard,Our team needs more advanced options for data export.,Thanks for your feature suggestion. We are prioritizing this and will update you as soon as possible.,Captured the request and added it to the product backlog.,14.28,0,very_positive,5,0,ios,APAC
TCKT_004760,2023-02-28 08:12:13,CUST_04216,small_business,in_app,notifications,security_concern,urgent,resolved,standard,We need details about your data encryption and compliance.,We take security very seriously. This has been escalated to our on-call team for immediate attention.,"Investigated logs, mitigated the issue, and updated security settings.",7.57,1,positive,4,0,desktop_app,EU
TCKT_004788,2023-02-20 16:06:08,CUST_02053,individual,in_app,login_auth,other,urgent,resolved,gold,"Something seems off, can you please check my workspace?",Thanks for contacting support. This has been escalated to our on-call team for immediate attention.,Provided general guidance and confirmed the issue was resolved.,0.66,1,positive,5,0,android,MEA
TCKT_004847,2023-02-08 01:25:09,CUST_02792,enterprise,phone_transcript,api_integration,other,low,resolved,standard,"Something seems off, can you please check my workspace?",Thanks for contacting support. We will look into this and get back to you within the next 48 hours.,Provided general guidance and confirmed the issue was resolved.,23.54,0,positive,0,0,android,
TCKT_004868,2023-02-12 20:01:11,CUST_01568,small_business,email,api_integration,performance,high,resolved,standard,Queries in the api integration module are timing out.,We understand performance issues can be frustrating. We are prioritizing this and will update you as soon as possible.,Optimized queries and increased resource allocation.,21.16,0,very_negative,2,0,desktop_app,EU
TCKT_004954,2023-02-25 23:15:48,CUST_02289,education,chat,mobile_app,billing_problem,low,in_progress,platinum,I was charged twice for my subscription this month.,Thanks for reaching out about the billing issue. We will look into this and get back to you within the next 48 hours.,,,0,neutral,0,0,api_client,
TCKT_004962,2023-02-24 04:14:38,CUST_09460,individual,email,mobile_app,account_access,low,resolved,standard,My account was locked after multiple failed login attempts.,Sorry to hear you're having trouble accessing your account. We will look into this and get back to you within the next 48 hours.,Reset account credentials and confirmed successful login.,23.08,0,very_negative,1,1,web,MEA
TCKT_005011,2023-02-02 00:27:49,CUST_05741,education,in_app,mobile_app,security_concern,low,on_hold,gold,There seems to be a vulnerability in the mobile app functionality.,We take security very seriously. We will look into this and get back to you within the next 48 hours.,,,0,neutral,3,0,api_client,MEA
TCKT_005056,2023-02-25 13:43:09,CUST_03814,small_business,phone_transcript,login_auth,feature_request,high,resolved,platinum,Our team needs more advanced options for login auth.,Thanks for your feature suggestion. We are prioritizing this and will update you as soon as possible.,Captured the request and added it to the product backlog.,19.78,0,neutral,4,0,desktop_app,LATAM
TCKT_005231,2023-02-03 05:58:14,CUST_09785,non_profit,email,data_export,feature_request,low,resolved,gold,It would be great to have data export support in your product.,Thanks for your feature suggestion. We will look into this and get back to you within the next 48 hours.,Captured the request and added it to the product backlog.,14.05,0,negative,0,0,ios,LATAM
TCKT_005250,2023-02-24 08:12:23,CUST_07176,small_business,email,login_auth,other,medium,in_progress,platinum,I need help but I'm not sure which category this fits in.,Thanks for contacting support. Our team is reviewing this and will follow up within 24 hours.,,,0,very_positive,0,1,android,LATAM
TCKT_005288,2023-02-24 17:50:16,CUST_05703,non_profit,web_form,billing,security_concern,medium,resolved,gold,I noticed a suspicious login on my account.,We take security very seriously. Our team is reviewing this and will follow up within 24 hours.,"Investigated logs, mitigated the issue, and updated security settings.",11.72,0,very_negative,1,1,api_client,EU
TCKT_005337,2023-02-14 16:32:55,CUST_01740,individual,phone_transcript,api_integration,bug,urgent,resolved,standard,The page keeps crashing whenever I try to open the api integration section.,Thanks for reporting this bug. This has been escalated to our on-call team for immediate attention.,Patched the bug and deployed a fix to production.,7.56,0,positive,5,0,api_client,LATAM
TCKT_005529,2023-02-06 19:08:49,CUST_02631,education,web_form,data_export,bug,low,closed_no_action,platinum,The page keeps crashing whenever I try to open the data export section.,Thanks for reporting this bug. We will look into this and get back to you within the next 48 hours.,Ticket closed without further action after no response from the customer.,26.66,0,neutral,0,0,desktop_app,APAC
TCKT_005534,2023-02-11 21:17:50,CUST_05383,enterprise,in_app,notifications,account_access,medium,closed_no_action,gold,My account was locked after multiple failed login attempts.,Sorry to hear you're having trouble accessing your account. Our team is reviewing this and will follow up within 24 hours.,Ticket closed without further action after no response from the customer.,169.95,0,very_negative,1,0,desktop_app,
TCKT_005590,2023-02-21 07:24:35,CUST_01008,non_profit,chat,notifications,security_concern,medium,open,standard,We need details about your data encryption and compliance.,We take security very seriously. Our team is reviewing this and will follow up within 24 hours.,,,0,very_positive,5,1,api_client,
TCKT_005657,2023-02-25 09:23:26,CUST_03207,non_profit,phone_transcript,analytics_dashboard,billing_problem,high,on_hold,standard,My invoice amount is incorrect compared to the plan I selected.,Thanks for reaching out about the billing issue. We are prioritizing this and will update you as soon as possible.,,,0,negative,3,0,ios,APAC
TCKT_005697,2023-02-21 08:16:55,CUST_02077,enterprise,in_app,login_auth,performance,low,open,standard,The login auth page is very slow and takes a long time to load.,We understand performance issues can be frustrating. We will look into this and get back to you within the next 48 hours.,,,0,neutral,3,0,android,LATAM
TCKT_005732,2023-02-21 02:56:50,CUST_07139,individual,email,data_export,feature_request,medium,in_progress,gold,It would be great to have data export support in your product.,Thanks for your feature suggestion. Our team is reviewing this and will follow up within 24 hours.,,,0,very_negative,2,1,api_client,EU
TCKT_005779,2023-02-23 06:26:06,CUST_07055,enterprise,phone_transcript,api_integration,bug,medium,on_hold,gold,I am seeing an error message when I click on api integration.,Thanks for reporting this bug. Our team is reviewing this and will follow up within 24 hours.,,,0,negative,2,0,web,
TCKT_005947,2023-02-05 21:20:37,CUST_00976,education,email,login_auth,bug,high,resolved,gold,The login auth feature is not saving my changes.,Thanks for reporting this bug. We are prioritizing this and will update you as soon as possible.,Patched the bug and deployed a fix to production.,3.09,0,neutral,4,0,desktop_app,
TCKT_005951,2023-02-25 08:41:03,CUST_04716,non_profit,in_app,notifications,feature_request,low,resolved,standard,Our team needs more advanced options for notifications.,Thanks for your feature suggestion. We will look into this and get back to you within the next 48 hours.,Captured the request and added it to the product backlog.,46.65,0,neutral,4,0,android,
TCKT_006023,2023-02-08 03:04:29,CUST_07906,non_profit,web_form,notifications,performance,low,resolved,standard,The notifications page is very slow and takes a long time to load.,We understand performance issues can be frustrating. We will look into this and get back to you within the next 48 hours.,Optimized queries and increased resource allocation.,13.81,0,negative,3,0,desktop_app,
TCKT_006205,2023-02-05 14:37:01,CUST_06464,non_profit,email,analytics_dashboard,security_concern,urgent,resolved,standard,We need details about your data encryption and compliance.,We take security very seriously. This has been escalated to our on-call team for immediate attention.,"Investigated logs, mitigated the issue, and updated security settings.",2.28,0,neutral,3,0,android,EU
TCKT_006223,2023-02-11 02:12:39,CUST_05094,enterprise,email,analytics_dashboard,performance,medium,in_progress,gold,The analytics dashboard page is very slow and takes a long time to load.,We understand performance issues can be frustrating. Our team is reviewing this and will follow up within 24 hours.,,,0,very_negative,1,1,web,APAC
TCKT_006232,2023-02-09 00:25:00,CUST_06699,education,chat,analytics_dashboard,other,medium,resolved,gold,I have a general question about my account.,Thanks for contacting support. Our team is reviewing this and will follow up within 24 hours.,Provided general guidance and confirmed the issue was resolved.,33.97,0,negative,2,0,android,MEA
TCKT_006428,2023-02-19 03:11:55,CUST_06624,non_profit,web_form,analytics_dashboard,other,high,closed_no_action,standard,"Something seems off, can you please check my workspace?",Thanks for contacting support. We are prioritizing this and will update you as soon as possible.,Ticket closed without further action after no response from the customer.,35.0,0,positive,4,0,android,LATAM
TCKT_006486,2023-02-02 10:42:27,CUST_03672,non_profit,web_form,data_export,account_access,medium,resolved,standard,My 2FA code is not working when I try to sign in.,Sorry to hear you're having trouble accessing your account. Our team is reviewing this and will follow up within 24 hours.,Reset account credentials and confirmed successful login.,26.74,0,positive,4,0,desktop_app,EU
TCKT_006583,2023-02-28 02:18:43,CUST_06343,small_business,email,api_integration,performance,medium,open,standard,Overall performance has degraded in the last few days.,We understand performance issues can be frustrating. Our team is reviewing this and will follow up within 24 hours.,,,0,negative,0,0,api_client,LATAM
TCKT_006600,2023-02-09 17:40:00,CUST_03037,individual,chat,analytics_dashboard,other,low,in_progress,gold,I have a general question about my account.,Thanks for contacting support. We will look into this and get back to you within the next 48 hours.,,,0,neutral,0,0,desktop_app,LATAM
TCKT_006606,2023-02-05 06:44:29,CUST_03611,individual,phone_transcript,api_integration,account_access,medium,in_progress,standard,My 2FA code is not working when I try to sign in.,Sorry to hear you're having trouble accessing your account. Our team is reviewing this and will follow up within 24 hours.,,,0,negative,2,0,ios,LATAM
TCKT_006662,2023-02-12 06:36:03,CUST_00014,education,in_app,analytics_dashboard,performance,low,resolved,platinum,Overall performance has degraded in the last few days.,We understand performance issues can be frustrating. We will look into this and get back to you within the next 48 hours.,Optimized queries and increased resource allocation.,71.32,0,negative,3,0,api_client,EU
TCKT_006685,2023-02-07 06:55:05,CUST_07584,non_profit,in_app,notifications,account_access,low,resolved,gold,I cannot log in; the system says my password is incorrect.,Sorry to hear you're having trouble accessing your account. We will look into this and get back to you within the next 48 hours.,Reset account credentials and confirmed successful login.,20.86,0,negative,3,1,web,APAC
TCKT_006700,2023-02-07 20:56:34,CUST_06707,non_profit,web_form,data_export,security_concern,high,resolved,standard,There seems to be a vulnerability in the data export functionality.,We take security very seriously. We are prioritizing this and will update you as soon as possible.,"Investigated logs, mitigated the issue, and updated security settings.",7.37,0,neutral,0,0,web,LATAM
TCKT_006702,2023-02-24 18:14:43,CUST_04971,enterprise,email,mobile_app,bug,high,resolved,standard,The mobile app feature is not saving my changes.,Thanks for reporting this bug. We are prioritizing this and will update you as soon as possible.,Patched the bug and deployed a fix to production.,3.05,0,very_negative,1,0,desktop_app,LATAM
TCKT_006788,2023-02-12 16:53:27,CUST_02931,non_profit,in_app,login_auth,other,medium,resolved,standard,I have a general question about my account.,Thanks for contacting support. Our team is reviewing this and will follow up within 24 hours.,Provided general guidance and confirmed the issue was resolved.,8.37,0,negative,0,1,desktop_app,LATAM
TCKT_006807,2023-02-23 01:36:32,CUST_06005,non_profit,phone_transcript,login_auth,other,high,resolved,standard,I need help but I'm not sure which category this fits in.,Thanks for contacting support. We are prioritizing this and will update you as soon as possible.,Provided general guidance and confirmed the issue was resolved.,10.28,0,positive,0,0,api_client,EU
TCKT_006872,2023-02-24 14:56:33,CUST_03377,enterprise,in_app,data_export,feature_request,high,closed_no_action,standard,Our team needs more advanced options for data export.,Thanks for your feature suggestion. We are prioritizing this and will update you as soon as possible.,Ticket closed without further action after no response from the customer.,218.61,0,positive,5,0,ios,APAC
TCKT_006899,2023-02-04 19:59:36,CUST_05215,individual,phone_transcript,notifications,security_concern,low,closed_no_action,standard,I noticed a suspicious login on my account.,We take security very seriously. We will look into this and get back to you within the next 48 hours.,Ticket closed without further action after no response from the customer.,52.14,0,negative,2,0,desktop_app,
TCKT_006951,2023-02-24 19:47:34,CUST_05667,enterprise,phone_transcript,data_export,security_concern,low,resolved,standard,We need details about your data encryption and compliance.,We take security very seriously. We will look into this and get back to you within the next 48 hours.,"Investigated logs, mitigated the issue, and updated security settings.",57.74,0,positive,4,0,android,APAC
TCKT_006956,2023-02-17 11:28:27,CUST_06882,individual,web_form,mobile_app,security_concern,medium,open,standard,We need details about your data encryption and compliance.,We take security very seriously. Our team is reviewing this and will follow up within 24 hours.,,,0,positive,4,0,ios,EU
TCKT_006991,2023-02-15 20:09:53,CUST_02372,education,email,login_auth,feature_request,low,open,standard,It would be great to have login auth support in your product.,Thanks for your feature suggestion. We will look into this and get back to you within the next 48 hours.,,,0,negative,3,0,android,APAC
TCKT_006999,2023-02-11 08:18:02,CUST_07761,small_business,web_form,api_integration,feature_request,medium,resolved,standard,It would be great to have api integration support in your product.,Thanks for your feature suggestion. Our team is reviewing this and will follow up within 24 hours.,Captured the request and added it to the product backlog.,15.29,0,neutral,3,1,android,
TCKT_007036,2023-02-11 20:11:05,CUST_03008,non_profit,email,analytics_dashboard,other,medium,open,standard,I have a general question about my account.,Thanks for contacting support. Our team is reviewing this and will follow up within 24 hours.,,,0,neutral,3,0,api_client,
TCKT_007047,2023-02-14 18:29:25,CUST_09625,non_profit,email,mobile_app,billing_problem,low,on_hold,gold,I was charged twice for my subscription this month.,Thanks for reaching out about the billing issue. We will look into this and get back to you within the next 48 hours.,,,0,neutral,0,0,ios,
TCKT_007053,2023-02-17 21:22:23,CUST_03650,enterprise,web_form,api_integration,security_concern,high,resolved,platinum,We need details about your data encryption and compliance.,We take security very seriously. We are prioritizing this and will update you as soon as possible.,"Investigated logs, mitigated the issue, and updated security settings.",3.11,1,negative,3,0,ios,MEA
TCKT_007086,2023-02-24 04:24:53,CUST_08672,education,web_form,notifications,other,high,in_progress,platinum,I need help but I'm not sure which category this fits in.,Thanks for contacting support. We are prioritizing this and will update you as soon as possible.,,,0,neutral,4,1,api_client,APAC
TCKT_007199,2023-02-05 02:39:32,CUST_00553,small_business,in_app,data_export,how_to,low,resolved,standard,Can you explain how to configure data export properly?,Happy to help with your question. We will look into this and get back to you within the next 48 hours.,Provided step-by-step instructions and relevant documentation.,12.65,0,very_positive,0,0,ios,
TCKT_007204,2023-02-03 03:57:40,CUST_09778,education,in_app,api_integration,account_access,urgent,closed_no_action,gold,My 2FA code is not working when I try to sign in.,Sorry to hear you're having trouble accessing your account. This has been escalated to our on-call team for immediate attention.,Ticket closed without further action after no response from the customer.,115.97,0,neutral,4,0,android,MEA
TCKT_007206,2023-02-06 16:52:18,CUST_07629,small_business,chat,api_integration,bug,urgent,open,standard,I am seeing an error message when I click on api integration.,Thanks for reporting this bug. This has been escalated to our on-call team for immediate attention.,,,0,neutral,4,1,web,APAC
TCKT_007214,2023-02-23 02:10:27,CUST_03109,small_business,email,api_integration,other,medium,resolved,standard,I need help but I'm not sure which category this fits in.,Thanks for contacting support. Our team is reviewing this and will follow up within 24 hours.,Provided general guidance and confirmed the issue was resolved.,31.87,0,neutral,4,0,api_client,MEA
TCKT_007239,2023-02-06 09:13:00,CUST_09968,small_business,web_form,billing,feature_request,medium,resolved,gold,It would be great to have billing support in your product.,Thanks for your feature suggestion. Our team is reviewing this and will follow up within 24 hours.,Captured the request and added it to the product backlog.,5.12,0,positive,5,0,android,
TCKT_007302,2023-02-24 09:34:06,CUST_03779,individual,web_form,notifications,billing_problem,low,resolved,gold,I was charged twice for my subscription this month.,Thanks for reaching out about the billing issue. We will look into this and get back to you within the next 48 hours.,Adjusted the invoice and issued a refund where applicable.,29.25,0,neutral,4,1,android,MEA
TCKT_007314,2023-02-19 08:05:15,CUST_06779,education,in_app,api_integration,other,medium,in_progress,standard,"Something seems off, can you please check my workspace?",Thanks for contacting support. Our team is reviewing this and will follow up within 24 hours.,,,0,positive,0,0,ios,EU
TCKT_007397,2023-02-17 00:37:04,CUST_07123,non_profit,phone_transcript,notifications,feature_request,low,on_hold,standard,Can you add an option to customize notifications?,Thanks for your feature suggestion. We will look into this and get back to you within the next 48 hours.,,,0,positive,0,0,api_client,EU
TCKT_007434,2023-02-12 08:30:07,CUST_06164,enterprise,web_form,login_auth,performance,medium,in_progress,standard,Queries in the login auth module are timing out.,We understand performance issues can be frustrating. Our team is reviewing this and will follow up within 24 hours.,,,0,very_negative,0,1,web,MEA
TCKT_007532,2023-02-10 02:22:30,CUST_00595,education,email,mobile_app,how_to,low,open,gold,Can you explain how to configure mobile app properly?,Happy to help with your question. We will look into this and get back to you within the next 48 hours.,,,0,very_positive,5,0,web,LATAM
TCKT_007617,2023-02-16 00:45:14,CUST_07869,non_profit,chat,notifications,other,low,on_hold,platinum,I need help but I'm not sure which category this fits in.,Thanks for contacting support. We will look into this and get back to you within the next 48 hours.,,,0,neutral,3,0,web,EU
TCKT_007798,2023-02-26 14:54:24,CUST_02731,individual,in_app,billing,billing_problem,medium,in_progress,standard,I was charged twice for my subscription this month.,Thanks for reaching out about the billing issue. Our team is reviewing this and will follow up within 24 hours.,,,0,negative,2,0,api_client,MEA
TCKT_007822,2023-02-22 09:24:48,CUST_08934,small_business,in_app,analytics_dashboard,how_to,medium,open,gold,I need help setting up analytics dashboard for my team.,Happy to help with your question. Our team is reviewing this and will follow up within 24 hours.,,,0,very_negative,2,0,api_client,MEA
TCKT_007965,2023-02-18 23:24:57,CUST_01225,enterprise,in_app,notifications,bug,low,in_progress,standard,I am seeing an error message when I click on notifications.,Thanks for reporting this bug. We will look into this and get back to you within the next 48 hours.,,,0,positive,4,0,desktop_app,MEA
TCKT_008010,2023-02-08 14:08:22,CUST_07299,enterprise,email,analytics_dashboard,security_concern,low,resolved,gold,There seems to be a vulnerability in the analytics dashboard functionality.,We take security very seriously. We will look into this and get back to you within the next 48 hours.,"Investigated logs, mitigated the issue, and updated security settings.",52.71,0,negative,3,0,desktop_app,LATAM
TCKT_008024,2023-02-04 00:28:22,CUST_01581,education,phone_transcript,data_export,feature_request,low,in_progress,standard,It would be great to have data export support in your product.,Thanks for your feature suggestion. We will look into this and get back to you within the next 48 hours.,,,0,neutral,3,1,api_client,APAC
TCKT_008061,2023-02-02 06:16:22,CUST_08056,non_profit,chat,notifications,how_to,medium,resolved,gold,I need help setting up notifications for my team.,Happy to help with your question. Our team is reviewing this and will follow up within 24 hours.,Provided step-by-step instructions and relevant documentation.,45.71,0,very_negative,2,0,android,
TCKT_008132,2023-02-22 06:57:35,CUST_02387,non_profit,in_app,billing,bug,medium,in_progress,standard,The billing feature is not saving my changes.,Thanks for reporting this bug. Our team is reviewing this and will follow up within 24 hours.,,,0,negative,0,0,desktop_app,EU
TCKT_008139,2023-02-02 01:55:27,CUST_02845,individual,email,login_auth,bug,high,on_hold,standard,The page keeps crashing whenever I try to open the login auth section.,Thanks for reporting this bug. We are prioritizing this and will update you as soon as possible.,,,0,positive,0,1,api_client,EU
TCKT_008142,2023-02-19 01:46:29,CUST_03955,education,web_form,billing,security_concern,medium,resolved,standard,There seems to be a vulnerability in the billing functionality.,We take security very seriously. Our team is reviewing this and will follow up within 24 hours.,"Investigated logs, mitigated the issue, and updated security settings.",43.74,0,neutral,4,0,web,LATAM
TCKT_008164,2023-02-20 21:09:49,CUST_09461,non_profit,in_app,billing,security_concern,urgent,resolved,platinum,We need details about your data encryption and compliance.,We take security very seriously. This has been escalated to our on-call team for immediate attention.,"Investigated logs, mitigated the issue, and updated security settings.",6.24,0,positive,5,0,desktop_app,LATAM
TCKT_008209,2023-02-26 11:59:07,CUST_04384,individual,phone_transcript,login_auth,other,low,resolved,standard,I need help but I'm not sure which category this fits in.,Thanks for contacting support. We will look into this and get back to you within the next 48 hours.,Provided general guidance and confirmed the issue was resolved.,50.29,0,neutral,0,0,desktop_app,MEA
TCKT_008235,2023-02-07 18:29:01,CUST_07857,individual,phone_transcript,mobile_app,security_concern,low,resolved,gold,There seems to be a vulnerability in the mobile app functionality.,We take security very seriously. We will look into this and get back to you within the next 48 hours.,"Investigated logs, mitigated the issue, and updated security settings.",69.6,0,negative,2,0,desktop_app,
TCKT_008244,2023-02-11 07:32:16,CUST_06293,enterprise,phone_transcript,login_auth,bug,medium,open,platinum,The page keeps crashing whenever I try to open the login auth section.,Thanks for reporting this bug. Our team is reviewing this and will follow up within 24 hours.,,,0,positive,4,0,web,LATAM
TCKT_008245,2023-02-07 21:45:53,CUST_03141,small_business,email,notifications,account_access,low,resolved,gold,I cannot log in; the system says my password is incorrect.,Sorry to hear you're having trouble accessing your account. We will look into this and get back to you within the next 48 hours.,Reset account credentials and confirmed successful login.,40.65,0,very_negative,0,0,android,LATAM
TCKT_008254,2023-02-27 11:05:36,CUST_01447,education,phone_transcript,login_auth,bug,urgent,resolved,standard,The login auth feature is not saving my changes.,Thanks for reporting this bug. This has been escalated to our on-call team for immediate attention.,Patched the bug and deployed a fix to production.,5.31,0,positive,4,0,web,APAC
TCKT_008285,2023-02-13 16:54:21,CUST_02702,education,email,login_auth,security_concern,high,on_hold,standard,We need details about your data encryption and compliance.,We take security very seriously. We are prioritizing this and will update you as soon as possible.,,,0,very_negative,1,0,web,APAC
TCKT_008345,2023-02-03 19:41:25,CUST_01840,individual,phone_transcript,notifications,account_access,high,resolved,gold,I cannot log in; the system says my password is incorrect.,Sorry to hear you're having trouble accessing your account. We are prioritizing this and will update you as soon as possible.,Reset account credentials and confirmed successful login.,23.8,0,negative,3,0,android,MEA
TCKT_008361,2023-02-19 05:46:43,CUST_02753,enterprise,email,api_integration,security_concern,high,resolved,standard,I noticed a suspicious login on my account.,We take security very seriously. We are prioritizing this and will update you as soon as possible.,"Investigated logs, mitigated the issue, and updated security settings.",10.31,0,very_positive,0,1,api_client,EU
TCKT_008372,2023-02-14 12:07:28,CUST_08071,enterprise,chat,api_integration,feature_request,low,in_progress,standard,It would be great to have api integration support in your product.,Thanks for your feature suggestion. We will look into this and get back to you within the next 48 hours.,,,0,positive,4,0,web,EU
TCKT_008432,2023-02-15 16:19:03,CUST_04387,education,phone_transcript,api_integration,bug,low,resolved,standard,The page keeps crashing whenever I try to open the api integration section.,Thanks for reporting this bug. We will look into this and get back to you within the next 48 hours.,Patched the bug and deployed a fix to production.,52.01,0,negative,3,0,ios,APAC
TCKT_008439,2023-02-09 13:41:44,CUST_04801,small_business,phone_transcript,billing,other,low,resolved,standard,"Something seems off, can you please check my workspace?",Thanks for contacting support. We will look into this and get back to you within the next 48 hours.,Provided general guidance and confirmed the issue was resolved.,8.81,0,neutral,3,0,desktop_app,LATAM
TCKT_008504,2023-02-06 16:43:37,CUST_08368,individual,chat,api_integration,account_access,medium,resolved,standard,I cannot log in; the system says my password is incorrect.,Sorry to hear you're having trouble accessing your account. Our team is reviewing this and will follow up within 24 hours.,Reset account credentials and confirmed successful login.,33.86,0,neutral,4,0,android,APAC
TCKT_008583,2023-02-18 06:56:05,CUST_04172,education,email,data_export,billing_problem,medium,in_progress,standard,My invoice amount is incorrect compared to the plan I selected.,Thanks for reaching out about the billing issue. Our team is reviewing this and will follow up within 24 hours.,,,0,very_negative,0,0,api_client,MEA
TCKT_008612,2023-02-16 07:30:49,CUST_01273,small_business,email,analytics_dashboard,feature_request,medium,resolved,standard,Can you add an option to customize analytics dashboard?,Thanks for your feature suggestion. Our team is reviewing this and will follow up within 24 hours.,Captured the request and added it to the product backlog.,12.45,0,neutral,0,0,ios,MEA
TCKT_008615,2023-02-22 11:05:59,CUST_05026,individual,in_app,data_export,other,high,in_progress,standard,I have a general question about my account.,Thanks for contacting support. We are prioritizing this and will update you as soon as possible.,,,0,neutral,4,1,web,MEA
TCKT_008624,2023-02-14 23:29:25,CUST_02787,individual,email,notifications,how_to,medium,resolved,gold,I need help setting up notifications for my team.,Happy to help with your question. Our team is reviewing this and will follow up within 24 hours.,Provided step-by-step instructions and relevant documentation.,32.5,0,positive,4,1,api_client,APAC
TCKT_008687,2023-02-27 11:58:24,CUST_05690,small_business,email,billing,feature_request,low,on_hold,standard,Our team needs more advanced options for billing.,Thanks for your feature suggestion. We will look into this and get back to you within the next 48 hours.,,,0,positive,5,0,ios,APAC
TCKT_008787,2023-02-21 03:55:02,CUST_06210,small_business,chat,billing,billing_problem,low,closed_no_action,gold,My invoice amount is incorrect compared to the plan I selected.,Thanks for reaching out about the billing issue. We will look into this and get back to you within the next 48 hours.,Ticket closed without further action after no response from the customer.,97.29,0,very_negative,0,0,android,APAC
TCKT_008936,2023-02-03 22:05:30,CUST_00656,enterprise,email,data_export,how_to,medium,open,standard,How can I export my data from the data export section?,Happy to help with your question. Our team is reviewing this and will follow up within 24 hours.,,,0,very_negative,1,0,ios,
TCKT_008998,2023-02-16 21:30:34,CUST_00724,small_business,email,api_integration,security_concern,medium,resolved,standard,There seems to be a vulnerability in the api integration functionality.,We take security very seriously. Our team is reviewing this and will follow up within 24 hours.,"Investigated logs, mitigated the issue, and updated security settings.",7.46,0,very_negative,2,1,api_client,
TCKT_009019,2023-02-09 22:29:44,CUST_09002,non_profit,in_app,api_integration,how_to,medium,resolved,standard,I need help setting up api integration for my team.,Happy to help with your question. Our team is reviewing this and will follow up within 24 hours.,Provided step-by-step instructions and relevant documentation.,41.99,0,neutral,0,1,web,APAC
TCKT_009049,2023-02-21 13:14:10,CUST_05214,small_business,phone_transcript,api_integration,performance,low,on_hold,standard,Queries in the api integration module are timing out.,We understand performance issues can be frustrating. We will look into this and get back to you within the next 48 hours.,,,0,neutral,3,1,android,MEA
TCKT_009124,2023-02-26 13:19:30,CUST_07064,individual,chat,data_export,bug,low,resolved,gold,The page keeps crashing whenever I try to open the data export section.,Thanks for reporting this bug. We will look into this and get back to you within the next 48 hours.,Patched the bug and deployed a fix to production.,25.93,0,neutral,0,0,web,LATAM
TCKT_009185,2023-02-23 16:53:54,CUST_00331,education,chat,billing,performance,low,resolved,gold,Queries in the billing module are timing out.,We understand performance issues can be frustrating. We will look into this and get back to you within the next 48 hours.,Optimized queries and increased resource allocation.,68.45,0,very_negative,1,0,desktop_app,EU
TCKT_009274,2023-02-20 01:15:10,CUST_09493,non_profit,in_app,billing,account_access,medium,resolved,standard,My 2FA code is not working when I try to sign in.,Sorry to hear you're having trouble accessing your account. Our team is reviewing this and will follow up within 24 hours.,Reset account credentials and confirmed successful login.,47.76,0,neutral,4,0,desktop_app,
TCKT_009299,2023-02-02 18:45:43,CUST_04795,education,phone_transcript,analytics_dashboard,performance,low,resolved,standard,Overall performance has degraded in the last few days.,We understand performance issues can be frustrating. We will look into this and get back to you within the next 48 hours.,Optimized queries and increased resource allocation.,69.08,0,neutral,3,0,ios,
TCKT_009421,2023-02-18 22:10:56,CUST_05233,enterprise,chat,notifications,performance,high,resolved,standard,The notifications page is very slow and takes a long time to load.,We understand performance issues can be frustrating. We are prioritizing this and will update you as soon as possible.,Optimized queries and increased resource allocation.,5.83,0,neutral,3,1,android,MEA
TCKT_009441,2023-02-23 19:03:07,CUST_03664,small_business,web_form,notifications,bug,high,resolved,standard,The page keeps crashing whenever I try to open the notifications section.,Thanks for reporting this bug. We are prioritizing this and will update you as soon as possible.,Patched the bug and deployed a fix to production.,16.18,0,neutral,3,0,android,EU
TCKT_009512,2023-02-15 00:28:58,CUST_02122,education,email,notifications,security_concern,medium,closed_no_action,standard,We need details about your data encryption and compliance.,We take security very seriously. Our team is reviewing this and will follow up within 24 hours.,Ticket closed without further action after no response from the customer.,36.32,0,neutral,0,0,android,EU
TCKT_009525,2023-02-10 00:25:08,CUST_00125,education,email,analytics_dashboard,security_concern,high,resolved,standard,I noticed a suspicious login on my account.,We take security very seriously. We are prioritizing this and will update you as soon as possible.,"Investigated logs, mitigated the issue, and updated security settings.",4.41,0,neutral,3,1,api_client,EU
TCKT_009683,2023-02-04 13:41:58,CUST_09025,education,chat,mobile_app,how_to,high,resolved,standard,How can I export my data from the mobile app section?,Happy to help with your question. We are prioritizing this and will update you as soon as possible.,Provided step-by-step instructions and relevant documentation.,3.88,0,very_negative,0,0,desktop_app,LATAM
TCKT_009723,2023-02-26 14:55:36,CUST_09653,enterprise,phone_transcript,mobile_app,performance,medium,in_progress,standard,Queries in the mobile app module are timing out.,We understand performance issues can be frustrating. Our team is reviewing this and will follow up within 24 hours.,,,0,negative,3,1,ios,APAC
TCKT_009731,2023-02-12 01:47:53,CUST_06715,individual,in_app,billing,feature_request,medium,in_progress,standard,Our team needs more advanced options for billing.,Thanks for your feature suggestion. Our team is reviewing this and will follow up within 24 hours.,,,0,very_positive,5,1,web,EU
TCKT_009784,2023-02-16 06:56:02,CUST_09458,individual,phone_transcript,notifications,security_concern,high,resolved,standard,I noticed a suspicious login on my account.,We take security very seriously. We are prioritizing this and will update you as soon as possible.,"Investigated logs, mitigated the issue, and updated security settings.",21.02,0,negative,0,0,desktop_app,LATAM
TCKT_009827,2023-02-14 08:41:42,CUST_04461,individual,phone_transcript,notifications,account_access,low,on_hold,gold,My 2FA code is not working when I try to sign in.,Sorry to hear you're having trouble accessing your account. We will look into this and get back to you within the next 48 hours.,,,0,negative,3,0,web,LATAM
TCKT_009842,2023-02-09 15:44:22,CUST_04694,individual,phone_transcript,notifications,account_access,low,on_hold,standard,I cannot log in; the system says my password is incorrect.,Sorry to hear you're having trouble accessing your account. We will look into this and get back to you within the next 48 hours.,,,0,negative,2,0,android,
TCKT_009848,2023-02-19 15:52:58,CUST_07725,enterprise,phone_transcript,data_export,security_concern,urgent,resolved,standard,We need details about your data encryption and compliance.,We take security very seriously. This has been escalated to our on-call team for immediate attention.,"Investigated logs, mitigated the issue, and updated security settings.",3.13,0,positive,5,1,ios,EU
TCKT_009849,2023-02-14 09:57:15,CUST_04688,non_profit,chat,analytics_dashboard,other,low,in_progress,gold,"Something seems off, can you please check my workspace?",Thanks for contacting support. We will look into this and get back to you within the next 48 hours.,,,0,positive,0,0,web,
TCKT_009852,2023-02-19 01:30:28,CUST_02593,education,web_form,billing,performance,medium,resolved,standard,The billing page is very slow and takes a long time to load.,We understand performance issues can be frustrating. Our team is reviewing this and will follow up within 24 hours.,Optimized queries and increased resource allocation.,27.29,0,neutral,0,0,android,MEA
TCKT_009924,2023-02-25 16:15:02,CUST_09484,enterprise,in_app,billing,how_to,low,in_progress,gold,Can you explain how to configure billing properly?,Happy to help with your question. We will look into this and get back to you within the next 48 hours.,,,0,neutral,0,0,ios,
TCKT_009927,2023-02-12 00:22:40,CUST_03938,individual,web_form,mobile_app,billing_problem,urgent,resolved,standard,My invoice amount is incorrect compared to the plan I selected.,Thanks for reaching out about the billing issue. This has been escalated to our on-call team for immediate attention.,Adjusted the invoice and issued a refund where applicable.,5.31,0,neutral,0,0,web,EU
TCKT_009956,2023-02-13 19:27:40,CUST_08026,individual,chat,mobile_app,account_access,high,resolved,standard,My account was locked after multiple failed login attempts.,Sorry to hear you're having trouble accessing your account. We are prioritizing this and will update you as soon as possible.,Reset account credentials and confirmed successful login.,17.0,0,negative,0,1,web,LATAM
TCKT_010056,2023-02-20 14:50:13,CUST_06548,individual,chat,mobile_app,billing_problem,low,resolved,standard,My invoice amount is incorrect compared to the plan I selected.,Thanks for reaching out about the billing issue. We will look into this and get back to you within the next 48 hours.,Adjusted the invoice and issued a refund where applicable.,66.51,0,neutral,0,0,ios,MEA
TCKT_010155,2023-02-15 14:42:26,CUST_06885,non_profit,email,analytics_dashboard,billing_problem,low,on_hold,standard,I downgraded my plan but I am still being billed for the higher tier.,Thanks for reaching out about the billing issue. We will look into this and get back to you within the next 48 hours.,,,0,negative,0,0,web,
TCKT_010172,2023-02-21 13:01:56,CUST_02398,individual,phone_transcript,mobile_app,bug,medium,closed_no_action,gold,I am seeing an error message when I click on mobile app.,Thanks for reporting this bug. Our team is reviewing this and will follow up within 24 hours.,Ticket closed without further action after no response from the customer.,201.58,0,very_negative,0,0,web,
TCKT_010178,2023-02-08 13:01:49,CUST_09162,non_profit,web_form,data_export,bug,low,resolved,gold,The page keeps crashing whenever I try to open the data export section.,Thanks for reporting this bug. We will look into this and get back to you within the next 48 hours.,Patched the bug and deployed a fix to production.,38.13,0,negative,3,0,api_client,LATAM
TCKT_010279,2023-02-15 01:33:05,CUST_04332,enterprise,chat,data_export,how_to,medium,resolved,standard,How can I export my data from the data export section?,Happy to help with your question. Our team is reviewing this and will follow up within 24 hours.,Provided step-by-step instructions and relevant documentation.,43.41,0,positive,4,0,desktop_app,MEA
TCKT_010344,2023-02-08 03:57:51,CUST_04050,individual,email,login_auth,how_to,medium,in_progress,standard,How can I export my data from the login auth section?,Happy to help with your question. Our team is reviewing this and will follow up within 24 hours.,,,0,neutral,3,0,web,APAC
TCKT_010484,2023-02-03 09:59:56,CUST_03632,non_profit,web_form,data_export,bug,medium,resolved,standard,I am seeing an error message when I click on data export.,Thanks for reporting this bug. Our team is reviewing this and will follow up within 24 hours.,Patched the bug and deployed a fix to production.,29.81,0,very_negative,1,0,ios,
TCKT_010500,2023-02-23 01:45:32,CUST_05207,individual,in_app,analytics_dashboard,security_concern,high,in_progress,standard,We need details about your data encryption and compliance.,We take security very seriously. We are prioritizing this and will update you as soon as possible.,,,0,negative,2,0,android,APAC
TCKT_010510,2023-02-04 22:44:07,CUST_07662,individual,in_app,api_integration,billing_problem,high,resolved,gold,I was charged twice for my subscription this month.,Thanks for reaching out about the billing issue. We are prioritizing this and will update you as soon as possible.,Adjusted the invoice and issued a refund where applicable.,9.19,0,negative,0,0,api_client,
TCKT_010562,2023-02-12 19:26:48,CUST_01666,enterprise,web_form,api_integration,how_to,low,on_hold,gold,I need help setting up api integration for my team.,Happy to help with your question. We will look into this and get back to you within the next 48 hours.,,,0,neutral,0,0,api_client,
TCKT_010690,2023-02-18 01:08:40,CUST_01133,education,in_app,billing,performance,low,resolved,platinum,The billing page is very slow and takes a long time to load.,We understand performance issues can be frustrating. We will look into this and get back to you within the next 48 hours.,Optimized queries and increased resource allocation.,45.23,0,neutral,4,1,desktop_app,EU
TCKT_010760,2023-02-20 16:07:19,CUST_05216,small_business,web_form,notifications,security_concern,low,in_progress,standard,We need details about your data encryption and compliance.,We take security very seriously. We will look into this and get back to you within the next 48 hours.,,,0,negative,0,0,desktop_app,
TCKT_010840,2023-02-24 09:26:32,CUST_08843,individual,in_app,analytics_dashboard,security_concern,low,on_hold,gold,I noticed a suspicious login on my account.,We take security very seriously. We will look into this and get back to you within the next 48 hours.,,,0,negative,3,1,ios,
TCKT_010877,2023-02-06 18:35:26,CUST_09606,enterprise,in_app,mobile_app,bug,low,resolved,standard,The mobile app feature is not saving my changes.,Thanks for reporting this bug. We will look into this and get back to you within the next 48 hours.,Patched the bug and deployed a fix to production.,23.35,0,negative,3,1,api_client,EU
TCKT_010889,2023-02-12 13:11:31,CUST_05747,individual,in_app,data_export,performance,low,resolved,standard,Overall performance has degraded in the last few days.,We understand performance issues can be frustrating. We will look into this and get back to you within the next 48 hours.,Optimized queries and increased resource allocation.,53.78,0,very_positive,5,1,web,
TCKT_010966,2023-02-23 22:15:48,CUST_08551,non_profit,email,analytics_dashboard,how_to,low,open,gold,How can I export my data from the analytics dashboard section?,Happy to help with your question. We will look into this and get back to you within the next 48 hours.,,,0,positive,4,0,web,MEA
TCKT_011005,2023-02-22 21:09:08,CUST_04597,individual,web_form,data_export,account_access,low,closed_no_action,gold,My account was locked after multiple failed login attempts.,Sorry to hear you're having trouble accessing your account. We will look into this and get back to you within the next 48 hours.,Ticket closed without further action after no response from the customer.,134.8,0,negative,2,0,ios,APAC
TCKT_011048,2023-02-12 08:59:29,CUST_00716,individual,in_app,api_integration,performance,low,open,gold,Queries in the api integration module are timing out.,We understand performance issues can be frustrating. We will look into this and get back to you within the next 48 hours.,,,0,very_negative,0,0,desktop_app,MEA
TCKT_011076,2023-02-11 13:05:42,CUST_04601,small_business,phone_transcript,notifications,billing_problem,high,resolved,standard,I was charged twice for my subscription this month.,Thanks for reaching out about the billing issue. We are prioritizing this and will update you as soon as possible.,Adjusted the invoice and issued a refund where applicable.,9.56,0,negative,3,0,ios,LATAM
TCKT_011112,2023-02-08 18:04:15,CUST_02566,individual,web_form,analytics_dashboard,bug,medium,resolved,standard,I am seeing an error message when I click on analytics dashboard.,Thanks for reporting this bug. Our team is reviewing this and will follow up within 24 hours.,Patched the bug and deployed a fix to production.,32.32,0,very_negative,2,0,desktop_app,MEA
TCKT_011213,2023-02-19 12:10:53,CUST_07532,education,chat,api_integration,how_to,medium,open,standard,I need help setting up api integration for my team.,Happy to help with your question. Our team is reviewing this and will follow up within 24 hours.,,,0,positive,5,0,desktop_app,APAC
TCKT_011277,2023-02-28 04:34:03,CUST_08076,individual,in_app,notifications,account_access,low,resolved,standard,My 2FA code is not working when I try to sign in.,Sorry to hear you're having trouble accessing your account. We will look into this and get back to you within the next 48 hours.,Reset account credentials and confirmed successful login.,38.01,0,negative,3,0,desktop_app,LATAM
TCKT_011288,2023-02-21 11:42:16,CUST_08207,enterprise,phone_transcript,notifications,other,high,resolved,standard,I have a general question about my account.,Thanks for contacting support. We are prioritizing this and will update you as soon as possible.,Provided general guidance and confirmed the issue was resolved.,9.21,0,neutral,0,0,ios,LATAM
TCKT_011292,2023-02-09 09:11:50,CUST_05468,small_business,email,mobile_app,feature_request,medium,resolved,standard,Can you add an option to customize mobile app?,Thanks for your feature suggestion. Our team is reviewing this and will follow up within 24 hours.,Captured the request and added it to the product backlog.,18.81,0,neutral,0,1,android,
TCKT_011297,2023-02-03 16:23:10,CUST_09700,non_profit,chat,notifications,billing_problem,low,resolved,gold,I was charged twice for my subscription this month.,Thanks for reaching out about the billing issue. We will look into this and get back to you within the next 48 hours.,Adjusted the invoice and issued a refund where applicable.,69.69,0,neutral,4,0,ios,
TCKT_011370,2023-02-01 19:20:17,CUST_08228,education,email,analytics_dashboard,performance,low,closed_no_action,standard,Queries in the analytics dashboard module are timing out.,We understand performance issues can be frustrating. We will look into this and get back to you within the next 48 hours.,Ticket closed without further action after no response from the customer.,215.21,0,positive,4,0,android,APAC
TCKT_011475,2023-02-05 20:20:15,CUST_01666,individual,web_form,login_auth,other,high,resolved,standard,I have a general question about my account.,Thanks for contacting support. We are prioritizing this and will update you as soon as possible.,Provided general guidance and confirmed the issue was resolved.,4.59,0,very_positive,5,0,desktop_app,LATAM
TCKT_011480,2023-02-18 23:16:42,CUST_04664,non_profit,email,data_export,security_concern,medium,resolved,platinum,I noticed a suspicious login on my account.,We take security very seriously. Our team is reviewing this and will follow up within 24 hours.,"Investigated logs, mitigated the issue, and updated security settings.",44.85,0,negative,2,0,ios,MEA
TCKT_011493,2023-02-07 05:57:28,CUST_07383,non_profit,phone_transcript,api_integration,how_to,low,in_progress,gold,I need help setting up api integration for my team.,Happy to help with your question. We will look into this and get back to you within the next 48 hours.,,,0,negative,0,0,api_client,
TCKT_011587,2023-02-12 00:18:15,CUST_09110,individual,chat,mobile_app,account_access,medium,resolved,standard,My account was locked after multiple failed login attempts.,Sorry to hear you're having trouble accessing your account. Our team is reviewing this and will follow up within 24 hours.,Reset account credentials and confirmed successful login.,37.82,0,negative,2,1,api_client,EU
TCKT_011590,2023-02-26 17:46:28,CUST_08128,individual,phone_transcript,analytics_dashboard,how_to,medium,resolved,gold,How can I export my data from the analytics dashboard section?,Happy to help with your question. Our team is reviewing this and will follow up within 24 hours.,Provided step-by-step instructions and relevant documentation.,16.15,0,positive,0,1,desktop_app,MEA
TCKT_011610,2023-02-09 00:09:35,CUST_07295,non_profit,in_app,login_auth,account_access,low,resolved,gold,I cannot log in; the system says my password is incorrect.,Sorry to hear you're having trouble accessing your account. We will look into this and get back to you within the next 48 hours.,Reset account credentials and confirmed successful login.,10.66,0,neutral,0,1,desktop_app,LATAM
TCKT_011620,2023-02-11 02:54:25,CUST_09628,education,email,billing,how_to,high,resolved,standard,Can you explain how to configure billing properly?,Happy to help with your question. We are prioritizing this and will update you as soon as possible.,Provided step-by-step instructions and relevant documentation.,11.88,0,neutral,0,0,android,MEA
TCKT_011703,2023-02-10 19:41:40,CUST_06291,education,email,mobile_app,billing_problem,medium,open,standard,I downgraded my plan but I am still being billed for the higher tier.,Thanks for reaching out about the billing issue. Our team is reviewing this and will follow up within 24 hours.,,,0,negative,2,0,android,APAC
TCKT_011717,2023-02-24 00:36:09,CUST_05799,small_business,web_form,data_export,billing_problem,low,resolved,platinum,My invoice amount is incorrect compared to the plan I selected.,Thanks for reaching out about the billing issue. We will look into this and get back to you within the next 48 hours.,Adjusted the invoice and issued a refund where applicable.,48.59,0,negative,2,0,web,MEA
TCKT_011761,2023-02-19 15:35:13,CUST_03606,small_business,chat,api_integration,billing_problem,low,resolved,standard,My invoice amount is incorrect compared to the plan I selected.,Thanks for reaching out about the billing issue. We will look into this and get back to you within the next 48 hours.,Adjusted the invoice and issued a refund where applicable.,32.0,0,negative,2,0,ios,LATAM
TCKT_011765,2023-02-22 19:13:07,CUST_07892,non_profit,email,analytics_dashboard,feature_request,low,in_progress,standard,Our team needs more advanced options for analytics dashboard.,Thanks for your feature suggestion. We will look into this and get back to you within the next 48 hours.,,,0,positive,4,0,api_client,
TCKT_011780,2023-02-22 22:02:01,CUST_03677,non_profit,chat,mobile_app,bug,high,resolved,standard,I am seeing an error message when I click on mobile app.,Thanks for reporting this bug. We are prioritizing this and will update you as soon as possible.,Patched the bug and deployed a fix to production.,15.77,1,neutral,3,0,android,LATAM
TCKT_011785,2023-02-24 18:58:40,CUST_08257,non_profit,email,api_integration,billing_problem,medium,resolved,standard,I was charged twice for my subscription this month.,Thanks for reaching out about the billing issue. Our team is reviewing this and will follow up within 24 hours.,Adjusted the invoice and issued a refund where applicable.,26.52,0,very_negative,0,0,web,LATAM
TCKT_011789,2023-02-22 04:55:18,CUST_00400,enterprise,email,billing,billing_problem,medium,in_progress,gold,I was charged twice for my subscription this month.,Thanks for reaching out about the billing issue. Our team is reviewing this and will follow up within 24 hours.,,,0,very_negative,1,0,api_client,MEA
TCKT_011913,2023-02-03 14:57:53,CUST_05247,small_business,email,billing,bug,high,resolved,standard,The billing feature is not saving my changes.,Thanks for reporting this bug. We are prioritizing this and will update you as soon as possible.,Patched the bug and deployed a fix to production.,8.91,0,neutral,3,1,android,LATAM
TCKT_011920,2023-02-08 12:19:25,CUST_07403,enterprise,in_app,data_export,account_access,low,open,platinum,My 2FA code is not working when I try to sign in.,Sorry to hear you're having trouble accessing your account. We will look into this and get back to you within the next 48 hours.,,,0,negative,0,0,android,LATAM
TCKT_011956,2023-02-13 07:53:23,CUST_08314,individual,email,analytics_dashboard,other,medium,open,standard,"Something seems off, can you please check my workspace?",Thanks for contacting support. Our team is reviewing this and will follow up within 24 hours.,,,0,neutral,0,1,ios,LATAM
TCKT_011985,2023-02-17 18:22:00,CUST_00166,education,phone_transcript,notifications,feature_request,low,resolved,standard,Our team needs more advanced options for notifications.,Thanks for your feature suggestion. We will look into this and get back to you within the next 48 hours.,Captured the request and added it to the product backlog.,43.19,0,negative,0,1,android,MEA
TCKT_012055,2023-02-01 04:21:27,CUST_03976,individual,in_app,analytics_dashboard,feature_request,medium,in_progress,standard,Our team needs more advanced options for analytics dashboard.,Thanks for your feature suggestion. Our team is reviewing this and will follow up within 24 hours.,,,0,negative,0,1,ios,
TCKT_012118,2023-02-06 04:43:30,CUST_06494,enterprise,email,billing,bug,low,in_progress,gold,The page keeps crashing whenever I try to open the billing section.,Thanks for reporting this bug. We will look into this and get back to you within the next 48 hours.,,,0,negative,3,0,api_client,MEA
TCKT_012153,2023-02-24 08:00:57,CUST_00788,enterprise,in_app,analytics_dashboard,feature_request,low,closed_no_action,gold,Our team needs more advanced options for analytics dashboard.,Thanks for your feature suggestion. We will look into this and get back to you within the next 48 hours.,Ticket closed without further action after no response from the customer.,33.36,0,neutral,4,0,ios,MEA
TCKT_012177,2023-02-15 14:49:26,CUST_05103,education,chat,billing,security_concern,low,open,standard,We need details about your data encryption and compliance.,We take security very seriously. We will look into this and get back to you within the next 48 hours.,,,0,negative,0,1,ios,EU
TCKT_012327,2023-02-27 05:05:04,CUST_00703,education,email,login_auth,bug,medium,open,gold,The page keeps crashing whenever I try to open the login auth section.,Thanks for reporting this bug. Our team is reviewing this and will follow up within 24 hours.,,,0,neutral,0,0,android,MEA
TCKT_012380,2023-02-13 15:09:36,CUST_02565,non_profit,web_form,billing,security_concern,low,in_progress,standard,I noticed a suspicious login on my account.,We take security very seriously. We will look into this and get back to you within the next 48 hours.,,,0,very_negative,1,0,android,LATAM
TCKT_012430,2023-02-02 11:17:25,CUST_06153,individual,phone_transcript,billing,account_access,low,open,platinum,My account was locked after multiple failed login attempts.,Sorry to hear you're having trouble accessing your account. We will look into this and get back to you within the next 48 hours.,,,0,neutral,3,0,desktop_app,MEA
TCKT_012446,2023-02-25 16:42:04,CUST_04692,individual,email,analytics_dashboard,security_concern,low,in_progress,gold,I noticed a suspicious login on my account.,We take security very seriously. We will look into this and get back to you within the next 48 hours.,,,0,very_negative,1,0,android,MEA
TCKT_012464,2023-02-08 10:36:41,CUST_08611,individual,chat,login_auth,security_concern,urgent,resolved,standard,There seems to be a vulnerability in the login auth functionality.,We take security very seriously. This has been escalated to our on-call team for immediate attention.,"Investigated logs, mitigated the issue, and updated security settings.",2.64,0,neutral,3,0,ios,EU
TCKT_012504,2023-02-14 03:27:33,CUST_08293,non_profit,in_app,analytics_dashboard,bug,medium,resolved,standard,The page keeps crashing whenever I try to open the analytics dashboard section.,Thanks for reporting this bug. Our team is reviewing this and will follow up within 24 hours.,Patched the bug and deployed a fix to production.,39.84,0,negative,0,0,desktop_app,EU
TCKT_012603,2023-02-13 11:59:16,CUST_05017,non_profit,email,api_integration,security_concern,medium,resolved,standard,There seems to be a vulnerability in the api integration functionality.,We take security very seriously. Our team is reviewing this and will follow up within 24 hours.,"Investigated logs, mitigated the issue, and updated security settings.",37.34,0,very_negative,0,0,ios,
TCKT_012708,2023-02-10 13:37:33,CUST_01331,individual,web_form,notifications,security_concern,medium,on_hold,gold,There seems to be a vulnerability in the notifications functionality.,We take security very seriously. Our team is reviewing this and will follow up within 24 hours.,,,0,very_negative,2,0,ios,
TCKT_012855,2023-02-26 11:18:55,CUST_03759,education,phone_transcript,mobile_app,performance,low,resolved,gold,Queries in the mobile app module are timing out.,We understand performance issues can be frustrating. We will look into this and get back to you within the next 48 hours.,Optimized queries and increased resource allocation.,54.93,0,very_negative,1,0,desktop_app,MEA
TCKT_012928,2023-02-18 02:30:20,CUST_04101,non_profit,web_form,mobile_app,account_access,high,resolved,standard,I cannot log in; the system says my password is incorrect.,Sorry to hear you're having trouble accessing your account. We are prioritizing this and will update you as soon as possible.,Reset account credentials and confirmed successful login.,2.98,0,neutral,4,1,desktop_app,APAC
TCKT_012951,2023-02-27 19:07:26,CUST_04862,education,email,mobile_app,account_access,medium,open,standard,My account was locked after multiple failed login attempts.,Sorry to hear you're having trouble accessing your account. Our team is reviewing this and will follow up within 24 hours.,,,0,very_negative,2,0,web,EU
TCKT_012977,2023-02-09 03:32:00,CUST_00281,enterprise,email,mobile_app,billing_problem,low,in_progress,standard,My invoice amount is incorrect compared to the plan I selected.,Thanks for reaching out about the billing issue. We will look into this and get back to you within the next 48 hours.,,,0,negative,3,0,android,APAC
TCKT_012984,2023-02-23 00:30:09,CUST_09765,small_business,web_form,notifications,feature_request,low,resolved,standard,Our team needs more advanced options for notifications.,Thanks for your feature suggestion. We will look into this and get back to you within the next 48 hours.,Captured the request and added it to the product backlog.,14.69,0,negative,3,1,android,LATAM
TCKT_013015,2023-02-14 01:21:40,CUST_02446,education,email,notifications,other,low,resolved,gold,I need help but I'm not sure which category this fits in.,Thanks for contacting support. We will look into this and get back to you within the next 48 hours.,Provided general guidance and confirmed the issue was resolved.,9.48,1,neutral,0,1,desktop_app,MEA
TCKT_013177,2023-02-22 23:53:44,CUST_02356,non_profit,in_app,notifications,billing_problem,medium,resolved,standard,My invoice amount is incorrect compared to the plan I selected.,Thanks for reaching out about the billing issue. Our team is reviewing this and will follow up within 24 hours.,Adjusted the invoice and issued a refund where applicable.,27.91,0,very_positive,0,0,android,APAC
TCKT_013213,2023-02-28 07:04:05,CUST_06654,enterprise,web_form,login_auth,feature_request,medium,in_progress,platinum,It would be great to have login auth support in your product.,Thanks for your feature suggestion. Our team is reviewing this and will follow up within 24 hours.,,,0,positive,4,1,api_client,EU
TCKT_013351,2023-02-14 05:35:25,CUST_00253,individual,phone_transcript,api_integration,account_access,medium,open,gold,My account was locked after multiple failed login attempts.,Sorry to hear you're having trouble accessing your account. Our team is reviewing this and will follow up within 24 hours.,,,0,very_negative,0,1,ios,LATAM
TCKT_013398,2023-02-09 23:07:44,CUST_08779,enterprise,web_form,mobile_app,feature_request,low,closed_no_action,standard,It would be great to have mobile app support in your product.,Thanks for your feature suggestion. We will look into this and get back to you within the next 48 hours.,Ticket closed without further action after no response from the customer.,150.12,0,neutral,4,0,ios,EU
TCKT_013463,2023-02-14 09:54:49,CUST_08039,individual,email,login_auth,billing_problem,high,on_hold,standard,I downgraded my plan but I am still being billed for the higher tier.,Thanks for reaching out about the billing issue. We are prioritizing this and will update you as soon as possible.,,,0,positive,0,1,desktop_app,LATAM
TCKT_013542,2023-02-01 17:14:16,CUST_05338,education,in_app,mobile_app,account_access,low,in_progress,gold,I cannot log in; the system says my password is incorrect.,Sorry to hear you're having trouble accessing your account. We will look into this and get back to you within the next 48 hours.,,,0,positive,5,0,web,
TCKT_013576,2023-02-02 14:04:31,CUST_07430,non_profit,web_form,billing,billing_problem,medium,open,platinum,I downgraded my plan but I am still being billed for the higher tier.,Thanks for reaching out about the billing issue. Our team is reviewing this and will follow up within 24 hours.,,,0,neutral,4,0,android,APAC
TCKT_013584,2023-02-20 10:04:18,CUST_04106,small_business,chat,notifications,account_access,low,open,standard,My 2FA code is not working when I try to sign in.,Sorry to hear you're having trouble accessing your account. We will look into this and get back to you within the next 48 hours.,,,0,very_negative,1,0,desktop_app,EU
TCKT_013601,2023-02-03 08:03:18,CUST_03046,enterprise,in_app,api_integration,security_concern,medium,in_progress,standard,I noticed a suspicious login on my account.,We take security very seriously. Our team is reviewing this and will follow up within 24 hours.,,,0,neutral,4,0,ios,EU
TCKT_013670,2023-02-12 15:34:39,CUST_03394,non_profit,phone_transcript,api_integration,feature_request,high,resolved,standard,Our team needs more advanced options for api integration.,Thanks for your feature suggestion. We are prioritizing this and will update you as soon as possible.,Captured the request and added it to the product backlog.,22.32,0,very_positive,0,0,desktop_app,APAC
TCKT_013698,2023-02-27 17:43:51,CUST_05524,individual,email,analytics_dashboard,bug,urgent,open,gold,I am seeing an error message when I click on analytics dashboard.,Thanks for reporting this bug. This has been escalated to our on-call team for immediate attention.,,,0,positive,0,1,android,LATAM
TCKT_013743,2023-02-08 22:09:00,CUST_02028,individual,phone_transcript,data_export,feature_request,medium,in_progress,gold,Can you add an option to customize data export?,Thanks for your feature suggestion. Our team is reviewing this and will follow up within 24 hours.,,,0,very_negative,1,1,desktop_app,
TCKT_013796,2023-02-17 05:48:09,CUST_04643,enterprise,chat,billing,how_to,medium,resolved,gold,How can I export my data from the billing section?,Happy to help with your question. Our team is reviewing this and will follow up within 24 hours.,Provided step-by-step instructions and relevant documentation.,21.51,0,positive,4,0,web,LATAM
TCKT_013828,2023-02-22 03:16:46,CUST_05295,education,phone_transcript,login_auth,how_to,medium,resolved,gold,How can I export my data from the login auth section?,Happy to help with your question. Our team is reviewing this and will follow up within 24 hours.,Provided step-by-step instructions and relevant documentation.,44.14,0,positive,0,0,web,MEA
TCKT_013844,2023-02-11 16:39:14,CUST_01399,individual,email,analytics_dashboard,how_to,low,resolved,standard,I need help setting up analytics dashboard for my team.,Happy to help with your question. We will look into this and get back to you within the next 48 hours.,Provided step-by-step instructions and relevant documentation.,34.78,0,very_positive,5,0,ios,MEA
TCKT_013870,2023-02-22 16:18:33,CUST_08002,non_profit,phone_transcript,api_integration,feature_request,low,on_hold,gold,Our team needs more advanced options for api integration.,Thanks for your feature suggestion. We will look into this and get back to you within the next 48 hours.,,,0,neutral,3,1,desktop_app,EU
TCKT_013927,2023-02-12 16:57:39,CUST_04258,small_business,phone_transcript,billing,security_concern,medium,resolved,standard,There seems to be a vulnerability in the billing functionality.,We take security very seriously. Our team is reviewing this and will follow up within 24 hours.,"Investigated logs, mitigated the issue, and updated security settings.",14.53,0,neutral,3,0,api_client,EU
TCKT_013938,2023-02-24 21:26:32,CUST_06276,individual,web_form,data_export,how_to,high,on_hold,standard,Can you explain how to configure data export properly?,Happy to help with your question. We are prioritizing this and will update you as soon as possible.,,,0,very_positive,5,0,android,EU
TCKT_014036,2023-02-04 22:53:52,CUST_03830,individual,in_app,billing,how_to,medium,open,gold,How can I export my data from the billing section?,Happy to help with your question. Our team is reviewing this and will follow up within 24 hours.,,,0,negative,0,0,api_client,APAC
TCKT_014043,2023-02-23 09:46:43,CUST_07297,education,web_form,login_auth,billing_problem,high,on_hold,standard,I downgraded my plan but I am still being billed for the higher tier.,Thanks for reaching out about the billing issue. We are prioritizing this and will update you as soon as possible.,,,0,negative,3,1,desktop_app,EU
TCKT_014045,2023-02-24 08:15:30,CUST_09191,individual,phone_transcript,mobile_app,how_to,medium,resolved,standard,I need help setting up mobile app for my team.,Happy to help with your question. Our team is reviewing this and will follow up within 24 hours.,Provided step-by-step instructions and relevant documentation.,31.25,0,positive,0,0,ios,APAC
TCKT_014069,2023-02-01 22:33:47,CUST_06384,individual,chat,api_integration,performance,medium,on_hold,gold,Overall performance has degraded in the last few days.,We understand performance issues can be frustrating. Our team is reviewing this and will follow up within 24 hours.,,,0,negative,2,1,desktop_app,EU
TCKT_014080,2023-02-02 08:12:09,CUST_08464,non_profit,email,notifications,account_access,high,resolved,gold,My account was locked after multiple failed login attempts.,Sorry to hear you're having trouble accessing your account. We are prioritizing this and will update you as soon as possible.,Reset account credentials and confirmed successful login.,19.67,0,very_negative,0,0,desktop_app,MEA
TCKT_014083,2023-02-11 17:22:24,CUST_03059,small_business,chat,billing,other,medium,in_progress,standard,I need help but I'm not sure which category this fits in.,Thanks for contacting support. Our team is reviewing this and will follow up within 24 hours.,,,0,positive,4,0,desktop_app,EU
TCKT_014142,2023-02-15 01:20:23,CUST_06965,enterprise,in_app,login_auth,other,low,on_hold,gold,"Something seems off, can you please check my workspace?",Thanks for contacting support. We will look into this and get back to you within the next 48 hours.,,,0,neutral,4,0,desktop_app,MEA
TCKT_014189,2023-02-24 14:18:02,CUST_01257,education,phone_transcript,login_auth,account_access,medium,resolved,standard,My account was locked after multiple failed login attempts.,Sorry to hear you're having trouble accessing your account. Our team is reviewing this and will follow up within 24 hours.,Reset account credentials and confirmed successful login.,15.95,0,negative,0,0,android,APAC
TCKT_014252,2023-02-10 10:34:39,CUST_06023,education,phone_transcript,mobile_app,feature_request,urgent,resolved,standard,Can you add an option to customize mobile app?,Thanks for your feature suggestion. This has been escalated to our on-call team for immediate attention.,Captured the request and added it to the product backlog.,1.12,0,neutral,4,1,android,APAC
TCKT_014265,2023-02-05 20:03:48,CUST_09678,education,email,billing,feature_request,medium,in_progress,standard,Can you add an option to customize billing?,Thanks for your feature suggestion. Our team is reviewing this and will follow up within 24 hours.,,,0,very_negative,0,0,android,EU
TCKT_014308,2023-02-21 15:14:03,CUST_05680,small_business,web_form,login_auth,performance,medium,open,gold,Queries in the login auth module are timing out.,We understand performance issues can be frustrating. Our team is reviewing this and will follow up within 24 hours.,,,0,positive,5,0,api_client,LATAM
TCKT_014371,2023-02-09 14:03:25,CUST_08700,small_business,chat,login_auth,how_to,low,open,standard,How can I export my data from the login auth section?,Happy to help with your question. We will look into this and get back to you within the next 48 hours.,,,0,neutral,4,0,android,MEA
TCKT_014494,2023-02-28 10:51:51,CUST_07538,small_business,in_app,analytics_dashboard,feature_request,medium,open,standard,Can you add an option to customize analytics dashboard?,Thanks for your feature suggestion. Our team is reviewing this and will follow up within 24 hours.,,,0,very_positive,5,0,api_client,MEA
TCKT_014548,2023-02-12 13:30:55,CUST_09700,enterprise,email,mobile_app,account_access,medium,on_hold,gold,My account was locked after multiple failed login attempts.,Sorry to hear you're having trouble accessing your account. Our team is reviewing this and will follow up within 24 hours.,,,0,negative,2,1,api_client,APAC
TCKT_014814,2023-02-16 05:05:08,CUST_02166,small_business,phone_transcript,billing,how_to,low,resolved,standard,How can I export my data from the billing section?,Happy to help with your question. We will look into this and get back to you within the next 48 hours.,Provided step-by-step instructions and relevant documentation.,47.43,0,positive,5,0,android,MEA
TCKT_014815,2023-02-24 19:51:04,CUST_03649,individual,email,analytics_dashboard,how_to,urgent,closed_no_action,standard,Can you explain how to configure analytics dashboard properly?,Happy to help with your question. This has been escalated to our on-call team for immediate attention.,Ticket closed without further action after no response from the customer.,200.55,0,neutral,4,0,api_client,APAC
TCKT_014855,2023-02-12 18:59:33,CUST_05396,individual,email,mobile_app,bug,low,in_progress,standard,I am seeing an error message when I click on mobile app.,Thanks for reporting this bug. We will look into this and get back to you within the next 48 hours.,,,0,neutral,3,1,android,MEA
TCKT_014863,2023-02-23 15:22:11,CUST_08537,enterprise,phone_transcript,notifications,how_to,low,resolved,gold,How can I export my data from the notifications section?,Happy to help with your question. We will look into this and get back to you within the next 48 hours.,Provided step-by-step instructions and relevant documentation.,22.73,0,positive,5,0,ios,MEA
TCKT_014885,2023-02-24 13:24:20,CUST_04584,enterprise,web_form,analytics_dashboard,account_access,low,in_progress,standard,I cannot log in; the system says my password is incorrect.,Sorry to hear you're having trouble accessing your account. We will look into this and get back to you within the next 48 hours.,,,0,very_positive,5,0,api_client,
TCKT_014920,2023-02-26 23:20:29,CUST_06053,enterprise,in_app,analytics_dashboard,other,high,resolved,standard,I have a general question about my account.,Thanks for contacting support. We are prioritizing this and will update you as soon as possible.,Provided general guidance and confirmed the issue was resolved.,18.42,0,neutral,0,0,api_client,LATAM
TCKT_014955,2023-02-03 19:52:48,CUST_08002,education,in_app,billing,security_concern,medium,resolved,standard,We need details about your data encryption and compliance.,We take security very seriously. Our team is reviewing this and will follow up within 24 hours.,"Investigated logs, mitigated the issue, and updated security settings.",16.91,0,negative,0,0,android,
TCKT_015112,2023-02-08 14:59:37,CUST_02202,non_profit,chat,notifications,billing_problem,low,resolved,standard,My invoice amount is incorrect compared to the plan I selected.,Thanks for reaching out about the billing issue. We will look into this and get back to you within the next 48 hours.,Adjusted the invoice and issued a refund where applicable.,51.78,0,neutral,4,0,android,EU
TCKT_015122,2023-02-11 13:15:18,CUST_09330,non_profit,web_form,analytics_dashboard,other,urgent,on_hold,standard,I need help but I'm not sure which category this fits in.,Thanks for contacting support. This has been escalated to our on-call team for immediate attention.,,,0,neutral,3,0,web,APAC
TCKT_015126,2023-02-02 14:10:13,CUST_00232,education,phone_transcript,notifications,how_to,medium,resolved,gold,I need help setting up notifications for my team.,Happy to help with your question. Our team is reviewing this and will follow up within 24 hours.,Provided step-by-step instructions and relevant documentation.,22.15,0,very_positive,5,0,ios,
TCKT_015170,2023-02-10 07:01:25,CUST_05636,education,chat,data_export,feature_request,low,resolved,gold,Our team needs more advanced options for data export.,Thanks for your feature suggestion. We will look into this and get back to you within the next 48 hours.,Captured the request and added it to the product backlog.,50.31,0,very_positive,5,0,ios,MEA
TCKT_015180,2023-02-16 07:31:51,CUST_03772,small_business,chat,notifications,how_to,urgent,open,gold,How can I export my data from the notifications section?,Happy to help with your question. This has been escalated to our on-call team for immediate attention.,,,0,neutral,3,0,ios,MEA
TCKT_015351,2023-02-20 13:39:48,CUST_08778,non_profit,in_app,analytics_dashboard,billing_problem,low,resolved,standard,I was charged twice for my subscription this month.,Thanks for reaching out about the billing issue. We will look into this and get back to you within the next 48 hours.,Adjusted the invoice and issued a refund where applicable.,14.53,0,positive,4,0,ios,APAC
TCKT_015442,2023-02-24 09:03:34,CUST_08276,individual,email,billing,bug,low,resolved,standard,I am seeing an error message when I click on billing.,Thanks for reporting this bug. We will look into this and get back to you within the next 48 hours.,Patched the bug and deployed a fix to production.,44.71,0,positive,5,0,web,
TCKT_015517,2023-02-14 11:56:15,CUST_00687,individual,email,api_integration,other,high,resolved,standard,I have a general question about my account.,Thanks for contacting support. We are prioritizing this and will update you as soon as possible.,Provided general guidance and confirmed the issue was resolved.,15.52,0,positive,5,0,android,MEA
TCKT_015572,2023-02-18 10:22:19,CUST_04065,enterprise,email,data_export,how_to,medium,resolved,standard,I need help setting up data export for my team.,Happy to help with your question. Our team is reviewing this and will follow up within 24 hours.,Provided step-by-step instructions and relevant documentation.,34.49,0,negative,2,0,web,LATAM
TCKT_015616,2023-02-15 18:26:16,CUST_04349,education,phone_transcript,login_auth,bug,high,resolved,standard,I am seeing an error message when I click on login auth.,Thanks for reporting this bug. We are prioritizing this and will update you as soon as possible.,Patched the bug and deployed a fix to production.,17.1,0,positive,4,1,ios,MEA
TCKT_015620,2023-02-17 04:54:44,CUST_06215,small_business,email,notifications,how_to,low,resolved,standard,How can I export my data from the notifications section?,Happy to help with your question. We will look into this and get back to you within the next 48 hours.,Provided step-by-step instructions and relevant documentation.,21.22,0,positive,5,0,web,MEA
TCKT_015645,2023-02-19 03:05:17,CUST_04145,education,web_form,login_auth,bug,medium,resolved,gold,I am seeing an error message when I click on login auth.,Thanks for reporting this bug. Our team is reviewing this and will follow up within 24 hours.,Patched the bug and deployed a fix to production.,33.58,0,neutral,4,0,android,MEA
TCKT_015664,2023-02-19 09:02:44,CUST_05815,small_business,phone_transcript,notifications,billing_problem,low,closed_no_action,standard,I was charged twice for my subscription this month.,Thanks for reaching out about the billing issue. We will look into this and get back to you within the next 48 hours.,Ticket closed without further action after no response from the customer.,173.49,0,positive,0,0,api_client,APAC
TCKT_015760,2023-02-05 07:13:14,CUST_09521,education,in_app,mobile_app,how_to,medium,resolved,standard,Can you explain how to configure mobile app properly?,Happy to help with your question. Our team is reviewing this and will follow up within 24 hours.,Provided step-by-step instructions and relevant documentation.,18.47,0,positive,0,0,ios,LATAM
TCKT_015828,2023-02-21 16:04:32,CUST_06885,non_profit,web_form,api_integration,billing_problem,low,resolved,standard,I was charged twice for my subscription this month.,Thanks for reaching out about the billing issue. We will look into this and get back to you within the next 48 hours.,Adjusted the invoice and issued a refund where applicable.,17.12,0,very_positive,5,0,web,APAC
TCKT_015848,2023-02-07 21:52:17,CUST_09643,non_profit,web_form,billing,account_access,low,resolved,standard,My account was locked after multiple failed login attempts.,Sorry to hear you're having trouble accessing your account. We will look into this and get back to you within the next 48 hours.,Reset account credentials and confirmed successful login.,40.4,0,very_negative,1,0,web,
TCKT_016011,2023-02-23 04:30:50,CUST_01683,education,in_app,analytics_dashboard,account_access,low,closed_no_action,gold,My account was locked after multiple failed login attempts.,Sorry to hear you're having trouble accessing your account. We will look into this and get back to you within the next 48 hours.,Ticket closed without further action after no response from the customer.,211.48,0,negative,3,1,api_client,LATAM
TCKT_016211,2023-02-12 11:06:10,CUST_02808,education,in_app,analytics_dashboard,performance,low,resolved,standard,The analytics dashboard page is very slow and takes a long time to load.,We understand performance issues can be frustrating. We will look into this and get back to you within the next 48 hours.,Optimized queries and increased resource allocation.,35.7,0,neutral,3,0,android,
TCKT_016212,2023-02-16 06:46:51,CUST_07102,individual,in_app,mobile_app,bug,medium,resolved,platinum,I am seeing an error message when I click on mobile app.,Thanks for reporting this bug. Our team is reviewing this and will follow up within 24 hours.,Patched the bug and deployed a fix to production.,22.75,0,positive,4,0,desktop_app,EU
TCKT_016217,2023-02-23 07:57:06,CUST_06333,small_business,web_form,mobile_app,how_to,low,in_progress,standard,How can I export my data from the mobile app section?,Happy to help with your question. We will look into this and get back to you within the next 48 hours.,,,0,neutral,0,0,api_client,LATAM
TCKT_016254,2023-02-17 06:18:15,CUST_07730,small_business,web_form,mobile_app,how_to,urgent,resolved,gold,Can you explain how to configure mobile app properly?,Happy to help with your question. This has been escalated to our on-call team for immediate attention.,Provided step-by-step instructions and relevant documentation.,0.98,0,neutral,4,0,desktop_app,EU
TCKT_016295,2023-02-17 16:47:21,CUST_07929,enterprise,phone_transcript,data_export,account_access,low,resolved,standard,My account was locked after multiple failed login attempts.,Sorry to hear you're having trouble accessing your account. We will look into this and get back to you within the next 48 hours.,Reset account credentials and confirmed successful login.,44.27,0,negative,3,1,api_client,
TCKT_016371,2023-02-17 11:12:01,CUST_04832,enterprise,email,login_auth,bug,urgent,on_hold,standard,The page keeps crashing whenever I try to open the login auth section.,Thanks for reporting this bug. This has been escalated to our on-call team for immediate attention.,,,0,negative,0,0,desktop_app,EU
TCKT_016391,2023-02-14 18:00:21,CUST_00067,non_profit,phone_transcript,notifications,other,low,in_progress,gold,"Something seems off, can you please check my workspace?",Thanks for contacting support. We will look into this and get back to you within the next 48 hours.,,,0,positive,4,0,ios,LATAM
TCKT_016428,2023-02-12 01:57:21,CUST_01967,non_profit,phone_transcript,login_auth,other,low,resolved,gold,I have a general question about my account.,Thanks for contacting support. We will look into this and get back to you within the next 48 hours.,Provided general guidance and confirmed the issue was resolved.,48.45,0,very_positive,0,0,android,EU
TCKT_016432,2023-02-03 13:15:14,CUST_08361,individual,chat,billing,feature_request,medium,in_progress,standard,Can you add an option to customize billing?,Thanks for your feature suggestion. Our team is reviewing this and will follow up within 24 hours.,,,0,neutral,4,0,android,MEA
TCKT_016444,2023-02-03 18:57:13,CUST_09500,education,web_form,login_auth,security_concern,high,resolved,gold,I noticed a suspicious login on my account.,We take security very seriously. We are prioritizing this and will update you as soon as possible.,"Investigated logs, mitigated the issue, and updated security settings.",21.43,0,very_negative,1,0,desktop_app,MEA
TCKT_016678,2023-02-19 12:59:32,CUST_00580,education,email,billing,performance,medium,resolved,gold,The billing page is very slow and takes a long time to load.,We understand performance issues can be frustrating. Our team is reviewing this and will follow up within 24 hours.,Optimized queries and increased resource allocation.,15.34,0,positive,0,0,android,APAC
TCKT_016679,2023-02-01 23:41:20,CUST_09231,education,in_app,billing,account_access,medium,in_progress,standard,My account was locked after multiple failed login attempts.,Sorry to hear you're having trouble accessing your account. Our team is reviewing this and will follow up within 24 hours.,,,0,very_positive,5,0,web,MEA
TCKT_016845,2023-02-12 01:01:31,CUST_04764,non_profit,in_app,notifications,security_concern,medium,resolved,standard,I noticed a suspicious login on my account.,We take security very seriously. Our team is reviewing this and will follow up within 24 hours.,"Investigated logs, mitigated the issue, and updated security settings.",5.01,0,very_negative,2,0,desktop_app,LATAM
TCKT_016865,2023-02-23 21:52:17,CUST_05935,education,phone_transcript,billing,performance,high,resolved,gold,Overall performance has degraded in the last few days.,We understand performance issues can be frustrating. We are prioritizing this and will update you as soon as possible.,Optimized queries and increased resource allocation.,15.12,1,positive,4,0,ios,MEA
TCKT_017006,2023-02-25 20:06:15,CUST_09510,small_business,in_app,billing,other,low,resolved,standard,I need help but I'm not sure which category this fits in.,Thanks for contacting support. We will look into this and get back to you within the next 48 hours.,Provided general guidance and confirmed the issue was resolved.,24.31,0,negative,3,0,android,LATAM
TCKT_017047,2023-02-19 01:34:54,CUST_00082,education,chat,analytics_dashboard,other,high,in_progress,standard,I have a general question about my account.,Thanks for contacting support. We are prioritizing this and will update you as soon as possible.,,,0,positive,5,0,ios,EU
TCKT_017071,2023-02-08 02:05:06,CUST_00404,small_business,web_form,notifications,bug,low,resolved,platinum,The page keeps crashing whenever I try to open the notifications section.,Thanks for reporting this bug. We will look into this and get back to you within the next 48 hours.,Patched the bug and deployed a fix to production.,61.34,0,neutral,0,1,android,LATAM
TCKT_017229,2023-02-21 14:58:24,CUST_08951,education,email,notifications,security_concern,high,resolved,gold,There seems to be a vulnerability in the notifications functionality.,We take security very seriously. We are prioritizing this and will update you as soon as possible.,"Investigated logs, mitigated the issue, and updated security settings.",3.5,0,negative,2,1,web,LATAM
TCKT_017262,2023-02-12 11:32:10,CUST_01672,non_profit,web_form,login_auth,how_to,medium,open,standard,I need help setting up login auth for my team.,Happy to help with your question. Our team is reviewing this and will follow up within 24 hours.,,,0,neutral,3,0,api_client,APAC
TCKT_017281,2023-02-13 14:08:39,CUST_04945,education,phone_transcript,data_export,feature_request,medium,resolved,standard,Our team needs more advanced options for data export.,Thanks for your feature suggestion. Our team is reviewing this and will follow up within 24 hours.,Captured the request and added it to the product backlog.,24.69,0,very_positive,5,0,ios,EU
TCKT_017288,2023-02-25 15:50:57,CUST_06412,education,web_form,billing,feature_request,low,resolved,platinum,It would be great to have billing support in your product.,Thanks for your feature suggestion. We will look into this and get back to you within the next 48 hours.,Captured the request and added it to the product backlog.,52.85,0,negative,2,0,web,EU
TCKT_017356,2023-02-25 12:04:42,CUST_00886,small_business,in_app,login_auth,performance,high,resolved,standard,The login auth page is very slow and takes a long time to load.,We understand performance issues can be frustrating. We are prioritizing this and will update you as soon as possible.,Optimized queries and increased resource allocation.,11.94,0,negative,0,0,web,APAC
TCKT_017383,2023-02-20 16:28:37,CUST_06356,small_business,email,data_export,bug,high,on_hold,gold,The data export feature is not saving my changes.,Thanks for reporting this bug. We are prioritizing this and will update you as soon as possible.,,,0,very_negative,2,0,ios,EU
TCKT_017474,2023-02-28 03:30:06,CUST_02527,individual,web_form,login_auth,performance,medium,on_hold,standard,Overall performance has degraded in the last few days.,We understand performance issues can be frustrating. Our team is reviewing this and will follow up within 24 hours.,,,0,negative,3,0,android,EU
TCKT_017566,2023-02-25 14:53:52,CUST_04981,enterprise,chat,api_integration,performance,medium,on_hold,standard,Overall performance has degraded in the last few days.,We understand performance issues can be frustrating. Our team is reviewing this and will follow up within 24 hours.,,,0,neutral,3,1,desktop_app,MEA
TCKT_017593,2023-02-06 01:15:12,CUST_09058,individual,web_form,api_integration,account_access,low,open,gold,My 2FA code is not working when I try to sign in.,Sorry to hear you're having trouble accessing your account. We will look into this and get back to you within the next 48 hours.,,,0,neutral,4,1,ios,EU
TCKT_017616,2023-02-12 05:15:07,CUST_03126,education,web_form,api_integration,other,urgent,closed_no_action,platinum,I have a general question about my account.,Thanks for contacting support. This has been escalated to our on-call team for immediate attention.,Ticket closed without further action after no response from the customer.,183.33,0,negative,3,0,api_client,APAC
TCKT_017628,2023-02-09 16:16:35,CUST_02901,non_profit,chat,login_auth,billing_problem,medium,resolved,gold,I downgraded my plan but I am still being billed for the higher tier.,Thanks for reaching out about the billing issue. Our team is reviewing this and will follow up within 24 hours.,Adjusted the invoice and issued a refund where applicable.,7.59,0,neutral,0,0,desktop_app,LATAM
TCKT_017657,2023-02-06 19:44:54,CUST_02459,education,chat,billing,billing_problem,low,resolved,standard,My invoice amount is incorrect compared to the plan I selected.,Thanks for reaching out about the billing issue. We will look into this and get back to you within the next 48 hours.,Adjusted the invoice and issued a refund where applicable.,49.85,0,very_negative,1,0,ios,APAC
TCKT_017705,2023-02-24 22:24:23,CUST_03321,small_business,web_form,analytics_dashboard,bug,low,in_progress,standard,I am seeing an error message when I click on analytics dashboard.,Thanks for reporting this bug. We will look into this and get back to you within the next 48 hours.,,,0,negative,2,0,android,LATAM
TCKT_017726,2023-02-27 10:25:56,CUST_03606,enterprise,email,analytics_dashboard,account_access,medium,in_progress,gold,My 2FA code is not working when I try to sign in.,Sorry to hear you're having trouble accessing your account. Our team is reviewing this and will follow up within 24 hours.,,,0,very_negative,1,1,ios,LATAM
TCKT_017785,2023-02-03 02:54:05,CUST_09486,enterprise,email,analytics_dashboard,security_concern,medium,resolved,standard,There seems to be a vulnerability in the analytics dashboard functionality.,We take security very seriously. Our team is reviewing this and will follow up within 24 hours.,"Investigated logs, mitigated the issue, and updated security settings.",47.95,0,neutral,4,1,android,APAC
TCKT_017829,2023-02-27 14:50:54,CUST_01365,small_business,in_app,api_integration,account_access,medium,open,gold,My 2FA code is not working when I try to sign in.,Sorry to hear you're having trouble accessing your account. Our team is reviewing this and will follow up within 24 hours.,,,0,negative,2,1,api_client,
TCKT_017859,2023-02-02 03:11:39,CUST_09813,individual,chat,billing,security_concern,low,resolved,platinum,I noticed a suspicious login on my account.,We take security very seriously. We will look into this and get back to you within the next 48 hours.,"Investigated logs, mitigated the issue, and updated security settings.",21.84,0,very_negative,0,0,api_client,
TCKT_017868,2023-02-09 01:08:49,CUST_05885,small_business,email,mobile_app,bug,urgent,resolved,standard,The mobile app feature is not saving my changes.,Thanks for reporting this bug. This has been escalated to our on-call team for immediate attention.,Patched the bug and deployed a fix to production.,7.89,0,neutral,0,0,web,MEA
TCKT_017894,2023-02-15 00:17:17,CUST_09676,education,phone_transcript,analytics_dashboard,feature_request,medium,resolved,platinum,It would be great to have analytics dashboard support in your product.,Thanks for your feature suggestion. Our team is reviewing this and will follow up within 24 hours.,Captured the request and added it to the product backlog.,16.78,0,neutral,3,0,android,MEA
TCKT_017956,2023-02-13 21:54:40,CUST_01370,enterprise,chat,data_export,feature_request,medium,in_progress,standard,It would be great to have data export support in your product.,Thanks for your feature suggestion. Our team is reviewing this and will follow up within 24 hours.,,,0,very_positive,5,0,api_client,
TCKT_018029,2023-02-13 09:20:32,CUST_08411,individual,web_form,login_auth,other,high,resolved,standard,I have a general question about my account.,Thanks for contacting support. We are prioritizing this and will update you as soon as possible.,Provided general guidance and confirmed the issue was resolved.,5.27,0,neutral,3,0,web,MEA
TCKT_018038,2023-02-07 06:55:33,CUST_06016,individual,chat,api_integration,billing_problem,medium,resolved,platinum,My invoice amount is incorrect compared to the plan I selected.,Thanks for reaching out about the billing issue. Our team is reviewing this and will follow up within 24 hours.,Adjusted the invoice and issued a refund where applicable.,11.15,0,negative,3,0,android,
TCKT_018142,2023-02-22 07:03:27,CUST_01238,non_profit,web_form,notifications,bug,low,resolved,standard,The page keeps crashing whenever I try to open the notifications section.,Thanks for reporting this bug. We will look into this and get back to you within the next 48 hours.,Patched the bug and deployed a fix to production.,8.88,0,positive,5,0,android,APAC
TCKT_018161,2023-02-20 00:09:50,CUST_04478,non_profit,email,login_auth,account_access,low,in_progress,standard,My 2FA code is not working when I try to sign in.,Sorry to hear you're having trouble accessing your account. We will look into this and get back to you within the next 48 hours.,,,0,positive,5,0,android,EU
TCKT_018201,2023-02-26 00:56:04,CUST_01580,non_profit,web_form,notifications,other,low,resolved,standard,I need help but I'm not sure which category this fits in.,Thanks for contacting support. We will look into this and get back to you within the next 48 hours.,Provided general guidance and confirmed the issue was resolved.,22.93,0,negative,3,0,android,APAC
TCKT_018269,2023-02-08 00:46:47,CUST_08011,non_profit,in_app,notifications,how_to,high,resolved,platinum,I need help setting up notifications for my team.,Happy to help with your question. We are prioritizing this and will update you as soon as possible.,Provided step-by-step instructions and relevant documentation.,7.44,0,very_positive,5,1,web,MEA
TCKT_018320,2023-02-01 20:13:59,CUST_04478,education,in_app,api_integration,account_access,low,in_progress,platinum,My 2FA code is not working when I try to sign in.,Sorry to hear you're having trouble accessing your account. We will look into this and get back to you within the next 48 hours.,,,0,very_negative,1,0,api_client,
TCKT_018389,2023-02-24 02:21:44,CUST_04732,individual,email,billing,feature_request,medium,resolved,standard,Our team needs more advanced options for billing.,Thanks for your feature suggestion. Our team is reviewing this and will follow up within 24 hours.,Captured the request and added it to the product backlog.,45.56,0,neutral,4,0,web,APAC
TCKT_018440,2023-02-07 12:52:24,CUST_07224,non_profit,chat,billing,performance,medium,resolved,standard,Queries in the billing module are timing out.,We understand performance issues can be frustrating. Our team is reviewing this and will follow up within 24 hours.,Optimized queries and increased resource allocation.,40.53,0,positive,0,0,desktop_app,EU
TCKT_018465,2023-02-24 13:42:59,CUST_04159,small_business,in_app,data_export,bug,low,open,gold,The data export feature is not saving my changes.,Thanks for reporting this bug. We will look into this and get back to you within the next 48 hours.,,,0,negative,3,0,desktop_app,LATAM
TCKT_018568,2023-02-07 19:42:09,CUST_01260,small_business,chat,mobile_app,feature_request,low,in_progress,standard,It would be great to have mobile app support in your product.,Thanks for your feature suggestion. We will look into this and get back to you within the next 48 hours.,,,0,negative,3,0,android,MEA
TCKT_018670,2023-02-10 06:13:47,CUST_07135,small_business,web_form,billing,account_access,medium,resolved,platinum,My 2FA code is not working when I try to sign in.,Sorry to hear you're having trouble accessing your account. Our team is reviewing this and will follow up within 24 hours.,Reset account credentials and confirmed successful login.,6.81,0,neutral,0,0,api_client,EU
TCKT_018673,2023-02-19 05:30:17,CUST_04899,individual,web_form,notifications,security_concern,low,resolved,standard,We need details about your data encryption and compliance.,We take security very seriously. We will look into this and get back to you within the next 48 hours.,"Investigated logs, mitigated the issue, and updated security settings.",9.89,0,neutral,4,0,api_client,
TCKT_018710,2023-02-01 11:56:26,CUST_08915,small_business,in_app,analytics_dashboard,billing_problem,high,resolved,standard,I was charged twice for my subscription this month.,Thanks for reaching out about the billing issue. We are prioritizing this and will update you as soon as possible.,Adjusted the invoice and issued a refund where applicable.,15.31,0,very_negative,0,1,android,LATAM
TCKT_018719,2023-02-07 11:01:31,CUST_08835,non_profit,chat,notifications,account_access,medium,closed_no_action,standard,My 2FA code is not working when I try to sign in.,Sorry to hear you're having trouble accessing your account. Our team is reviewing this and will follow up within 24 hours.,Ticket closed without further action after no response from the customer.,143.83,0,neutral,0,0,android,APAC
TCKT_018739,2023-02-16 04:30:02,CUST_02821,enterprise,web_form,api_integration,account_access,medium,in_progress,standard,I cannot log in; the system says my password is incorrect.,Sorry to hear you're having trouble accessing your account. Our team is reviewing this and will follow up within 24 hours.,,,0,negative,2,1,web,EU
TCKT_018820,2023-02-21 15:55:54,CUST_03549,individual,in_app,login_auth,performance,high,resolved,gold,Queries in the login auth module are timing out.,We understand performance issues can be frustrating. We are prioritizing this and will update you as soon as possible.,Optimized queries and increased resource allocation.,11.56,0,positive,0,0,android,APAC
TCKT_018878,2023-02-01 15:02:00,CUST_00035,small_business,email,mobile_app,feature_request,low,resolved,gold,Can you add an option to customize mobile app?,Thanks for your feature suggestion. We will look into this and get back to you within the next 48 hours.,Captured the request and added it to the product backlog.,10.6,0,negative,3,0,ios,
TCKT_018916,2023-02-27 22:19:45,CUST_07701,non_profit,chat,notifications,bug,medium,open,standard,The page keeps crashing whenever I try to open the notifications section.,Thanks for reporting this bug. Our team is reviewing this and will follow up within 24 hours.,,,0,neutral,4,0,api_client,LATAM
TCKT_018949,2023-02-16 21:02:57,CUST_01957,individual,email,analytics_dashboard,other,medium,resolved,standard,I have a general question about my account.,Thanks for contacting support. Our team is reviewing this and will follow up within 24 hours.,Provided general guidance and confirmed the issue was resolved.,7.05,0,positive,4,0,web,MEA
TCKT_019094,2023-02-05 05:26:30,CUST_00477,non_profit,email,api_integration,how_to,high,resolved,standard,I need help setting up api integration for my team.,Happy to help with your question. We are prioritizing this and will update you as soon as possible.,Provided step-by-step instructions and relevant documentation.,10.77,0,very_negative,1,0,ios,MEA
TCKT_019126,2023-02-12 11:47:34,CUST_08328,non_profit,email,login_auth,feature_request,high,on_hold,standard,Can you add an option to customize login auth?,Thanks for your feature suggestion. We are prioritizing this and will update you as soon as possible.,,,0,neutral,4,1,api_client,APAC
TCKT_019212,2023-02-06 12:44:45,CUST_05598,individual,in_app,api_integration,bug,medium,resolved,gold,The api integration feature is not saving my changes.,Thanks for reporting this bug. Our team is reviewing this and will follow up within 24 hours.,Patched the bug and deployed a fix to production.,7.79,0,positive,5,0,web,APAC
TCKT_019298,2023-02-28 10:07:01,CUST_08938,enterprise,email,notifications,account_access,medium,resolved,gold,My account was locked after multiple failed login attempts.,Sorry to hear you're having trouble accessing your account. Our team is reviewing this and will follow up within 24 hours.,Reset account credentials and confirmed successful login.,34.59,0,neutral,4,0,api_client,EU
TCKT_019313,2023-02-28 06:44:14,CUST_08170,individual,web_form,login_auth,account_access,medium,resolved,platinum,I cannot log in; the system says my password is incorrect.,Sorry to hear you're having trouble accessing your account. Our team is reviewing this and will follow up within 24 hours.,Reset account credentials and confirmed successful login.,31.64,0,very_negative,2,0,android,
TCKT_019350,2023-02-25 14:44:39,CUST_07395,enterprise,phone_transcript,billing,billing_problem,low,in_progress,standard,I downgraded my plan but I am still being billed for the higher tier.,Thanks for reaching out about the billing issue. We will look into this and get back to you within the next 48 hours.,,,0,negative,2,0,android,LATAM
TCKT_019459,2023-02-24 03:50:02,CUST_07421,non_profit,in_app,login_auth,performance,medium,in_progress,standard,The login auth page is very slow and takes a long time to load.,We understand performance issues can be frustrating. Our team is reviewing this and will follow up within 24 hours.,,,0,neutral,4,0,android,MEA
TCKT_019460,2023-02-27 13:17:00,CUST_06952,non_profit,chat,billing,bug,medium,in_progress,standard,The page keeps crashing whenever I try to open the billing section.,Thanks for reporting this bug. Our team is reviewing this and will follow up within 24 hours.,,,0,neutral,3,0,api_client,APAC
TCKT_019468,2023-02-19 00:47:51,CUST_07342,enterprise,phone_transcript,mobile_app,account_access,medium,resolved,platinum,I cannot log in; the system says my password is incorrect.,Sorry to hear you're having trouble accessing your account. Our team is reviewing this and will follow up within 24 hours.,Reset account credentials and confirmed successful login.,43.26,0,very_negative,1,1,android,EU
TCKT_019549,2023-02-27 18:33:09,CUST_04388,small_business,web_form,mobile_app,account_access,medium,on_hold,gold,I cannot log in; the system says my password is incorrect.,Sorry to hear you're having trouble accessing your account. Our team is reviewing this and will follow up within 24 hours.,,,0,negative,2,0,desktop_app,MEA
TCKT_019570,2023-02-15 12:38:27,CUST_04444,enterprise,phone_transcript,login_auth,performance,low,resolved,standard,Overall performance has degraded in the last few days.,We understand performance issues can be frustrating. We will look into this and get back to you within the next 48 hours.,Optimized queries and increased resource allocation.,28.02,0,neutral,3,0,ios,MEA
TCKT_019594,2023-02-09 02:57:01,CUST_01785,enterprise,chat,login_auth,billing_problem,high,closed_no_action,standard,I was charged twice for my subscription this month.,Thanks for reaching out about the billing issue. We are prioritizing this and will update you as soon as possible.,Ticket closed without further action after no response from the customer.,182.62,0,very_negative,0,0,desktop_app,APAC
TCKT_019609,2023-02-22 01:17:57,CUST_07159,education,chat,data_export,billing_problem,medium,resolved,gold,My invoice amount is incorrect compared to the plan I selected.,Thanks for reaching out about the billing issue. Our team is reviewing this and will follow up within 24 hours.,Adjusted the invoice and issued a refund where applicable.,44.84,0,very_negative,2,1,api_client,
TCKT_019643,2023-02-27 12:20:48,CUST_05688,non_profit,web_form,data_export,how_to,low,in_progress,standard,How can I export my data from the data export section?,Happy to help with your question. We will look into this and get back to you within the next 48 hours.,,,0,negative,2,0,android,MEA
TCKT_019707,2023-02-27 15:03:11,CUST_00595,non_profit,email,login_auth,how_to,urgent,closed_no_action,standard,Can you explain how to configure login auth properly?,Happy to help with your question. This has been escalated to our on-call team for immediate attention.,Ticket closed without further action after no response from the customer.,64.13,0,neutral,0,1,android,
TCKT_019798,2023-02-01 19:39:44,CUST_02137,individual,phone_transcript,api_integration,how_to,low,in_progress,standard,Can you explain how to configure api integration properly?,Happy to help with your question. We will look into this and get back to you within the next 48 hours.,,,0,neutral,0,0,web,
TCKT_019809,2023-02-24 10:35:30,CUST_06778,small_business,web_form,analytics_dashboard,security_concern,medium,resolved,standard,We need details about your data encryption and compliance.,We take security very seriously. Our team is reviewing this and will follow up within 24 hours.,"Investigated logs, mitigated the issue, and updated security settings.",41.68,0,very_negative,1,0,ios,APAC
TCKT_019839,2023-02-15 00:49:00,CUST_05358,small_business,in_app,data_export,how_to,low,resolved,gold,I need help setting up data export for my team.,Happy to help with your question. We will look into this and get back to you within the next 48 hours.,Provided step-by-step instructions and relevant documentation.,64.82,0,neutral,4,0,api_client,
TCKT_019840,2023-02-18 08:56:04,CUST_04955,education,web_form,data_export,feature_request,low,resolved,gold,Our team needs more advanced options for data export.,Thanks for your feature suggestion. We will look into this and get back to you within the next 48 hours.,Captured the request and added it to the product backlog.,13.79,0,neutral,4,0,ios,LATAM
TCKT_019939,2023-02-15 20:03:36,CUST_08487,small_business,phone_transcript,notifications,bug,low,open,gold,The notifications feature is not saving my changes.,Thanks for reporting this bug. We will look into this and get back to you within the next 48 hours.,,,0,negative,2,1,ios,APAC
TCKT_019944,2023-02-24 16:51:26,CUST_08898,individual,email,notifications,performance,medium,in_progress,gold,Overall performance has degraded in the last few days.,We understand performance issues can be frustrating. Our team is reviewing this and will follow up within 24 hours.,,,0,very_negative,1,1,web,APAC
TCKT_019955,2023-02-05 08:44:02,CUST_04276,enterprise,phone_transcript,login_auth,account_access,medium,resolved,standard,My 2FA code is not working when I try to sign in.,Sorry to hear you're having trouble accessing your account. Our team is reviewing this and will follow up within 24 hours.,Reset account credentials and confirmed successful login.,33.27,0,negative,2,0,android,MEA
TCKT_019972,2023-02-05 19:28:27,CUST_03744,small_business,web_form,data_export,billing_problem,medium,resolved,gold,I was charged twice for my subscription this month.,Thanks for reaching out about the billing issue. Our team is reviewing this and will follow up within 24 hours.,Adjusted the invoice and issued a refund where applicable.,40.53,0,negative,3,0,web,MEA
TCKT_019989,2023-02-12 18:14:53,CUST_05501,small_business,in_app,data_export,how_to,low,resolved,standard,Can you explain how to configure data export properly?,Happy to help with your question. We will look into this and get back to you within the next 48 hours.,Provided step-by-step instructions and relevant documentation.,70.63,0,negative,2,0,android,LATAM
TCKT_020079,2023-02-05 05:49:19,CUST_04607,enterprise,email,notifications,performance,medium,resolved,standard,The notifications page is very slow and takes a long time to load.,We understand performance issues can be frustrating. Our team is reviewing this and will follow up within 24 hours.,Optimized queries and increased resource allocation.,18.1,0,very_positive,5,0,desktop_app,APAC
TCKT_020089,2023-02-21 16:54:40,CUST_08124,individual,chat,login_auth,how_to,high,on_hold,standard,I need help setting up login auth for my team.,Happy to help with your question. We are prioritizing this and will update you as soon as possible.,,,0,positive,0,0,ios,EU
TCKT_020120,2023-02-27 14:52:05,CUST_02731,non_profit,email,billing,bug,medium,resolved,standard,The billing feature is not saving my changes.,Thanks for reporting this bug. Our team is reviewing this and will follow up within 24 hours.,Patched the bug and deployed a fix to production.,15.2,0,neutral,4,1,desktop_app,LATAM
TCKT_020163,2023-02-18 08:40:31,CUST_04213,education,email,api_integration,bug,medium,resolved,platinum,The api integration feature is not saving my changes.,Thanks for reporting this bug. Our team is reviewing this and will follow up within 24 hours.,Patched the bug and deployed a fix to production.,29.18,0,negative,2,1,api_client,APAC
TCKT_020183,2023-02-11 14:39:47,CUST_06215,small_business,chat,notifications,feature_request,high,in_progress,standard,Our team needs more advanced options for notifications.,Thanks for your feature suggestion. We are prioritizing this and will update you as soon as possible.,,,0,very_positive,5,0,web,EU
TCKT_020205,2023-02-25 15:04:41,CUST_02087,education,chat,notifications,feature_request,low,resolved,gold,Can you add an option to customize notifications?,Thanks for your feature suggestion. We will look into this and get back to you within the next 48 hours.,Captured the request and added it to the product backlog.,24.94,0,neutral,3,0,desktop_app,MEA
TCKT_020236,2023-02-11 18:30:14,CUST_04998,non_profit,email,mobile_app,billing_problem,medium,resolved,standard,I was charged twice for my subscription this month.,Thanks for reaching out about the billing issue. Our team is reviewing this and will follow up within 24 hours.,Adjusted the invoice and issued a refund where applicable.,26.33,0,very_negative,1,0,web,MEA
TCKT_020271,2023-02-02 13:18:15,CUST_08633,enterprise,web_form,login_auth,bug,high,in_progress,platinum,I am seeing an error message when I click on login auth.,Thanks for reporting this bug. We are prioritizing this and will update you as soon as possible.,,,0,neutral,4,0,ios,MEA
TCKT_020335,2023-02-23 15:33:16,CUST_06421,small_business,web_form,mobile_app,account_access,low,closed_no_action,standard,My account was locked after multiple failed login attempts.,Sorry to hear you're having trouble accessing your account. We will look into this and get back to you within the next 48 hours.,Ticket closed without further action after no response from the customer.,74.18,0,negative,2,1,api_client,EU
TCKT_020450,2023-02-07 07:34:00,CUST_08606,education,web_form,analytics_dashboard,feature_request,high,in_progress,standard,Can you add an option to customize analytics dashboard?,Thanks for your feature suggestion. We are prioritizing this and will update you as soon as possible.,,,0,very_positive,0,0,android,EU
TCKT_020517,2023-02-24 12:55:50,CUST_01376,small_business,chat,login_auth,performance,urgent,closed_no_action,standard,Overall performance has degraded in the last few days.,We understand performance issues can be frustrating. This has been escalated to our on-call team for immediate attention.,Ticket closed without further action after no response from the customer.,217.34,0,negative,3,0,api_client,EU
TCKT_020645,2023-02-19 11:27:02,CUST_06550,enterprise,email,login_auth,account_access,high,resolved,standard,My account was locked after multiple failed login attempts.,Sorry to hear you're having trouble accessing your account. We are prioritizing this and will update you as soon as possible.,Reset account credentials and confirmed successful login.,5.32,0,negative,2,0,ios,EU
TCKT_020667,2023-02-25 22:10:32,CUST_06735,education,web_form,analytics_dashboard,performance,low,open,standard,Overall performance has degraded in the last few days.,We understand performance issues can be frustrating. We will look into this and get back to you within the next 48 hours.,,,0,negative,3,0,desktop_app,EU
TCKT_020689,2023-02-12 09:52:45,CUST_01635,non_profit,web_form,analytics_dashboard,billing_problem,high,closed_no_action,gold,I was charged twice for my subscription this month.,Thanks for reaching out about the billing issue. We are prioritizing this and will update you as soon as possible.,Ticket closed without further action after no response from the customer.,90.06,0,very_negative,1,0,desktop_app,MEA
TCKT_020720,2023-02-15 02:25:15,CUST_02047,individual,email,mobile_app,security_concern,medium,resolved,standard,We need details about your data encryption and compliance.,We take security very seriously. Our team is reviewing this and will follow up within 24 hours.,"Investigated logs, mitigated the issue, and updated security settings.",25.7,0,neutral,0,0,android,MEA
TCKT_020838,2023-02-27 10:51:22,CUST_07457,education,in_app,mobile_app,security_concern,high,resolved,gold,I noticed a suspicious login on my account.,We take security very seriously. We are prioritizing this and will update you as soon as possible.,"Investigated logs, mitigated the issue, and updated security settings.",20.87,0,negative,2,0,android,
TCKT_020847,2023-02-28 04:30:59,CUST_00328,non_profit,web_form,mobile_app,billing_problem,high,closed_no_action,platinum,I downgraded my plan but I am still being billed for the higher tier.,Thanks for reaching out about the billing issue. We are prioritizing this and will update you as soon as possible.,Ticket closed without further action after no response from the customer.,93.45,0,very_negative,1,0,android,LATAM
TCKT_020878,2023-02-28 08:16:28,CUST_06284,enterprise,chat,billing,feature_request,high,resolved,standard,Our team needs more advanced options for billing.,Thanks for your feature suggestion. We are prioritizing this and will update you as soon as possible.,Captured the request and added it to the product backlog.,22.28,0,very_positive,5,1,android,EU
TCKT_020881,2023-02-07 18:13:55,CUST_08547,small_business,chat,data_export,how_to,low,resolved,platinum,How can I export my data from the data export section?,Happy to help with your question. We will look into this and get back to you within the next 48 hours.,Provided step-by-step instructions and relevant documentation.,39.77,0,positive,5,0,api_client,EU
TCKT_020946,2023-02-06 19:14:35,CUST_07356,non_profit,email,api_integration,other,low,in_progress,standard,I need help but I'm not sure which category this fits in.,Thanks for contacting support. We will look into this and get back to you within the next 48 hours.,,,0,negative,2,1,android,
TCKT_020958,2023-02-04 13:12:35,CUST_04924,small_business,phone_transcript,notifications,performance,low,resolved,platinum,Overall performance has degraded in the last few days.,We understand performance issues can be frustrating. We will look into this and get back to you within the next 48 hours.,Optimized queries and increased resource allocation.,59.6,0,very_positive,5,1,api_client,MEA
TCKT_020975,2023-02-02 12:43:59,CUST_03434,education,chat,api_integration,account_access,medium,in_progress,gold,My 2FA code is not working when I try to sign in.,Sorry to hear you're having trouble accessing your account. Our team is reviewing this and will follow up within 24 hours.,,,0,positive,4,0,android,LATAM
TCKT_021020,2023-02-20 03:41:06,CUST_05574,non_profit,phone_transcript,login_auth,how_to,high,in_progress,standard,I need help setting up login auth for my team.,Happy to help with your question. We are prioritizing this and will update you as soon as possible.,,,1,positive,4,0,android,EU
TCKT_021047,2023-02-23 23:33:04,CUST_04361,individual,in_app,analytics_dashboard,performance,high,in_progress,gold,Overall performance has degraded in the last few days.,We understand performance issues can be frustrating. We are prioritizing this and will update you as soon as possible.,,,0,negative,2,0,web,EU
TCKT_021064,2023-02-06 06:34:50,CUST_00557,non_profit,web_form,analytics_dashboard,how_to,high,in_progress,gold,I need help setting up analytics dashboard for my team.,Happy to help with your question. We are prioritizing this and will update you as soon as possible.,,,0,negative,0,1,api_client,
TCKT_021119,2023-02-23 08:05:06,CUST_03907,individual,email,api_integration,account_access,urgent,resolved,standard,My 2FA code is not working when I try to sign in.,Sorry to hear you're having trouble accessing your account. This has been escalated to our on-call team for immediate attention.,Reset account credentials and confirmed successful login.,4.91,0,negative,2,1,ios,APAC
TCKT_021244,2023-02-08 05:27:37,CUST_07066,non_profit,chat,api_integration,feature_request,low,resolved,standard,Our team needs more advanced options for api integration.,Thanks for your feature suggestion. We will look into this and get back to you within the next 48 hours.,Captured the request and added it to the product backlog.,57.43,0,neutral,0,0,ios,MEA
TCKT_021250,2023-02-23 02:25:38,CUST_00581,non_profit,phone_transcript,analytics_dashboard,bug,low,open,platinum,The page keeps crashing whenever I try to open the analytics dashboard section.,Thanks for reporting this bug. We will look into this and get back to you within the next 48 hours.,,,0,positive,0,0,api_client,
TCKT_021296,2023-02-09 22:16:52,CUST_06710,individual,web_form,notifications,billing_problem,high,resolved,standard,I was charged twice for my subscription this month.,Thanks for reaching out about the billing issue. We are prioritizing this and will update you as soon as possible.,Adjusted the invoice and issued a refund where applicable.,11.08,0,negative,2,0,ios,EU
TCKT_021299,2023-02-02 06:22:58,CUST_03229,non_profit,phone_transcript,login_auth,security_concern,low,resolved,gold,We need details about your data encryption and compliance.,We take security very seriously. We will look into this and get back to you within the next 48 hours.,"Investigated logs, mitigated the issue, and updated security settings.",50.5,1,positive,4,0,ios,APAC
TCKT_021397,2023-02-16 17:28:37,CUST_07162,enterprise,in_app,data_export,performance,medium,open,standard,Overall performance has degraded in the last few days.,We understand performance issues can be frustrating. Our team is reviewing this and will follow up within 24 hours.,,,0,negative,2,0,web,EU
TCKT_021403,2023-02-16 02:43:27,CUST_08528,individual,phone_transcript,notifications,billing_problem,high,resolved,gold,I was charged twice for my subscription this month.,Thanks for reaching out about the billing issue. We are prioritizing this and will update you as soon as possible.,Adjusted the invoice and issued a refund where applicable.,15.81,0,negative,0,0,ios,APAC
TCKT_021464,2023-02-25 08:20:50,CUST_05951,individual,in_app,login_auth,performance,medium,on_hold,standard,Overall performance has degraded in the last few days.,We understand performance issues can be frustrating. Our team is reviewing this and will follow up within 24 hours.,,,0,negative,3,0,web,
TCKT_021475,2023-02-11 04:55:58,CUST_05430,small_business,web_form,notifications,bug,medium,in_progress,gold,The notifications feature is not saving my changes.,Thanks for reporting this bug. Our team is reviewing this and will follow up within 24 hours.,,,1,neutral,4,0,web,APAC
TCKT_021529,2023-02-15 21:15:32,CUST_08373,education,phone_transcript,mobile_app,account_access,medium,closed_no_action,standard,I cannot log in; the system says my password is incorrect.,Sorry to hear you're having trouble accessing your account. Our team is reviewing this and will follow up within 24 hours.,Ticket closed without further action after no response from the customer.,124.23,0,very_negative,0,1,web,APAC
TCKT_021607,2023-02-23 10:30:51,CUST_05650,small_business,in_app,api_integration,bug,medium,in_progress,standard,I am seeing an error message when I click on api integration.,Thanks for reporting this bug. Our team is reviewing this and will follow up within 24 hours.,,,0,positive,0,0,android,MEA
TCKT_021725,2023-02-19 23:14:21,CUST_08757,small_business,in_app,notifications,account_access,medium,resolved,standard,My 2FA code is not working when I try to sign in.,Sorry to hear you're having trouble accessing your account. Our team is reviewing this and will follow up within 24 hours.,Reset account credentials and confirmed successful login.,23.28,0,negative,3,1,android,
TCKT_021736,2023-02-04 08:55:33,CUST_06906,education,web_form,data_export,bug,medium,closed_no_action,platinum,The data export feature is not saving my changes.,Thanks for reporting this bug. Our team is reviewing this and will follow up within 24 hours.,Ticket closed without further action after no response from the customer.,76.52,0,neutral,3,0,desktop_app,
TCKT_021773,2023-02-13 05:54:27,CUST_02175,education,web_form,data_export,bug,low,resolved,standard,The page keeps crashing whenever I try to open the data export section.,Thanks for reporting this bug. We will look into this and get back to you within the next 48 hours.,Patched the bug and deployed a fix to production.,32.24,0,neutral,3,1,web,MEA
TCKT_021868,2023-02-18 19:35:04,CUST_04881,non_profit,chat,analytics_dashboard,performance,medium,on_hold,gold,Overall performance has degraded in the last few days.,We understand performance issues can be frustrating. Our team is reviewing this and will follow up within 24 hours.,,,0,very_positive,5,0,android,EU
TCKT_021870,2023-02-09 07:40:42,CUST_09122,enterprise,chat,data_export,how_to,medium,open,standard,How can I export my data from the data export section?,Happy to help with your question. Our team is reviewing this and will follow up within 24 hours.,,,0,neutral,3,0,web,APAC
TCKT_021889,2023-02-01 10:00:08,CUST_01958,small_business,web_form,data_export,billing_problem,high,resolved,gold,I downgraded my plan but I am still being billed for the higher tier.,Thanks for reaching out about the billing issue. We are prioritizing this and will update you as soon as possible.,Adjusted the invoice and issued a refund where applicable.,19.45,0,positive,5,0,web,
TCKT_021953,2023-02-28 18:47:46,CUST_00218,education,in_app,analytics_dashboard,security_concern,medium,on_hold,platinum,There seems to be a vulnerability in the analytics dashboard functionality.,We take security very seriously. Our team is reviewing this and will follow up within 24 hours.,,,0,negative,3,0,ios,APAC
TCKT_021969,2023-02-16 06:40:31,CUST_05703,individual,chat,billing,bug,medium,open,gold,The page keeps crashing whenever I try to open the billing section.,Thanks for reporting this bug. Our team is reviewing this and will follow up within 24 hours.,,,1,very_positive,5,0,api_client,APAC
TCKT_021986,2023-02-25 11:26:53,CUST_00435,non_profit,email,api_integration,billing_problem,medium,closed_no_action,standard,I was charged twice for my subscription this month.,Thanks for reaching out about the billing issue. Our team is reviewing this and will follow up within 24 hours.,Ticket closed without further action after no response from the customer.,93.25,0,very_negative,1,1,api_client,EU
TCKT_022028,2023-02-22 22:06:23,CUST_07986,enterprise,in_app,login_auth,account_access,medium,resolved,standard,My account was locked after multiple failed login attempts.,Sorry to hear you're having trouble accessing your account. Our team is reviewing this and will follow up within 24 hours.,Reset account credentials and confirmed successful login.,32.67,0,negative,3,0,ios,APAC
TCKT_022054,2023-02-03 20:10:19,CUST_08382,individual,chat,data_export,how_to,high,in_progress,gold,I need help setting up data export for my team.,Happy to help with your question. We are prioritizing this and will update you as soon as possible.,,,0,positive,5,0,ios,
TCKT_022063,2023-02-12 03:58:22,CUST_04218,enterprise,email,mobile_app,billing_problem,medium,closed_no_action,gold,I was charged twice for my subscription this month.,Thanks for reaching out about the billing issue. Our team is reviewing this and will follow up within 24 hours.,Ticket closed without further action after no response from the customer.,149.77,0,very_negative,2,0,web,APAC
TCKT_022074,2023-02-20 09:41:34,CUST_02582,education,in_app,notifications,other,low,in_progress,platinum,I need help but I'm not sure which category this fits in.,Thanks for contacting support. We will look into this and get back to you within the next 48 hours.,,,0,negative,0,0,android,LATAM
TCKT_022137,2023-02-20 14:49:10,CUST_00621,enterprise,web_form,login_auth,billing_problem,medium,closed_no_action,gold,I downgraded my plan but I am still being billed for the higher tier.,Thanks for reaching out about the billing issue. Our team is reviewing this and will follow up within 24 hours.,Ticket closed without further action after no response from the customer.,125.28,0,very_negative,0,1,desktop_app,MEA
TCKT_022150,2023-02-01 17:30:11,CUST_00280,education,web_form,notifications,account_access,low,resolved,standard,I cannot log in; the system says my password is incorrect.,Sorry to hear you're having trouble accessing your account. We will look into this and get back to you within the next 48 hours.,Reset account credentials and confirmed successful login.,21.88,0,negative,3,0,web,EU
TCKT_022339,2023-02-01 13:09:47,CUST_05526,non_profit,email,mobile_app,other,medium,on_hold,gold,I need help but I'm not sure which category this fits in.,Thanks for contacting support. Our team is reviewing this and will follow up within 24 hours.,,,0,neutral,3,0,api_client,MEA
TCKT_022401,2023-02-22 02:22:14,CUST_00576,non_profit,in_app,mobile_app,billing_problem,medium,resolved,gold,My invoice amount is incorrect compared to the plan I selected.,Thanks for reaching out about the billing issue. Our team is reviewing this and will follow up within 24 hours.,Adjusted the invoice and issued a refund where applicable.,40.46,0,neutral,0,0,web,APAC
TCKT_022436,2023-02-01 09:20:07,CUST_06914,small_business,in_app,api_integration,other,high,closed_no_action,standard,I need help but I'm not sure which category this fits in.,Thanks for contacting support. We are prioritizing this and will update you as soon as possible.,Ticket closed without further action after no response from the customer.,222.74,0,positive,5,0,android,EU
TCKT_022470,2023-02-21 19:24:44,CUST_02308,individual,phone_transcript,data_export,how_to,low,closed_no_action,standard,How can I export my data from the data export section?,Happy to help with your question. We will look into this and get back to you within the next 48 hours.,Ticket closed without further action after no response from the customer.,202.11,0,neutral,0,0,api_client,LATAM
TCKT_022508,2023-02-12 13:57:36,CUST_06669,individual,chat,api_integration,performance,low,resolved,standard,Overall performance has degraded in the last few days.,We understand performance issues can be frustrating. We will look into this and get back to you within the next 48 hours.,Optimized queries and increased resource allocation.,29.29,0,negative,2,0,ios,MEA
TCKT_022523,2023-02-25 05:44:15,CUST_04040,education,in_app,mobile_app,billing_problem,low,resolved,standard,My invoice amount is incorrect compared to the plan I selected.,Thanks for reaching out about the billing issue. We will look into this and get back to you within the next 48 hours.,Adjusted the invoice and issued a refund where applicable.,58.15,0,neutral,4,1,web,LATAM
TCKT_022614,2023-02-15 14:01:31,CUST_02454,education,web_form,data_export,billing_problem,medium,resolved,standard,I downgraded my plan but I am still being billed for the higher tier.,Thanks for reaching out about the billing issue. Our team is reviewing this and will follow up within 24 hours.,Adjusted the invoice and issued a refund where applicable.,14.3,0,negative,2,0,android,LATAM
TCKT_022648,2023-02-28 05:23:08,CUST_05742,non_profit,email,analytics_dashboard,performance,low,resolved,standard,Queries in the analytics dashboard module are timing out.,We understand performance issues can be frustrating. We will look into this and get back to you within the next 48 hours.,Optimized queries and increased resource allocation.,39.88,1,very_negative,2,0,desktop_app,LATAM
TCKT_022751,2023-02-26 09:47:51,CUST_09607,small_business,in_app,mobile_app,other,low,resolved,gold,I have a general question about my account.,Thanks for contacting support. We will look into this and get back to you within the next 48 hours.,Provided general guidance and confirmed the issue was resolved.,13.84,0,neutral,3,0,web,EU
TCKT_022827,2023-02-02 15:05:53,CUST_02337,small_business,web_form,notifications,other,low,resolved,gold,I need help but I'm not sure which category this fits in.,Thanks for contacting support. We will look into this and get back to you within the next 48 hours.,Provided general guidance and confirmed the issue was resolved.,70.69,0,negative,3,1,api_client,
TCKT_022838,2023-02-22 18:07:30,CUST_03322,individual,phone_transcript,data_export,feature_request,low,in_progress,gold,It would be great to have data export support in your product.,Thanks for your feature suggestion. We will look into this and get back to you within the next 48 hours.,,,0,neutral,3,0,api_client,EU
TCKT_022949,2023-02-01 06:29:53,CUST_06439,enterprise,in_app,billing,feature_request,low,resolved,gold,It would be great to have billing support in your product.,Thanks for your feature suggestion. We will look into this and get back to you within the next 48 hours.,Captured the request and added it to the product backlog.,55.91,0,negative,3,0,desktop_app,LATAM
TCKT_022993,2023-02-10 03:52:34,CUST_07629,non_profit,email,analytics_dashboard,how_to,low,resolved,gold,I need help setting up analytics dashboard for my team.,Happy to help with your question. We will look into this and get back to you within the next 48 hours.,Provided step-by-step instructions and relevant documentation.,57.23,0,very_positive,0,0,api_client,MEA
TCKT_023000,2023-02-10 03:12:55,CUST_00903,non_profit,email,data_export,performance,medium,open,standard,The data export page is very slow and takes a long time to load.,We understand performance issues can be frustrating. Our team is reviewing this and will follow up within 24 hours.,,,0,neutral,0,0,web,EU
TCKT_023002,2023-02-09 01:00:34,CUST_08728,small_business,web_form,login_auth,billing_problem,low,resolved,gold,I was charged twice for my subscription this month.,Thanks for reaching out about the billing issue. We will look into this and get back to you within the next 48 hours.,Adjusted the invoice and issued a refund where applicable.,40.54,0,neutral,3,0,api_client,EU
TCKT_023229,2023-02-10 08:18:34,CUST_06503,education,chat,login_auth,bug,medium,open,gold,I am seeing an error message when I click on login auth.,Thanks for reporting this bug. Our team is reviewing this and will follow up within 24 hours.,,,0,very_negative,1,1,desktop_app,APAC
TCKT_023239,2023-02-12 08:25:04,CUST_06620,non_profit,web_form,analytics_dashboard,how_to,medium,resolved,gold,How can I export my data from the analytics dashboard section?,Happy to help with your question. Our team is reviewing this and will follow up within 24 hours.,Provided step-by-step instructions and relevant documentation.,23.7,0,neutral,4,0,web,EU
TCKT_023247,2023-02-06 21:56:55,CUST_02114,non_profit,web_form,billing,feature_request,medium,in_progress,standard,It would be great to have billing support in your product.,Thanks for your feature suggestion. Our team is reviewing this and will follow up within 24 hours.,,,0,negative,2,1,api_client,LATAM
TCKT_023271,2023-02-14 22:53:44,CUST_08108,small_business,chat,notifications,performance,medium,resolved,gold,Queries in the notifications module are timing out.,We understand performance issues can be frustrating. Our team is reviewing this and will follow up within 24 hours.,Optimized queries and increased resource allocation.,28.96,0,neutral,4,0,api_client,APAC
TCKT_023279,2023-02-23 19:07:15,CUST_05318,individual,in_app,login_auth,billing_problem,low,resolved,gold,My invoice amount is incorrect compared to the plan I selected.,Thanks for reaching out about the billing issue. We will look into this and get back to you within the next 48 hours.,Adjusted the invoice and issued a refund where applicable.,65.37,0,positive,4,0,api_client,LATAM
TCKT_023299,2023-02-18 04:08:15,CUST_02126,small_business,web_form,data_export,billing_problem,high,on_hold,gold,I was charged twice for my subscription this month.,Thanks for reaching out about the billing issue. We are prioritizing this and will update you as soon as possible.,,,0,neutral,0,1,desktop_app,
TCKT_023362,2023-02-21 07:50:17,CUST_03942,individual,in_app,notifications,security_concern,urgent,closed_no_action,standard,We need details about your data encryption and compliance.,We take security very seriously. This has been escalated to our on-call team for immediate attention.,Ticket closed without further action after no response from the customer.,151.83,0,negative,2,1,android,LATAM
TCKT_023477,2023-02-06 04:28:01,CUST_05228,individual,web_form,api_integration,bug,high,resolved,standard,I am seeing an error message when I click on api integration.,Thanks for reporting this bug. We are prioritizing this and will update you as soon as possible.,Patched the bug and deployed a fix to production.,10.5,0,very_negative,2,0,api_client,APAC
TCKT_023493,2023-02-22 04:27:16,CUST_09801,individual,chat,data_export,billing_problem,medium,resolved,platinum,I was charged twice for my subscription this month.,Thanks for reaching out about the billing issue. Our team is reviewing this and will follow up within 24 hours.,Adjusted the invoice and issued a refund where applicable.,41.68,0,very_negative,0,0,web,MEA
TCKT_023529,2023-02-10 06:47:30,CUST_05690,education,phone_transcript,mobile_app,security_concern,low,on_hold,standard,We need details about your data encryption and compliance.,We take security very seriously. We will look into this and get back to you within the next 48 hours.,,,1,neutral,3,0,android,LATAM
TCKT_023543,2023-02-27 17:16:02,CUST_03037,small_business,in_app,mobile_app,account_access,high,resolved,standard,My account was locked after multiple failed login attempts.,Sorry to hear you're having trouble accessing your account. We are prioritizing this and will update you as soon as possible.,Reset account credentials and confirmed successful login.,12.88,0,negative,0,0,api_client,EU
TCKT_023544,2023-02-09 03:16:58,CUST_06966,non_profit,web_form,billing,feature_request,low,in_progress,platinum,Our team needs more advanced options for billing.,Thanks for your feature suggestion. We will look into this and get back to you within the next 48 hours.,,,0,positive,4,0,desktop_app,LATAM
TCKT_023557,2023-02-05 13:31:02,CUST_05453,education,email,api_integration,how_to,low,on_hold,standard,Can you explain how to configure api integration properly?,Happy to help with your question. We will look into this and get back to you within the next 48 hours.,,,0,neutral,4,0,desktop_app,LATAM
TCKT_023622,2023-02-10 17:09:19,CUST_09867,education,web_form,analytics_dashboard,other,low,resolved,standard,"Something seems off, can you please check my workspace?",Thanks for contacting support. We will look into this and get back to you within the next 48 hours.,Provided general guidance and confirmed the issue was resolved.,43.55,0,positive,0,1,web,LATAM
TCKT_023785,2023-02-15 23:14:47,CUST_06213,non_profit,chat,notifications,account_access,medium,in_progress,standard,My account was locked after multiple failed login attempts.,Sorry to hear you're having trouble accessing your account. Our team is reviewing this and will follow up within 24 hours.,,,0,positive,0,0,ios,LATAM
TCKT_023840,2023-02-07 22:43:24,CUST_04915,non_profit,phone_transcript,api_integration,billing_problem,medium,resolved,standard,I was charged twice for my subscription this month.,Thanks for reaching out about the billing issue. Our team is reviewing this and will follow up within 24 hours.,Adjusted the invoice and issued a refund where applicable.,24.03,0,negative,3,0,api_client,LATAM
TCKT_023868,2023-02-01 14:21:06,CUST_08989,individual,email,mobile_app,how_to,high,in_progress,gold,Can you explain how to configure mobile app properly?,Happy to help with your question. We are prioritizing this and will update you as soon as possible.,,,0,very_positive,5,0,web,MEA
TCKT_023965,2023-02-07 22:44:28,CUST_04102,education,phone_transcript,notifications,performance,medium,closed_no_action,standard,Queries in the notifications module are timing out.,We understand performance issues can be frustrating. Our team is reviewing this and will follow up within 24 hours.,Ticket closed without further action after no response from the customer.,225.86,0,very_negative,0,1,android,EU
TCKT_023969,2023-02-21 13:45:14,CUST_02130,enterprise,chat,analytics_dashboard,feature_request,low,resolved,standard,Our team needs more advanced options for analytics dashboard.,Thanks for your feature suggestion. We will look into this and get back to you within the next 48 hours.,Captured the request and added it to the product backlog.,57.18,0,neutral,4,1,android,APAC
TCKT_024040,2023-02-17 01:19:57,CUST_02133,small_business,chat,mobile_app,billing_problem,low,resolved,standard,I was charged twice for my subscription this month.,Thanks for reaching out about the billing issue. We will look into this and get back to you within the next 48 hours.,Adjusted the invoice and issued a refund where applicable.,44.21,0,very_negative,0,1,api_client,LATAM
TCKT_024133,2023-02-27 17:44:18,CUST_01647,education,email,mobile_app,bug,medium,open,standard,I am seeing an error message when I click on mobile app.,Thanks for reporting this bug. Our team is reviewing this and will follow up within 24 hours.,,,0,positive,0,1,desktop_app,APAC
TCKT_024171,2023-02-04 14:35:49,CUST_05933,non_profit,in_app,analytics_dashboard,other,medium,resolved,gold,I need help but I'm not sure which category this fits in.,Thanks for contacting support. Our team is reviewing this and will follow up within 24 hours.,Provided general guidance and confirmed the issue was resolved.,14.96,1,negative,2,0,api_client,LATAM
TCKT_024174,2023-02-09 12:29:32,CUST_04110,individual,web_form,billing,security_concern,high,open,gold,I noticed a suspicious login on my account.,We take security very seriously. We are prioritizing this and will update you as soon as possible.,,,1,neutral,3,0,ios,APAC
TCKT_024252,2023-02-17 08:32:40,CUST_08604,individual,phone_transcript,notifications,how_to,urgent,in_progress,standard,Can you explain how to configure notifications properly?,Happy to help with your question. This has been escalated to our on-call team for immediate attention.,,,0,positive,4,0,ios,MEA
TCKT_024305,2023-02-03 18:57:31,CUST_00239,enterprise,chat,mobile_app,performance,medium,in_progress,standard,Queries in the mobile app module are timing out.,We understand performance issues can be frustrating. Our team is reviewing this and will follow up within 24 hours.,,,0,neutral,0,0,android,LATAM
TCKT_024342,2023-02-03 02:05:19,CUST_03238,individual,in_app,data_export,bug,urgent,closed_no_action,standard,I am seeing an error message when I click on data export.,Thanks for reporting this bug. This has been escalated to our on-call team for immediate attention.,Ticket closed without further action after no response from the customer.,201.09,0,negative,0,0,ios,EU
TCKT_024346,2023-02-02 20:15:34,CUST_08479,small_business,in_app,analytics_dashboard,billing_problem,urgent,resolved,standard,I was charged twice for my subscription this month.,Thanks for reaching out about the billing issue. This has been escalated to our on-call team for immediate attention.,Adjusted the invoice and issued a refund where applicable.,5.25,0,very_positive,0,0,web,LATAM
TCKT_024354,2023-02-21 08:02:04,CUST_08258,small_business,in_app,billing,bug,medium,in_progress,standard,The page keeps crashing whenever I try to open the billing section.,Thanks for reporting this bug. Our team is reviewing this and will follow up within 24 hours.,,,0,very_negative,1,0,ios,LATAM
TCKT_024378,2023-02-02 22:42:15,CUST_02692,non_profit,email,data_export,other,low,resolved,gold,I need help but I'm not sure which category this fits in.,Thanks for contacting support. We will look into this and get back to you within the next 48 hours.,Provided general guidance and confirmed the issue was resolved.,10.39,0,neutral,3,0,desktop_app,LATAM
TCKT_024475,2023-02-25 16:57:46,CUST_04098,non_profit,web_form,notifications,bug,low,on_hold,standard,I am seeing an error message when I click on notifications.,Thanks for reporting this bug. We will look into this and get back to you within the next 48 hours.,,,0,negative,2,0,web,APAC
TCKT_024547,2023-02-03 21:57:02,CUST_06368,small_business,email,mobile_app,how_to,urgent,resolved,gold,How can I export my data from the mobile app section?,Happy to help with your question. This has been escalated to our on-call team for immediate attention.,Provided step-by-step instructions and relevant documentation.,4.09,0,negative,3,0,android,APAC
TCKT_024550,2023-02-05 20:38:14,CUST_08776,individual,email,notifications,account_access,low,in_progress,standard,I cannot log in; the system says my password is incorrect.,Sorry to hear you're having trouble accessing your account. We will look into this and get back to you within the next 48 hours.,,,0,positive,0,1,web,
TCKT_024567,2023-02-09 22:54:24,CUST_02334,education,web_form,login_auth,other,low,resolved,standard,I have a general question about my account.,Thanks for contacting support. We will look into this and get back to you within the next 48 hours.,Provided general guidance and confirmed the issue was resolved.,15.81,0,neutral,3,0,desktop_app,MEA
TCKT_024602,2023-02-06 12:16:31,CUST_08685,enterprise,in_app,analytics_dashboard,billing_problem,medium,open,standard,I downgraded my plan but I am still being billed for the higher tier.,Thanks for reaching out about the billing issue. Our team is reviewing this and will follow up within 24 hours.,,,0,negative,2,0,desktop_app,MEA
TCKT_024606,2023-02-14 20:47:43,CUST_06798,enterprise,web_form,analytics_dashboard,performance,medium,resolved,gold,Overall performance has degraded in the last few days.,We understand performance issues can be frustrating. Our team is reviewing this and will follow up within 24 hours.,Optimized queries and increased resource allocation.,11.81,0,neutral,4,0,web,MEA
TCKT_024649,2023-02-07 15:20:26,CUST_08338,small_business,in_app,notifications,performance,medium,resolved,gold,Queries in the notifications module are timing out.,We understand performance issues can be frustrating. Our team is reviewing this and will follow up within 24 hours.,Optimized queries and increased resource allocation.,6.25,0,very_negative,2,1,desktop_app,LATAM
TCKT_024756,2023-02-28 11:12:28,CUST_08967,small_business,chat,login_auth,feature_request,low,closed_no_action,gold,Can you add an option to customize login auth?,Thanks for your feature suggestion. We will look into this and get back to you within the next 48 hours.,Ticket closed without further action after no response from the customer.,84.46,0,positive,5,1,web,
TCKT_024868,2023-02-22 19:28:10,CUST_05020,enterprise,email,mobile_app,security_concern,medium,resolved,gold,We need details about your data encryption and compliance.,We take security very seriously. Our team is reviewing this and will follow up within 24 hours.,"Investigated logs, mitigated the issue, and updated security settings.",13.63,0,negative,0,0,api_client,MEA
TCKT_024878,2023-02-08 02:19:28,CUST_01918,small_business,in_app,api_integration,other,low,in_progress,standard,I need help but I'm not sure which category this fits in.,Thanks for contacting support. We will look into this and get back to you within the next 48 hours.,,,0,very_positive,5,0,android,MEA
TCKT_024881,2023-02-12 08:35:00,CUST_08453,non_profit,phone_transcript,data_export,other,medium,in_progress,standard,"Something seems off, can you please check my workspace?",Thanks for contacting support. Our team is reviewing this and will follow up within 24 hours.,,,0,very_positive,0,0,web,EU
TCKT_024903,2023-02-06 15:24:19,CUST_05607,non_profit,web_form,analytics_dashboard,billing_problem,high,resolved,standard,I downgraded my plan but I am still being billed for the higher tier.,Thanks for reaching out about the billing issue. We are prioritizing this and will update you as soon as possible.,Adjusted the invoice and issued a refund where applicable.,20.95,0,neutral,4,0,android,APAC
TCKT_024908,2023-02-11 18:57:58,CUST_02654,non_profit,web_form,login_auth,performance,low,resolved,standard,Queries in the login auth module are timing out.,We understand performance issues can be frustrating. We will look into this and get back to you within the next 48 hours.,Optimized queries and increased resource allocation.,23.37,0,very_positive,5,0,android,APAC
TCKT_024973,2023-02-27 07:47:48,CUST_06050,small_business,web_form,login_auth,billing_problem,low,resolved,platinum,I was charged twice for my subscription this month.,Thanks for reaching out about the billing issue. We will look into this and get back to you within the next 48 hours.,Adjusted the invoice and issued a refund where applicable.,21.94,0,neutral,4,1,api_client,MEA
TCKT_025012,2023-02-07 04:01:06,CUST_08124,individual,phone_transcript,notifications,bug,medium,resolved,standard,The page keeps crashing whenever I try to open the notifications section.,Thanks for reporting this bug. Our team is reviewing this and will follow up within 24 hours.,Patched the bug and deployed a fix to production.,24.81,0,positive,4,0,api_client,EU
TCKT_025061,2023-02-09 15:36:42,CUST_07717,non_profit,in_app,analytics_dashboard,how_to,high,open,platinum,How can I export my data from the analytics dashboard section?,Happy to help with your question. We are prioritizing this and will update you as soon as possible.,,,0,neutral,3,0,api_client,
TCKT_025113,2023-02-25 17:50:20,CUST_05351,education,in_app,billing,bug,high,on_hold,standard,The page keeps crashing whenever I try to open the billing section.,Thanks for reporting this bug. We are prioritizing this and will update you as soon as possible.,,,0,very_negative,1,0,api_client,MEA
TCKT_025149,2023-02-02 07:23:34,CUST_09548,individual,chat,billing,billing_problem,medium,open,gold,I downgraded my plan but I am still being billed for the higher tier.,Thanks for reaching out about the billing issue. Our team is reviewing this and will follow up within 24 hours.,,,0,very_negative,2,0,desktop_app,EU
TCKT_025151,2023-02-19 00:50:23,CUST_01355,non_profit,phone_transcript,data_export,bug,high,resolved,gold,The page keeps crashing whenever I try to open the data export section.,Thanks for reporting this bug. We are prioritizing this and will update you as soon as possible.,Patched the bug and deployed a fix to production.,20.64,0,very_negative,2,0,api_client,
TCKT_025338,2023-02-17 01:19:57,CUST_06869,small_business,web_form,analytics_dashboard,performance,high,resolved,standard,Overall performance has degraded in the last few days.,We understand performance issues can be frustrating. We are prioritizing this and will update you as soon as possible.,Optimized queries and increased resource allocation.,21.64,0,negative,0,0,desktop_app,MEA
TCKT_025381,2023-02-15 06:58:53,CUST_00767,non_profit,chat,data_export,billing_problem,low,in_progress,standard,I was charged twice for my subscription this month.,Thanks for reaching out about the billing issue. We will look into this and get back to you within the next 48 hours.,,,0,very_negative,1,0,ios,MEA
TCKT_025436,2023-02-28 03:18:21,CUST_08658,enterprise,chat,api_integration,bug,medium,resolved,standard,The api integration feature is not saving my changes.,Thanks for reporting this bug. Our team is reviewing this and will follow up within 24 hours.,Patched the bug and deployed a fix to production.,5.36,0,neutral,0,0,web,EU
TCKT_025450,2023-02-01 13:08:23,CUST_02460,non_profit,web_form,notifications,account_access,medium,on_hold,platinum,My account was locked after multiple failed login attempts.,Sorry to hear you're having trouble accessing your account. Our team is reviewing this and will follow up within 24 hours.,,,0,positive,4,0,android,EU
TCKT_025488,2023-02-01 01:32:13,CUST_09702,small_business,email,login_auth,billing_problem,low,open,standard,I was charged twice for my subscription this month.,Thanks for reaching out about the billing issue. We will look into this and get back to you within the next 48 hours.,,,0,very_negative,1,1,api_client,
TCKT_025500,2023-02-23 16:55:56,CUST_00099,enterprise,in_app,notifications,account_access,high,resolved,standard,I cannot log in; the system says my password is incorrect.,Sorry to hear you're having trouble accessing your account. We are prioritizing this and will update you as soon as possible.,Reset account credentials and confirmed successful login.,13.32,0,neutral,0,1,android,EU
TCKT_025561,2023-02-18 03:49:36,CUST_03337,enterprise,chat,notifications,account_access,low,on_hold,standard,My account was locked after multiple failed login attempts.,Sorry to hear you're having trouble accessing your account. We will look into this and get back to you within the next 48 hours.,,,0,negative,2,0,ios,MEA
TCKT_025578,2023-02-01 00:08:05,CUST_00864,non_profit,in_app,analytics_dashboard,account_access,medium,open,standard,I cannot log in; the system says my password is incorrect.,Sorry to hear you're having trouble accessing your account. Our team is reviewing this and will follow up within 24 hours.,,,0,neutral,3,0,ios,EU
TCKT_025722,2023-02-22 03:04:35,CUST_05578,education,web_form,api_integration,account_access,medium,resolved,gold,I cannot log in; the system says my password is incorrect.,Sorry to hear you're having trouble accessing your account. Our team is reviewing this and will follow up within 24 hours.,Reset account credentials and confirmed successful login.,42.63,0,neutral,0,0,web,LATAM
TCKT_025790,2023-02-21 03:27:14,CUST_02734,individual,chat,notifications,how_to,medium,closed_no_action,gold,I need help setting up notifications for my team.,Happy to help with your question. Our team is reviewing this and will follow up within 24 hours.,Ticket closed without further action after no response from the customer.,46.44,0,neutral,0,0,ios,APAC
TCKT_025880,2023-02-28 06:13:22,CUST_05774,small_business,in_app,data_export,account_access,low,closed_no_action,standard,I cannot log in; the system says my password is incorrect.,Sorry to hear you're having trouble accessing your account. We will look into this and get back to you within the next 48 hours.,Ticket closed without further action after no response from the customer.,224.74,0,positive,4,0,desktop_app,
TCKT_025922,2023-02-14 21:50:37,CUST_08622,non_profit,chat,billing,feature_request,medium,resolved,standard,It would be great to have billing support in your product.,Thanks for your feature suggestion. Our team is reviewing this and will follow up within 24 hours.,Captured the request and added it to the product backlog.,20.15,0,positive,4,0,api_client,MEA
TCKT_025923,2023-02-28 20:06:51,CUST_03253,enterprise,email,data_export,feature_request,medium,in_progress,gold,Can you add an option to customize data export?,Thanks for your feature suggestion. Our team is reviewing this and will follow up within 24 hours.,,,0,positive,4,1,api_client,EU
TCKT_026008,2023-02-25 21:46:07,CUST_00504,enterprise,web_form,data_export,security_concern,low,open,platinum,I noticed a suspicious login on my account.,We take security very seriously. We will look into this and get back to you within the next 48 hours.,,,1,neutral,3,1,desktop_app,LATAM
TCKT_026035,2023-02-13 18:13:59,CUST_01158,education,web_form,billing,performance,low,open,gold,The billing page is very slow and takes a long time to load.,We understand performance issues can be frustrating. We will look into this and get back to you within the next 48 hours.,,,0,positive,5,0,android,APAC
TCKT_026060,2023-02-20 12:37:34,CUST_07329,small_business,chat,data_export,bug,low,resolved,standard,I am seeing an error message when I click on data export.,Thanks for reporting this bug. We will look into this and get back to you within the next 48 hours.,Patched the bug and deployed a fix to production.,13.36,0,very_negative,0,1,web,APAC
TCKT_026118,2023-02-13 05:25:13,CUST_06365,individual,in_app,mobile_app,performance,low,on_hold,standard,The mobile app page is very slow and takes a long time to load.,We understand performance issues can be frustrating. We will look into this and get back to you within the next 48 hours.,,,0,negative,3,0,ios,EU
TCKT_026184,2023-02-09 02:00:18,CUST_07356,enterprise,phone_transcript,login_auth,performance,medium,resolved,standard,Overall performance has degraded in the last few days.,We understand performance issues can be frustrating. Our team is reviewing this and will follow up within 24 hours.,Optimized queries and increased resource allocation.,7.06,0,very_negative,2,1,web,APAC
TCKT_026189,2023-02-09 22:55:18,CUST_08212,individual,in_app,analytics_dashboard,other,low,resolved,gold,"Something seems off, can you please check my workspace?",Thanks for contacting support. We will look into this and get back to you within the next 48 hours.,Provided general guidance and confirmed the issue was resolved.,37.19,0,positive,5,1,web,EU
TCKT_026237,2023-02-21 00:58:11,CUST_06063,small_business,chat,analytics_dashboard,bug,low,in_progress,standard,The analytics dashboard feature is not saving my changes.,Thanks for reporting this bug. We will look into this and get back to you within the next 48 hours.,,,1,very_positive,5,0,android,MEA
TCKT_026281,2023-02-24 20:38:23,CUST_09238,non_profit,web_form,login_auth,bug,medium,resolved,gold,I am seeing an error message when I click on login auth.,Thanks for reporting this bug. Our team is reviewing this and will follow up within 24 hours.,Patched the bug and deployed a fix to production.,24.74,0,negative,3,0,api_client,
TCKT_026307,2023-02-17 21:24:37,CUST_06250,non_profit,in_app,mobile_app,bug,low,open,standard,I am seeing an error message when I click on mobile app.,Thanks for reporting this bug. We will look into this and get back to you within the next 48 hours.,,,1,neutral,0,1,ios,MEA
TCKT_026343,2023-02-22 15:40:28,CUST_08396,non_profit,phone_transcript,api_integration,account_access,low,on_hold,gold,I cannot log in; the system says my password is incorrect.,Sorry to hear you're having trouble accessing your account. We will look into this and get back to you within the next 48 hours.,,,0,negative,2,0,android,LATAM
TCKT_026346,2023-02-14 18:18:08,CUST_02131,non_profit,web_form,data_export,account_access,medium,resolved,platinum,My account was locked after multiple failed login attempts.,Sorry to hear you're having trouble accessing your account. Our team is reviewing this and will follow up within 24 hours.,Reset account credentials and confirmed successful login.,38.87,0,very_negative,2,0,web,
TCKT_026484,2023-02-28 22:54:59,CUST_04645,small_business,phone_transcript,billing,how_to,low,on_hold,gold,Can you explain how to configure billing properly?,Happy to help with your question. We will look into this and get back to you within the next 48 hours.,,,0,neutral,3,0,api_client,APAC
TCKT_026544,2023-02-21 21:44:51,CUST_02301,individual,in_app,data_export,bug,high,resolved,standard,The page keeps crashing whenever I try to open the data export section.,Thanks for reporting this bug. We are prioritizing this and will update you as soon as possible.,Patched the bug and deployed a fix to production.,13.65,0,neutral,4,0,desktop_app,LATAM
TCKT_026629,2023-02-16 06:43:26,CUST_02312,non_profit,chat,data_export,how_to,low,on_hold,standard,How can I export my data from the data export section?,Happy to help with your question. We will look into this and get back to you within the next 48 hours.,,,0,neutral,4,0,web,EU
TCKT_026695,2023-02-19 13:49:58,CUST_02894,education,email,mobile_app,account_access,low,in_progress,standard,My account was locked after multiple failed login attempts.,Sorry to hear you're having trouble accessing your account. We will look into this and get back to you within the next 48 hours.,,,0,neutral,3,0,android,MEA
TCKT_026696,2023-02-09 00:24:37,CUST_09547,education,phone_transcript,login_auth,how_to,low,open,standard,Can you explain how to configure login auth properly?,Happy to help with your question. We will look into this and get back to you within the next 48 hours.,,,0,negative,0,0,ios,APAC
TCKT_026703,2023-02-18 12:12:02,CUST_05371,enterprise,phone_transcript,billing,other,low,closed_no_action,standard,"Something seems off, can you please check my workspace?",Thanks for contacting support. We will look into this and get back to you within the next 48 hours.,Ticket closed without further action after no response from the customer.,159.25,0,positive,5,1,web,LATAM
TCKT_026729,2023-02-25 03:59:31,CUST_06005,non_profit,in_app,data_export,other,medium,resolved,gold,"Something seems off, can you please check my workspace?",Thanks for contacting support. Our team is reviewing this and will follow up within 24 hours.,Provided general guidance and confirmed the issue was resolved.,28.7,0,neutral,3,0,ios,
TCKT_026896,2023-02-05 18:48:06,CUST_09229,small_business,chat,notifications,how_to,medium,closed_no_action,standard,Can you explain how to configure notifications properly?,Happy to help with your question. Our team is reviewing this and will follow up within 24 hours.,Ticket closed without further action after no response from the customer.,54.09,0,very_positive,5,0,web,EU
TCKT_026943,2023-02-06 10:24:23,CUST_04428,non_profit,web_form,analytics_dashboard,performance,medium,resolved,platinum,The analytics dashboard page is very slow and takes a long time to load.,We understand performance issues can be frustrating. Our team is reviewing this and will follow up within 24 hours.,Optimized queries and increased resource allocation.,7.09,0,negative,2,0,desktop_app,EU
TCKT_026963,2023-02-08 08:02:21,CUST_04222,non_profit,web_form,api_integration,other,low,in_progress,standard,"Something seems off, can you please check my workspace?",Thanks for contacting support. We will look into this and get back to you within the next 48 hours.,,,0,neutral,0,0,api_client,EU
TCKT_027158,2023-02-28 07:55:18,CUST_03986,small_business,chat,billing,performance,low,open,standard,The billing page is very slow and takes a long time to load.,We understand performance issues can be frustrating. We will look into this and get back to you within the next 48 hours.,,,0,negative,2,0,api_client,
TCKT_027177,2023-02-26 10:30:08,CUST_06465,individual,in_app,mobile_app,feature_request,high,resolved,platinum,Can you add an option to customize mobile app?,Thanks for your feature suggestion. We are prioritizing this and will update you as soon as possible.,Captured the request and added it to the product backlog.,21.87,0,neutral,3,0,api_client,MEA
TCKT_027283,2023-02-20 05:34:39,CUST_08720,non_profit,chat,billing,how_to,medium,resolved,standard,Can you explain how to configure billing properly?,Happy to help with your question. Our team is reviewing this and will follow up within 24 hours.,Provided step-by-step instructions and relevant documentation.,22.7,0,neutral,0,1,web,
TCKT_027288,2023-02-20 23:41:00,CUST_09461,non_profit,web_form,analytics_dashboard,how_to,medium,resolved,standard,Can you explain how to configure analytics dashboard properly?,Happy to help with your question. Our team is reviewing this and will follow up within 24 hours.,Provided step-by-step instructions and relevant documentation.,30.42,0,positive,4,0,desktop_app,
TCKT_027411,2023-02-10 09:45:32,CUST_05691,small_business,chat,notifications,security_concern,high,on_hold,gold,We need details about your data encryption and compliance.,We take security very seriously. We are prioritizing this and will update you as soon as possible.,,,0,negative,0,0,android,LATAM
TCKT_027654,2023-02-16 05:31:50,CUST_00985,individual,chat,mobile_app,bug,high,in_progress,gold,I am seeing an error message when I click on mobile app.,Thanks for reporting this bug. We are prioritizing this and will update you as soon as possible.,,,0,positive,5,0,android,APAC
TCKT_027755,2023-02-22 22:36:18,CUST_04768,non_profit,email,billing,bug,low,in_progress,standard,The billing feature is not saving my changes.,Thanks for reporting this bug. We will look into this and get back to you within the next 48 hours.,,,0,very_negative,1,1,api_client,
TCKT_027770,2023-02-09 05:04:20,CUST_00053,non_profit,phone_transcript,api_integration,other,low,in_progress,standard,I need help but I'm not sure which category this fits in.,Thanks for contacting support. We will look into this and get back to you within the next 48 hours.,,,0,very_positive,0,0,ios,
TCKT_027771,2023-02-28 02:42:56,CUST_06664,small_business,phone_transcript,mobile_app,how_to,medium,resolved,standard,I need help setting up mobile app for my team.,Happy to help with your question. Our team is reviewing this and will follow up within 24 hours.,Provided step-by-step instructions and relevant documentation.,47.36,1,positive,4,0,desktop_app,LATAM
TCKT_027786,2023-02-20 00:04:35,CUST_05736,education,chat,mobile_app,performance,medium,in_progress,standard,The mobile app page is very slow and takes a long time to load.,We understand performance issues can be frustrating. Our team is reviewing this and will follow up within 24 hours.,,,0,positive,4,0,ios,EU
TCKT_027875,2023-02-15 13:00:36,CUST_05288,non_profit,in_app,analytics_dashboard,performance,low,resolved,standard,Queries in the analytics dashboard module are timing out.,We understand performance issues can be frustrating. We will look into this and get back to you within the next 48 hours.,Optimized queries and increased resource allocation.,66.32,0,positive,4,0,desktop_app,MEA
TCKT_027906,2023-02-16 12:46:35,CUST_05589,non_profit,email,notifications,account_access,medium,open,standard,I cannot log in; the system says my password is incorrect.,Sorry to hear you're having trouble accessing your account. Our team is reviewing this and will follow up within 24 hours.,,,0,negative,3,1,desktop_app,EU
TCKT_027938,2023-02-08 15:24:48,CUST_07250,individual,phone_transcript,billing,bug,medium,resolved,standard,The billing feature is not saving my changes.,Thanks for reporting this bug. Our team is reviewing this and will follow up within 24 hours.,Patched the bug and deployed a fix to production.,36.69,0,negative,0,1,android,EU
TCKT_027992,2023-02-10 18:58:33,CUST_09027,small_business,chat,analytics_dashboard,billing_problem,medium,resolved,platinum,I downgraded my plan but I am still being billed for the higher tier.,Thanks for reaching out about the billing issue. Our team is reviewing this and will follow up within 24 hours.,Adjusted the invoice and issued a refund where applicable.,37.97,0,negative,3,0,api_client,MEA
TCKT_027996,2023-02-06 08:34:51,CUST_07344,non_profit,in_app,notifications,bug,high,closed_no_action,standard,I am seeing an error message when I click on notifications.,Thanks for reporting this bug. We are prioritizing this and will update you as soon as possible.,Ticket closed without further action after no response from the customer.,63.07,0,negative,3,1,web,
TCKT_028017,2023-02-16 22:03:12,CUST_08509,individual,in_app,mobile_app,feature_request,medium,resolved,gold,Can you add an option to customize mobile app?,Thanks for your feature suggestion. Our team is reviewing this and will follow up within 24 hours.,Captured the request and added it to the product backlog.,12.49,0,positive,0,0,android,
TCKT_028019,2023-02-07 14:34:23,CUST_08679,education,in_app,mobile_app,security_concern,medium,resolved,gold,There seems to be a vulnerability in the mobile app functionality.,We take security very seriously. Our team is reviewing this and will follow up within 24 hours.,"Investigated logs, mitigated the issue, and updated security settings.",7.11,0,very_negative,2,0,desktop_app,
TCKT_028092,2023-02-16 03:56:48,CUST_01798,individual,web_form,billing,performance,low,on_hold,standard,Overall performance has degraded in the last few days.,We understand performance issues can be frustrating. We will look into this and get back to you within the next 48 hours.,,,0,neutral,0,0,android,LATAM
TCKT_028165,2023-02-14 15:13:11,CUST_08146,enterprise,email,analytics_dashboard,account_access,high,in_progress,platinum,My account was locked after multiple failed login attempts.,Sorry to hear you're having trouble accessing your account. We are prioritizing this and will update you as soon as possible.,,,1,negative,2,0,desktop_app,APAC
TCKT_028194,2023-02-21 19:11:39,CUST_05798,enterprise,phone_transcript,api_integration,billing_problem,high,closed_no_action,standard,I downgraded my plan but I am still being billed for the higher tier.,Thanks for reaching out about the billing issue. We are prioritizing this and will update you as soon as possible.,Ticket closed without further action after no response from the customer.,163.8,0,neutral,3,0,ios,LATAM
TCKT_028241,2023-02-03 19:26:03,CUST_01162,small_business,chat,api_integration,other,medium,in_progress,standard,I need help but I'm not sure which category this fits in.,Thanks for contacting support. Our team is reviewing this and will follow up within 24 hours.,,,0,negative,0,0,api_client,APAC
TCKT_028353,2023-02-09 00:11:32,CUST_09980,non_profit,phone_transcript,api_integration,bug,low,in_progress,standard,I am seeing an error message when I click on api integration.,Thanks for reporting this bug. We will look into this and get back to you within the next 48 hours.,,,0,neutral,3,0,api_client,
TCKT_028439,2023-02-25 17:25:27,CUST_06096,individual,web_form,billing,how_to,low,closed_no_action,standard,How can I export my data from the billing section?,Happy to help with your question. We will look into this and get back to you within the next 48 hours.,Ticket closed without further action after no response from the customer.,74.67,0,neutral,4,0,web,EU
TCKT_028484,2023-02-27 07:52:53,CUST_01753,enterprise,phone_transcript,data_export,account_access,medium,in_progress,gold,My 2FA code is not working when I try to sign in.,Sorry to hear you're having trouble accessing your account. Our team is reviewing this and will follow up within 24 hours.,,,0,negative,0,0,web,APAC
TCKT_028501,2023-02-02 22:24:32,CUST_06373,enterprise,chat,notifications,how_to,high,in_progress,standard,Can you explain how to configure notifications properly?,Happy to help with your question. We are prioritizing this and will update you as soon as possible.,,,0,neutral,3,1,ios,EU
TCKT_028669,2023-02-12 11:14:20,CUST_07449,non_profit,phone_transcript,data_export,security_concern,medium,resolved,standard,I noticed a suspicious login on my account.,We take security very seriously. Our team is reviewing this and will follow up within 24 hours.,"Investigated logs, mitigated the issue, and updated security settings.",26.68,0,neutral,0,1,ios,APAC
TCKT_028677,2023-02-13 07:41:19,CUST_05641,small_business,phone_transcript,mobile_app,other,high,resolved,standard,I need help but I'm not sure which category this fits in.,Thanks for contacting support. We are prioritizing this and will update you as soon as possible.,Provided general guidance and confirmed the issue was resolved.,10.03,0,neutral,3,1,desktop_app,MEA
TCKT_028696,2023-02-12 00:14:41,CUST_08104,individual,email,data_export,bug,medium,closed_no_action,gold,The page keeps crashing whenever I try to open the data export section.,Thanks for reporting this bug. Our team is reviewing this and will follow up within 24 hours.,Ticket closed without further action after no response from the customer.,143.3,0,very_positive,5,0,android,
TCKT_028714,2023-02-16 04:32:12,CUST_01821,small_business,web_form,mobile_app,how_to,low,resolved,gold,How can I export my data from the mobile app section?,Happy to help with your question. We will look into this and get back to you within the next 48 hours.,Provided step-by-step instructions and relevant documentation.,62.52,0,positive,4,1,api_client,EU
TCKT_028768,2023-02-26 02:24:52,CUST_01330,non_profit,in_app,notifications,other,medium,in_progress,standard,"Something seems off, can you please check my workspace?",Thanks for contacting support. Our team is reviewing this and will follow up within 24 hours.,,,0,negative,3,0,web,APAC
TCKT_028827,2023-02-23 10:37:18,CUST_03711,education,in_app,login_auth,billing_problem,medium,resolved,standard,I downgraded my plan but I am still being billed for the higher tier.,Thanks for reaching out about the billing issue. Our team is reviewing this and will follow up within 24 hours.,Adjusted the invoice and issued a refund where applicable.,17.41,0,negative,0,0,web,
TCKT_028920,2023-02-06 19:22:40,CUST_05801,enterprise,chat,mobile_app,account_access,urgent,resolved,standard,My account was locked after multiple failed login attempts.,Sorry to hear you're having trouble accessing your account. This has been escalated to our on-call team for immediate attention.,Reset account credentials and confirmed successful login.,2.32,0,neutral,0,1,ios,EU
TCKT_028943,2023-02-15 10:27:55,CUST_06910,non_profit,email,login_auth,bug,medium,resolved,standard,The login auth feature is not saving my changes.,Thanks for reporting this bug. Our team is reviewing this and will follow up within 24 hours.,Patched the bug and deployed a fix to production.,46.47,0,negative,3,1,api_client,
TCKT_028952,2023-02-20 01:52:27,CUST_06822,individual,in_app,data_export,feature_request,medium,on_hold,standard,Our team needs more advanced options for data export.,Thanks for your feature suggestion. Our team is reviewing this and will follow up within 24 hours.,,,0,negative,2,0,android,APAC
TCKT_029020,2023-02-17 14:33:35,CUST_00844,non_profit,phone_transcript,billing,performance,high,in_progress,gold,Queries in the billing module are timing out.,We understand performance issues can be frustrating. We are prioritizing this and will update you as soon as possible.,,,0,very_negative,0,0,web,APAC
TCKT_029065,2023-02-19 14:02:10,CUST_00048,small_business,chat,billing,performance,low,resolved,gold,Queries in the billing module are timing out.,We understand performance issues can be frustrating. We will look into this and get back to you within the next 48 hours.,Optimized queries and increased resource allocation.,70.49,0,very_positive,5,1,api_client,
TCKT_029122,2023-02-28 07:54:11,CUST_05296,individual,in_app,billing,security_concern,medium,resolved,standard,We need details about your data encryption and compliance.,We take security very seriously. Our team is reviewing this and will follow up within 24 hours.,"Investigated logs, mitigated the issue, and updated security settings.",44.82,1,neutral,4,0,ios,MEA
TCKT_029145,2023-02-12 08:32:40,CUST_08768,small_business,email,notifications,account_access,medium,on_hold,standard,I cannot log in; the system says my password is incorrect.,Sorry to hear you're having trouble accessing your account. Our team is reviewing this and will follow up within 24 hours.,,,0,positive,5,1,desktop_app,LATAM
TCKT_029261,2023-02-28 06:24:09,CUST_07727,individual,in_app,login_auth,how_to,low,resolved,standard,Can you explain how to configure login auth properly?,Happy to help with your question. We will look into this and get back to you within the next 48 hours.,Provided step-by-step instructions and relevant documentation.,40.7,0,positive,0,1,android,EU
TCKT_029289,2023-02-22 21:48:32,CUST_07390,non_profit,email,billing,performance,medium,resolved,standard,The billing page is very slow and takes a long time to load.,We understand performance issues can be frustrating. Our team is reviewing this and will follow up within 24 hours.,Optimized queries and increased resource allocation.,32.37,0,very_negative,0,0,web,
TCKT_029413,2023-02-08 04:51:38,CUST_07101,education,chat,api_integration,other,low,resolved,standard,I need help but I'm not sure which category this fits in.,Thanks for contacting support. We will look into this and get back to you within the next 48 hours.,Provided general guidance and confirmed the issue was resolved.,50.38,0,positive,4,0,api_client,
TCKT_029501,2023-02-15 00:53:17,CUST_07291,small_business,chat,billing,account_access,low,in_progress,standard,I cannot log in; the system says my password is incorrect.,Sorry to hear you're having trouble accessing your account. We will look into this and get back to you within the next 48 hours.,,,0,very_negative,1,0,android,
TCKT_029508,2023-02-11 16:41:56,CUST_07746,non_profit,phone_transcript,api_integration,other,urgent,resolved,gold,I have a general question about my account.,Thanks for contacting support. This has been escalated to our on-call team for immediate attention.,Provided general guidance and confirmed the issue was resolved.,4.03,0,positive,0,0,desktop_app,
TCKT_029528,2023-02-15 00:47:36,CUST_01559,enterprise,chat,analytics_dashboard,account_access,low,in_progress,standard,My account was locked after multiple failed login attempts.,Sorry to hear you're having trouble accessing your account. We will look into this and get back to you within the next 48 hours.,,,0,neutral,3,1,api_client,MEA
TCKT_029539,2023-02-21 08:44:18,CUST_07708,small_business,in_app,mobile_app,feature_request,low,resolved,standard,It would be great to have mobile app support in your product.,Thanks for your feature suggestion. We will look into this and get back to you within the next 48 hours.,Captured the request and added it to the product backlog.,57.46,0,positive,5,0,web,LATAM
TCKT_029610,2023-02-06 14:20:28,CUST_03609,non_profit,chat,notifications,how_to,medium,resolved,platinum,I need help setting up notifications for my team.,Happy to help with your question. Our team is reviewing this and will follow up within 24 hours.,Provided step-by-step instructions and relevant documentation.,7.76,0,neutral,3,1,ios,APAC
TCKT_029661,2023-02-09 12:40:45,CUST_02262,small_business,web_form,mobile_app,billing_problem,urgent,in_progress,gold,I was charged twice for my subscription this month.,Thanks for reaching out about the billing issue. This has been escalated to our on-call team for immediate attention.,,,0,negative,0,0,android,EU
TCKT_029723,2023-02-17 12:45:43,CUST_02338,individual,in_app,mobile_app,performance,medium,resolved,standard,The mobile app page is very slow and takes a long time to load.,We understand performance issues can be frustrating. Our team is reviewing this and will follow up within 24 hours.,Optimized queries and increased resource allocation.,44.69,0,neutral,0,0,android,MEA
TCKT_029787,2023-02-28 12:06:35,CUST_00264,enterprise,phone_transcript,data_export,how_to,urgent,closed_no_action,gold,I need help setting up data export for my team.,Happy to help with your question. This has been escalated to our on-call team for immediate attention.,Ticket closed without further action after no response from the customer.,120.3,0,neutral,3,1,desktop_app,LATAM
TCKT_029814,2023-02-22 15:41:41,CUST_03106,individual,web_form,billing,performance,medium,on_hold,standard,Overall performance has degraded in the last few days.,We understand performance issues can be frustrating. Our team is reviewing this and will follow up within 24 hours.,,,0,negative,0,0,api_client,LATAM
TCKT_029831,2023-02-17 13:19:31,CUST_05807,enterprise,chat,analytics_dashboard,feature_request,high,in_progress,standard,Can you add an option to customize analytics dashboard?,Thanks for your feature suggestion. We are prioritizing this and will update you as soon as possible.,,,0,neutral,0,0,ios,LATAM
TCKT_029839,2023-02-28 02:26:39,CUST_05149,small_business,web_form,data_export,account_access,medium,resolved,standard,My account was locked after multiple failed login attempts.,Sorry to hear you're having trouble accessing your account. Our team is reviewing this and will follow up within 24 hours.,Reset account credentials and confirmed successful login.,32.52,0,negative,3,0,web,APAC
TCKT_029893,2023-02-25 06:38:16,CUST_00300,education,chat,analytics_dashboard,account_access,medium,resolved,standard,My 2FA code is not working when I try to sign in.,Sorry to hear you're having trouble accessing your account. Our team is reviewing this and will follow up within 24 hours.,Reset account credentials and confirmed successful login.,23.81,0,very_negative,0,1,desktop_app,LATAM
TCKT_029896,2023-02-18 09:33:14,CUST_09690,individual,phone_transcript,mobile_app,security_concern,high,in_progress,gold,I noticed a suspicious login on my account.,We take security very seriously. We are prioritizing this and will update you as soon as possible.,,,0,very_negative,1,0,desktop_app,LATAM
TCKT_029918,2023-02-01 06:25:47,CUST_04684,individual,chat,analytics_dashboard,how_to,urgent,resolved,standard,How can I export my data from the analytics dashboard section?,Happy to help with your question. This has been escalated to our on-call team for immediate attention.,Provided step-by-step instructions and relevant documentation.,2.0,0,neutral,4,0,web,EU
TCKT_029941,2023-02-08 10:30:39,CUST_03257,enterprise,chat,mobile_app,performance,low,resolved,standard,Overall performance has degraded in the last few days.,We understand performance issues can be frustrating. We will look into this and get back to you within the next 48 hours.,Optimized queries and increased resource allocation.,61.06,0,neutral,4,1,android,APAC
TCKT_029953,2023-02-26 04:21:25,CUST_02815,small_business,email,mobile_app,account_access,medium,in_progress,standard,I cannot log in; the system says my password is incorrect.,Sorry to hear you're having trouble accessing your account. Our team is reviewing this and will follow up within 24 hours.,,,0,positive,0,1,ios,
TCKT_029967,2023-02-21 13:57:02,CUST_04402,individual,web_form,mobile_app,how_to,medium,open,standard,I need help setting up mobile app for my team.,Happy to help with your question. Our team is reviewing this and will follow up within 24 hours.,,,0,positive,5,1,api_client,
TCKT_029992,2023-02-06 16:28:23,CUST_00408,individual,in_app,api_integration,feature_request,medium,open,platinum,Can you add an option to customize api integration?,Thanks for your feature suggestion. Our team is reviewing this and will follow up within 24 hours.,,,0,positive,0,1,android,
TCKT_030016,2023-02-17 18:07:33,CUST_06421,education,phone_transcript,notifications,bug,high,resolved,gold,I am seeing an error message when I click on notifications.,Thanks for reporting this bug. We are prioritizing this and will update you as soon as possible.,Patched the bug and deployed a fix to production.,14.06,0,positive,0,0,android,APAC
TCKT_030044,2023-02-09 16:20:22,CUST_07825,individual,chat,mobile_app,account_access,low,in_progress,standard,My 2FA code is not working when I try to sign in.,Sorry to hear you're having trouble accessing your account. We will look into this and get back to you within the next 48 hours.,,,0,negative,2,0,desktop_app,MEA
TCKT_030149,2023-02-28 01:11:30,CUST_06478,enterprise,chat,data_export,feature_request,medium,resolved,gold,Our team needs more advanced options for data export.,Thanks for your feature suggestion. Our team is reviewing this and will follow up within 24 hours.,Captured the request and added it to the product backlog.,7.94,0,neutral,4,0,ios,EU
TCKT_030320,2023-02-24 04:07:40,CUST_05620,small_business,chat,mobile_app,how_to,urgent,on_hold,standard,Can you explain how to configure mobile app properly?,Happy to help with your question. This has been escalated to our on-call team for immediate attention.,,,0,positive,0,0,ios,EU
TCKT_030334,2023-02-22 14:11:30,CUST_09590,non_profit,phone_transcript,notifications,bug,low,resolved,standard,I am seeing an error message when I click on notifications.,Thanks for reporting this bug. We will look into this and get back to you within the next 48 hours.,Patched the bug and deployed a fix to production.,19.89,0,positive,5,0,web,EU
TCKT_030346,2023-02-07 09:16:08,CUST_00586,enterprise,in_app,data_export,account_access,medium,in_progress,platinum,My account was locked after multiple failed login attempts.,Sorry to hear you're having trouble accessing your account. Our team is reviewing this and will follow up within 24 hours.,,,0,negative,2,0,web,LATAM
TCKT_030406,2023-02-15 20:05:59,CUST_04838,small_business,in_app,billing,other,high,resolved,gold,"Something seems off, can you please check my workspace?",Thanks for contacting support. We are prioritizing this and will update you as soon as possible.,Provided general guidance and confirmed the issue was resolved.,20.58,0,positive,0,0,web,APAC
TCKT_030479,2023-02-12 19:17:30,CUST_09508,enterprise,chat,data_export,billing_problem,high,resolved,standard,I downgraded my plan but I am still being billed for the higher tier.,Thanks for reaching out about the billing issue. We are prioritizing this and will update you as soon as possible.,Adjusted the invoice and issued a refund where applicable.,12.61,0,negative,2,0,android,
TCKT_030492,2023-02-06 00:22:14,CUST_08308,individual,email,notifications,bug,high,resolved,standard,The notifications feature is not saving my changes.,Thanks for reporting this bug. We are prioritizing this and will update you as soon as possible.,Patched the bug and deployed a fix to production.,9.14,0,positive,0,0,desktop_app,LATAM
TCKT_030509,2023-02-21 23:16:01,CUST_02747,individual,web_form,billing,account_access,urgent,resolved,gold,My 2FA code is not working when I try to sign in.,Sorry to hear you're having trouble accessing your account. This has been escalated to our on-call team for immediate attention.,Reset account credentials and confirmed successful login.,7.43,0,negative,2,1,api_client,
TCKT_030627,2023-02-25 14:08:33,CUST_08855,small_business,in_app,analytics_dashboard,bug,low,resolved,gold,I am seeing an error message when I click on analytics dashboard.,Thanks for reporting this bug. We will look into this and get back to you within the next 48 hours.,Patched the bug and deployed a fix to production.,66.59,0,neutral,3,0,ios,
TCKT_030634,2023-02-27 07:23:29,CUST_07253,enterprise,phone_transcript,mobile_app,other,low,resolved,standard,I need help but I'm not sure which category this fits in.,Thanks for contacting support. We will look into this and get back to you within the next 48 hours.,Provided general guidance and confirmed the issue was resolved.,58.21,0,very_negative,2,1,android,MEA
TCKT_030642,2023-02-09 22:49:13,CUST_05218,education,email,data_export,feature_request,high,closed_no_action,gold,Our team needs more advanced options for data export.,Thanks for your feature suggestion. We are prioritizing this and will update you as soon as possible.,Ticket closed without further action after no response from the customer.,203.08,0,neutral,0,0,api_client,
TCKT_030654,2023-02-23 05:07:55,CUST_02381,enterprise,in_app,data_export,bug,urgent,resolved,standard,I am seeing an error message when I click on data export.,Thanks for reporting this bug. This has been escalated to our on-call team for immediate attention.,Patched the bug and deployed a fix to production.,4.31,0,very_negative,2,0,api_client,EU
TCKT_030866,2023-02-07 19:44:02,CUST_01088,small_business,phone_transcript,notifications,account_access,high,open,platinum,My account was locked after multiple failed login attempts.,Sorry to hear you're having trouble accessing your account. We are prioritizing this and will update you as soon as possible.,,,0,very_negative,0,1,api_client,
TCKT_030873,2023-02-21 05:21:40,CUST_09707,education,email,analytics_dashboard,bug,low,resolved,standard,The page keeps crashing whenever I try to open the analytics dashboard section.,Thanks for reporting this bug. We will look into this and get back to you within the next 48 hours.,Patched the bug and deployed a fix to production.,9.81,0,very_positive,5,0,ios,LATAM
TCKT_030918,2023-02-10 08:55:43,CUST_01872,education,in_app,login_auth,billing_problem,high,closed_no_action,gold,My invoice amount is incorrect compared to the plan I selected.,Thanks for reaching out about the billing issue. We are prioritizing this and will update you as soon as possible.,Ticket closed without further action after no response from the customer.,235.42,0,very_positive,0,0,web,EU
TCKT_030922,2023-02-11 13:31:51,CUST_09539,individual,phone_transcript,login_auth,billing_problem,medium,open,gold,My invoice amount is incorrect compared to the plan I selected.,Thanks for reaching out about the billing issue. Our team is reviewing this and will follow up within 24 hours.,,,0,neutral,0,0,android,LATAM
TCKT_030985,2023-02-11 13:39:38,CUST_01063,non_profit,web_form,data_export,performance,high,resolved,standard,Queries in the data export module are timing out.,We understand performance issues can be frustrating. We are prioritizing this and will update you as soon as possible.,Optimized queries and increased resource allocation.,13.64,1,neutral,4,0,ios,LATAM
TCKT_031066,2023-02-07 23:09:21,CUST_09402,small_business,in_app,notifications,performance,medium,in_progress,standard,Queries in the notifications module are timing out.,We understand performance issues can be frustrating. Our team is reviewing this and will follow up within 24 hours.,,,0,negative,0,0,api_client,APAC
TCKT_031261,2023-02-18 05:47:26,CUST_08817,education,phone_transcript,mobile_app,billing_problem,low,on_hold,platinum,I downgraded my plan but I am still being billed for the higher tier.,Thanks for reaching out about the billing issue. We will look into this and get back to you within the next 48 hours.,,,0,very_negative,1,0,desktop_app,APAC
TCKT_031310,2023-02-27 14:28:54,CUST_08557,education,chat,mobile_app,billing_problem,high,resolved,gold,My invoice amount is incorrect compared to the plan I selected.,Thanks for reaching out about the billing issue. We are prioritizing this and will update you as soon as possible.,Adjusted the invoice and issued a refund where applicable.,23.86,0,negative,0,0,ios,LATAM
TCKT_031347,2023-02-09 07:37:53,CUST_04268,individual,phone_transcript,login_auth,security_concern,high,resolved,standard,I noticed a suspicious login on my account.,We take security very seriously. We are prioritizing this and will update you as soon as possible.,"Investigated logs, mitigated the issue, and updated security settings.",22.23,0,negative,2,0,web,
TCKT_031547,2023-02-27 02:35:08,CUST_02769,individual,web_form,data_export,bug,medium,resolved,gold,I am seeing an error message when I click on data export.,Thanks for reporting this bug. Our team is reviewing this and will follow up within 24 hours.,Patched the bug and deployed a fix to production.,6.87,0,positive,0,1,android,LATAM
TCKT_031608,2023-02-07 07:09:17,CUST_05906,education,email,billing,billing_problem,high,in_progress,standard,My invoice amount is incorrect compared to the plan I selected.,Thanks for reaching out about the billing issue. We are prioritizing this and will update you as soon as possible.,,,0,very_negative,0,0,ios,LATAM
TCKT_031612,2023-02-17 00:48:54,CUST_08457,enterprise,in_app,notifications,bug,low,closed_no_action,standard,The notifications feature is not saving my changes.,Thanks for reporting this bug. We will look into this and get back to you within the next 48 hours.,Ticket closed without further action after no response from the customer.,114.24,0,positive,0,0,desktop_app,LATAM
TCKT_031741,2023-02-18 08:47:37,CUST_02469,small_business,in_app,login_auth,billing_problem,medium,resolved,standard,My invoice amount is incorrect compared to the plan I selected.,Thanks for reaching out about the billing issue. Our team is reviewing this and will follow up within 24 hours.,Adjusted the invoice and issued a refund where applicable.,37.43,0,negative,3,0,ios,LATAM
TCKT_031743,2023-02-11 01:29:02,CUST_04202,individual,chat,billing,performance,low,resolved,standard,Overall performance has degraded in the last few days.,We understand performance issues can be frustrating. We will look into this and get back to you within the next 48 hours.,Optimized queries and increased resource allocation.,11.92,0,very_negative,1,0,api_client,LATAM
TCKT_031793,2023-02-06 10:19:52,CUST_06655,non_profit,in_app,notifications,performance,medium,in_progress,gold,The notifications page is very slow and takes a long time to load.,We understand performance issues can be frustrating. Our team is reviewing this and will follow up within 24 hours.,,,0,very_negative,0,0,desktop_app,EU
TCKT_031796,2023-02-10 17:30:47,CUST_06541,individual,phone_transcript,api_integration,feature_request,low,open,standard,Our team needs more advanced options for api integration.,Thanks for your feature suggestion. We will look into this and get back to you within the next 48 hours.,,,0,neutral,0,0,android,LATAM
TCKT_031854,2023-02-12 07:15:56,CUST_05568,individual,chat,billing,security_concern,medium,closed_no_action,standard,I noticed a suspicious login on my account.,We take security very seriously. Our team is reviewing this and will follow up within 24 hours.,Ticket closed without further action after no response from the customer.,80.05,0,negative,2,0,api_client,MEA
TCKT_031975,2023-02-02 22:24:45,CUST_05038,education,phone_transcript,login_auth,billing_problem,low,resolved,gold,I downgraded my plan but I am still being billed for the higher tier.,Thanks for reaching out about the billing issue. We will look into this and get back to you within the next 48 hours.,Adjusted the invoice and issued a refund where applicable.,29.31,0,positive,4,1,desktop_app,APAC
TCKT_032001,2023-02-28 08:30:57,CUST_00790,small_business,email,login_auth,performance,medium,on_hold,standard,Overall performance has degraded in the last few days.,We understand performance issues can be frustrating. Our team is reviewing this and will follow up within 24 hours.,,,0,very_negative,2,0,desktop_app,
TCKT_032149,2023-02-17 03:42:25,CUST_03035,small_business,email,notifications,feature_request,low,on_hold,gold,Can you add an option to customize notifications?,Thanks for your feature suggestion. We will look into this and get back to you within the next 48 hours.,,,0,positive,4,0,android,EU
TCKT_032157,2023-02-24 00:27:39,CUST_06769,small_business,email,billing,how_to,low,on_hold,gold,Can you explain how to configure billing properly?,Happy to help with your question. We will look into this and get back to you within the next 48 hours.,,,0,negative,3,0,ios,APAC
TCKT_032200,2023-02-27 19:59:20,CUST_00042,enterprise,in_app,notifications,account_access,low,closed_no_action,standard,My account was locked after multiple failed login attempts.,Sorry to hear you're having trouble accessing your account. We will look into this and get back to you within the next 48 hours.,Ticket closed without further action after no response from the customer.,69.9,0,neutral,4,0,api_client,LATAM
TCKT_032203,2023-02-06 08:39:34,CUST_03114,enterprise,web_form,mobile_app,security_concern,high,resolved,standard,We need details about your data encryption and compliance.,We take security very seriously. We are prioritizing this and will update you as soon as possible.,"Investigated logs, mitigated the issue, and updated security settings.",19.86,0,neutral,3,0,web,MEA
TCKT_032318,2023-02-10 10:42:56,CUST_00971,enterprise,chat,notifications,security_concern,high,resolved,standard,I noticed a suspicious login on my account.,We take security very seriously. We are prioritizing this and will update you as soon as possible.,"Investigated logs, mitigated the issue, and updated security settings.",22.16,0,positive,5,1,android,LATAM
TCKT_032366,2023-02-02 19:04:52,CUST_00185,education,web_form,data_export,how_to,medium,on_hold,gold,Can you explain how to configure data export properly?,Happy to help with your question. Our team is reviewing this and will follow up within 24 hours.,,,0,positive,5,0,api_client,APAC
TCKT_032413,2023-02-15 18:42:31,CUST_08129,enterprise,in_app,login_auth,performance,high,open,standard,Overall performance has degraded in the last few days.,We understand performance issues can be frustrating. We are prioritizing this and will update you as soon as possible.,,,0,neutral,3,0,ios,APAC
TCKT_032450,2023-02-25 00:44:11,CUST_02156,non_profit,chat,mobile_app,bug,low,resolved,gold,I am seeing an error message when I click on mobile app.,Thanks for reporting this bug. We will look into this and get back to you within the next 48 hours.,Patched the bug and deployed a fix to production.,30.62,0,negative,0,1,ios,MEA
TCKT_032482,2023-02-16 10:26:11,CUST_06741,small_business,phone_transcript,billing,bug,low,closed_no_action,platinum,The billing feature is not saving my changes.,Thanks for reporting this bug. We will look into this and get back to you within the next 48 hours.,Ticket closed without further action after no response from the customer.,42.85,0,negative,2,0,web,EU
TCKT_032497,2023-02-09 04:58:11,CUST_07506,individual,web_form,billing,feature_request,low,resolved,standard,Can you add an option to customize billing?,Thanks for your feature suggestion. We will look into this and get back to you within the next 48 hours.,Captured the request and added it to the product backlog.,46.86,0,positive,4,0,api_client,
TCKT_032573,2023-02-28 17:18:20,CUST_06650,non_profit,chat,data_export,feature_request,low,resolved,standard,Our team needs more advanced options for data export.,Thanks for your feature suggestion. We will look into this and get back to you within the next 48 hours.,Captured the request and added it to the product backlog.,15.33,0,negative,0,0,web,EU
TCKT_032687,2023-02-08 06:57:36,CUST_03629,non_profit,chat,data_export,account_access,urgent,in_progress,gold,I cannot log in; the system says my password is incorrect.,Sorry to hear you're having trouble accessing your account. This has been escalated to our on-call team for immediate attention.,,,0,very_negative,2,1,web,
TCKT_032706,2023-02-05 03:37:48,CUST_06370,enterprise,in_app,mobile_app,account_access,low,on_hold,standard,My 2FA code is not working when I try to sign in.,Sorry to hear you're having trouble accessing your account. We will look into this and get back to you within the next 48 hours.,,,0,negative,2,0,web,
TCKT_032779,2023-02-07 06:33:22,CUST_02870,small_business,web_form,login_auth,other,low,on_hold,gold,"Something seems off, can you please check my workspace?",Thanks for contacting support. We will look into this and get back to you within the next 48 hours.,,,0,negative,0,0,api_client,MEA
TCKT_032784,2023-02-08 00:49:22,CUST_02607,small_business,phone_transcript,notifications,billing_problem,medium,open,standard,My invoice amount is incorrect compared to the plan I selected.,Thanks for reaching out about the billing issue. Our team is reviewing this and will follow up within 24 hours.,,,0,neutral,4,0,ios,APAC
TCKT_032864,2023-02-25 08:52:18,CUST_02036,education,phone_transcript,data_export,bug,low,closed_no_action,gold,The page keeps crashing whenever I try to open the data export section.,Thanks for reporting this bug. We will look into this and get back to you within the next 48 hours.,Ticket closed without further action after no response from the customer.,102.41,0,positive,4,0,api_client,EU
TCKT_032929,2023-02-24 23:56:13,CUST_05860,non_profit,in_app,login_auth,account_access,high,resolved,standard,My 2FA code is not working when I try to sign in.,Sorry to hear you're having trouble accessing your account. We are prioritizing this and will update you as soon as possible.,Reset account credentials and confirmed successful login.,20.21,0,negative,2,0,desktop_app,
TCKT_033016,2023-02-19 02:54:53,CUST_08634,non_profit,phone_transcript,analytics_dashboard,feature_request,medium,resolved,gold,It would be great to have analytics dashboard support in your product.,Thanks for your feature suggestion. Our team is reviewing this and will follow up within 24 hours.,Captured the request and added it to the product backlog.,42.37,0,neutral,4,1,api_client,MEA
TCKT_033207,2023-02-13 09:09:30,CUST_02961,enterprise,chat,notifications,other,medium,open,standard,"Something seems off, can you please check my workspace?",Thanks for contacting support. Our team is reviewing this and will follow up within 24 hours.,,,0,negative,3,0,web,LATAM
TCKT_033221,2023-02-12 12:32:09,CUST_09873,education,web_form,billing,other,urgent,resolved,standard,"Something seems off, can you please check my workspace?",Thanks for contacting support. This has been escalated to our on-call team for immediate attention.,Provided general guidance and confirmed the issue was resolved.,6.55,0,very_positive,5,0,desktop_app,APAC
TCKT_033406,2023-02-25 04:23:09,CUST_09736,enterprise,web_form,api_integration,billing_problem,medium,resolved,platinum,My invoice amount is incorrect compared to the plan I selected.,Thanks for reaching out about the billing issue. Our team is reviewing this and will follow up within 24 hours.,Adjusted the invoice and issued a refund where applicable.,9.99,0,negative,3,0,web,EU
TCKT_033419,2023-02-10 21:25:44,CUST_07233,enterprise,in_app,api_integration,how_to,low,in_progress,gold,Can you explain how to configure api integration properly?,Happy to help with your question. We will look into this and get back to you within the next 48 hours.,,,0,positive,5,1,desktop_app,
TCKT_033438,2023-02-22 13:18:27,CUST_01520,education,email,data_export,account_access,medium,resolved,platinum,My account was locked after multiple failed login attempts.,Sorry to hear you're having trouble accessing your account. Our team is reviewing this and will follow up within 24 hours.,Reset account credentials and confirmed successful login.,11.49,0,neutral,0,0,desktop_app,
TCKT_033519,2023-02-11 04:06:52,CUST_00290,small_business,chat,notifications,feature_request,medium,on_hold,standard,Can you add an option to customize notifications?,Thanks for your feature suggestion. Our team is reviewing this and will follow up within 24 hours.,,,0,very_positive,0,1,web,LATAM
TCKT_033521,2023-02-17 07:36:12,CUST_00751,enterprise,phone_transcript,billing,account_access,low,resolved,standard,My 2FA code is not working when I try to sign in.,Sorry to hear you're having trouble accessing your account. We will look into this and get back to you within the next 48 hours.,Reset account credentials and confirmed successful login.,51.4,0,negative,2,0,web,
TCKT_033562,2023-02-03 19:15:06,CUST_00908,individual,chat,login_auth,account_access,high,in_progress,gold,My account was locked after multiple failed login attempts.,Sorry to hear you're having trouble accessing your account. We are prioritizing this and will update you as soon as possible.,,,0,negative,3,1,ios,MEA
TCKT_033585,2023-02-28 17:19:34,CUST_07150,non_profit,in_app,login_auth,bug,low,resolved,platinum,The page keeps crashing whenever I try to open the login auth section.,Thanks for reporting this bug. We will look into this and get back to you within the next 48 hours.,Patched the bug and deployed a fix to production.,55.91,0,very_negative,0,0,api_client,LATAM
TCKT_033654,2023-02-18 07:20:37,CUST_02829,small_business,in_app,data_export,account_access,low,in_progress,gold,My 2FA code is not working when I try to sign in.,Sorry to hear you're having trouble accessing your account. We will look into this and get back to you within the next 48 hours.,,,0,very_negative,0,0,android,LATAM
TCKT_033680,2023-02-02 07:17:41,CUST_05971,non_profit,email,login_auth,feature_request,medium,open,standard,Our team needs more advanced options for login auth.,Thanks for your feature suggestion. Our team is reviewing this and will follow up within 24 hours.,,,0,very_positive,5,1,desktop_app,EU
TCKT_033719,2023-02-19 07:43:11,CUST_03062,education,email,login_auth,other,low,resolved,standard,I need help but I'm not sure which category this fits in.,Thanks for contacting support. We will look into this and get back to you within the next 48 hours.,Provided general guidance and confirmed the issue was resolved.,45.74,0,negative,0,1,api_client,LATAM
TCKT_033732,2023-02-08 04:39:03,CUST_06636,non_profit,web_form,billing,other,low,in_progress,standard,I have a general question about my account.,Thanks for contacting support. We will look into this and get back to you within the next 48 hours.,,,0,positive,5,0,web,APAC
TCKT_033840,2023-02-06 04:57:55,CUST_03261,education,web_form,notifications,billing_problem,low,on_hold,standard,I was charged twice for my subscription this month.,Thanks for reaching out about the billing issue. We will look into this and get back to you within the next 48 hours.,,,0,negative,3,0,api_client,APAC
TCKT_033854,2023-02-10 06:13:37,CUST_01863,education,in_app,billing,security_concern,low,resolved,platinum,We need details about your data encryption and compliance.,We take security very seriously. We will look into this and get back to you within the next 48 hours.,"Investigated logs, mitigated the issue, and updated security settings.",64.65,0,neutral,3,0,android,EU
TCKT_033940,2023-02-16 21:17:08,CUST_06269,enterprise,in_app,billing,feature_request,medium,resolved,standard,It would be great to have billing support in your product.,Thanks for your feature suggestion. Our team is reviewing this and will follow up within 24 hours.,Captured the request and added it to the product backlog.,45.52,0,positive,5,1,desktop_app,
TCKT_034001,2023-02-16 13:51:45,CUST_05257,individual,web_form,mobile_app,feature_request,medium,in_progress,gold,It would be great to have mobile app support in your product.,Thanks for your feature suggestion. Our team is reviewing this and will follow up within 24 hours.,,,0,negative,2,0,desktop_app,
TCKT_034015,2023-02-17 20:48:37,CUST_03897,small_business,email,login_auth,account_access,low,resolved,gold,My account was locked after multiple failed login attempts.,Sorry to hear you're having trouble accessing your account. We will look into this and get back to you within the next 48 hours.,Reset account credentials and confirmed successful login.,15.79,0,neutral,4,1,ios,MEA
TCKT_034019,2023-02-21 20:00:32,CUST_09880,education,email,analytics_dashboard,feature_request,medium,closed_no_action,gold,Can you add an option to customize analytics dashboard?,Thanks for your feature suggestion. Our team is reviewing this and will follow up within 24 hours.,Ticket closed without further action after no response from the customer.,234.71,0,very_positive,5,0,web,EU
TCKT_034123,2023-02-16 01:53:29,CUST_07872,small_business,phone_transcript,login_auth,performance,medium,in_progress,gold,Overall performance has degraded in the last few days.,We understand performance issues can be frustrating. Our team is reviewing this and will follow up within 24 hours.,,,1,very_negative,0,1,desktop_app,
TCKT_034205,2023-02-18 03:30:37,CUST_08617,small_business,in_app,api_integration,billing_problem,low,open,standard,I was charged twice for my subscription this month.,Thanks for reaching out about the billing issue. We will look into this and get back to you within the next 48 hours.,,,0,very_negative,0,0,desktop_app,LATAM
TCKT_034356,2023-02-25 01:46:44,CUST_08983,individual,web_form,login_auth,security_concern,low,on_hold,platinum,There seems to be a vulnerability in the login auth functionality.,We take security very seriously. We will look into this and get back to you within the next 48 hours.,,,0,neutral,3,0,ios,LATAM
TCKT_034396,2023-02-26 16:11:26,CUST_07177,individual,email,mobile_app,account_access,medium,resolved,platinum,My account was locked after multiple failed login attempts.,Sorry to hear you're having trouble accessing your account. Our team is reviewing this and will follow up within 24 hours.,Reset account credentials and confirmed successful login.,20.42,0,negative,0,1,android,
TCKT_034421,2023-02-13 18:48:52,CUST_00614,small_business,email,billing,other,low,on_hold,gold,I have a general question about my account.,Thanks for contacting support. We will look into this and get back to you within the next 48 hours.,,,0,very_positive,0,1,api_client,EU
TCKT_034484,2023-02-09 15:58:14,CUST_09650,non_profit,email,api_integration,billing_problem,medium,resolved,standard,I was charged twice for my subscription this month.,Thanks for reaching out about the billing issue. Our team is reviewing this and will follow up within 24 hours.,Adjusted the invoice and issued a refund where applicable.,16.66,0,very_negative,0,0,android,MEA
TCKT_034537,2023-02-04 02:06:22,CUST_06688,enterprise,in_app,api_integration,security_concern,low,closed_no_action,standard,I noticed a suspicious login on my account.,We take security very seriously. We will look into this and get back to you within the next 48 hours.,Ticket closed without further action after no response from the customer.,169.65,0,negative,0,1,ios,LATAM
TCKT_034646,2023-02-05 08:14:16,CUST_07524,enterprise,email,mobile_app,other,low,closed_no_action,gold,"Something seems off, can you please check my workspace?",Thanks for contacting support. We will look into this and get back to you within the next 48 hours.,Ticket closed without further action after no response from the customer.,135.04,0,neutral,3,0,android,MEA
TCKT_034715,2023-02-16 21:39:42,CUST_07367,small_business,in_app,notifications,account_access,medium,closed_no_action,gold,I cannot log in; the system says my password is incorrect.,Sorry to hear you're having trouble accessing your account. Our team is reviewing this and will follow up within 24 hours.,Ticket closed without further action after no response from the customer.,176.28,1,very_negative,2,0,ios,MEA
TCKT_034751,2023-02-18 10:48:48,CUST_04499,education,email,analytics_dashboard,billing_problem,medium,resolved,gold,I downgraded my plan but I am still being billed for the higher tier.,Thanks for reaching out about the billing issue. Our team is reviewing this and will follow up within 24 hours.,Adjusted the invoice and issued a refund where applicable.,24.86,0,neutral,3,0,desktop_app,APAC
TCKT_034770,2023-02-07 12:37:34,CUST_03757,enterprise,chat,analytics_dashboard,account_access,high,resolved,standard,My 2FA code is not working when I try to sign in.,Sorry to hear you're having trouble accessing your account. We are prioritizing this and will update you as soon as possible.,Reset account credentials and confirmed successful login.,7.76,0,neutral,4,0,ios,APAC
TCKT_034780,2023-02-07 09:20:22,CUST_00730,individual,chat,billing,how_to,medium,in_progress,standard,Can you explain how to configure billing properly?,Happy to help with your question. Our team is reviewing this and will follow up within 24 hours.,,,0,positive,4,1,android,LATAM
TCKT_034785,2023-02-05 20:16:33,CUST_07152,individual,web_form,api_integration,account_access,urgent,resolved,standard,My account was locked after multiple failed login attempts.,Sorry to hear you're having trouble accessing your account. This has been escalated to our on-call team for immediate attention.,Reset account credentials and confirmed successful login.,0.6,0,neutral,3,0,ios,LATAM
TCKT_034791,2023-02-24 13:45:45,CUST_04170,education,chat,mobile_app,how_to,low,resolved,standard,Can you explain how to configure mobile app properly?,Happy to help with your question. We will look into this and get back to you within the next 48 hours.,Provided step-by-step instructions and relevant documentation.,32.84,0,neutral,3,0,desktop_app,LATAM
TCKT_034800,2023-02-04 18:15:49,CUST_00896,individual,in_app,billing,performance,high,resolved,gold,Queries in the billing module are timing out.,We understand performance issues can be frustrating. We are prioritizing this and will update you as soon as possible.,Optimized queries and increased resource allocation.,14.72,0,very_negative,2,0,ios,MEA
TCKT_034834,2023-02-20 10:18:04,CUST_09317,individual,chat,analytics_dashboard,billing_problem,low,resolved,gold,I was charged twice for my subscription this month.,Thanks for reaching out about the billing issue. We will look into this and get back to you within the next 48 hours.,Adjusted the invoice and issued a refund where applicable.,19.45,0,negative,0,0,android,EU
TCKT_034858,2023-02-19 04:32:16,CUST_08435,enterprise,web_form,billing,account_access,medium,closed_no_action,standard,My account was locked after multiple failed login attempts.,Sorry to hear you're having trouble accessing your account. Our team is reviewing this and will follow up within 24 hours.,Ticket closed without further action after no response from the customer.,207.9,0,very_negative,1,1,android,APAC
TCKT_034951,2023-02-06 12:27:30,CUST_06753,small_business,email,login_auth,billing_problem,low,open,standard,I was charged twice for my subscription this month.,Thanks for reaching out about the billing issue. We will look into this and get back to you within the next 48 hours.,,,0,very_negative,0,0,web,APAC
TCKT_034970,2023-02-08 03:44:56,CUST_06672,small_business,chat,notifications,security_concern,low,resolved,gold,We need details about your data encryption and compliance.,We take security very seriously. We will look into this and get back to you within the next 48 hours.,"Investigated logs, mitigated the issue, and updated security settings.",42.78,0,very_negative,2,1,android,LATAM
TCKT_035059,2023-02-05 11:26:29,CUST_01387,small_business,email,billing,billing_problem,high,open,standard,My invoice amount is incorrect compared to the plan I selected.,Thanks for reaching out about the billing issue. We are prioritizing this and will update you as soon as possible.,,,1,neutral,3,0,api_client,APAC
TCKT_035081,2023-02-17 08:00:31,CUST_03344,non_profit,web_form,data_export,how_to,low,resolved,gold,I need help setting up data export for my team.,Happy to help with your question. We will look into this and get back to you within the next 48 hours.,Provided step-by-step instructions and relevant documentation.,46.73,0,neutral,3,0,desktop_app,LATAM
TCKT_035102,2023-02-04 10:14:00,CUST_03056,individual,phone_transcript,data_export,performance,low,in_progress,standard,Overall performance has degraded in the last few days.,We understand performance issues can be frustrating. We will look into this and get back to you within the next 48 hours.,,,0,negative,2,1,api_client,APAC
TCKT_035103,2023-02-08 15:05:31,CUST_00207,non_profit,web_form,analytics_dashboard,account_access,medium,resolved,gold,My account was locked after multiple failed login attempts.,Sorry to hear you're having trouble accessing your account. Our team is reviewing this and will follow up within 24 hours.,Reset account credentials and confirmed successful login.,21.69,0,positive,5,0,ios,MEA
TCKT_035135,2023-02-28 20:39:43,CUST_01585,education,phone_transcript,data_export,how_to,medium,resolved,standard,I need help setting up data export for my team.,Happy to help with your question. Our team is reviewing this and will follow up within 24 hours.,Provided step-by-step instructions and relevant documentation.,6.3,0,very_negative,1,0,api_client,EU
TCKT_035188,2023-02-14 19:11:23,CUST_02269,non_profit,chat,billing,security_concern,medium,resolved,gold,There seems to be a vulnerability in the billing functionality.,We take security very seriously. Our team is reviewing this and will follow up within 24 hours.,"Investigated logs, mitigated the issue, and updated security settings.",39.78,0,very_negative,2,0,ios,EU
TCKT_035206,2023-02-12 05:43:49,CUST_03454,non_profit,web_form,api_integration,security_concern,high,closed_no_action,standard,I noticed a suspicious login on my account.,We take security very seriously. We are prioritizing this and will update you as soon as possible.,Ticket closed without further action after no response from the customer.,39.37,0,negative,0,0,ios,LATAM
TCKT_035271,2023-02-11 15:54:19,CUST_01704,education,phone_transcript,login_auth,billing_problem,medium,resolved,gold,I was charged twice for my subscription this month.,Thanks for reaching out about the billing issue. Our team is reviewing this and will follow up within 24 hours.,Adjusted the invoice and issued a refund where applicable.,33.4,0,very_negative,1,0,api_client,MEA
TCKT_035313,2023-02-06 05:49:31,CUST_06381,small_business,chat,analytics_dashboard,security_concern,medium,on_hold,gold,We need details about your data encryption and compliance.,We take security very seriously. Our team is reviewing this and will follow up within 24 hours.,,,0,negative,0,0,ios,LATAM
TCKT_035381,2023-02-06 21:04:28,CUST_03024,enterprise,web_form,api_integration,billing_problem,low,in_progress,standard,I downgraded my plan but I am still being billed for the higher tier.,Thanks for reaching out about the billing issue. We will look into this and get back to you within the next 48 hours.,,,0,negative,0,1,api_client,LATAM
TCKT_035390,2023-02-16 20:34:44,CUST_03532,education,email,analytics_dashboard,other,low,resolved,gold,I have a general question about my account.,Thanks for contacting support. We will look into this and get back to you within the next 48 hours.,Provided general guidance and confirmed the issue was resolved.,32.39,0,negative,2,0,web,
TCKT_035461,2023-02-18 19:03:36,CUST_02816,individual,in_app,billing,other,high,on_hold,standard,"Something seems off, can you please check my workspace?",Thanks for contacting support. We are prioritizing this and will update you as soon as possible.,,,0,neutral,3,1,desktop_app,APAC
TCKT_035541,2023-02-20 05:47:37,CUST_04745,education,in_app,login_auth,security_concern,low,on_hold,platinum,There seems to be a vulnerability in the login auth functionality.,We take security very seriously. We will look into this and get back to you within the next 48 hours.,,,0,neutral,0,0,web,MEA
TCKT_035549,2023-02-02 22:59:29,CUST_07428,individual,web_form,api_integration,feature_request,high,resolved,standard,Can you add an option to customize api integration?,Thanks for your feature suggestion. We are prioritizing this and will update you as soon as possible.,Captured the request and added it to the product backlog.,5.5,0,positive,4,0,web,LATAM
TCKT_035564,2023-02-17 03:48:23,CUST_03771,small_business,email,notifications,account_access,high,closed_no_action,standard,My 2FA code is not working when I try to sign in.,Sorry to hear you're having trouble accessing your account. We are prioritizing this and will update you as soon as possible.,Ticket closed without further action after no response from the customer.,199.85,0,positive,0,0,ios,LATAM
TCKT_035604,2023-02-24 14:05:42,CUST_09658,individual,web_form,analytics_dashboard,bug,low,resolved,standard,The analytics dashboard feature is not saving my changes.,Thanks for reporting this bug. We will look into this and get back to you within the next 48 hours.,Patched the bug and deployed a fix to production.,54.43,0,neutral,3,0,ios,APAC
TCKT_035684,2023-02-28 10:39:39,CUST_03108,individual,phone_transcript,mobile_app,other,low,in_progress,gold,I have a general question about my account.,Thanks for contacting support. We will look into this and get back to you within the next 48 hours.,,,0,neutral,4,0,api_client,EU
TCKT_035702,2023-02-27 18:21:00,CUST_07857,individual,chat,data_export,performance,low,resolved,standard,Queries in the data export module are timing out.,We understand performance issues can be frustrating. We will look into this and get back to you within the next 48 hours.,Optimized queries and increased resource allocation.,39.27,0,negative,3,0,android,APAC
TCKT_035737,2023-02-08 13:55:02,CUST_09977,enterprise,in_app,api_integration,how_to,medium,resolved,standard,How can I export my data from the api integration section?,Happy to help with your question. Our team is reviewing this and will follow up within 24 hours.,Provided step-by-step instructions and relevant documentation.,33.44,0,neutral,0,0,ios,
TCKT_035813,2023-02-05 13:33:42,CUST_07933,enterprise,phone_transcript,analytics_dashboard,bug,low,in_progress,standard,The page keeps crashing whenever I try to open the analytics dashboard section.,Thanks for reporting this bug. We will look into this and get back to you within the next 48 hours.,,,0,negative,3,0,api_client,LATAM
TCKT_035837,2023-02-06 13:58:05,CUST_00499,education,phone_transcript,data_export,feature_request,medium,resolved,gold,Can you add an option to customize data export?,Thanks for your feature suggestion. Our team is reviewing this and will follow up within 24 hours.,Captured the request and added it to the product backlog.,11.25,0,negative,3,0,api_client,MEA
TCKT_035964,2023-02-13 08:11:45,CUST_08192,non_profit,web_form,login_auth,bug,low,in_progress,standard,The page keeps crashing whenever I try to open the login auth section.,Thanks for reporting this bug. We will look into this and get back to you within the next 48 hours.,,,0,neutral,0,0,web,
TCKT_035987,2023-02-26 00:24:40,CUST_07006,individual,in_app,login_auth,other,medium,closed_no_action,standard,I have a general question about my account.,Thanks for contacting support. Our team is reviewing this and will follow up within 24 hours.,Ticket closed without further action after no response from the customer.,234.03,0,negative,2,0,api_client,LATAM
TCKT_035993,2023-02-22 05:59:59,CUST_07067,individual,web_form,notifications,how_to,low,in_progress,platinum,I need help setting up notifications for my team.,Happy to help with your question. We will look into this and get back to you within the next 48 hours.,,,0,negative,3,0,ios,
TCKT_035994,2023-02-02 04:22:16,CUST_05862,individual,email,mobile_app,feature_request,medium,resolved,standard,Can you add an option to customize mobile app?,Thanks for your feature suggestion. Our team is reviewing this and will follow up within 24 hours.,Captured the request and added it to the product backlog.,6.1,0,neutral,4,0,web,LATAM
TCKT_036016,2023-02-01 12:43:26,CUST_09911,non_profit,in_app,notifications,bug,high,in_progress,platinum,The notifications feature is not saving my changes.,Thanks for reporting this bug. We are prioritizing this and will update you as soon as possible.,,,0,very_negative,1,0,desktop_app,MEA
TCKT_036039,2023-02-13 20:02:24,CUST_01430,enterprise,web_form,mobile_app,feature_request,low,in_progress,gold,It would be great to have mobile app support in your product.,Thanks for your feature suggestion. We will look into this and get back to you within the next 48 hours.,,,0,positive,4,1,desktop_app,APAC
TCKT_036057,2023-02-03 07:45:51,CUST_03867,small_business,chat,mobile_app,bug,urgent,closed_no_action,standard,The mobile app feature is not saving my changes.,Thanks for reporting this bug. This has been escalated to our on-call team for immediate attention.,Ticket closed without further action after no response from the customer.,26.41,1,very_negative,2,0,android,MEA
TCKT_036075,2023-02-28 10:20:50,CUST_04295,non_profit,chat,data_export,other,low,resolved,standard,I have a general question about my account.,Thanks for contacting support. We will look into this and get back to you within the next 48 hours.,Provided general guidance and confirmed the issue was resolved.,39.52,0,positive,4,0,api_client,
TCKT_036095,2023-02-25 17:39:19,CUST_05738,education,web_form,billing,billing_problem,low,in_progress,platinum,I downgraded my plan but I am still being billed for the higher tier.,Thanks for reaching out about the billing issue. We will look into this and get back to you within the next 48 hours.,,,0,neutral,0,0,android,APAC
TCKT_036140,2023-02-11 14:13:07,CUST_03573,small_business,in_app,analytics_dashboard,security_concern,low,resolved,gold,I noticed a suspicious login on my account.,We take security very seriously. We will look into this and get back to you within the next 48 hours.,"Investigated logs, mitigated the issue, and updated security settings.",11.57,0,positive,4,0,api_client,
TCKT_036159,2023-02-27 17:34:21,CUST_03759,education,email,billing,other,low,resolved,standard,"Something seems off, can you please check my workspace?",Thanks for contacting support. We will look into this and get back to you within the next 48 hours.,Provided general guidance and confirmed the issue was resolved.,12.99,0,negative,2,0,android,EU
TCKT_036340,2023-02-01 15:15:29,CUST_08486,non_profit,in_app,login_auth,security_concern,medium,in_progress,gold,We need details about your data encryption and compliance.,We take security very seriously. Our team is reviewing this and will follow up within 24 hours.,,,0,very_negative,1,0,api_client,EU
TCKT_036370,2023-02-17 06:06:31,CUST_01543,individual,in_app,analytics_dashboard,security_concern,medium,resolved,gold,I noticed a suspicious login on my account.,We take security very seriously. Our team is reviewing this and will follow up within 24 hours.,"Investigated logs, mitigated the issue, and updated security settings.",10.81,0,negative,0,0,ios,MEA
TCKT_036386,2023-02-17 08:55:37,CUST_02497,enterprise,web_form,billing,security_concern,high,in_progress,gold,We need details about your data encryption and compliance.,We take security very seriously. We are prioritizing this and will update you as soon as possible.,,,0,very_negative,2,1,desktop_app,APAC
TCKT_036531,2023-02-23 04:46:16,CUST_01814,individual,email,login_auth,how_to,low,resolved,platinum,I need help setting up login auth for my team.,Happy to help with your question. We will look into this and get back to you within the next 48 hours.,Provided step-by-step instructions and relevant documentation.,29.04,0,negative,2,0,android,APAC
TCKT_036646,2023-02-01 00:29:02,CUST_05283,individual,in_app,mobile_app,account_access,low,in_progress,gold,My account was locked after multiple failed login attempts.,Sorry to hear you're having trouble accessing your account. We will look into this and get back to you within the next 48 hours.,,,0,very_negative,0,0,android,EU
TCKT_036658,2023-02-15 01:37:39,CUST_01032,enterprise,chat,analytics_dashboard,account_access,low,resolved,gold,My account was locked after multiple failed login attempts.,Sorry to hear you're having trouble accessing your account. We will look into this and get back to you within the next 48 hours.,Reset account credentials and confirmed successful login.,38.63,0,positive,4,0,android,APAC
TCKT_036751,2023-02-12 02:47:46,CUST_08313,small_business,in_app,billing,account_access,high,in_progress,platinum,My account was locked after multiple failed login attempts.,Sorry to hear you're having trouble accessing your account. We are prioritizing this and will update you as soon as possible.,,,0,very_negative,1,0,ios,LATAM
TCKT_036880,2023-02-15 23:26:17,CUST_02337,enterprise,phone_transcript,login_auth,security_concern,medium,resolved,gold,I noticed a suspicious login on my account.,We take security very seriously. Our team is reviewing this and will follow up within 24 hours.,"Investigated logs, mitigated the issue, and updated security settings.",20.83,0,neutral,3,0,desktop_app,EU
TCKT_036917,2023-02-06 15:15:09,CUST_09825,individual,email,billing,how_to,medium,closed_no_action,standard,Can you explain how to configure billing properly?,Happy to help with your question. Our team is reviewing this and will follow up within 24 hours.,Ticket closed without further action after no response from the customer.,48.36,0,neutral,3,0,web,LATAM
TCKT_036984,2023-02-16 20:26:02,CUST_05035,enterprise,chat,data_export,feature_request,low,closed_no_action,platinum,Our team needs more advanced options for data export.,Thanks for your feature suggestion. We will look into this and get back to you within the next 48 hours.,Ticket closed without further action after no response from the customer.,222.67,0,positive,0,0,web,
TCKT_037032,2023-02-25 14:16:35,CUST_01110,small_business,web_form,analytics_dashboard,feature_request,medium,resolved,standard,Can you add an option to customize analytics dashboard?,Thanks for your feature suggestion. Our team is reviewing this and will follow up within 24 hours.,Captured the request and added it to the product backlog.,14.13,0,very_negative,2,1,ios,
TCKT_037110,2023-02-25 22:10:27,CUST_00586,non_profit,in_app,data_export,account_access,low,resolved,gold,I cannot log in; the system says my password is incorrect.,Sorry to hear you're having trouble accessing your account. We will look into this and get back to you within the next 48 hours.,Reset account credentials and confirmed successful login.,40.6,1,negative,0,1,desktop_app,MEA
TCKT_037132,2023-02-03 02:23:24,CUST_07601,individual,chat,data_export,security_concern,medium,in_progress,standard,There seems to be a vulnerability in the data export functionality.,We take security very seriously. Our team is reviewing this and will follow up within 24 hours.,,,0,neutral,0,0,android,
TCKT_037175,2023-02-13 20:34:12,CUST_08191,small_business,phone_transcript,api_integration,other,low,in_progress,standard,I need help but I'm not sure which category this fits in.,Thanks for contacting support. We will look into this and get back to you within the next 48 hours.,,,0,positive,4,0,android,MEA
TCKT_037246,2023-02-07 23:45:40,CUST_08128,small_business,web_form,mobile_app,security_concern,low,resolved,standard,There seems to be a vulnerability in the mobile app functionality.,We take security very seriously. We will look into this and get back to you within the next 48 hours.,"Investigated logs, mitigated the issue, and updated security settings.",45.74,0,very_negative,1,0,web,
TCKT_037259,2023-02-25 22:51:26,CUST_09970,non_profit,email,mobile_app,billing_problem,medium,closed_no_action,gold,I downgraded my plan but I am still being billed for the higher tier.,Thanks for reaching out about the billing issue. Our team is reviewing this and will follow up within 24 hours.,Ticket closed without further action after no response from the customer.,49.55,0,negative,3,0,android,LATAM
TCKT_037504,2023-02-02 00:28:20,CUST_00551,individual,web_form,api_integration,other,low,closed_no_action,standard,I need help but I'm not sure which category this fits in.,Thanks for contacting support. We will look into this and get back to you within the next 48 hours.,Ticket closed without further action after no response from the customer.,139.45,0,neutral,0,0,api_client,LATAM
TCKT_037593,2023-02-23 15:52:22,CUST_02900,non_profit,in_app,login_auth,security_concern,low,open,gold,We need details about your data encryption and compliance.,We take security very seriously. We will look into this and get back to you within the next 48 hours.,,,0,negative,0,0,android,LATAM
TCKT_037605,2023-02-19 06:07:46,CUST_01526,non_profit,in_app,api_integration,how_to,urgent,resolved,gold,I need help setting up api integration for my team.,Happy to help with your question. This has been escalated to our on-call team for immediate attention.,Provided step-by-step instructions and relevant documentation.,7.09,0,positive,0,0,desktop_app,
TCKT_037630,2023-02-13 04:07:16,CUST_02293,education,phone_transcript,notifications,how_to,medium,resolved,standard,How can I export my data from the notifications section?,Happy to help with your question. Our team is reviewing this and will follow up within 24 hours.,Provided step-by-step instructions and relevant documentation.,37.91,0,neutral,3,0,web,MEA
TCKT_037764,2023-02-27 02:36:54,CUST_06982,small_business,in_app,billing,other,low,open,gold,I need help but I'm not sure which category this fits in.,Thanks for contacting support. We will look into this and get back to you within the next 48 hours.,,,0,positive,4,0,ios,EU
TCKT_037775,2023-02-04 01:06:23,CUST_05027,education,chat,data_export,performance,high,closed_no_action,standard,Overall performance has degraded in the last few days.,We understand performance issues can be frustrating. We are prioritizing this and will update you as soon as possible.,Ticket closed without further action after no response from the customer.,44.96,0,very_positive,5,0,api_client,APAC
TCKT_037816,2023-02-23 00:26:40,CUST_04991,non_profit,in_app,notifications,performance,medium,open,standard,The notifications page is very slow and takes a long time to load.,We understand performance issues can be frustrating. Our team is reviewing this and will follow up within 24 hours.,,,0,very_negative,2,0,android,
TCKT_037840,2023-02-21 19:29:34,CUST_02479,small_business,email,data_export,billing_problem,high,open,platinum,I was charged twice for my subscription this month.,Thanks for reaching out about the billing issue. We are prioritizing this and will update you as soon as possible.,,,0,negative,3,0,desktop_app,EU
TCKT_037996,2023-02-21 14:24:08,CUST_08152,small_business,in_app,notifications,other,urgent,in_progress,platinum,I have a general question about my account.,Thanks for contacting support. This has been escalated to our on-call team for immediate attention.,,,0,very_positive,5,0,ios,APAC
TCKT_038048,2023-02-01 22:12:22,CUST_09410,enterprise,email,api_integration,account_access,medium,resolved,standard,My 2FA code is not working when I try to sign in.,Sorry to hear you're having trouble accessing your account. Our team is reviewing this and will follow up within 24 hours.,Reset account credentials and confirmed successful login.,44.86,0,neutral,4,0,web,EU
TCKT_038107,2023-02-21 08:51:31,CUST_00598,individual,in_app,billing,performance,low,in_progress,standard,Queries in the billing module are timing out.,We understand performance issues can be frustrating. We will look into this and get back to you within the next 48 hours.,,,1,positive,4,0,ios,
TCKT_038111,2023-02-01 15:33:33,CUST_06470,enterprise,email,mobile_app,account_access,low,closed_no_action,gold,My account was locked after multiple failed login attempts.,Sorry to hear you're having trouble accessing your account. We will look into this and get back to you within the next 48 hours.,Ticket closed without further action after no response from the customer.,70.21,0,neutral,4,0,android,APAC
TCKT_038259,2023-02-16 23:03:04,CUST_08367,non_profit,web_form,analytics_dashboard,account_access,high,resolved,standard,I cannot log in; the system says my password is incorrect.,Sorry to hear you're having trouble accessing your account. We are prioritizing this and will update you as soon as possible.,Reset account credentials and confirmed successful login.,7.2,0,negative,2,1,android,EU
TCKT_038284,2023-02-01 06:32:28,CUST_03729,enterprise,email,data_export,security_concern,low,resolved,standard,We need details about your data encryption and compliance.,We take security very seriously. We will look into this and get back to you within the next 48 hours.,"Investigated logs, mitigated the issue, and updated security settings.",30.75,0,negative,3,0,ios,EU
TCKT_038310,2023-02-12 08:52:55,CUST_04576,non_profit,phone_transcript,billing,bug,urgent,resolved,standard,The page keeps crashing whenever I try to open the billing section.,Thanks for reporting this bug. This has been escalated to our on-call team for immediate attention.,Patched the bug and deployed a fix to production.,2.43,0,positive,5,0,api_client,LATAM
TCKT_038319,2023-02-21 14:05:27,CUST_02885,education,web_form,notifications,performance,medium,resolved,standard,The notifications page is very slow and takes a long time to load.,We understand performance issues can be frustrating. Our team is reviewing this and will follow up within 24 hours.,Optimized queries and increased resource allocation.,9.74,0,negative,3,1,web,MEA
TCKT_038387,2023-02-23 01:31:34,CUST_04779,small_business,email,notifications,account_access,medium,open,standard,My 2FA code is not working when I try to sign in.,Sorry to hear you're having trouble accessing your account. Our team is reviewing this and will follow up within 24 hours.,,,0,positive,0,0,android,MEA
TCKT_038400,2023-02-04 15:16:39,CUST_09260,small_business,email,mobile_app,bug,high,resolved,gold,I am seeing an error message when I click on mobile app.,Thanks for reporting this bug. We are prioritizing this and will update you as soon as possible.,Patched the bug and deployed a fix to production.,4.32,0,neutral,3,0,api_client,EU
TCKT_038427,2023-02-07 06:48:41,CUST_01327,individual,email,mobile_app,billing_problem,low,resolved,platinum,I downgraded my plan but I am still being billed for the higher tier.,Thanks for reaching out about the billing issue. We will look into this and get back to you within the next 48 hours.,Adjusted the invoice and issued a refund where applicable.,27.18,0,neutral,3,0,web,APAC
TCKT_038509,2023-02-22 02:07:33,CUST_05646,education,email,login_auth,security_concern,urgent,resolved,standard,There seems to be a vulnerability in the login auth functionality.,We take security very seriously. This has been escalated to our on-call team for immediate attention.,"Investigated logs, mitigated the issue, and updated security settings.",4.77,0,neutral,3,0,desktop_app,MEA
TCKT_038513,2023-02-25 14:46:11,CUST_06639,small_business,web_form,notifications,how_to,urgent,open,standard,Can you explain how to configure notifications properly?,Happy to help with your question. This has been escalated to our on-call team for immediate attention.,,,0,neutral,3,0,desktop_app,APAC
TCKT_038634,2023-02-23 19:49:06,CUST_09914,individual,email,mobile_app,feature_request,medium,open,standard,It would be great to have mobile app support in your product.,Thanks for your feature suggestion. Our team is reviewing this and will follow up within 24 hours.,,,0,positive,0,0,web,MEA
TCKT_038701,2023-02-27 13:18:03,CUST_03593,individual,email,analytics_dashboard,performance,medium,resolved,standard,The analytics dashboard page is very slow and takes a long time to load.,We understand performance issues can be frustrating. Our team is reviewing this and will follow up within 24 hours.,Optimized queries and increased resource allocation.,41.64,0,negative,0,0,desktop_app,APAC
TCKT_038826,2023-02-22 10:49:28,CUST_06413,small_business,in_app,mobile_app,security_concern,urgent,resolved,standard,I noticed a suspicious login on my account.,We take security very seriously. This has been escalated to our on-call team for immediate attention.,"Investigated logs, mitigated the issue, and updated security settings.",1.05,0,negative,2,0,ios,
TCKT_038835,2023-02-04 16:09:48,CUST_03204,non_profit,chat,mobile_app,feature_request,medium,open,standard,Our team needs more advanced options for mobile app.,Thanks for your feature suggestion. Our team is reviewing this and will follow up within 24 hours.,,,0,neutral,4,0,web,LATAM
TCKT_038884,2023-02-19 17:31:52,CUST_07555,individual,phone_transcript,login_auth,security_concern,low,open,standard,We need details about your data encryption and compliance.,We take security very seriously. We will look into this and get back to you within the next 48 hours.,,,1,very_positive,5,0,ios,EU
TCKT_038885,2023-02-19 04:41:38,CUST_02370,education,in_app,analytics_dashboard,security_concern,medium,open,standard,We need details about your data encryption and compliance.,We take security very seriously. Our team is reviewing this and will follow up within 24 hours.,,,0,negative,2,0,android,APAC
TCKT_038913,2023-02-13 16:40:43,CUST_00143,enterprise,email,api_integration,account_access,medium,open,gold,My account was locked after multiple failed login attempts.,Sorry to hear you're having trouble accessing your account. Our team is reviewing this and will follow up within 24 hours.,,,0,neutral,3,0,ios,MEA
TCKT_038929,2023-02-09 20:38:14,CUST_03076,individual,chat,data_export,feature_request,medium,resolved,gold,It would be great to have data export support in your product.,Thanks for your feature suggestion. Our team is reviewing this and will follow up within 24 hours.,Captured the request and added it to the product backlog.,10.68,0,neutral,3,1,desktop_app,APAC
TCKT_038950,2023-02-05 10:03:51,CUST_03656,small_business,phone_transcript,billing,bug,urgent,resolved,standard,The billing feature is not saving my changes.,Thanks for reporting this bug. This has been escalated to our on-call team for immediate attention.,Patched the bug and deployed a fix to production.,7.52,0,neutral,4,0,api_client,
TCKT_038957,2023-02-08 20:01:39,CUST_07535,enterprise,chat,data_export,account_access,high,resolved,standard,I cannot log in; the system says my password is incorrect.,Sorry to hear you're having trouble accessing your account. We are prioritizing this and will update you as soon as possible.,Reset account credentials and confirmed successful login.,7.9,0,negative,0,0,ios,APAC
TCKT_039029,2023-02-13 15:24:32,CUST_09750,education,email,login_auth,account_access,low,resolved,standard,My account was locked after multiple failed login attempts.,Sorry to hear you're having trouble accessing your account. We will look into this and get back to you within the next 48 hours.,Reset account credentials and confirmed successful login.,45.97,0,negative,2,0,desktop_app,MEA
TCKT_039060,2023-02-20 11:33:26,CUST_00632,individual,web_form,notifications,feature_request,high,resolved,gold,Can you add an option to customize notifications?,Thanks for your feature suggestion. We are prioritizing this and will update you as soon as possible.,Captured the request and added it to the product backlog.,7.42,0,neutral,3,0,desktop_app,MEA
TCKT_039064,2023-02-12 11:21:33,CUST_03418,individual,in_app,data_export,performance,low,resolved,gold,The data export page is very slow and takes a long time to load.,We understand performance issues can be frustrating. We will look into this and get back to you within the next 48 hours.,Optimized queries and increased resource allocation.,51.42,0,positive,5,0,ios,
TCKT_039071,2023-02-06 18:49:39,CUST_09747,small_business,phone_transcript,billing,security_concern,medium,on_hold,gold,We need details about your data encryption and compliance.,We take security very seriously. Our team is reviewing this and will follow up within 24 hours.,,,0,positive,0,0,web,EU
TCKT_039077,2023-02-01 03:34:50,CUST_03238,enterprise,phone_transcript,notifications,account_access,urgent,on_hold,platinum,My 2FA code is not working when I try to sign in.,Sorry to hear you're having trouble accessing your account. This has been escalated to our on-call team for immediate attention.,,,0,negative,0,0,ios,APAC
TCKT_039086,2023-02-06 05:00:28,CUST_08444,non_profit,email,api_integration,security_concern,medium,resolved,standard,There seems to be a vulnerability in the api integration functionality.,We take security very seriously. Our team is reviewing this and will follow up within 24 hours.,"Investigated logs, mitigated the issue, and updated security settings.",40.23,0,neutral,3,0,android,MEA
TCKT_039126,2023-02-19 08:48:58,CUST_07853,enterprise,chat,notifications,security_concern,low,open,gold,We need details about your data encryption and compliance.,We take security very seriously. We will look into this and get back to you within the next 48 hours.,,,0,negative,2,0,web,LATAM
TCKT_039166,2023-02-24 08:32:35,CUST_09976,enterprise,in_app,data_export,how_to,medium,in_progress,standard,I need help setting up data export for my team.,Happy to help with your question. Our team is reviewing this and will follow up within 24 hours.,,,0,positive,5,0,desktop_app,
TCKT_039212,2023-02-05 22:20:30,CUST_08881,non_profit,phone_transcript,notifications,how_to,urgent,resolved,gold,I need help setting up notifications for my team.,Happy to help with your question. This has been escalated to our on-call team for immediate attention.,Provided step-by-step instructions and relevant documentation.,4.32,0,negative,3,0,api_client,LATAM
TCKT_039251,2023-02-12 08:15:42,CUST_05650,enterprise,phone_transcript,data_export,performance,medium,resolved,standard,Overall performance has degraded in the last few days.,We understand performance issues can be frustrating. Our team is reviewing this and will follow up within 24 hours.,Optimized queries and increased resource allocation.,12.79,0,very_negative,2,0,desktop_app,LATAM
TCKT_039265,2023-02-26 17:02:40,CUST_09144,non_profit,web_form,notifications,account_access,medium,closed_no_action,standard,I cannot log in; the system says my password is incorrect.,Sorry to hear you're having trouble accessing your account. Our team is reviewing this and will follow up within 24 hours.,Ticket closed without further action after no response from the customer.,121.94,0,negative,3,0,ios,
TCKT_039341,2023-02-13 05:01:13,CUST_03363,non_profit,web_form,analytics_dashboard,security_concern,low,resolved,standard,There seems to be a vulnerability in the analytics dashboard functionality.,We take security very seriously. We will look into this and get back to you within the next 48 hours.,"Investigated logs, mitigated the issue, and updated security settings.",48.51,0,neutral,0,0,android,
TCKT_039452,2023-02-04 16:10:13,CUST_03148,individual,email,data_export,performance,low,resolved,platinum,The data export page is very slow and takes a long time to load.,We understand performance issues can be frustrating. We will look into this and get back to you within the next 48 hours.,Optimized queries and increased resource allocation.,45.09,0,negative,0,0,android,MEA
TCKT_039471,2023-02-02 12:20:52,CUST_03792,individual,in_app,login_auth,how_to,medium,resolved,gold,Can you explain how to configure login auth properly?,Happy to help with your question. Our team is reviewing this and will follow up within 24 hours.,Provided step-by-step instructions and relevant documentation.,30.38,0,neutral,3,0,android,EU
TCKT_039492,2023-02-09 00:35:32,CUST_05920,small_business,email,analytics_dashboard,billing_problem,high,resolved,standard,I was charged twice for my subscription this month.,Thanks for reaching out about the billing issue. We are prioritizing this and will update you as soon as possible.,Adjusted the invoice and issued a refund where applicable.,3.0,0,very_negative,0,1,api_client,
TCKT_039622,2023-02-20 08:03:48,CUST_01407,small_business,web_form,data_export,security_concern,low,in_progress,standard,There seems to be a vulnerability in the data export functionality.,We take security very seriously. We will look into this and get back to you within the next 48 hours.,,,0,very_negative,1,0,api_client,APAC
TCKT_039683,2023-02-13 18:37:39,CUST_05728,small_business,phone_transcript,login_auth,account_access,medium,resolved,standard,My account was locked after multiple failed login attempts.,Sorry to hear you're having trouble accessing your account. Our team is reviewing this and will follow up within 24 hours.,Reset account credentials and confirmed successful login.,33.43,0,very_negative,2,1,desktop_app,EU
TCKT_039746,2023-02-27 21:05:52,CUST_06456,non_profit,email,mobile_app,feature_request,medium,resolved,standard,It would be great to have mobile app support in your product.,Thanks for your feature suggestion. Our team is reviewing this and will follow up within 24 hours.,Captured the request and added it to the product backlog.,12.93,1,positive,5,1,ios,APAC
TCKT_039803,2023-02-14 16:01:03,CUST_06200,small_business,email,mobile_app,billing_problem,low,resolved,standard,My invoice amount is incorrect compared to the plan I selected.,Thanks for reaching out about the billing issue. We will look into this and get back to you within the next 48 hours.,Adjusted the invoice and issued a refund where applicable.,32.58,0,neutral,4,0,android,EU
TCKT_039813,2023-02-03 14:44:16,CUST_07067,individual,chat,billing,other,high,on_hold,gold,"Something seems off, can you please check my workspace?",Thanks for contacting support. We are prioritizing this and will update you as soon as possible.,,,0,negative,3,1,api_client,EU
TCKT_039902,2023-02-15 02:38:49,CUST_01810,education,web_form,login_auth,billing_problem,low,closed_no_action,standard,I was charged twice for my subscription this month.,Thanks for reaching out about the billing issue. We will look into this and get back to you within the next 48 hours.,Ticket closed without further action after no response from the customer.,36.32,0,negative,0,1,ios,
TCKT_039925,2023-02-10 04:06:59,CUST_01771,education,phone_transcript,analytics_dashboard,bug,high,resolved,standard,I am seeing an error message when I click on analytics dashboard.,Thanks for reporting this bug. We are prioritizing this and will update you as soon as possible.,Patched the bug and deployed a fix to production.,12.08,0,neutral,3,0,ios,MEA
TCKT_039933,2023-02-08 22:29:00,CUST_06087,small_business,email,billing,how_to,medium,resolved,standard,I need help setting up billing for my team.,Happy to help with your question. Our team is reviewing this and will follow up within 24 hours.,Provided step-by-step instructions and relevant documentation.,10.83,0,very_positive,5,0,api_client,LATAM
TCKT_039982,2023-02-07 12:37:46,CUST_02635,non_profit,chat,notifications,other,low,resolved,standard,I need help but I'm not sure which category this fits in.,Thanks for contacting support. We will look into this and get back to you within the next 48 hours.,Provided general guidance and confirmed the issue was resolved.,11.9,1,negative,0,1,web,EU
TCKT_039983,2023-02-18 17:32:28,CUST_05249,non_profit,chat,analytics_dashboard,billing_problem,medium,resolved,standard,I downgraded my plan but I am still being billed for the higher tier.,Thanks for reaching out about the billing issue. Our team is reviewing this and will follow up within 24 hours.,Adjusted the invoice and issued a refund where applicable.,29.54,0,neutral,4,0,desktop_app,LATAM
TCKT_040210,2023-02-18 10:30:56,CUST_00738,non_profit,chat,login_auth,how_to,medium,resolved,gold,I need help setting up login auth for my team.,Happy to help with your question. Our team is reviewing this and will follow up within 24 hours.,Provided step-by-step instructions and relevant documentation.,42.0,0,positive,5,0,android,EU
TCKT_040263,2023-02-03 10:55:46,CUST_03622,enterprise,chat,mobile_app,other,urgent,resolved,gold,I have a general question about my account.,Thanks for contacting support. This has been escalated to our on-call team for immediate attention.,Provided general guidance and confirmed the issue was resolved.,3.12,0,neutral,4,0,api_client,
TCKT_040301,2023-02-28 15:04:02,CUST_06659,non_profit,chat,analytics_dashboard,how_to,low,resolved,platinum,How can I export my data from the analytics dashboard section?,Happy to help with your question. We will look into this and get back to you within the next 48 hours.,Provided step-by-step instructions and relevant documentation.,21.99,0,positive,4,0,android,LATAM
TCKT_040331,2023-02-11 04:56:32,CUST_03540,non_profit,email,billing,other,medium,resolved,gold,I have a general question about my account.,Thanks for contacting support. Our team is reviewing this and will follow up within 24 hours.,Provided general guidance and confirmed the issue was resolved.,19.35,0,negative,0,0,android,MEA
TCKT_040392,2023-02-09 22:53:23,CUST_09971,individual,web_form,login_auth,performance,medium,in_progress,gold,Overall performance has degraded in the last few days.,We understand performance issues can be frustrating. Our team is reviewing this and will follow up within 24 hours.,,,0,very_negative,2,0,web,MEA
TCKT_040595,2023-02-01 08:45:55,CUST_07765,small_business,email,login_auth,billing_problem,low,resolved,gold,I was charged twice for my subscription this month.,Thanks for reaching out about the billing issue. We will look into this and get back to you within the next 48 hours.,Adjusted the invoice and issued a refund where applicable.,13.8,0,negative,0,0,desktop_app,APAC
TCKT_040618,2023-02-06 03:52:39,CUST_08463,education,in_app,api_integration,feature_request,medium,open,standard,It would be great to have api integration support in your product.,Thanks for your feature suggestion. Our team is reviewing this and will follow up within 24 hours.,,,0,neutral,0,0,android,LATAM
TCKT_040656,2023-02-12 09:23:40,CUST_02556,non_profit,chat,data_export,how_to,low,open,standard,Can you explain how to configure data export properly?,Happy to help with your question. We will look into this and get back to you within the next 48 hours.,,,0,positive,5,0,api_client,APAC
TCKT_040704,2023-02-02 18:05:15,CUST_00119,education,in_app,analytics_dashboard,security_concern,low,resolved,standard,There seems to be a vulnerability in the analytics dashboard functionality.,We take security very seriously. We will look into this and get back to you within the next 48 hours.,"Investigated logs, mitigated the issue, and updated security settings.",23.61,0,negative,2,0,web,APAC
TCKT_040780,2023-02-03 06:59:17,CUST_09881,education,chat,billing,feature_request,low,in_progress,gold,It would be great to have billing support in your product.,Thanks for your feature suggestion. We will look into this and get back to you within the next 48 hours.,,,0,neutral,0,1,desktop_app,APAC
TCKT_040804,2023-02-26 02:49:56,CUST_09397,education,chat,analytics_dashboard,account_access,medium,in_progress,gold,I cannot log in; the system says my password is incorrect.,Sorry to hear you're having trouble accessing your account. Our team is reviewing this and will follow up within 24 hours.,,,0,negative,2,0,desktop_app,APAC
TCKT_040822,2023-02-05 06:58:49,CUST_03727,enterprise,phone_transcript,mobile_app,security_concern,low,resolved,standard,I noticed a suspicious login on my account.,We take security very seriously. We will look into this and get back to you within the next 48 hours.,"Investigated logs, mitigated the issue, and updated security settings.",24.09,0,very_negative,2,1,api_client,MEA
TCKT_040916,2023-02-05 11:40:02,CUST_05964,individual,email,api_integration,security_concern,low,in_progress,gold,There seems to be a vulnerability in the api integration functionality.,We take security very seriously. We will look into this and get back to you within the next 48 hours.,,,0,very_negative,0,0,ios,LATAM
TCKT_040956,2023-02-28 10:25:54,CUST_09704,individual,web_form,analytics_dashboard,performance,high,in_progress,gold,Queries in the analytics dashboard module are timing out.,We understand performance issues can be frustrating. We are prioritizing this and will update you as soon as possible.,,,1,negative,3,0,ios,MEA
TCKT_040981,2023-02-22 12:26:55,CUST_06398,small_business,phone_transcript,login_auth,account_access,high,open,platinum,I cannot log in; the system says my password is incorrect.,Sorry to hear you're having trouble accessing your account. We are prioritizing this and will update you as soon as possible.,,,1,negative,2,0,ios,APAC
TCKT_041176,2023-02-05 07:34:41,CUST_07313,individual,in_app,billing,performance,high,resolved,gold,Queries in the billing module are timing out.,We understand performance issues can be frustrating. We are prioritizing this and will update you as soon as possible.,Optimized queries and increased resource allocation.,9.77,1,very_positive,5,0,ios,APAC
TCKT_041395,2023-02-28 03:16:56,CUST_03301,enterprise,web_form,login_auth,performance,medium,resolved,standard,The login auth page is very slow and takes a long time to load.,We understand performance issues can be frustrating. Our team is reviewing this and will follow up within 24 hours.,Optimized queries and increased resource allocation.,22.28,0,negative,0,0,ios,MEA
TCKT_041426,2023-02-17 08:35:26,CUST_00402,individual,in_app,mobile_app,other,low,resolved,standard,I need help but I'm not sure which category this fits in.,Thanks for contacting support. We will look into this and get back to you within the next 48 hours.,Provided general guidance and confirmed the issue was resolved.,54.23,1,neutral,4,0,android,MEA
TCKT_041465,2023-02-21 17:13:57,CUST_07905,small_business,web_form,notifications,how_to,high,resolved,platinum,Can you explain how to configure notifications properly?,Happy to help with your question. We are prioritizing this and will update you as soon as possible.,Provided step-by-step instructions and relevant documentation.,5.29,0,very_positive,0,0,ios,
TCKT_041484,2023-02-14 11:24:31,CUST_01730,non_profit,email,api_integration,other,medium,resolved,gold,"Something seems off, can you please check my workspace?",Thanks for contacting support. Our team is reviewing this and will follow up within 24 hours.,Provided general guidance and confirmed the issue was resolved.,21.91,0,neutral,0,0,api_client,
TCKT_041532,2023-02-05 10:07:59,CUST_05053,small_business,chat,api_integration,performance,medium,resolved,gold,The api integration page is very slow and takes a long time to load.,We understand performance issues can be frustrating. Our team is reviewing this and will follow up within 24 hours.,Optimized queries and increased resource allocation.,29.68,0,neutral,3,0,ios,MEA
TCKT_041624,2023-02-10 16:22:20,CUST_05907,education,chat,notifications,other,medium,resolved,standard,I need help but I'm not sure which category this fits in.,Thanks for contacting support. Our team is reviewing this and will follow up within 24 hours.,Provided general guidance and confirmed the issue was resolved.,8.09,0,positive,5,0,web,EU
TCKT_041666,2023-02-02 06:00:13,CUST_08006,individual,in_app,data_export,account_access,high,on_hold,platinum,My 2FA code is not working when I try to sign in.,Sorry to hear you're having trouble accessing your account. We are prioritizing this and will update you as soon as possible.,,,0,very_negative,2,1,ios,
TCKT_041678,2023-02-05 02:45:47,CUST_00292,non_profit,email,data_export,account_access,medium,closed_no_action,standard,I cannot log in; the system says my password is incorrect.,Sorry to hear you're having trouble accessing your account. Our team is reviewing this and will follow up within 24 hours.,Ticket closed without further action after no response from the customer.,238.0,0,negative,0,0,desktop_app,
TCKT_041753,2023-02-17 01:37:17,CUST_08005,small_business,email,data_export,other,medium,open,platinum,"Something seems off, can you please check my workspace?",Thanks for contacting support. Our team is reviewing this and will follow up within 24 hours.,,,0,neutral,3,1,desktop_app,MEA
TCKT_041851,2023-02-09 18:39:05,CUST_01769,non_profit,in_app,notifications,other,medium,open,standard,I need help but I'm not sure which category this fits in.,Thanks for contacting support. Our team is reviewing this and will follow up within 24 hours.,,,0,very_negative,1,0,ios,MEA
TCKT_041883,2023-02-04 11:10:30,CUST_05339,education,phone_transcript,data_export,security_concern,low,resolved,standard,We need details about your data encryption and compliance.,We take security very seriously. We will look into this and get back to you within the next 48 hours.,"Investigated logs, mitigated the issue, and updated security settings.",10.45,0,neutral,4,0,desktop_app,MEA
TCKT_041973,2023-02-17 19:24:07,CUST_09353,individual,web_form,api_integration,security_concern,low,on_hold,platinum,We need details about your data encryption and compliance.,We take security very seriously. We will look into this and get back to you within the next 48 hours.,,,0,neutral,0,0,android,EU
TCKT_041980,2023-02-03 19:12:32,CUST_00683,small_business,phone_transcript,billing,account_access,low,closed_no_action,gold,My account was locked after multiple failed login attempts.,Sorry to hear you're having trouble accessing your account. We will look into this and get back to you within the next 48 hours.,Ticket closed without further action after no response from the customer.,130.8,0,negative,2,0,web,
TCKT_042004,2023-02-14 11:29:05,CUST_00052,individual,phone_transcript,api_integration,performance,urgent,resolved,standard,The api integration page is very slow and takes a long time to load.,We understand performance issues can be frustrating. This has been escalated to our on-call team for immediate attention.,Optimized queries and increased resource allocation.,0.91,0,neutral,0,0,desktop_app,EU
TCKT_042142,2023-02-04 06:56:45,CUST_08869,small_business,email,billing,account_access,medium,in_progress,standard,My account was locked after multiple failed login attempts.,Sorry to hear you're having trouble accessing your account. Our team is reviewing this and will follow up within 24 hours.,,,0,positive,0,1,desktop_app,LATAM
TCKT_042175,2023-02-05 20:31:38,CUST_01305,enterprise,email,login_auth,security_concern,low,closed_no_action,gold,We need details about your data encryption and compliance.,We take security very seriously. We will look into this and get back to you within the next 48 hours.,Ticket closed without further action after no response from the customer.,99.4,0,neutral,0,0,android,APAC
TCKT_042299,2023-02-06 11:27:46,CUST_04693,small_business,phone_transcript,data_export,bug,high,resolved,standard,The data export feature is not saving my changes.,Thanks for reporting this bug. We are prioritizing this and will update you as soon as possible.,Patched the bug and deployed a fix to production.,3.45,0,negative,2,0,web,APAC
TCKT_042303,2023-02-06 08:00:23,CUST_06486,enterprise,email,login_auth,how_to,low,resolved,standard,How can I export my data from the login auth section?,Happy to help with your question. We will look into this and get back to you within the next 48 hours.,Provided step-by-step instructions and relevant documentation.,20.11,0,neutral,3,1,ios,
TCKT_042314,2023-02-25 13:35:55,CUST_09799,individual,in_app,analytics_dashboard,billing_problem,low,resolved,gold,My invoice amount is incorrect compared to the plan I selected.,Thanks for reaching out about the billing issue. We will look into this and get back to you within the next 48 hours.,Adjusted the invoice and issued a refund where applicable.,68.96,0,neutral,4,0,web,
TCKT_042395,2023-02-02 15:41:24,CUST_06443,non_profit,in_app,analytics_dashboard,performance,medium,closed_no_action,standard,The analytics dashboard page is very slow and takes a long time to load.,We understand performance issues can be frustrating. Our team is reviewing this and will follow up within 24 hours.,Ticket closed without further action after no response from the customer.,114.0,0,positive,5,0,ios,LATAM
TCKT_042440,2023-02-03 16:48:00,CUST_01512,small_business,web_form,login_auth,feature_request,medium,resolved,platinum,It would be great to have login auth support in your product.,Thanks for your feature suggestion. Our team is reviewing this and will follow up within 24 hours.,Captured the request and added it to the product backlog.,35.63,0,negative,2,0,desktop_app,MEA
TCKT_042503,2023-02-06 17:25:54,CUST_07329,small_business,web_form,mobile_app,other,low,open,standard,I have a general question about my account.,Thanks for contacting support. We will look into this and get back to you within the next 48 hours.,,,0,negative,0,0,web,
TCKT_042546,2023-02-18 17:14:24,CUST_05695,education,chat,analytics_dashboard,other,low,closed_no_action,standard,"Something seems off, can you please check my workspace?",Thanks for contacting support. We will look into this and get back to you within the next 48 hours.,Ticket closed without further action after no response from the customer.,26.81,0,neutral,0,0,desktop_app,MEA
TCKT_042648,2023-02-11 18:19:54,CUST_00988,education,web_form,data_export,feature_request,high,closed_no_action,standard,Can you add an option to customize data export?,Thanks for your feature suggestion. We are prioritizing this and will update you as soon as possible.,Ticket closed without further action after no response from the customer.,126.53,0,very_positive,5,1,android,LATAM
TCKT_042719,2023-02-02 09:57:41,CUST_08469,non_profit,web_form,data_export,billing_problem,medium,resolved,standard,I downgraded my plan but I am still being billed for the higher tier.,Thanks for reaching out about the billing issue. Our team is reviewing this and will follow up within 24 hours.,Adjusted the invoice and issued a refund where applicable.,47.79,0,negative,0,0,desktop_app,
TCKT_042751,2023-02-02 03:16:12,CUST_05678,small_business,chat,data_export,bug,medium,resolved,standard,I am seeing an error message when I click on data export.,Thanks for reporting this bug. Our team is reviewing this and will follow up within 24 hours.,Patched the bug and deployed a fix to production.,27.9,0,negative,2,0,ios,EU
TCKT_042760,2023-02-07 20:30:26,CUST_02760,education,email,api_integration,other,low,resolved,standard,I have a general question about my account.,Thanks for contacting support. We will look into this and get back to you within the next 48 hours.,Provided general guidance and confirmed the issue was resolved.,71.25,0,positive,0,1,web,EU
TCKT_042813,2023-02-11 19:02:16,CUST_07463,non_profit,phone_transcript,api_integration,billing_problem,low,open,platinum,I was charged twice for my subscription this month.,Thanks for reaching out about the billing issue. We will look into this and get back to you within the next 48 hours.,,,0,neutral,4,0,android,MEA
TCKT_042819,2023-02-11 06:49:53,CUST_04095,enterprise,in_app,data_export,how_to,medium,resolved,platinum,How can I export my data from the data export section?,Happy to help with your question. Our team is reviewing this and will follow up within 24 hours.,Provided step-by-step instructions and relevant documentation.,24.17,0,neutral,3,0,ios,MEA
TCKT_042821,2023-02-25 17:58:56,CUST_05924,individual,chat,login_auth,other,low,resolved,platinum,I need help but I'm not sure which category this fits in.,Thanks for contacting support. We will look into this and get back to you within the next 48 hours.,Provided general guidance and confirmed the issue was resolved.,22.41,0,very_negative,2,0,desktop_app,LATAM
TCKT_042863,2023-02-11 04:05:40,CUST_03187,education,web_form,analytics_dashboard,feature_request,medium,resolved,gold,It would be great to have analytics dashboard support in your product.,Thanks for your feature suggestion. Our team is reviewing this and will follow up within 24 hours.,Captured the request and added it to the product backlog.,18.97,0,positive,0,0,web,
TCKT_042994,2023-02-02 23:13:32,CUST_07919,education,in_app,mobile_app,how_to,low,resolved,standard,I need help setting up mobile app for my team.,Happy to help with your question. We will look into this and get back to you within the next 48 hours.,Provided step-by-step instructions and relevant documentation.,23.29,0,neutral,0,0,desktop_app,EU
TCKT_043029,2023-02-14 08:47:49,CUST_09668,education,email,mobile_app,feature_request,low,resolved,gold,Can you add an option to customize mobile app?,Thanks for your feature suggestion. We will look into this and get back to you within the next 48 hours.,Captured the request and added it to the product backlog.,69.23,0,neutral,4,0,android,APAC
TCKT_043055,2023-02-28 05:33:01,CUST_05453,individual,email,mobile_app,account_access,high,resolved,standard,My 2FA code is not working when I try to sign in.,Sorry to hear you're having trouble accessing your account. We are prioritizing this and will update you as soon as possible.,Reset account credentials and confirmed successful login.,1.4,0,negative,0,0,web,MEA
TCKT_043071,2023-02-05 21:36:18,CUST_04752,education,email,data_export,feature_request,low,closed_no_action,standard,Can you add an option to customize data export?,Thanks for your feature suggestion. We will look into this and get back to you within the next 48 hours.,Ticket closed without further action after no response from the customer.,113.27,0,positive,4,1,ios,LATAM
TCKT_043104,2023-02-15 12:46:44,CUST_03436,small_business,chat,login_auth,account_access,low,resolved,platinum,I cannot log in; the system says my password is incorrect.,Sorry to hear you're having trouble accessing your account. We will look into this and get back to you within the next 48 hours.,Reset account credentials and confirmed successful login.,34.19,0,very_negative,1,0,api_client,EU
TCKT_043108,2023-02-24 13:10:20,CUST_03633,enterprise,in_app,analytics_dashboard,billing_problem,low,resolved,gold,My invoice amount is incorrect compared to the plan I selected.,Thanks for reaching out about the billing issue. We will look into this and get back to you within the next 48 hours.,Adjusted the invoice and issued a refund where applicable.,49.62,0,very_negative,0,0,android,LATAM
TCKT_043150,2023-02-13 04:39:28,CUST_02540,non_profit,web_form,api_integration,account_access,low,open,standard,My account was locked after multiple failed login attempts.,Sorry to hear you're having trouble accessing your account. We will look into this and get back to you within the next 48 hours.,,,0,positive,4,1,desktop_app,
TCKT_043235,2023-02-25 20:32:59,CUST_04790,individual,email,analytics_dashboard,performance,high,in_progress,standard,The analytics dashboard page is very slow and takes a long time to load.,We understand performance issues can be frustrating. We are prioritizing this and will update you as soon as possible.,,,0,negative,3,0,ios,MEA
TCKT_043246,2023-02-24 08:51:05,CUST_09800,enterprise,phone_transcript,mobile_app,performance,low,resolved,gold,Overall performance has degraded in the last few days.,We understand performance issues can be frustrating. We will look into this and get back to you within the next 48 hours.,Optimized queries and increased resource allocation.,46.15,0,neutral,3,0,web,
TCKT_043263,2023-02-14 17:20:30,CUST_09090,education,phone_transcript,login_auth,security_concern,high,closed_no_action,gold,We need details about your data encryption and compliance.,We take security very seriously. We are prioritizing this and will update you as soon as possible.,Ticket closed without further action after no response from the customer.,213.22,0,neutral,4,1,desktop_app,APAC
TCKT_043269,2023-02-07 12:56:52,CUST_00849,individual,email,data_export,bug,low,resolved,gold,The data export feature is not saving my changes.,Thanks for reporting this bug. We will look into this and get back to you within the next 48 hours.,Patched the bug and deployed a fix to production.,66.18,1,positive,5,0,web,EU
TCKT_043286,2023-02-06 23:17:02,CUST_06001,small_business,web_form,mobile_app,security_concern,high,resolved,gold,We need details about your data encryption and compliance.,We take security very seriously. We are prioritizing this and will update you as soon as possible.,"Investigated logs, mitigated the issue, and updated security settings.",5.97,0,negative,0,1,android,MEA
TCKT_043350,2023-02-01 11:17:57,CUST_01923,education,chat,analytics_dashboard,performance,medium,open,standard,The analytics dashboard page is very slow and takes a long time to load.,We understand performance issues can be frustrating. Our team is reviewing this and will follow up within 24 hours.,,,0,neutral,0,0,ios,MEA
TCKT_043361,2023-02-20 13:22:42,CUST_09728,non_profit,in_app,login_auth,bug,low,resolved,standard,The login auth feature is not saving my changes.,Thanks for reporting this bug. We will look into this and get back to you within the next 48 hours.,Patched the bug and deployed a fix to production.,16.15,0,neutral,0,1,android,APAC
TCKT_043408,2023-02-07 04:20:59,CUST_06079,enterprise,in_app,mobile_app,how_to,medium,in_progress,standard,Can you explain how to configure mobile app properly?,Happy to help with your question. Our team is reviewing this and will follow up within 24 hours.,,,0,positive,0,1,ios,
TCKT_043454,2023-02-22 13:34:12,CUST_03520,enterprise,in_app,analytics_dashboard,bug,high,in_progress,standard,I am seeing an error message when I click on analytics dashboard.,Thanks for reporting this bug. We are prioritizing this and will update you as soon as possible.,,,0,positive,4,1,web,APAC
TCKT_043458,2023-02-17 13:10:36,CUST_05422,education,email,analytics_dashboard,performance,medium,resolved,gold,The analytics dashboard page is very slow and takes a long time to load.,We understand performance issues can be frustrating. Our team is reviewing this and will follow up within 24 hours.,Optimized queries and increased resource allocation.,26.28,0,very_negative,1,0,web,LATAM
TCKT_043477,2023-02-15 22:39:40,CUST_00515,education,phone_transcript,data_export,other,high,closed_no_action,standard,I need help but I'm not sure which category this fits in.,Thanks for contacting support. We are prioritizing this and will update you as soon as possible.,Ticket closed without further action after no response from the customer.,181.95,0,negative,3,0,android,EU
TCKT_043514,2023-02-22 19:59:24,CUST_04941,non_profit,chat,mobile_app,bug,medium,in_progress,gold,The mobile app feature is not saving my changes.,Thanks for reporting this bug. Our team is reviewing this and will follow up within 24 hours.,,,0,very_negative,0,0,ios,APAC
TCKT_043552,2023-02-21 17:23:12,CUST_07694,education,chat,notifications,feature_request,medium,closed_no_action,gold,Our team needs more advanced options for notifications.,Thanks for your feature suggestion. Our team is reviewing this and will follow up within 24 hours.,Ticket closed without further action after no response from the customer.,183.32,0,very_positive,5,0,api_client,LATAM
TCKT_043554,2023-02-02 02:37:30,CUST_07674,enterprise,chat,billing,account_access,high,resolved,standard,My account was locked after multiple failed login attempts.,Sorry to hear you're having trouble accessing your account. We are prioritizing this and will update you as soon as possible.,Reset account credentials and confirmed successful login.,22.27,0,negative,2,0,android,APAC
TCKT_043614,2023-02-25 11:34:47,CUST_00984,individual,email,billing,security_concern,high,in_progress,standard,I noticed a suspicious login on my account.,We take security very seriously. We are prioritizing this and will update you as soon as possible.,,,0,very_negative,0,1,web,LATAM
TCKT_043624,2023-02-14 04:30:12,CUST_07914,non_profit,email,data_export,security_concern,low,open,standard,There seems to be a vulnerability in the data export functionality.,We take security very seriously. We will look into this and get back to you within the next 48 hours.,,,0,negative,3,0,desktop_app,APAC
TCKT_043681,2023-02-02 07:57:57,CUST_06876,individual,in_app,mobile_app,other,urgent,closed_no_action,standard,I need help but I'm not sure which category this fits in.,Thanks for contacting support. This has been escalated to our on-call team for immediate attention.,Ticket closed without further action after no response from the customer.,238.83,0,neutral,0,0,api_client,EU
TCKT_043906,2023-02-06 09:20:12,CUST_02570,enterprise,phone_transcript,notifications,performance,low,in_progress,standard,The notifications page is very slow and takes a long time to load.,We understand performance issues can be frustrating. We will look into this and get back to you within the next 48 hours.,,,0,very_negative,2,0,desktop_app,MEA
TCKT_043975,2023-02-20 01:17:04,CUST_02970,non_profit,phone_transcript,notifications,how_to,low,resolved,standard,How can I export my data from the notifications section?,Happy to help with your question. We will look into this and get back to you within the next 48 hours.,Provided step-by-step instructions and relevant documentation.,40.6,0,neutral,3,1,android,APAC
TCKT_044018,2023-02-27 07:04:09,CUST_07675,education,in_app,analytics_dashboard,other,high,resolved,standard,"Something seems off, can you please check my workspace?",Thanks for contacting support. We are prioritizing this and will update you as soon as possible.,Provided general guidance and confirmed the issue was resolved.,16.04,0,neutral,4,0,android,MEA
TCKT_044082,2023-02-07 17:07:58,CUST_03663,education,in_app,api_integration,feature_request,low,resolved,gold,It would be great to have api integration support in your product.,Thanks for your feature suggestion. We will look into this and get back to you within the next 48 hours.,Captured the request and added it to the product backlog.,42.85,0,very_positive,0,0,ios,MEA
TCKT_044129,2023-02-13 17:57:30,CUST_04610,education,in_app,api_integration,performance,medium,resolved,platinum,The api integration page is very slow and takes a long time to load.,We understand performance issues can be frustrating. Our team is reviewing this and will follow up within 24 hours.,Optimized queries and increased resource allocation.,47.97,1,negative,2,0,web,LATAM
TCKT_044139,2023-02-17 01:26:07,CUST_08571,small_business,in_app,api_integration,billing_problem,low,resolved,standard,I was charged twice for my subscription this month.,Thanks for reaching out about the billing issue. We will look into this and get back to you within the next 48 hours.,Adjusted the invoice and issued a refund where applicable.,40.88,0,negative,0,0,api_client,LATAM
TCKT_044151,2023-02-06 21:23:37,CUST_05812,individual,web_form,mobile_app,feature_request,medium,resolved,standard,Our team needs more advanced options for mobile app.,Thanks for your feature suggestion. Our team is reviewing this and will follow up within 24 hours.,Captured the request and added it to the product backlog.,9.32,0,very_negative,1,0,desktop_app,LATAM
TCKT_044241,2023-02-23 02:43:10,CUST_00502,education,chat,billing,security_concern,high,resolved,gold,There seems to be a vulnerability in the billing functionality.,We take security very seriously. We are prioritizing this and will update you as soon as possible.,"Investigated logs, mitigated the issue, and updated security settings.",10.99,0,neutral,3,1,web,MEA
TCKT_044262,2023-02-11 01:22:36,CUST_00737,small_business,web_form,mobile_app,billing_problem,medium,on_hold,standard,I downgraded my plan but I am still being billed for the higher tier.,Thanks for reaching out about the billing issue. Our team is reviewing this and will follow up within 24 hours.,,,0,neutral,0,0,ios,MEA
TCKT_044378,2023-02-12 07:45:06,CUST_09246,individual,web_form,api_integration,other,high,in_progress,standard,I need help but I'm not sure which category this fits in.,Thanks for contacting support. We are prioritizing this and will update you as soon as possible.,,,0,negative,3,0,web,
TCKT_044402,2023-02-08 14:35:09,CUST_09961,non_profit,in_app,analytics_dashboard,account_access,low,open,standard,My 2FA code is not working when I try to sign in.,Sorry to hear you're having trouble accessing your account. We will look into this and get back to you within the next 48 hours.,,,0,neutral,4,0,web,APAC
TCKT_044460,2023-02-24 23:05:51,CUST_03200,enterprise,web_form,notifications,other,low,resolved,gold,"Something seems off, can you please check my workspace?",Thanks for contacting support. We will look into this and get back to you within the next 48 hours.,Provided general guidance and confirmed the issue was resolved.,41.02,0,very_positive,5,0,desktop_app,MEA
TCKT_044465,2023-02-20 12:04:58,CUST_05937,small_business,web_form,billing,account_access,low,in_progress,gold,My account was locked after multiple failed login attempts.,Sorry to hear you're having trouble accessing your account. We will look into this and get back to you within the next 48 hours.,,,0,negative,3,1,desktop_app,LATAM
TCKT_044469,2023-02-08 09:14:18,CUST_07101,small_business,in_app,mobile_app,performance,low,resolved,gold,Overall performance has degraded in the last few days.,We understand performance issues can be frustrating. We will look into this and get back to you within the next 48 hours.,Optimized queries and increased resource allocation.,63.6,0,neutral,3,0,ios,
TCKT_044576,2023-02-25 02:07:07,CUST_09682,enterprise,phone_transcript,login_auth,account_access,medium,open,standard,I cannot log in; the system says my password is incorrect.,Sorry to hear you're having trouble accessing your account. Our team is reviewing this and will follow up within 24 hours.,,,0,negative,2,1,api_client,APAC
TCKT_044718,2023-02-25 16:43:12,CUST_01614,non_profit,web_form,login_auth,other,low,resolved,standard,"Something seems off, can you please check my workspace?",Thanks for contacting support. We will look into this and get back to you within the next 48 hours.,Provided general guidance and confirmed the issue was resolved.,28.12,0,positive,4,1,web,APAC
TCKT_044719,2023-02-08 20:02:46,CUST_00364,individual,web_form,billing,billing_problem,high,resolved,standard,I was charged twice for my subscription this month.,Thanks for reaching out about the billing issue. We are prioritizing this and will update you as soon as possible.,Adjusted the invoice and issued a refund where applicable.,11.65,0,negative,2,0,android,
TCKT_044804,2023-02-28 10:07:35,CUST_00116,education,email,data_export,feature_request,high,in_progress,standard,Our team needs more advanced options for data export.,Thanks for your feature suggestion. We are prioritizing this and will update you as soon as possible.,,,0,negative,3,0,ios,EU
TCKT_044862,2023-02-11 01:00:21,CUST_04697,non_profit,in_app,billing,feature_request,medium,resolved,platinum,It would be great to have billing support in your product.,Thanks for your feature suggestion. Our team is reviewing this and will follow up within 24 hours.,Captured the request and added it to the product backlog.,21.25,0,neutral,4,0,android,LATAM
TCKT_044987,2023-02-16 18:14:08,CUST_08855,non_profit,in_app,analytics_dashboard,feature_request,low,in_progress,standard,Our team needs more advanced options for analytics dashboard.,Thanks for your feature suggestion. We will look into this and get back to you within the next 48 hours.,,,0,very_negative,2,0,desktop_app,APAC
TCKT_045109,2023-02-01 03:25:05,CUST_05321,enterprise,in_app,analytics_dashboard,feature_request,high,in_progress,platinum,Can you add an option to customize analytics dashboard?,Thanks for your feature suggestion. We are prioritizing this and will update you as soon as possible.,,,0,neutral,3,0,ios,MEA
TCKT_045127,2023-02-27 10:58:19,CUST_00234,individual,in_app,mobile_app,performance,medium,in_progress,standard,The mobile app page is very slow and takes a long time to load.,We understand performance issues can be frustrating. Our team is reviewing this and will follow up within 24 hours.,,,0,negative,3,0,desktop_app,
TCKT_045131,2023-02-08 22:56:20,CUST_03519,enterprise,email,mobile_app,billing_problem,medium,on_hold,standard,I downgraded my plan but I am still being billed for the higher tier.,Thanks for reaching out about the billing issue. Our team is reviewing this and will follow up within 24 hours.,,,0,negative,0,0,desktop_app,EU
TCKT_045135,2023-02-11 06:23:13,CUST_01650,enterprise,web_form,api_integration,feature_request,medium,resolved,standard,Can you add an option to customize api integration?,Thanks for your feature suggestion. Our team is reviewing this and will follow up within 24 hours.,Captured the request and added it to the product backlog.,8.26,0,very_positive,5,0,desktop_app,LATAM
TCKT_045148,2023-02-23 00:19:17,CUST_03993,non_profit,phone_transcript,login_auth,security_concern,low,closed_no_action,gold,We need details about your data encryption and compliance.,We take security very seriously. We will look into this and get back to you within the next 48 hours.,Ticket closed without further action after no response from the customer.,109.91,0,very_positive,5,0,desktop_app,EU
TCKT_045198,2023-02-28 17:10:20,CUST_07340,non_profit,chat,data_export,other,medium,closed_no_action,standard,I need help but I'm not sure which category this fits in.,Thanks for contacting support. Our team is reviewing this and will follow up within 24 hours.,Ticket closed without further action after no response from the customer.,83.35,0,neutral,0,0,web,EU
TCKT_045265,2023-02-10 04:31:29,CUST_07348,individual,email,login_auth,security_concern,low,closed_no_action,standard,I noticed a suspicious login on my account.,We take security very seriously. We will look into this and get back to you within the next 48 hours.,Ticket closed without further action after no response from the customer.,70.49,0,neutral,3,1,desktop_app,MEA
TCKT_045276,2023-02-21 18:59:59,CUST_07568,non_profit,chat,login_auth,bug,medium,resolved,standard,The login auth feature is not saving my changes.,Thanks for reporting this bug. Our team is reviewing this and will follow up within 24 hours.,Patched the bug and deployed a fix to production.,10.84,0,very_positive,5,1,ios,APAC
TCKT_045285,2023-02-17 10:32:21,CUST_00576,individual,in_app,mobile_app,security_concern,low,closed_no_action,standard,There seems to be a vulnerability in the mobile app functionality.,We take security very seriously. We will look into this and get back to you within the next 48 hours.,Ticket closed without further action after no response from the customer.,239.79,0,positive,0,0,api_client,APAC
TCKT_045294,2023-02-01 04:08:12,CUST_06893,enterprise,web_form,api_integration,feature_request,low,closed_no_action,standard,It would be great to have api integration support in your product.,Thanks for your feature suggestion. We will look into this and get back to you within the next 48 hours.,Ticket closed without further action after no response from the customer.,146.61,0,neutral,4,1,desktop_app,MEA
TCKT_045347,2023-02-12 20:30:00,CUST_02256,non_profit,in_app,billing,billing_problem,low,open,platinum,I downgraded my plan but I am still being billed for the higher tier.,Thanks for reaching out about the billing issue. We will look into this and get back to you within the next 48 hours.,,,0,very_negative,1,1,api_client,
TCKT_045359,2023-02-12 12:17:40,CUST_04132,individual,in_app,login_auth,feature_request,low,in_progress,gold,Can you add an option to customize login auth?,Thanks for your feature suggestion. We will look into this and get back to you within the next 48 hours.,,,0,very_positive,5,0,web,EU
TCKT_045403,2023-02-26 19:02:59,CUST_09440,non_profit,web_form,notifications,performance,medium,in_progress,gold,Queries in the notifications module are timing out.,We understand performance issues can be frustrating. Our team is reviewing this and will follow up within 24 hours.,,,0,negative,3,0,ios,MEA
TCKT_045489,2023-02-18 23:43:37,CUST_01519,individual,web_form,data_export,account_access,low,in_progress,gold,I cannot log in; the system says my password is incorrect.,Sorry to hear you're having trouble accessing your account. We will look into this and get back to you within the next 48 hours.,,,0,negative,2,0,desktop_app,
TCKT_045496,2023-02-25 11:53:08,CUST_09683,education,chat,billing,how_to,high,resolved,standard,Can you explain how to configure billing properly?,Happy to help with your question. We are prioritizing this and will update you as soon as possible.,Provided step-by-step instructions and relevant documentation.,4.58,0,neutral,0,0,web,LATAM
TCKT_045513,2023-02-02 08:53:21,CUST_01976,individual,chat,billing,security_concern,low,resolved,standard,There seems to be a vulnerability in the billing functionality.,We take security very seriously. We will look into this and get back to you within the next 48 hours.,"Investigated logs, mitigated the issue, and updated security settings.",11.86,0,negative,3,0,ios,APAC
TCKT_045603,2023-02-03 10:45:22,CUST_06429,education,chat,data_export,account_access,high,closed_no_action,platinum,I cannot log in; the system says my password is incorrect.,Sorry to hear you're having trouble accessing your account. We are prioritizing this and will update you as soon as possible.,Ticket closed without further action after no response from the customer.,219.25,0,very_positive,5,0,ios,APAC
TCKT_045675,2023-02-25 04:48:44,CUST_02173,education,chat,login_auth,how_to,low,in_progress,standard,Can you explain how to configure login auth properly?,Happy to help with your question. We will look into this and get back to you within the next 48 hours.,,,0,very_positive,5,0,web,MEA
TCKT_045817,2023-02-19 11:49:28,CUST_08637,enterprise,email,api_integration,bug,medium,closed_no_action,platinum,The api integration feature is not saving my changes.,Thanks for reporting this bug. Our team is reviewing this and will follow up within 24 hours.,Ticket closed without further action after no response from the customer.,137.02,0,neutral,3,1,web,
TCKT_046115,2023-02-05 22:35:59,CUST_04495,education,in_app,api_integration,feature_request,high,in_progress,standard,Our team needs more advanced options for api integration.,Thanks for your feature suggestion. We are prioritizing this and will update you as soon as possible.,,,0,positive,0,0,desktop_app,
TCKT_046239,2023-02-17 17:23:17,CUST_09500,individual,email,analytics_dashboard,feature_request,medium,resolved,platinum,Our team needs more advanced options for analytics dashboard.,Thanks for your feature suggestion. Our team is reviewing this and will follow up within 24 hours.,Captured the request and added it to the product backlog.,28.67,1,negative,0,1,api_client,EU
TCKT_046275,2023-02-22 16:06:04,CUST_01427,small_business,email,notifications,other,medium,closed_no_action,standard,I need help but I'm not sure which category this fits in.,Thanks for contacting support. Our team is reviewing this and will follow up within 24 hours.,Ticket closed without further action after no response from the customer.,202.76,0,negative,2,0,ios,EU
TCKT_046337,2023-02-13 05:15:18,CUST_03171,non_profit,chat,login_auth,performance,medium,on_hold,standard,Queries in the login auth module are timing out.,We understand performance issues can be frustrating. Our team is reviewing this and will follow up within 24 hours.,,,0,negative,2,0,desktop_app,LATAM
TCKT_046362,2023-02-04 15:17:17,CUST_01732,individual,phone_transcript,login_auth,billing_problem,high,closed_no_action,standard,My invoice amount is incorrect compared to the plan I selected.,Thanks for reaching out about the billing issue. We are prioritizing this and will update you as soon as possible.,Ticket closed without further action after no response from the customer.,159.19,0,negative,0,1,android,EU
TCKT_046364,2023-02-20 15:56:58,CUST_02745,education,web_form,data_export,account_access,low,closed_no_action,standard,My account was locked after multiple failed login attempts.,Sorry to hear you're having trouble accessing your account. We will look into this and get back to you within the next 48 hours.,Ticket closed without further action after no response from the customer.,62.23,0,negative,0,0,web,EU
TCKT_046413,2023-02-11 15:03:41,CUST_01335,non_profit,web_form,notifications,billing_problem,low,in_progress,standard,I downgraded my plan but I am still being billed for the higher tier.,Thanks for reaching out about the billing issue. We will look into this and get back to you within the next 48 hours.,,,0,positive,5,0,android,LATAM
TCKT_046562,2023-02-27 21:27:37,CUST_05631,education,phone_transcript,billing,other,low,open,gold,I need help but I'm not sure which category this fits in.,Thanks for contacting support. We will look into this and get back to you within the next 48 hours.,,,0,neutral,0,1,web,LATAM
TCKT_046584,2023-02-22 20:49:25,CUST_06140,education,email,data_export,feature_request,medium,in_progress,gold,Can you add an option to customize data export?,Thanks for your feature suggestion. Our team is reviewing this and will follow up within 24 hours.,,,0,neutral,0,0,android,MEA
TCKT_046812,2023-02-02 02:32:27,CUST_04644,small_business,in_app,notifications,other,urgent,on_hold,platinum,I need help but I'm not sure which category this fits in.,Thanks for contacting support. This has been escalated to our on-call team for immediate attention.,,,0,positive,5,0,android,EU
TCKT_046952,2023-02-05 04:07:09,CUST_05634,small_business,chat,login_auth,feature_request,low,resolved,standard,Can you add an option to customize login auth?,Thanks for your feature suggestion. We will look into this and get back to you within the next 48 hours.,Captured the request and added it to the product backlog.,10.68,0,neutral,3,0,android,
TCKT_046990,2023-02-05 10:07:58,CUST_07144,enterprise,phone_transcript,data_export,other,medium,resolved,standard,"Something seems off, can you please check my workspace?",Thanks for contacting support. Our team is reviewing this and will follow up within 24 hours.,Provided general guidance and confirmed the issue was resolved.,42.78,0,negative,0,0,api_client,APAC
TCKT_047008,2023-02-06 14:37:24,CUST_03303,non_profit,web_form,mobile_app,billing_problem,high,resolved,standard,I was charged twice for my subscription this month.,Thanks for reaching out about the billing issue. We are prioritizing this and will update you as soon as possible.,Adjusted the invoice and issued a refund where applicable.,2.32,0,very_negative,1,0,web,APAC
TCKT_047148,2023-02-21 05:22:13,CUST_07487,individual,email,api_integration,feature_request,low,resolved,gold,Can you add an option to customize api integration?,Thanks for your feature suggestion. We will look into this and get back to you within the next 48 hours.,Captured the request and added it to the product backlog.,10.22,0,neutral,3,1,desktop_app,EU
TCKT_047156,2023-02-18 14:32:22,CUST_02896,individual,chat,analytics_dashboard,account_access,low,resolved,standard,I cannot log in; the system says my password is incorrect.,Sorry to hear you're having trouble accessing your account. We will look into this and get back to you within the next 48 hours.,Reset account credentials and confirmed successful login.,21.42,0,very_negative,2,1,android,APAC
TCKT_047204,2023-02-18 13:34:43,CUST_09550,small_business,in_app,billing,other,high,resolved,standard,I have a general question about my account.,Thanks for contacting support. We are prioritizing this and will update you as soon as possible.,Provided general guidance and confirmed the issue was resolved.,9.81,0,neutral,3,0,ios,LATAM
TCKT_047275,2023-02-17 01:48:28,CUST_03234,individual,web_form,analytics_dashboard,billing_problem,low,on_hold,standard,My invoice amount is incorrect compared to the plan I selected.,Thanks for reaching out about the billing issue. We will look into this and get back to you within the next 48 hours.,,,0,neutral,3,0,ios,LATAM
TCKT_047277,2023-02-12 07:08:54,CUST_09587,small_business,email,analytics_dashboard,feature_request,low,on_hold,standard,It would be great to have analytics dashboard support in your product.,Thanks for your feature suggestion. We will look into this and get back to you within the next 48 hours.,,,0,neutral,3,0,android,
TCKT_047343,2023-02-06 17:21:55,CUST_04521,enterprise,in_app,billing,other,medium,resolved,standard,"Something seems off, can you please check my workspace?",Thanks for contacting support. Our team is reviewing this and will follow up within 24 hours.,Provided general guidance and confirmed the issue was resolved.,7.58,0,positive,5,0,desktop_app,
TCKT_047455,2023-02-24 20:11:39,CUST_01971,individual,chat,analytics_dashboard,billing_problem,urgent,resolved,standard,I downgraded my plan but I am still being billed for the higher tier.,Thanks for reaching out about the billing issue. This has been escalated to our on-call team for immediate attention.,Adjusted the invoice and issued a refund where applicable.,0.14,0,neutral,3,0,web,MEA
TCKT_047597,2023-02-18 10:23:03,CUST_03062,enterprise,phone_transcript,notifications,billing_problem,low,closed_no_action,standard,My invoice amount is incorrect compared to the plan I selected.,Thanks for reaching out about the billing issue. We will look into this and get back to you within the next 48 hours.,Ticket closed without further action after no response from the customer.,70.46,0,negative,3,0,desktop_app,MEA
TCKT_047607,2023-02-10 19:15:41,CUST_07032,enterprise,phone_transcript,mobile_app,performance,low,closed_no_action,standard,The mobile app page is very slow and takes a long time to load.,We understand performance issues can be frustrating. We will look into this and get back to you within the next 48 hours.,Ticket closed without further action after no response from the customer.,151.49,0,very_negative,1,0,android,EU
TCKT_047615,2023-02-23 11:03:14,CUST_07789,education,web_form,mobile_app,security_concern,high,on_hold,standard,There seems to be a vulnerability in the mobile app functionality.,We take security very seriously. We are prioritizing this and will update you as soon as possible.,,,0,very_negative,1,0,desktop_app,APAC
TCKT_047677,2023-02-02 19:39:42,CUST_03061,individual,in_app,notifications,performance,urgent,resolved,standard,Overall performance has degraded in the last few days.,We understand performance issues can be frustrating. This has been escalated to our on-call team for immediate attention.,Optimized queries and increased resource allocation.,1.53,0,very_negative,0,0,android,LATAM
TCKT_047858,2023-02-18 21:40:37,CUST_05811,individual,email,data_export,how_to,high,open,gold,Can you explain how to configure data export properly?,Happy to help with your question. We are prioritizing this and will update you as soon as possible.,,,0,neutral,3,0,web,
TCKT_047942,2023-02-27 09:03:37,CUST_00900,education,phone_transcript,data_export,security_concern,low,in_progress,gold,We need details about your data encryption and compliance.,We take security very seriously. We will look into this and get back to you within the next 48 hours.,,,0,negative,0,0,desktop_app,EU
TCKT_047949,2023-02-07 15:21:22,CUST_04685,small_business,web_form,billing,how_to,low,resolved,standard,I need help setting up billing for my team.,Happy to help with your question. We will look into this and get back to you within the next 48 hours.,Provided step-by-step instructions and relevant documentation.,35.43,0,positive,4,0,android,MEA
TCKT_047961,2023-02-20 16:24:51,CUST_03716,individual,email,analytics_dashboard,bug,high,open,standard,The analytics dashboard feature is not saving my changes.,Thanks for reporting this bug. We are prioritizing this and will update you as soon as possible.,,,0,neutral,3,0,api_client,APAC
TCKT_047969,2023-02-07 13:02:05,CUST_09787,education,in_app,api_integration,feature_request,medium,on_hold,gold,Can you add an option to customize api integration?,Thanks for your feature suggestion. Our team is reviewing this and will follow up within 24 hours.,,,0,negative,0,0,ios,EU
TCKT_048007,2023-02-10 20:16:17,CUST_06170,enterprise,in_app,mobile_app,feature_request,low,resolved,standard,Our team needs more advanced options for mobile app.,Thanks for your feature suggestion. We will look into this and get back to you within the next 48 hours.,Captured the request and added it to the product backlog.,60.24,0,neutral,3,0,api_client,
TCKT_048041,2023-02-17 15:04:14,CUST_08567,education,in_app,login_auth,other,medium,on_hold,standard,"Something seems off, can you please check my workspace?",Thanks for contacting support. Our team is reviewing this and will follow up within 24 hours.,,,0,neutral,3,0,desktop_app,APAC
TCKT_048059,2023-02-23 11:47:09,CUST_02263,small_business,chat,billing,account_access,medium,in_progress,standard,My account was locked after multiple failed login attempts.,Sorry to hear you're having trouble accessing your account. Our team is reviewing this and will follow up within 24 hours.,,,0,positive,0,0,android,MEA
TCKT_048063,2023-02-02 17:40:43,CUST_07540,non_profit,web_form,billing,security_concern,high,open,standard,There seems to be a vulnerability in the billing functionality.,We take security very seriously. We are prioritizing this and will update you as soon as possible.,,,0,negative,3,0,android,EU
TCKT_048097,2023-02-05 16:51:09,CUST_06089,small_business,phone_transcript,analytics_dashboard,account_access,medium,resolved,standard,I cannot log in; the system says my password is incorrect.,Sorry to hear you're having trouble accessing your account. Our team is reviewing this and will follow up within 24 hours.,Reset account credentials and confirmed successful login.,16.34,0,negative,2,0,desktop_app,LATAM
TCKT_048160,2023-02-05 20:54:40,CUST_04278,education,chat,notifications,account_access,medium,resolved,standard,I cannot log in; the system says my password is incorrect.,Sorry to hear you're having trouble accessing your account. Our team is reviewing this and will follow up within 24 hours.,Reset account credentials and confirmed successful login.,33.88,0,positive,5,1,api_client,EU
TCKT_048208,2023-02-19 07:30:20,CUST_01807,enterprise,web_form,analytics_dashboard,other,medium,resolved,standard,"Something seems off, can you please check my workspace?",Thanks for contacting support. Our team is reviewing this and will follow up within 24 hours.,Provided general guidance and confirmed the issue was resolved.,28.57,0,neutral,4,1,desktop_app,EU
TCKT_048305,2023-02-15 20:46:35,CUST_01943,enterprise,chat,login_auth,account_access,low,open,standard,My account was locked after multiple failed login attempts.,Sorry to hear you're having trouble accessing your account. We will look into this and get back to you within the next 48 hours.,,,0,neutral,4,1,web,
TCKT_048640,2023-02-12 09:44:48,CUST_01669,education,web_form,api_integration,bug,urgent,in_progress,standard,The api integration feature is not saving my changes.,Thanks for reporting this bug. This has been escalated to our on-call team for immediate attention.,,,0,positive,5,0,android,MEA
TCKT_048765,2023-02-25 14:43:28,CUST_07635,enterprise,email,billing,performance,medium,on_hold,gold,Queries in the billing module are timing out.,We understand performance issues can be frustrating. Our team is reviewing this and will follow up within 24 hours.,,,0,negative,2,0,desktop_app,
TCKT_048862,2023-02-05 00:49:03,CUST_01506,small_business,email,login_auth,how_to,low,closed_no_action,platinum,I need help setting up login auth for my team.,Happy to help with your question. We will look into this and get back to you within the next 48 hours.,Ticket closed without further action after no response from the customer.,125.1,0,very_negative,1,0,desktop_app,LATAM
TCKT_048936,2023-02-12 13:26:39,CUST_03419,individual,email,analytics_dashboard,security_concern,low,resolved,standard,There seems to be a vulnerability in the analytics dashboard functionality.,We take security very seriously. We will look into this and get back to you within the next 48 hours.,"Investigated logs, mitigated the issue, and updated security settings.",67.08,0,positive,4,0,android,EU
TCKT_048945,2023-02-26 06:26:06,CUST_04995,individual,email,data_export,account_access,low,resolved,standard,My account was locked after multiple failed login attempts.,Sorry to hear you're having trouble accessing your account. We will look into this and get back to you within the next 48 hours.,Reset account credentials and confirmed successful login.,47.31,0,negative,3,1,desktop_app,EU
TCKT_048982,2023-02-26 06:56:40,CUST_01001,individual,in_app,analytics_dashboard,how_to,medium,in_progress,standard,Can you explain how to configure analytics dashboard properly?,Happy to help with your question. Our team is reviewing this and will follow up within 24 hours.,,,0,negative,2,1,api_client,
TCKT_049035,2023-02-14 07:19:48,CUST_01452,enterprise,chat,analytics_dashboard,security_concern,low,in_progress,gold,We need details about your data encryption and compliance.,We take security very seriously. We will look into this and get back to you within the next 48 hours.,,,0,very_negative,1,0,desktop_app,EU
TCKT_049123,2023-02-26 07:12:55,CUST_07197,individual,in_app,billing,other,urgent,resolved,gold,I need help but I'm not sure which category this fits in.,Thanks for contacting support. This has been escalated to our on-call team for immediate attention.,Provided general guidance and confirmed the issue was resolved.,5.2,0,negative,3,0,android,LATAM
TCKT_049169,2023-02-12 23:18:17,CUST_09340,small_business,in_app,mobile_app,account_access,low,closed_no_action,standard,My 2FA code is not working when I try to sign in.,Sorry to hear you're having trouble accessing your account. We will look into this and get back to you within the next 48 hours.,Ticket closed without further action after no response from the customer.,135.79,0,negative,3,0,ios,EU
TCKT_049181,2023-02-20 04:56:49,CUST_00846,non_profit,web_form,api_integration,billing_problem,medium,resolved,standard,My invoice amount is incorrect compared to the plan I selected.,Thanks for reaching out about the billing issue. Our team is reviewing this and will follow up within 24 hours.,Adjusted the invoice and issued a refund where applicable.,8.11,0,negative,0,1,ios,EU
TCKT_049219,2023-02-06 16:56:08,CUST_05676,enterprise,web_form,login_auth,security_concern,low,open,platinum,I noticed a suspicious login on my account.,We take security very seriously. We will look into this and get back to you within the next 48 hours.,,,1,very_negative,2,0,ios,EU
TCKT_049221,2023-02-25 10:36:48,CUST_03747,individual,phone_transcript,data_export,billing_problem,low,in_progress,standard,I downgraded my plan but I am still being billed for the higher tier.,Thanks for reaching out about the billing issue. We will look into this and get back to you within the next 48 hours.,,,0,negative,0,0,api_client,EU
TCKT_049222,2023-02-25 12:56:09,CUST_04080,individual,email,data_export,account_access,low,open,platinum,My account was locked after multiple failed login attempts.,Sorry to hear you're having trouble accessing your account. We will look into this and get back to you within the next 48 hours.,,,0,positive,5,0,api_client,EU
TCKT_049288,2023-02-04 23:21:17,CUST_00081,small_business,chat,login_auth,security_concern,medium,resolved,gold,There seems to be a vulnerability in the login auth functionality.,We take security very seriously. Our team is reviewing this and will follow up within 24 hours.,"Investigated logs, mitigated the issue, and updated security settings.",42.29,0,negative,3,1,ios,
TCKT_049290,2023-02-12 06:33:11,CUST_08377,small_business,phone_transcript,billing,performance,medium,resolved,standard,Queries in the billing module are timing out.,We understand performance issues can be frustrating. Our team is reviewing this and will follow up within 24 hours.,Optimized queries and increased resource allocation.,29.08,0,very_negative,1,0,android,APAC
TCKT_049298,2023-02-06 07:16:17,CUST_06623,individual,web_form,login_auth,how_to,urgent,resolved,standard,How can I export my data from the login auth section?,Happy to help with your question. This has been escalated to our on-call team for immediate attention.,Provided step-by-step instructions and relevant documentation.,6.16,0,neutral,4,1,api_client,EU
TCKT_049333,2023-02-28 07:20:47,CUST_00492,enterprise,phone_transcript,data_export,feature_request,low,in_progress,standard,It would be great to have data export support in your product.,Thanks for your feature suggestion. We will look into this and get back to you within the next 48 hours.,,,0,very_positive,0,0,android,MEA
TCKT_049392,2023-02-01 07:56:29,CUST_04975,small_business,in_app,data_export,account_access,urgent,resolved,gold,I cannot log in; the system says my password is incorrect.,Sorry to hear you're having trouble accessing your account. This has been escalated to our on-call team for immediate attention.,Reset account credentials and confirmed successful login.,5.42,1,very_negative,1,0,api_client,EU
TCKT_049475,2023-02-08 13:27:39,CUST_00315,enterprise,phone_transcript,api_integration,account_access,medium,resolved,gold,My 2FA code is not working when I try to sign in.,Sorry to hear you're having trouble accessing your account. Our team is reviewing this and will follow up within 24 hours.,Reset account credentials and confirmed successful login.,32.24,0,positive,0,0,web,LATAM
TCKT_049493,2023-02-25 20:05:11,CUST_01164,individual,in_app,login_auth,billing_problem,low,resolved,gold,My invoice amount is incorrect compared to the plan I selected.,Thanks for reaching out about the billing issue. We will look into this and get back to you within the next 48 hours.,Adjusted the invoice and issued a refund where applicable.,63.75,0,very_negative,2,0,ios,LATAM
TCKT_049530,2023-02-14 01:16:12,CUST_08260,non_profit,in_app,api_integration,how_to,medium,resolved,standard,Can you explain how to configure api integration properly?,Happy to help with your question. Our team is reviewing this and will follow up within 24 hours.,Provided step-by-step instructions and relevant documentation.,32.1,0,very_negative,1,0,ios,EU
TCKT_049594,2023-02-13 23:13:22,CUST_03299,individual,in_app,mobile_app,account_access,low,on_hold,standard,My account was locked after multiple failed login attempts.,Sorry to hear you're having trouble accessing your account. We will look into this and get back to you within the next 48 hours.,,,0,negative,0,0,android,LATAM
TCKT_049609,2023-02-12 16:35:48,CUST_03114,enterprise,in_app,login_auth,performance,medium,resolved,standard,The login auth page is very slow and takes a long time to load.,We understand performance issues can be frustrating. Our team is reviewing this and will follow up within 24 hours.,Optimized queries and increased resource allocation.,29.26,0,neutral,4,0,desktop_app,LATAM
TCKT_049612,2023-02-14 15:39:03,CUST_06078,individual,phone_transcript,api_integration,billing_problem,medium,open,gold,I downgraded my plan but I am still being billed for the higher tier.,Thanks for reaching out about the billing issue. Our team is reviewing this and will follow up within 24 hours.,,,0,very_negative,1,0,web,MEA
TCKT_049641,2023-02-25 20:50:05,CUST_00843,non_profit,phone_transcript,billing,security_concern,high,resolved,standard,I noticed a suspicious login on my account.,We take security very seriously. We are prioritizing this and will update you as soon as possible.,"Investigated logs, mitigated the issue, and updated security settings.",20.28,0,very_negative,0,0,ios,EU
TCKT_049717,2023-02-01 07:54:35,CUST_02700,individual,in_app,mobile_app,performance,medium,resolved,standard,Overall performance has degraded in the last few days.,We understand performance issues can be frustrating. Our team is reviewing this and will follow up within 24 hours.,Optimized queries and increased resource allocation.,12.55,0,negative,3,0,web,EU
TCKT_049834,2023-02-26 14:40:20,CUST_00121,non_profit,email,data_export,other,medium,resolved,gold,I have a general question about my account.,Thanks for contacting support. Our team is reviewing this and will follow up within 24 hours.,Provided general guidance and confirmed the issue was resolved.,42.61,0,positive,0,1,ios,APAC
TCKT_049857,2023-02-16 04:25:26,CUST_06196,education,email,login_auth,billing_problem,medium,in_progress,standard,My invoice amount is incorrect compared to the plan I selected.,Thanks for reaching out about the billing issue. Our team is reviewing this and will follow up within 24 hours.,,,0,very_negative,1,0,api_client,LATAM
TCKT_049945,2023-02-26 20:41:57,CUST_03124,non_profit,email,data_export,bug,medium,resolved,platinum,I am seeing an error message when I click on data export.,Thanks for reporting this bug. Our team is reviewing this and will follow up within 24 hours.,Patched the bug and deployed a fix to production.,12.15,0,positive,5,0,desktop_app,EU
TCKT_050032,2023-02-11 10:44:31,CUST_00391,education,phone_transcript,mobile_app,billing_problem,low,on_hold,standard,I downgraded my plan but I am still being billed for the higher tier.,Thanks for reaching out about the billing issue. We will look into this and get back to you within the next 48 hours.,,,0,negative,0,0,ios,EU
TCKT_050085,2023-02-07 04:46:22,CUST_02628,enterprise,web_form,login_auth,feature_request,medium,in_progress,gold,Can you add an option to customize login auth?,Thanks for your feature suggestion. Our team is reviewing this and will follow up within 24 hours.,,,0,neutral,0,0,web,LATAM
TCKT_050127,2023-02-23 16:06:30,CUST_09979,non_profit,email,billing,other,high,in_progress,standard,I have a general question about my account.,Thanks for contacting support. We are prioritizing this and will update you as soon as possible.,,,0,neutral,0,0,desktop_app,
TCKT_050143,2023-02-07 19:18:39,CUST_06138,non_profit,email,data_export,billing_problem,medium,open,standard,My invoice amount is incorrect compared to the plan I selected.,Thanks for reaching out about the billing issue. Our team is reviewing this and will follow up within 24 hours.,,,0,negative,0,1,web,LATAM
TCKT_050161,2023-02-07 22:23:53,CUST_05675,non_profit,phone_transcript,mobile_app,bug,medium,open,standard,The mobile app feature is not saving my changes.,Thanks for reporting this bug. Our team is reviewing this and will follow up within 24 hours.,,,0,neutral,4,0,desktop_app,APAC
TCKT_050261,2023-02-28 23:04:14,CUST_08136,education,email,api_integration,security_concern,medium,resolved,standard,I noticed a suspicious login on my account.,We take security very seriously. Our team is reviewing this and will follow up within 24 hours.,"Investigated logs, mitigated the issue, and updated security settings.",36.5,0,neutral,0,0,desktop_app,LATAM
TCKT_050296,2023-02-04 10:27:28,CUST_03851,enterprise,phone_transcript,api_integration,other,low,in_progress,standard,"Something seems off, can you please check my workspace?",Thanks for contacting support. We will look into this and get back to you within the next 48 hours.,,,0,very_negative,2,0,web,MEA
TCKT_050299,2023-02-02 08:09:15,CUST_02370,education,email,analytics_dashboard,feature_request,low,resolved,standard,Our team needs more advanced options for analytics dashboard.,Thanks for your feature suggestion. We will look into this and get back to you within the next 48 hours.,Captured the request and added it to the product backlog.,22.38,0,positive,0,1,ios,APAC
TCKT_050300,2023-02-03 13:03:48,CUST_01322,enterprise,web_form,notifications,security_concern,low,closed_no_action,gold,We need details about your data encryption and compliance.,We take security very seriously. We will look into this and get back to you within the next 48 hours.,Ticket closed without further action after no response from the customer.,215.76,0,negative,3,1,ios,MEA
TCKT_050302,2023-02-23 06:30:58,CUST_04665,small_business,phone_transcript,billing,billing_problem,medium,resolved,standard,I was charged twice for my subscription this month.,Thanks for reaching out about the billing issue. Our team is reviewing this and will follow up within 24 hours.,Adjusted the invoice and issued a refund where applicable.,38.88,0,very_negative,0,0,ios,EU
TCKT_050336,2023-02-26 20:12:59,CUST_07412,education,in_app,login_auth,security_concern,medium,resolved,standard,I noticed a suspicious login on my account.,We take security very seriously. Our team is reviewing this and will follow up within 24 hours.,"Investigated logs, mitigated the issue, and updated security settings.",13.21,0,neutral,0,0,desktop_app,APAC
TCKT_050410,2023-02-22 14:42:47,CUST_07161,enterprise,phone_transcript,analytics_dashboard,feature_request,low,closed_no_action,gold,Can you add an option to customize analytics dashboard?,Thanks for your feature suggestion. We will look into this and get back to you within the next 48 hours.,Ticket closed without further action after no response from the customer.,209.19,0,negative,3,0,desktop_app,LATAM
TCKT_050415,2023-02-16 16:01:34,CUST_07876,enterprise,email,data_export,security_concern,medium,resolved,standard,There seems to be a vulnerability in the data export functionality.,We take security very seriously. Our team is reviewing this and will follow up within 24 hours.,"Investigated logs, mitigated the issue, and updated security settings.",42.64,0,very_positive,5,1,ios,MEA
TCKT_050475,2023-02-19 10:15:33,CUST_08136,education,email,api_integration,how_to,medium,open,standard,How can I export my data from the api integration section?,Happy to help with your question. Our team is reviewing this and will follow up within 24 hours.,,,0,very_negative,0,0,api_client,MEA
TCKT_050497,2023-02-19 15:31:46,CUST_06586,non_profit,chat,notifications,bug,medium,on_hold,standard,I am seeing an error message when I click on notifications.,Thanks for reporting this bug. Our team is reviewing this and will follow up within 24 hours.,,,0,very_positive,5,0,ios,EU
TCKT_050653,2023-02-03 12:12:40,CUST_06156,enterprise,chat,mobile_app,billing_problem,high,in_progress,platinum,My invoice amount is incorrect compared to the plan I selected.,Thanks for reaching out about the billing issue. We are prioritizing this and will update you as soon as possible.,,,0,neutral,4,1,desktop_app,MEA
TCKT_050753,2023-02-13 05:13:36,CUST_00886,individual,web_form,login_auth,other,low,resolved,gold,I need help but I'm not sure which category this fits in.,Thanks for contacting support. We will look into this and get back to you within the next 48 hours.,Provided general guidance and confirmed the issue was resolved.,68.59,0,neutral,4,1,desktop_app,
TCKT_050818,2023-02-10 19:31:22,CUST_04352,individual,chat,mobile_app,security_concern,low,in_progress,platinum,I noticed a suspicious login on my account.,We take security very seriously. We will look into this and get back to you within the next 48 hours.,,,0,neutral,0,0,desktop_app,LATAM
TCKT_050861,2023-02-25 05:50:01,CUST_09227,small_business,email,api_integration,account_access,low,resolved,gold,My 2FA code is not working when I try to sign in.,Sorry to hear you're having trouble accessing your account. We will look into this and get back to you within the next 48 hours.,Reset account credentials and confirmed successful login.,57.06,0,very_negative,1,0,desktop_app,LATAM
TCKT_050894,2023-02-21 04:17:13,CUST_08553,individual,in_app,api_integration,billing_problem,urgent,resolved,standard,I downgraded my plan but I am still being billed for the higher tier.,Thanks for reaching out about the billing issue. This has been escalated to our on-call team for immediate attention.,Adjusted the invoice and issued a refund where applicable.,7.26,0,negative,0,1,web,
TCKT_050925,2023-02-26 10:20:53,CUST_09217,education,email,login_auth,performance,low,resolved,standard,The login auth page is very slow and takes a long time to load.,We understand performance issues can be frustrating. We will look into this and get back to you within the next 48 hours.,Optimized queries and increased resource allocation.,8.94,0,negative,2,0,ios,APAC
TCKT_050941,2023-02-13 14:59:20,CUST_02798,individual,web_form,login_auth,other,low,resolved,standard,I need help but I'm not sure which category this fits in.,Thanks for contacting support. We will look into this and get back to you within the next 48 hours.,Provided general guidance and confirmed the issue was resolved.,14.09,0,neutral,0,1,api_client,EU
TCKT_050962,2023-02-20 21:22:56,CUST_07759,education,web_form,billing,performance,low,resolved,standard,Overall performance has degraded in the last few days.,We understand performance issues can be frustrating. We will look into this and get back to you within the next 48 hours.,Optimized queries and increased resource allocation.,71.41,0,negative,0,0,desktop_app,APAC
TCKT_051238,2023-02-24 06:14:22,CUST_03339,small_business,email,api_integration,other,low,resolved,standard,I need help but I'm not sure which category this fits in.,Thanks for contacting support. We will look into this and get back to you within the next 48 hours.,Provided general guidance and confirmed the issue was resolved.,33.54,0,negative,2,1,ios,APAC
TCKT_051254,2023-02-18 17:00:53,CUST_07258,non_profit,web_form,api_integration,billing_problem,medium,resolved,standard,I downgraded my plan but I am still being billed for the higher tier.,Thanks for reaching out about the billing issue. Our team is reviewing this and will follow up within 24 hours.,Adjusted the invoice and issued a refund where applicable.,27.18,0,negative,0,0,ios,MEA
TCKT_051286,2023-02-14 10:30:30,CUST_02519,non_profit,in_app,notifications,other,medium,resolved,platinum,I have a general question about my account.,Thanks for contacting support. Our team is reviewing this and will follow up within 24 hours.,Provided general guidance and confirmed the issue was resolved.,15.68,0,negative,3,1,android,APAC
TCKT_051340,2023-02-13 18:59:35,CUST_02419,non_profit,email,data_export,account_access,medium,resolved,standard,I cannot log in; the system says my password is incorrect.,Sorry to hear you're having trouble accessing your account. Our team is reviewing this and will follow up within 24 hours.,Reset account credentials and confirmed successful login.,13.3,0,negative,3,0,web,LATAM
TCKT_051394,2023-02-07 20:18:36,CUST_08916,education,chat,analytics_dashboard,feature_request,high,closed_no_action,standard,Can you add an option to customize analytics dashboard?,Thanks for your feature suggestion. We are prioritizing this and will update you as soon as possible.,Ticket closed without further action after no response from the customer.,186.07,0,positive,0,0,desktop_app,APAC
TCKT_051418,2023-02-01 07:04:20,CUST_04712,individual,phone_transcript,api_integration,billing_problem,low,in_progress,standard,I downgraded my plan but I am still being billed for the higher tier.,Thanks for reaching out about the billing issue. We will look into this and get back to you within the next 48 hours.,,,0,neutral,4,1,ios,
TCKT_051437,2023-02-25 20:27:03,CUST_08579,individual,web_form,notifications,billing_problem,low,resolved,platinum,I was charged twice for my subscription this month.,Thanks for reaching out about the billing issue. We will look into this and get back to you within the next 48 hours.,Adjusted the invoice and issued a refund where applicable.,41.42,0,neutral,0,1,web,
TCKT_051568,2023-02-05 04:49:44,CUST_08962,small_business,email,login_auth,other,low,open,standard,I have a general question about my account.,Thanks for contacting support. We will look into this and get back to you within the next 48 hours.,,,0,neutral,0,0,web,MEA
TCKT_051634,2023-02-17 16:51:56,CUST_06111,education,phone_transcript,login_auth,feature_request,medium,in_progress,standard,Our team needs more advanced options for login auth.,Thanks for your feature suggestion. Our team is reviewing this and will follow up within 24 hours.,,,0,very_negative,1,0,web,LATAM
TCKT_051661,2023-02-22 21:56:30,CUST_06715,enterprise,chat,api_integration,bug,urgent,closed_no_action,standard,I am seeing an error message when I click on api integration.,Thanks for reporting this bug. This has been escalated to our on-call team for immediate attention.,Ticket closed without further action after no response from the customer.,103.51,0,neutral,4,1,android,
TCKT_051669,2023-02-06 19:00:28,CUST_01548,individual,web_form,mobile_app,how_to,medium,in_progress,standard,I need help setting up mobile app for my team.,Happy to help with your question. Our team is reviewing this and will follow up within 24 hours.,,,0,neutral,4,0,android,EU
TCKT_051764,2023-02-17 04:22:36,CUST_01166,enterprise,email,analytics_dashboard,security_concern,low,open,standard,We need details about your data encryption and compliance.,We take security very seriously. We will look into this and get back to you within the next 48 hours.,,,1,very_negative,1,0,web,APAC
TCKT_051861,2023-02-25 20:37:24,CUST_02673,individual,chat,login_auth,billing_problem,medium,on_hold,standard,I was charged twice for my subscription this month.,Thanks for reaching out about the billing issue. Our team is reviewing this and will follow up within 24 hours.,,,0,positive,5,0,android,MEA
TCKT_051868,2023-02-10 23:50:04,CUST_03383,non_profit,chat,billing,billing_problem,low,resolved,standard,I downgraded my plan but I am still being billed for the higher tier.,Thanks for reaching out about the billing issue. We will look into this and get back to you within the next 48 hours.,Adjusted the invoice and issued a refund where applicable.,60.04,0,very_positive,0,0,android,MEA
TCKT_051879,2023-02-02 19:25:37,CUST_08702,education,email,login_auth,feature_request,medium,resolved,standard,It would be great to have login auth support in your product.,Thanks for your feature suggestion. Our team is reviewing this and will follow up within 24 hours.,Captured the request and added it to the product backlog.,19.34,0,positive,4,0,web,
TCKT_051952,2023-02-28 12:39:06,CUST_05106,education,chat,api_integration,account_access,low,resolved,gold,My 2FA code is not working when I try to sign in.,Sorry to hear you're having trouble accessing your account. We will look into this and get back to you within the next 48 hours.,Reset account credentials and confirmed successful login.,27.33,0,neutral,0,1,api_client,APAC
TCKT_051967,2023-02-18 13:14:17,CUST_05584,enterprise,in_app,analytics_dashboard,feature_request,medium,closed_no_action,gold,Can you add an option to customize analytics dashboard?,Thanks for your feature suggestion. Our team is reviewing this and will follow up within 24 hours.,Ticket closed without further action after no response from the customer.,149.19,0,very_positive,5,1,api_client,EU
TCKT_051971,2023-02-01 07:36:48,CUST_02293,individual,web_form,login_auth,feature_request,high,closed_no_action,gold,It would be great to have login auth support in your product.,Thanks for your feature suggestion. We are prioritizing this and will update you as soon as possible.,Ticket closed without further action after no response from the customer.,223.95,0,neutral,3,0,web,MEA
TCKT_052005,2023-02-03 00:23:25,CUST_00122,enterprise,chat,notifications,performance,low,resolved,gold,The notifications page is very slow and takes a long time to load.,We understand performance issues can be frustrating. We will look into this and get back to you within the next 48 hours.,Optimized queries and increased resource allocation.,69.28,0,positive,4,0,web,MEA
TCKT_052034,2023-02-14 05:22:38,CUST_08970,non_profit,in_app,billing,bug,medium,on_hold,standard,I am seeing an error message when I click on billing.,Thanks for reporting this bug. Our team is reviewing this and will follow up within 24 hours.,,,0,negative,2,0,api_client,LATAM
TCKT_052071,2023-02-22 20:32:33,CUST_02481,small_business,in_app,notifications,performance,high,in_progress,platinum,Queries in the notifications module are timing out.,We understand performance issues can be frustrating. We are prioritizing this and will update you as soon as possible.,,,0,very_negative,1,0,ios,EU
TCKT_052117,2023-02-08 03:06:53,CUST_06511,individual,chat,login_auth,security_concern,medium,resolved,gold,I noticed a suspicious login on my account.,We take security very seriously. Our team is reviewing this and will follow up within 24 hours.,"Investigated logs, mitigated the issue, and updated security settings.",35.0,1,negative,2,0,web,MEA
TCKT_052316,2023-02-03 16:41:09,CUST_08726,education,in_app,login_auth,billing_problem,medium,on_hold,gold,I was charged twice for my subscription this month.,Thanks for reaching out about the billing issue. Our team is reviewing this and will follow up within 24 hours.,,,1,positive,0,0,api_client,MEA
TCKT_052394,2023-02-14 20:09:13,CUST_01599,enterprise,email,mobile_app,bug,medium,resolved,standard,The page keeps crashing whenever I try to open the mobile app section.,Thanks for reporting this bug. Our team is reviewing this and will follow up within 24 hours.,Patched the bug and deployed a fix to production.,4.43,0,neutral,0,0,desktop_app,APAC
TCKT_052412,2023-02-20 18:29:10,CUST_00811,individual,email,login_auth,performance,high,resolved,standard,Queries in the login auth module are timing out.,We understand performance issues can be frustrating. We are prioritizing this and will update you as soon as possible.,Optimized queries and increased resource allocation.,9.26,0,negative,2,1,api_client,EU
TCKT_052455,2023-02-03 12:32:18,CUST_05418,small_business,phone_transcript,notifications,performance,low,resolved,standard,The notifications page is very slow and takes a long time to load.,We understand performance issues can be frustrating. We will look into this and get back to you within the next 48 hours.,Optimized queries and increased resource allocation.,33.63,0,positive,4,1,api_client,
TCKT_052522,2023-02-15 20:04:49,CUST_09416,non_profit,web_form,login_auth,billing_problem,high,in_progress,standard,I downgraded my plan but I am still being billed for the higher tier.,Thanks for reaching out about the billing issue. We are prioritizing this and will update you as soon as possible.,,,0,negative,2,1,web,APAC
TCKT_052550,2023-02-10 19:19:03,CUST_08546,individual,email,data_export,feature_request,medium,resolved,gold,Our team needs more advanced options for data export.,Thanks for your feature suggestion. Our team is reviewing this and will follow up within 24 hours.,Captured the request and added it to the product backlog.,14.77,0,neutral,4,0,android,MEA
TCKT_052568,2023-02-24 20:21:05,CUST_09646,enterprise,phone_transcript,login_auth,feature_request,medium,resolved,standard,It would be great to have login auth support in your product.,Thanks for your feature suggestion. Our team is reviewing this and will follow up within 24 hours.,Captured the request and added it to the product backlog.,29.89,0,positive,5,1,android,MEA
TCKT_052587,2023-02-07 14:26:07,CUST_03859,individual,phone_transcript,analytics_dashboard,bug,low,resolved,standard,The page keeps crashing whenever I try to open the analytics dashboard section.,Thanks for reporting this bug. We will look into this and get back to you within the next 48 hours.,Patched the bug and deployed a fix to production.,63.02,0,positive,4,0,android,
TCKT_052618,2023-02-24 13:07:42,CUST_05821,non_profit,in_app,mobile_app,performance,low,open,standard,The mobile app page is very slow and takes a long time to load.,We understand performance issues can be frustrating. We will look into this and get back to you within the next 48 hours.,,,0,very_negative,2,1,android,MEA
TCKT_052655,2023-02-07 12:47:24,CUST_02271,individual,email,data_export,performance,medium,in_progress,platinum,Queries in the data export module are timing out.,We understand performance issues can be frustrating. Our team is reviewing this and will follow up within 24 hours.,,,0,neutral,3,0,ios,MEA
TCKT_052752,2023-02-16 02:35:42,CUST_04337,education,email,mobile_app,account_access,low,resolved,gold,I cannot log in; the system says my password is incorrect.,Sorry to hear you're having trouble accessing your account. We will look into this and get back to you within the next 48 hours.,Reset account credentials and confirmed successful login.,21.6,0,negative,3,0,web,
TCKT_052900,2023-02-05 11:43:46,CUST_06806,small_business,in_app,api_integration,performance,low,closed_no_action,gold,Queries in the api integration module are timing out.,We understand performance issues can be frustrating. We will look into this and get back to you within the next 48 hours.,Ticket closed without further action after no response from the customer.,191.99,0,very_negative,2,0,desktop_app,MEA
TCKT_052933,2023-02-09 22:26:01,CUST_02070,small_business,phone_transcript,billing,how_to,low,in_progress,standard,How can I export my data from the billing section?,Happy to help with your question. We will look into this and get back to you within the next 48 hours.,,,0,neutral,4,1,android,LATAM
TCKT_052961,2023-02-07 04:15:48,CUST_04507,education,web_form,billing,other,low,resolved,standard,I need help but I'm not sure which category this fits in.,Thanks for contacting support. We will look into this and get back to you within the next 48 hours.,Provided general guidance and confirmed the issue was resolved.,65.68,0,neutral,0,0,desktop_app,EU
TCKT_052965,2023-02-04 10:10:16,CUST_03846,individual,in_app,mobile_app,other,low,open,standard,"Something seems off, can you please check my workspace?",Thanks for contacting support. We will look into this and get back to you within the next 48 hours.,,,0,very_negative,0,0,android,APAC
TCKT_053021,2023-02-26 20:40:18,CUST_09138,non_profit,in_app,notifications,other,low,resolved,standard,I need help but I'm not sure which category this fits in.,Thanks for contacting support. We will look into this and get back to you within the next 48 hours.,Provided general guidance and confirmed the issue was resolved.,53.53,0,positive,5,0,api_client,
TCKT_053024,2023-02-12 05:51:58,CUST_08735,individual,in_app,login_auth,how_to,low,resolved,standard,I need help setting up login auth for my team.,Happy to help with your question. We will look into this and get back to you within the next 48 hours.,Provided step-by-step instructions and relevant documentation.,30.25,0,positive,5,0,api_client,LATAM
TCKT_053054,2023-02-22 09:19:45,CUST_00417,education,web_form,api_integration,account_access,medium,resolved,standard,My account was locked after multiple failed login attempts.,Sorry to hear you're having trouble accessing your account. Our team is reviewing this and will follow up within 24 hours.,Reset account credentials and confirmed successful login.,22.4,0,neutral,0,0,ios,
TCKT_053055,2023-02-13 12:57:04,CUST_04568,enterprise,web_form,login_auth,security_concern,medium,resolved,standard,There seems to be a vulnerability in the login auth functionality.,We take security very seriously. Our team is reviewing this and will follow up within 24 hours.,"Investigated logs, mitigated the issue, and updated security settings.",40.82,0,neutral,4,1,android,APAC
TCKT_053070,2023-02-17 19:49:33,CUST_07149,enterprise,web_form,analytics_dashboard,feature_request,urgent,in_progress,standard,It would be great to have analytics dashboard support in your product.,Thanks for your feature suggestion. This has been escalated to our on-call team for immediate attention.,,,0,negative,3,0,web,EU
TCKT_053207,2023-02-25 06:55:49,CUST_03845,individual,chat,analytics_dashboard,billing_problem,low,in_progress,standard,I was charged twice for my subscription this month.,Thanks for reaching out about the billing issue. We will look into this and get back to you within the next 48 hours.,,,0,neutral,4,1,web,EU
TCKT_053304,2023-02-26 02:57:45,CUST_08558,small_business,chat,analytics_dashboard,feature_request,urgent,resolved,platinum,Our team needs more advanced options for analytics dashboard.,Thanks for your feature suggestion. This has been escalated to our on-call team for immediate attention.,Captured the request and added it to the product backlog.,5.09,0,neutral,3,1,android,APAC
TCKT_053371,2023-02-02 01:22:57,CUST_02210,education,in_app,mobile_app,other,high,resolved,standard,I have a general question about my account.,Thanks for contacting support. We are prioritizing this and will update you as soon as possible.,Provided general guidance and confirmed the issue was resolved.,17.3,1,positive,4,0,web,EU
TCKT_053376,2023-02-19 01:23:03,CUST_07273,small_business,chat,data_export,performance,low,in_progress,gold,Queries in the data export module are timing out.,We understand performance issues can be frustrating. We will look into this and get back to you within the next 48 hours.,,,0,negative,2,0,android,EU
TCKT_053449,2023-02-02 20:07:10,CUST_07442,non_profit,phone_transcript,notifications,other,low,on_hold,standard,I need help but I'm not sure which category this fits in.,Thanks for contacting support. We will look into this and get back to you within the next 48 hours.,,,0,neutral,4,1,web,APAC
TCKT_053492,2023-02-20 14:30:54,CUST_07309,non_profit,email,notifications,performance,medium,in_progress,standard,The notifications page is very slow and takes a long time to load.,We understand performance issues can be frustrating. Our team is reviewing this and will follow up within 24 hours.,,,0,neutral,3,0,api_client,EU
TCKT_053523,2023-02-18 07:54:52,CUST_08547,individual,chat,billing,security_concern,medium,in_progress,gold,I noticed a suspicious login on my account.,We take security very seriously. Our team is reviewing this and will follow up within 24 hours.,,,0,very_positive,5,0,desktop_app,
TCKT_053575,2023-02-02 10:27:45,CUST_04360,small_business,phone_transcript,login_auth,performance,low,resolved,standard,The login auth page is very slow and takes a long time to load.,We understand performance issues can be frustrating. We will look into this and get back to you within the next 48 hours.,Optimized queries and increased resource allocation.,42.19,0,neutral,0,1,desktop_app,APAC
TCKT_053613,2023-02-13 00:08:26,CUST_08083,enterprise,web_form,data_export,performance,medium,on_hold,platinum,Queries in the data export module are timing out.,We understand performance issues can be frustrating. Our team is reviewing this and will follow up within 24 hours.,,,0,negative,2,0,desktop_app,MEA
TCKT_053643,2023-02-04 12:42:48,CUST_01501,education,phone_transcript,login_auth,performance,medium,resolved,gold,Overall performance has degraded in the last few days.,We understand performance issues can be frustrating. Our team is reviewing this and will follow up within 24 hours.,Optimized queries and increased resource allocation.,15.93,0,neutral,4,0,desktop_app,APAC
TCKT_053646,2023-02-27 10:23:33,CUST_05401,education,chat,mobile_app,other,high,in_progress,standard,"Something seems off, can you please check my workspace?",Thanks for contacting support. We are prioritizing this and will update you as soon as possible.,,,0,neutral,4,0,desktop_app,EU
TCKT_053661,2023-02-13 18:04:00,CUST_05750,non_profit,in_app,notifications,security_concern,low,closed_no_action,standard,We need details about your data encryption and compliance.,We take security very seriously. We will look into this and get back to you within the next 48 hours.,Ticket closed without further action after no response from the customer.,70.68,0,positive,4,0,ios,LATAM
TCKT_053663,2023-02-07 00:31:58,CUST_05172,individual,in_app,login_auth,billing_problem,medium,in_progress,standard,My invoice amount is incorrect compared to the plan I selected.,Thanks for reaching out about the billing issue. Our team is reviewing this and will follow up within 24 hours.,,,0,neutral,3,0,android,EU
TCKT_053723,2023-02-28 00:14:54,CUST_01360,enterprise,email,analytics_dashboard,feature_request,medium,resolved,standard,It would be great to have analytics dashboard support in your product.,Thanks for your feature suggestion. Our team is reviewing this and will follow up within 24 hours.,Captured the request and added it to the product backlog.,33.98,0,very_positive,0,1,web,MEA
TCKT_053731,2023-02-15 04:08:56,CUST_03751,individual,web_form,api_integration,feature_request,low,closed_no_action,standard,It would be great to have api integration support in your product.,Thanks for your feature suggestion. We will look into this and get back to you within the next 48 hours.,Ticket closed without further action after no response from the customer.,31.97,0,very_positive,5,0,ios,EU
TCKT_053860,2023-02-15 14:40:12,CUST_03836,enterprise,in_app,login_auth,how_to,medium,in_progress,gold,How can I export my data from the login auth section?,Happy to help with your question. Our team is reviewing this and will follow up within 24 hours.,,,0,positive,4,1,desktop_app,APAC
TCKT_053870,2023-02-12 05:06:44,CUST_09198,small_business,in_app,api_integration,other,medium,resolved,standard,"Something seems off, can you please check my workspace?",Thanks for contacting support. Our team is reviewing this and will follow up within 24 hours.,Provided general guidance and confirmed the issue was resolved.,14.62,0,positive,5,0,web,
TCKT_053953,2023-02-06 16:03:15,CUST_06556,small_business,in_app,mobile_app,how_to,medium,closed_no_action,standard,Can you explain how to configure mobile app properly?,Happy to help with your question. Our team is reviewing this and will follow up within 24 hours.,Ticket closed without further action after no response from the customer.,162.97,0,neutral,3,0,desktop_app,APAC
TCKT_053999,2023-02-22 06:55:36,CUST_09149,enterprise,in_app,api_integration,feature_request,high,resolved,gold,Our team needs more advanced options for api integration.,Thanks for your feature suggestion. We are prioritizing this and will update you as soon as possible.,Captured the request and added it to the product backlog.,4.66,0,very_positive,0,0,android,APAC
TCKT_054007,2023-02-22 21:35:12,CUST_04392,non_profit,in_app,mobile_app,other,high,resolved,gold,I have a general question about my account.,Thanks for contacting support. We are prioritizing this and will update you as soon as possible.,Provided general guidance and confirmed the issue was resolved.,20.96,0,neutral,0,1,android,LATAM
TCKT_054020,2023-02-12 17:48:09,CUST_07841,non_profit,email,notifications,account_access,low,resolved,gold,I cannot log in; the system says my password is incorrect.,Sorry to hear you're having trouble accessing your account. We will look into this and get back to you within the next 48 hours.,Reset account credentials and confirmed successful login.,64.94,0,negative,2,0,desktop_app,APAC
TCKT_054035,2023-02-21 22:12:31,CUST_01600,education,chat,notifications,account_access,medium,resolved,standard,My 2FA code is not working when I try to sign in.,Sorry to hear you're having trouble accessing your account. Our team is reviewing this and will follow up within 24 hours.,Reset account credentials and confirmed successful login.,21.5,0,very_negative,2,0,web,EU
TCKT_054046,2023-02-17 13:28:19,CUST_02885,small_business,phone_transcript,analytics_dashboard,account_access,low,resolved,gold,My account was locked after multiple failed login attempts.,Sorry to hear you're having trouble accessing your account. We will look into this and get back to you within the next 48 hours.,Reset account credentials and confirmed successful login.,59.84,0,very_negative,0,0,api_client,LATAM
TCKT_054060,2023-02-19 21:41:57,CUST_06961,non_profit,in_app,data_export,feature_request,medium,resolved,platinum,Our team needs more advanced options for data export.,Thanks for your feature suggestion. Our team is reviewing this and will follow up within 24 hours.,Captured the request and added it to the product backlog.,26.6,0,very_positive,5,0,web,APAC
TCKT_054119,2023-02-16 06:36:25,CUST_04161,enterprise,web_form,notifications,bug,medium,in_progress,standard,The page keeps crashing whenever I try to open the notifications section.,Thanks for reporting this bug. Our team is reviewing this and will follow up within 24 hours.,,,0,neutral,4,0,ios,EU
TCKT_054120,2023-02-09 15:17:21,CUST_03631,small_business,phone_transcript,billing,feature_request,low,in_progress,gold,Can you add an option to customize billing?,Thanks for your feature suggestion. We will look into this and get back to you within the next 48 hours.,,,0,very_positive,5,0,api_client,EU
TCKT_054268,2023-02-27 06:24:38,CUST_03513,enterprise,phone_transcript,data_export,security_concern,high,on_hold,gold,We need details about your data encryption and compliance.,We take security very seriously. We are prioritizing this and will update you as soon as possible.,,,0,negative,2,0,ios,LATAM
TCKT_054293,2023-02-11 06:52:00,CUST_05681,non_profit,web_form,mobile_app,billing_problem,high,resolved,gold,I downgraded my plan but I am still being billed for the higher tier.,Thanks for reaching out about the billing issue. We are prioritizing this and will update you as soon as possible.,Adjusted the invoice and issued a refund where applicable.,8.6,0,negative,3,1,android,
TCKT_054361,2023-02-01 11:10:27,CUST_01245,individual,phone_transcript,login_auth,how_to,low,resolved,standard,I need help setting up login auth for my team.,Happy to help with your question. We will look into this and get back to you within the next 48 hours.,Provided step-by-step instructions and relevant documentation.,44.11,0,neutral,0,1,android,LATAM
TCKT_054384,2023-02-26 03:00:08,CUST_02067,enterprise,email,analytics_dashboard,billing_problem,medium,on_hold,standard,I was charged twice for my subscription this month.,Thanks for reaching out about the billing issue. Our team is reviewing this and will follow up within 24 hours.,,,0,very_negative,0,0,api_client,EU
TCKT_054397,2023-02-25 16:38:45,CUST_08278,individual,web_form,notifications,billing_problem,medium,resolved,gold,I was charged twice for my subscription this month.,Thanks for reaching out about the billing issue. Our team is reviewing this and will follow up within 24 hours.,Adjusted the invoice and issued a refund where applicable.,9.93,0,very_negative,1,0,desktop_app,EU
TCKT_054416,2023-02-03 00:56:06,CUST_07740,enterprise,phone_transcript,analytics_dashboard,account_access,medium,resolved,standard,My account was locked after multiple failed login attempts.,Sorry to hear you're having trouble accessing your account. Our team is reviewing this and will follow up within 24 hours.,Reset account credentials and confirmed successful login.,19.72,0,positive,4,0,api_client,LATAM
TCKT_054578,2023-02-13 06:34:15,CUST_02196,non_profit,email,analytics_dashboard,billing_problem,low,resolved,standard,I downgraded my plan but I am still being billed for the higher tier.,Thanks for reaching out about the billing issue. We will look into this and get back to you within the next 48 hours.,Adjusted the invoice and issued a refund where applicable.,21.41,0,negative,0,1,api_client,EU
TCKT_054601,2023-02-27 23:27:10,CUST_09660,individual,chat,login_auth,bug,high,open,platinum,I am seeing an error message when I click on login auth.,Thanks for reporting this bug. We are prioritizing this and will update you as soon as possible.,,,0,negative,3,0,api_client,
TCKT_054607,2023-02-25 07:08:37,CUST_06995,education,in_app,login_auth,account_access,high,resolved,gold,I cannot log in; the system says my password is incorrect.,Sorry to hear you're having trouble accessing your account. We are prioritizing this and will update you as soon as possible.,Reset account credentials and confirmed successful login.,2.36,0,very_negative,1,0,api_client,APAC
TCKT_054669,2023-02-16 13:07:40,CUST_09822,non_profit,email,api_integration,account_access,low,resolved,standard,My account was locked after multiple failed login attempts.,Sorry to hear you're having trouble accessing your account. We will look into this and get back to you within the next 48 hours.,Reset account credentials and confirmed successful login.,18.37,0,neutral,0,0,web,
TCKT_054677,2023-02-11 19:41:37,CUST_00757,enterprise,web_form,notifications,how_to,low,on_hold,standard,Can you explain how to configure notifications properly?,Happy to help with your question. We will look into this and get back to you within the next 48 hours.,,,0,neutral,4,0,web,
TCKT_054744,2023-02-26 15:05:17,CUST_01036,individual,in_app,notifications,bug,low,on_hold,gold,The notifications feature is not saving my changes.,Thanks for reporting this bug. We will look into this and get back to you within the next 48 hours.,,,0,positive,0,0,web,APAC
TCKT_054778,2023-02-07 22:40:56,CUST_02978,enterprise,phone_transcript,login_auth,how_to,high,open,gold,Can you explain how to configure login auth properly?,Happy to help with your question. We are prioritizing this and will update you as soon as possible.,,,0,negative,3,0,ios,MEA
TCKT_054797,2023-02-12 17:57:53,CUST_00936,enterprise,email,analytics_dashboard,security_concern,medium,closed_no_action,standard,We need details about your data encryption and compliance.,We take security very seriously. Our team is reviewing this and will follow up within 24 hours.,Ticket closed without further action after no response from the customer.,229.78,0,very_negative,0,1,android,APAC
TCKT_054813,2023-02-06 10:59:52,CUST_08465,non_profit,in_app,notifications,billing_problem,low,in_progress,platinum,I was charged twice for my subscription this month.,Thanks for reaching out about the billing issue. We will look into this and get back to you within the next 48 hours.,,,0,very_negative,2,1,desktop_app,LATAM
TCKT_054818,2023-02-18 13:27:45,CUST_05969,individual,chat,mobile_app,performance,high,resolved,platinum,Queries in the mobile app module are timing out.,We understand performance issues can be frustrating. We are prioritizing this and will update you as soon as possible.,Optimized queries and increased resource allocation.,7.73,0,very_positive,5,1,desktop_app,APAC
TCKT_055071,2023-02-15 03:49:00,CUST_01405,individual,email,api_integration,bug,high,in_progress,standard,I am seeing an error message when I click on api integration.,Thanks for reporting this bug. We are prioritizing this and will update you as soon as possible.,,,0,neutral,3,0,ios,EU
TCKT_055094,2023-02-01 23:58:41,CUST_03094,non_profit,chat,api_integration,other,medium,resolved,gold,I need help but I'm not sure which category this fits in.,Thanks for contacting support. Our team is reviewing this and will follow up within 24 hours.,Provided general guidance and confirmed the issue was resolved.,14.04,0,positive,4,0,ios,
TCKT_055116,2023-02-27 02:44:47,CUST_06662,individual,in_app,notifications,feature_request,medium,resolved,gold,Can you add an option to customize notifications?,Thanks for your feature suggestion. Our team is reviewing this and will follow up within 24 hours.,Captured the request and added it to the product backlog.,7.84,1,neutral,4,0,ios,APAC
TCKT_055145,2023-02-23 15:24:06,CUST_02948,small_business,chat,mobile_app,performance,high,in_progress,standard,Queries in the mobile app module are timing out.,We understand performance issues can be frustrating. We are prioritizing this and will update you as soon as possible.,,,0,negative,3,0,ios,EU
TCKT_055224,2023-02-26 19:01:28,CUST_05451,small_business,in_app,api_integration,security_concern,low,on_hold,standard,We need details about your data encryption and compliance.,We take security very seriously. We will look into this and get back to you within the next 48 hours.,,,0,negative,2,0,web,APAC
TCKT_055231,2023-02-16 00:21:10,CUST_09217,non_profit,phone_transcript,api_integration,other,low,closed_no_action,gold,I need help but I'm not sure which category this fits in.,Thanks for contacting support. We will look into this and get back to you within the next 48 hours.,Ticket closed without further action after no response from the customer.,93.52,0,positive,4,1,api_client,MEA
TCKT_055339,2023-02-16 20:30:43,CUST_08189,small_business,in_app,login_auth,security_concern,medium,in_progress,standard,I noticed a suspicious login on my account.,We take security very seriously. Our team is reviewing this and will follow up within 24 hours.,,,0,very_negative,2,0,android,
TCKT_055543,2023-02-28 22:49:51,CUST_04766,education,in_app,login_auth,performance,low,resolved,standard,The login auth page is very slow and takes a long time to load.,We understand performance issues can be frustrating. We will look into this and get back to you within the next 48 hours.,Optimized queries and increased resource allocation.,18.22,0,positive,4,0,ios,APAC
TCKT_055577,2023-02-10 17:53:19,CUST_00034,non_profit,chat,notifications,other,urgent,resolved,standard,"Something seems off, can you please check my workspace?",Thanks for contacting support. This has been escalated to our on-call team for immediate attention.,Provided general guidance and confirmed the issue was resolved.,1.4,0,neutral,0,1,api_client,APAC
TCKT_055582,2023-02-12 06:14:56,CUST_08947,enterprise,email,api_integration,bug,high,in_progress,standard,The page keeps crashing whenever I try to open the api integration section.,Thanks for reporting this bug. We are prioritizing this and will update you as soon as possible.,,,0,neutral,4,1,ios,EU
TCKT_055645,2023-02-23 13:20:22,CUST_04121,non_profit,email,login_auth,how_to,low,resolved,standard,Can you explain how to configure login auth properly?,Happy to help with your question. We will look into this and get back to you within the next 48 hours.,Provided step-by-step instructions and relevant documentation.,29.36,0,positive,4,0,api_client,APAC
TCKT_055660,2023-02-02 23:07:18,CUST_03502,enterprise,email,billing,how_to,medium,in_progress,gold,I need help setting up billing for my team.,Happy to help with your question. Our team is reviewing this and will follow up within 24 hours.,,,0,very_positive,5,0,desktop_app,LATAM
TCKT_055692,2023-02-20 10:35:58,CUST_04771,enterprise,email,billing,billing_problem,low,resolved,standard,I downgraded my plan but I am still being billed for the higher tier.,Thanks for reaching out about the billing issue. We will look into this and get back to you within the next 48 hours.,Adjusted the invoice and issued a refund where applicable.,49.95,0,negative,2,1,web,LATAM
TCKT_055723,2023-02-01 05:50:20,CUST_03646,enterprise,chat,login_auth,bug,low,resolved,standard,The page keeps crashing whenever I try to open the login auth section.,Thanks for reporting this bug. We will look into this and get back to you within the next 48 hours.,Patched the bug and deployed a fix to production.,70.16,0,positive,5,1,api_client,MEA
TCKT_055994,2023-02-19 20:28:20,CUST_06949,enterprise,in_app,analytics_dashboard,feature_request,medium,open,gold,Our team needs more advanced options for analytics dashboard.,Thanks for your feature suggestion. Our team is reviewing this and will follow up within 24 hours.,,,0,very_positive,5,0,android,APAC
TCKT_056079,2023-02-10 12:30:47,CUST_07244,enterprise,chat,analytics_dashboard,billing_problem,low,on_hold,gold,My invoice amount is incorrect compared to the plan I selected.,Thanks for reaching out about the billing issue. We will look into this and get back to you within the next 48 hours.,,,0,very_negative,2,0,web,LATAM
TCKT_056225,2023-02-14 23:16:26,CUST_07091,non_profit,web_form,login_auth,account_access,medium,on_hold,standard,My account was locked after multiple failed login attempts.,Sorry to hear you're having trouble accessing your account. Our team is reviewing this and will follow up within 24 hours.,,,0,neutral,0,0,api_client,MEA
TCKT_056290,2023-02-14 23:50:55,CUST_02490,small_business,chat,billing,bug,low,on_hold,gold,The billing feature is not saving my changes.,Thanks for reporting this bug. We will look into this and get back to you within the next 48 hours.,,,0,very_negative,1,1,android,LATAM
TCKT_056365,2023-02-10 18:24:05,CUST_01044,individual,web_form,notifications,feature_request,medium,on_hold,standard,It would be great to have notifications support in your product.,Thanks for your feature suggestion. Our team is reviewing this and will follow up within 24 hours.,,,0,very_positive,5,0,ios,EU
TCKT_056381,2023-02-20 12:08:25,CUST_06699,enterprise,phone_transcript,mobile_app,feature_request,medium,closed_no_action,gold,Our team needs more advanced options for mobile app.,Thanks for your feature suggestion. Our team is reviewing this and will follow up within 24 hours.,Ticket closed without further action after no response from the customer.,90.93,0,neutral,4,0,ios,
TCKT_056386,2023-02-11 12:00:17,CUST_09865,education,phone_transcript,notifications,performance,low,open,standard,The notifications page is very slow and takes a long time to load.,We understand performance issues can be frustrating. We will look into this and get back to you within the next 48 hours.,,,0,neutral,4,0,desktop_app,APAC
TCKT_056428,2023-02-19 01:53:39,CUST_00935,enterprise,in_app,mobile_app,bug,medium,resolved,gold,The mobile app feature is not saving my changes.,Thanks for reporting this bug. Our team is reviewing this and will follow up within 24 hours.,Patched the bug and deployed a fix to production.,12.45,0,neutral,3,0,desktop_app,MEA
TCKT_056523,2023-02-16 19:42:07,CUST_06966,education,web_form,data_export,feature_request,high,resolved,gold,Can you add an option to customize data export?,Thanks for your feature suggestion. We are prioritizing this and will update you as soon as possible.,Captured the request and added it to the product backlog.,18.42,0,positive,4,0,android,EU
TCKT_056529,2023-02-21 07:21:50,CUST_06742,education,email,notifications,security_concern,medium,resolved,gold,We need details about your data encryption and compliance.,We take security very seriously. Our team is reviewing this and will follow up within 24 hours.,"Investigated logs, mitigated the issue, and updated security settings.",17.58,0,negative,3,0,ios,LATAM
TCKT_056622,2023-02-08 18:47:25,CUST_07138,individual,in_app,analytics_dashboard,account_access,high,in_progress,gold,My account was locked after multiple failed login attempts.,Sorry to hear you're having trouble accessing your account. We are prioritizing this and will update you as soon as possible.,,,0,negative,3,0,api_client,MEA
TCKT_056696,2023-02-17 02:54:33,CUST_03223,enterprise,chat,billing,billing_problem,medium,in_progress,standard,I was charged twice for my subscription this month.,Thanks for reaching out about the billing issue. Our team is reviewing this and will follow up within 24 hours.,,,0,positive,0,0,web,MEA
TCKT_056718,2023-02-14 13:45:52,CUST_05909,small_business,email,api_integration,bug,urgent,resolved,standard,The api integration feature is not saving my changes.,Thanks for reporting this bug. This has been escalated to our on-call team for immediate attention.,Patched the bug and deployed a fix to production.,1.06,0,positive,4,0,android,
TCKT_056784,2023-02-14 10:50:08,CUST_02888,individual,web_form,api_integration,account_access,medium,resolved,standard,I cannot log in; the system says my password is incorrect.,Sorry to hear you're having trouble accessing your account. Our team is reviewing this and will follow up within 24 hours.,Reset account credentials and confirmed successful login.,8.22,0,neutral,4,0,desktop_app,EU
TCKT_056836,2023-02-27 16:56:17,CUST_06660,small_business,phone_transcript,notifications,bug,medium,resolved,standard,The notifications feature is not saving my changes.,Thanks for reporting this bug. Our team is reviewing this and will follow up within 24 hours.,Patched the bug and deployed a fix to production.,17.83,0,neutral,3,0,android,APAC
TCKT_056858,2023-02-26 17:29:34,CUST_03344,education,email,billing,account_access,medium,resolved,gold,My 2FA code is not working when I try to sign in.,Sorry to hear you're having trouble accessing your account. Our team is reviewing this and will follow up within 24 hours.,Reset account credentials and confirmed successful login.,44.48,0,very_negative,0,0,ios,MEA
TCKT_056875,2023-02-21 14:48:06,CUST_03657,non_profit,phone_transcript,mobile_app,performance,low,in_progress,standard,Queries in the mobile app module are timing out.,We understand performance issues can be frustrating. We will look into this and get back to you within the next 48 hours.,,,0,neutral,3,0,android,EU
TCKT_056896,2023-02-17 03:23:34,CUST_04789,individual,in_app,login_auth,bug,low,resolved,standard,The login auth feature is not saving my changes.,Thanks for reporting this bug. We will look into this and get back to you within the next 48 hours.,Patched the bug and deployed a fix to production.,25.24,0,neutral,3,0,web,APAC
TCKT_056950,2023-02-27 00:20:43,CUST_06782,small_business,chat,analytics_dashboard,account_access,medium,on_hold,gold,My 2FA code is not working when I try to sign in.,Sorry to hear you're having trouble accessing your account. Our team is reviewing this and will follow up within 24 hours.,,,1,neutral,0,0,api_client,LATAM
TCKT_057013,2023-02-26 00:12:28,CUST_02223,enterprise,phone_transcript,analytics_dashboard,security_concern,low,in_progress,standard,I noticed a suspicious login on my account.,We take security very seriously. We will look into this and get back to you within the next 48 hours.,,,0,neutral,0,0,desktop_app,APAC
TCKT_057022,2023-02-11 19:48:05,CUST_00419,education,email,mobile_app,other,urgent,closed_no_action,standard,I need help but I'm not sure which category this fits in.,Thanks for contacting support. This has been escalated to our on-call team for immediate attention.,Ticket closed without further action after no response from the customer.,106.97,0,neutral,4,0,desktop_app,MEA
TCKT_057042,2023-02-22 06:22:54,CUST_08002,small_business,chat,analytics_dashboard,performance,medium,in_progress,standard,Overall performance has degraded in the last few days.,We understand performance issues can be frustrating. Our team is reviewing this and will follow up within 24 hours.,,,0,negative,3,0,android,APAC
TCKT_057062,2023-02-22 21:44:22,CUST_00780,small_business,phone_transcript,mobile_app,bug,low,resolved,gold,I am seeing an error message when I click on mobile app.,Thanks for reporting this bug. We will look into this and get back to you within the next 48 hours.,Patched the bug and deployed a fix to production.,62.4,0,neutral,0,0,desktop_app,MEA
TCKT_057077,2023-02-12 12:37:08,CUST_08293,non_profit,web_form,analytics_dashboard,account_access,low,resolved,platinum,My account was locked after multiple failed login attempts.,Sorry to hear you're having trouble accessing your account. We will look into this and get back to you within the next 48 hours.,Reset account credentials and confirmed successful login.,51.41,0,negative,2,0,ios,APAC
TCKT_057104,2023-02-08 18:29:09,CUST_08555,small_business,in_app,notifications,bug,medium,open,standard,The notifications feature is not saving my changes.,Thanks for reporting this bug. Our team is reviewing this and will follow up within 24 hours.,,,0,positive,5,0,desktop_app,EU
TCKT_057131,2023-02-06 07:51:58,CUST_02787,individual,in_app,data_export,other,high,resolved,standard,I have a general question about my account.,Thanks for contacting support. We are prioritizing this and will update you as soon as possible.,Provided general guidance and confirmed the issue was resolved.,6.72,0,neutral,4,1,web,APAC
TCKT_057152,2023-02-08 07:59:17,CUST_07860,education,phone_transcript,notifications,security_concern,medium,open,standard,There seems to be a vulnerability in the notifications functionality.,We take security very seriously. Our team is reviewing this and will follow up within 24 hours.,,,0,neutral,0,0,android,EU
TCKT_057181,2023-02-01 06:29:31,CUST_08446,enterprise,chat,mobile_app,account_access,medium,in_progress,standard,My 2FA code is not working when I try to sign in.,Sorry to hear you're having trouble accessing your account. Our team is reviewing this and will follow up within 24 hours.,,,0,very_positive,5,0,ios,EU
TCKT_057235,2023-02-12 08:04:09,CUST_07388,non_profit,web_form,data_export,other,high,resolved,gold,I have a general question about my account.,Thanks for contacting support. We are prioritizing this and will update you as soon as possible.,Provided general guidance and confirmed the issue was resolved.,9.31,0,positive,0,0,desktop_app,
TCKT_057236,2023-02-09 15:30:59,CUST_07867,education,web_form,analytics_dashboard,billing_problem,high,in_progress,standard,I was charged twice for my subscription this month.,Thanks for reaching out about the billing issue. We are prioritizing this and will update you as soon as possible.,,,0,negative,3,0,web,
TCKT_057286,2023-02-28 03:26:03,CUST_08983,small_business,chat,billing,how_to,medium,closed_no_action,standard,Can you explain how to configure billing properly?,Happy to help with your question. Our team is reviewing this and will follow up within 24 hours.,Ticket closed without further action after no response from the customer.,28.16,0,neutral,3,0,api_client,APAC
TCKT_057293,2023-02-02 20:17:27,CUST_09249,enterprise,phone_transcript,data_export,feature_request,high,resolved,gold,Our team needs more advanced options for data export.,Thanks for your feature suggestion. We are prioritizing this and will update you as soon as possible.,Captured the request and added it to the product backlog.,9.89,0,neutral,0,0,ios,APAC
TCKT_057341,2023-02-08 18:19:00,CUST_00613,non_profit,chat,analytics_dashboard,other,medium,resolved,gold,I have a general question about my account.,Thanks for contacting support. Our team is reviewing this and will follow up within 24 hours.,Provided general guidance and confirmed the issue was resolved.,9.94,0,neutral,3,1,ios,MEA
TCKT_057418,2023-02-04 14:23:13,CUST_09378,individual,in_app,login_auth,security_concern,low,open,platinum,I noticed a suspicious login on my account.,We take security very seriously. We will look into this and get back to you within the next 48 hours.,,,0,very_negative,0,0,desktop_app,
TCKT_057430,2023-02-26 08:49:55,CUST_02631,small_business,email,billing,feature_request,medium,resolved,platinum,Can you add an option to customize billing?,Thanks for your feature suggestion. Our team is reviewing this and will follow up within 24 hours.,Captured the request and added it to the product backlog.,14.59,0,positive,5,1,web,MEA
TCKT_057437,2023-02-04 08:25:55,CUST_00920,education,in_app,mobile_app,other,low,in_progress,standard,I need help but I'm not sure which category this fits in.,Thanks for contacting support. We will look into this and get back to you within the next 48 hours.,,,0,negative,3,0,api_client,
TCKT_057468,2023-02-18 13:41:58,CUST_02660,education,phone_transcript,login_auth,security_concern,low,in_progress,platinum,We need details about your data encryption and compliance.,We take security very seriously. We will look into this and get back to you within the next 48 hours.,,,0,negative,3,0,android,
TCKT_057494,2023-02-01 12:18:29,CUST_02279,individual,email,login_auth,security_concern,low,in_progress,gold,We need details about your data encryption and compliance.,We take security very seriously. We will look into this and get back to you within the next 48 hours.,,,0,positive,4,1,api_client,MEA
TCKT_057567,2023-02-12 04:39:16,CUST_04143,small_business,in_app,mobile_app,account_access,medium,closed_no_action,platinum,I cannot log in; the system says my password is incorrect.,Sorry to hear you're having trouble accessing your account. Our team is reviewing this and will follow up within 24 hours.,Ticket closed without further action after no response from the customer.,156.66,0,negative,2,0,desktop_app,APAC
TCKT_057573,2023-02-25 14:12:33,CUST_03141,education,in_app,mobile_app,other,low,resolved,gold,"Something seems off, can you please check my workspace?",Thanks for contacting support. We will look into this and get back to you within the next 48 hours.,Provided general guidance and confirmed the issue was resolved.,42.67,0,neutral,0,0,web,APAC
TCKT_057594,2023-02-10 14:17:53,CUST_04690,education,chat,billing,performance,low,in_progress,platinum,Overall performance has degraded in the last few days.,We understand performance issues can be frustrating. We will look into this and get back to you within the next 48 hours.,,,0,neutral,3,0,ios,APAC
TCKT_057694,2023-02-12 18:28:17,CUST_03221,enterprise,web_form,analytics_dashboard,account_access,low,resolved,standard,I cannot log in; the system says my password is incorrect.,Sorry to hear you're having trouble accessing your account. We will look into this and get back to you within the next 48 hours.,Reset account credentials and confirmed successful login.,41.12,0,neutral,0,0,desktop_app,
TCKT_057743,2023-02-05 10:41:32,CUST_07334,education,in_app,data_export,performance,high,resolved,standard,Overall performance has degraded in the last few days.,We understand performance issues can be frustrating. We are prioritizing this and will update you as soon as possible.,Optimized queries and increased resource allocation.,13.76,0,negative,2,1,android,APAC
TCKT_057791,2023-02-01 18:36:22,CUST_07902,enterprise,email,api_integration,feature_request,medium,resolved,standard,It would be great to have api integration support in your product.,Thanks for your feature suggestion. Our team is reviewing this and will follow up within 24 hours.,Captured the request and added it to the product backlog.,29.82,0,negative,0,0,desktop_app,
TCKT_057793,2023-02-23 02:08:22,CUST_08461,individual,email,billing,performance,medium,in_progress,standard,The billing page is very slow and takes a long time to load.,We understand performance issues can be frustrating. Our team is reviewing this and will follow up within 24 hours.,,,0,very_negative,2,1,android,APAC
TCKT_057898,2023-02-26 11:43:08,CUST_03303,individual,phone_transcript,analytics_dashboard,feature_request,medium,on_hold,standard,Can you add an option to customize analytics dashboard?,Thanks for your feature suggestion. Our team is reviewing this and will follow up within 24 hours.,,,0,negative,2,1,desktop_app,
TCKT_057952,2023-02-10 20:41:04,CUST_07697,individual,in_app,billing,performance,low,in_progress,gold,Overall performance has degraded in the last few days.,We understand performance issues can be frustrating. We will look into this and get back to you within the next 48 hours.,,,0,negative,0,0,android,MEA
TCKT_058046,2023-02-18 07:10:17,CUST_05707,enterprise,email,analytics_dashboard,how_to,high,in_progress,gold,I need help setting up analytics dashboard for my team.,Happy to help with your question. We are prioritizing this and will update you as soon as possible.,,,0,positive,5,0,api_client,LATAM
TCKT_058080,2023-02-28 20:13:08,CUST_04523,non_profit,chat,mobile_app,security_concern,low,resolved,gold,We need details about your data encryption and compliance.,We take security very seriously. We will look into this and get back to you within the next 48 hours.,"Investigated logs, mitigated the issue, and updated security settings.",58.09,0,negative,3,1,android,APAC
TCKT_058102,2023-02-09 07:19:49,CUST_05394,individual,web_form,login_auth,performance,low,resolved,standard,The login auth page is very slow and takes a long time to load.,We understand performance issues can be frustrating. We will look into this and get back to you within the next 48 hours.,Optimized queries and increased resource allocation.,44.75,0,very_negative,1,0,android,MEA
TCKT_058140,2023-02-13 01:33:28,CUST_06609,education,email,api_integration,account_access,high,on_hold,gold,My 2FA code is not working when I try to sign in.,Sorry to hear you're having trouble accessing your account. We are prioritizing this and will update you as soon as possible.,,,0,very_negative,2,0,desktop_app,
TCKT_058205,2023-02-24 19:54:47,CUST_02556,small_business,chat,analytics_dashboard,security_concern,low,resolved,gold,We need details about your data encryption and compliance.,We take security very seriously. We will look into this and get back to you within the next 48 hours.,"Investigated logs, mitigated the issue, and updated security settings.",17.98,0,neutral,4,0,ios,APAC
TCKT_058248,2023-02-15 13:19:22,CUST_02604,non_profit,chat,data_export,security_concern,low,resolved,gold,There seems to be a vulnerability in the data export functionality.,We take security very seriously. We will look into this and get back to you within the next 48 hours.,"Investigated logs, mitigated the issue, and updated security settings.",14.86,0,very_negative,1,0,desktop_app,LATAM
TCKT_058254,2023-02-11 14:34:37,CUST_07914,enterprise,in_app,api_integration,how_to,low,resolved,standard,Can you explain how to configure api integration properly?,Happy to help with your question. We will look into this and get back to you within the next 48 hours.,Provided step-by-step instructions and relevant documentation.,16.81,0,very_positive,5,0,desktop_app,LATAM
TCKT_058329,2023-02-08 07:19:12,CUST_04769,non_profit,web_form,data_export,feature_request,urgent,resolved,standard,Can you add an option to customize data export?,Thanks for your feature suggestion. This has been escalated to our on-call team for immediate attention.,Captured the request and added it to the product backlog.,6.04,0,neutral,3,0,desktop_app,LATAM
TCKT_058335,2023-02-17 06:16:48,CUST_01383,non_profit,chat,analytics_dashboard,how_to,low,on_hold,standard,Can you explain how to configure analytics dashboard properly?,Happy to help with your question. We will look into this and get back to you within the next 48 hours.,,,0,neutral,3,0,web,APAC
TCKT_058490,2023-02-27 20:24:21,CUST_08493,enterprise,email,api_integration,bug,low,resolved,gold,The page keeps crashing whenever I try to open the api integration section.,Thanks for reporting this bug. We will look into this and get back to you within the next 48 hours.,Patched the bug and deployed a fix to production.,54.48,0,neutral,3,1,web,LATAM
TCKT_058531,2023-02-04 15:33:46,CUST_06627,education,chat,billing,account_access,high,on_hold,standard,My account was locked after multiple failed login attempts.,Sorry to hear you're having trouble accessing your account. We are prioritizing this and will update you as soon as possible.,,,1,very_positive,5,0,api_client,MEA
TCKT_058716,2023-02-14 19:25:41,CUST_01714,small_business,web_form,analytics_dashboard,how_to,high,resolved,standard,I need help setting up analytics dashboard for my team.,Happy to help with your question. We are prioritizing this and will update you as soon as possible.,Provided step-by-step instructions and relevant documentation.,8.44,0,negative,3,0,android,APAC
TCKT_058776,2023-02-02 11:19:04,CUST_00174,non_profit,phone_transcript,billing,how_to,medium,on_hold,standard,Can you explain how to configure billing properly?,Happy to help with your question. Our team is reviewing this and will follow up within 24 hours.,,,0,neutral,4,0,android,LATAM
TCKT_058825,2023-02-19 00:26:45,CUST_00513,small_business,web_form,login_auth,performance,medium,closed_no_action,gold,Queries in the login auth module are timing out.,We understand performance issues can be frustrating. Our team is reviewing this and will follow up within 24 hours.,Ticket closed without further action after no response from the customer.,104.08,0,negative,0,0,api_client,
TCKT_058863,2023-02-09 05:39:23,CUST_05937,small_business,chat,data_export,feature_request,low,closed_no_action,standard,Our team needs more advanced options for data export.,Thanks for your feature suggestion. We will look into this and get back to you within the next 48 hours.,Ticket closed without further action after no response from the customer.,207.24,0,neutral,4,0,desktop_app,EU
TCKT_058890,2023-02-15 15:18:23,CUST_02609,enterprise,in_app,billing,bug,medium,resolved,standard,I am seeing an error message when I click on billing.,Thanks for reporting this bug. Our team is reviewing this and will follow up within 24 hours.,Patched the bug and deployed a fix to production.,6.73,0,positive,4,0,ios,APAC
TCKT_058979,2023-02-08 16:49:36,CUST_06105,small_business,web_form,billing,account_access,high,resolved,standard,My 2FA code is not working when I try to sign in.,Sorry to hear you're having trouble accessing your account. We are prioritizing this and will update you as soon as possible.,Reset account credentials and confirmed successful login.,1.21,0,positive,4,0,ios,EU
TCKT_058999,2023-02-07 16:53:46,CUST_04905,small_business,phone_transcript,api_integration,billing_problem,medium,in_progress,standard,My invoice amount is incorrect compared to the plan I selected.,Thanks for reaching out about the billing issue. Our team is reviewing this and will follow up within 24 hours.,,,0,neutral,0,0,web,EU
TCKT_059027,2023-02-10 21:11:49,CUST_08766,small_business,email,login_auth,bug,medium,resolved,standard,I am seeing an error message when I click on login auth.,Thanks for reporting this bug. Our team is reviewing this and will follow up within 24 hours.,Patched the bug and deployed a fix to production.,5.96,0,neutral,0,0,web,MEA
TCKT_059260,2023-02-03 08:49:18,CUST_05402,enterprise,in_app,login_auth,bug,high,resolved,standard,The login auth feature is not saving my changes.,Thanks for reporting this bug. We are prioritizing this and will update you as soon as possible.,Patched the bug and deployed a fix to production.,16.63,0,negative,0,0,ios,EU
TCKT_059344,2023-02-03 12:50:28,CUST_06427,enterprise,chat,api_integration,security_concern,low,open,standard,I noticed a suspicious login on my account.,We take security very seriously. We will look into this and get back to you within the next 48 hours.,,,0,positive,5,0,web,LATAM
TCKT_059396,2023-02-22 10:29:30,CUST_08591,small_business,chat,billing,bug,medium,closed_no_action,gold,I am seeing an error message when I click on billing.,Thanks for reporting this bug. Our team is reviewing this and will follow up within 24 hours.,Ticket closed without further action after no response from the customer.,171.89,0,neutral,4,0,android,APAC
TCKT_059407,2023-02-01 15:42:25,CUST_02357,non_profit,chat,notifications,other,medium,in_progress,gold,I need help but I'm not sure which category this fits in.,Thanks for contacting support. Our team is reviewing this and will follow up within 24 hours.,,,0,neutral,3,0,desktop_app,
TCKT_059408,2023-02-08 02:30:39,CUST_01175,enterprise,web_form,data_export,bug,high,resolved,standard,I am seeing an error message when I click on data export.,Thanks for reporting this bug. We are prioritizing this and will update you as soon as possible.,Patched the bug and deployed a fix to production.,23.41,0,very_negative,2,0,api_client,APAC
TCKT_059500,2023-02-25 05:28:21,CUST_08728,non_profit,in_app,notifications,bug,low,in_progress,platinum,The page keeps crashing whenever I try to open the notifications section.,Thanks for reporting this bug. We will look into this and get back to you within the next 48 hours.,,,0,very_positive,5,0,ios,EU
TCKT_059509,2023-02-07 00:23:42,CUST_04912,education,phone_transcript,analytics_dashboard,billing_problem,medium,in_progress,standard,My invoice amount is incorrect compared to the plan I selected.,Thanks for reaching out about the billing issue. Our team is reviewing this and will follow up within 24 hours.,,,0,very_positive,0,1,ios,LATAM
TCKT_059554,2023-02-26 12:14:55,CUST_07736,small_business,in_app,billing,bug,medium,in_progress,standard,I am seeing an error message when I click on billing.,Thanks for reporting this bug. Our team is reviewing this and will follow up within 24 hours.,,,0,neutral,4,0,ios,
TCKT_059652,2023-02-11 14:32:28,CUST_07294,individual,web_form,analytics_dashboard,billing_problem,medium,resolved,gold,My invoice amount is incorrect compared to the plan I selected.,Thanks for reaching out about the billing issue. Our team is reviewing this and will follow up within 24 hours.,Adjusted the invoice and issued a refund where applicable.,38.02,0,negative,3,0,web,LATAM
TCKT_059831,2023-02-07 17:45:48,CUST_09460,small_business,phone_transcript,mobile_app,performance,low,on_hold,standard,Queries in the mobile app module are timing out.,We understand performance issues can be frustrating. We will look into this and get back to you within the next 48 hours.,,,0,positive,0,0,android,MEA
TCKT_059837,2023-02-19 13:13:40,CUST_07808,individual,web_form,mobile_app,feature_request,medium,resolved,standard,Can you add an option to customize mobile app?,Thanks for your feature suggestion. Our team is reviewing this and will follow up within 24 hours.,Captured the request and added it to the product backlog.,17.88,0,positive,0,0,desktop_app,APAC
TCKT_059928,2023-02-06 06:32:30,CUST_00561,small_business,in_app,notifications,account_access,medium,resolved,standard,I cannot log in; the system says my password is incorrect.,Sorry to hear you're having trouble accessing your account. Our team is reviewing this and will follow up within 24 hours.,Reset account credentials and confirmed successful login.,21.25,0,neutral,0,0,web,LATAM
TCKT_060107,2023-02-23 15:48:41,CUST_06653,education,in_app,data_export,other,low,closed_no_action,standard,"Something seems off, can you please check my workspace?",Thanks for contacting support. We will look into this and get back to you within the next 48 hours.,Ticket closed without further action after no response from the customer.,190.47,0,neutral,0,0,web,APAC
TCKT_060191,2023-02-21 05:22:29,CUST_01005,individual,chat,api_integration,bug,low,resolved,gold,The api integration feature is not saving my changes.,Thanks for reporting this bug. We will look into this and get back to you within the next 48 hours.,Patched the bug and deployed a fix to production.,38.82,0,neutral,3,0,desktop_app,LATAM
TCKT_060341,2023-02-07 05:22:16,CUST_03088,individual,phone_transcript,analytics_dashboard,bug,medium,in_progress,gold,The analytics dashboard feature is not saving my changes.,Thanks for reporting this bug. Our team is reviewing this and will follow up within 24 hours.,,,0,positive,0,0,ios,APAC
TCKT_060344,2023-02-26 04:17:15,CUST_05982,education,email,notifications,how_to,high,on_hold,gold,Can you explain how to configure notifications properly?,Happy to help with your question. We are prioritizing this and will update you as soon as possible.,,,0,very_negative,2,0,ios,APAC
TCKT_060378,2023-02-28 18:49:12,CUST_01117,individual,in_app,mobile_app,performance,medium,on_hold,standard,Queries in the mobile app module are timing out.,We understand performance issues can be frustrating. Our team is reviewing this and will follow up within 24 hours.,,,0,neutral,4,0,web,
TCKT_060388,2023-02-26 15:57:59,CUST_04289,individual,in_app,notifications,security_concern,low,in_progress,standard,I noticed a suspicious login on my account.,We take security very seriously. We will look into this and get back to you within the next 48 hours.,,,0,very_negative,1,0,android,LATAM
TCKT_060438,2023-02-01 03:35:29,CUST_09266,small_business,in_app,billing,bug,low,resolved,platinum,The billing feature is not saving my changes.,Thanks for reporting this bug. We will look into this and get back to you within the next 48 hours.,Patched the bug and deployed a fix to production.,53.57,0,neutral,3,0,android,EU
TCKT_060512,2023-02-12 22:31:12,CUST_06738,enterprise,web_form,data_export,other,low,open,platinum,"Something seems off, can you please check my workspace?",Thanks for contacting support. We will look into this and get back to you within the next 48 hours.,,,0,negative,0,0,ios,APAC
TCKT_060527,2023-02-09 13:18:44,CUST_00861,enterprise,chat,billing,security_concern,medium,on_hold,standard,I noticed a suspicious login on my account.,We take security very seriously. Our team is reviewing this and will follow up within 24 hours.,,,0,neutral,4,1,android,LATAM
TCKT_060539,2023-02-16 08:47:49,CUST_08374,individual,email,notifications,security_concern,medium,resolved,standard,We need details about your data encryption and compliance.,We take security very seriously. Our team is reviewing this and will follow up within 24 hours.,"Investigated logs, mitigated the issue, and updated security settings.",6.64,0,negative,0,1,web,MEA
TCKT_060579,2023-02-05 02:51:58,CUST_09890,non_profit,chat,billing,how_to,medium,resolved,standard,Can you explain how to configure billing properly?,Happy to help with your question. Our team is reviewing this and will follow up within 24 hours.,Provided step-by-step instructions and relevant documentation.,24.54,0,positive,4,0,ios,APAC
TCKT_060615,2023-02-13 18:32:12,CUST_01122,enterprise,chat,notifications,other,low,resolved,standard,I have a general question about my account.,Thanks for contacting support. We will look into this and get back to you within the next 48 hours.,Provided general guidance and confirmed the issue was resolved.,37.91,0,very_negative,1,0,desktop_app,LATAM
TCKT_060631,2023-02-25 17:15:32,CUST_08885,enterprise,email,data_export,feature_request,medium,on_hold,standard,It would be great to have data export support in your product.,Thanks for your feature suggestion. Our team is reviewing this and will follow up within 24 hours.,,,0,neutral,0,0,api_client,MEA
TCKT_060664,2023-02-24 02:33:59,CUST_04935,enterprise,in_app,billing,feature_request,low,closed_no_action,standard,Can you add an option to customize billing?,Thanks for your feature suggestion. We will look into this and get back to you within the next 48 hours.,Ticket closed without further action after no response from the customer.,154.4,0,neutral,4,1,desktop_app,EU
TCKT_060881,2023-02-16 20:46:41,CUST_02335,non_profit,in_app,mobile_app,billing_problem,low,in_progress,standard,My invoice amount is incorrect compared to the plan I selected.,Thanks for reaching out about the billing issue. We will look into this and get back to you within the next 48 hours.,,,0,positive,0,0,desktop_app,EU
TCKT_060909,2023-02-14 02:48:14,CUST_08744,education,web_form,api_integration,security_concern,medium,resolved,standard,I noticed a suspicious login on my account.,We take security very seriously. Our team is reviewing this and will follow up within 24 hours.,"Investigated logs, mitigated the issue, and updated security settings.",6.93,1,neutral,0,0,ios,APAC
TCKT_060949,2023-02-02 16:41:51,CUST_04953,enterprise,chat,data_export,bug,medium,resolved,standard,I am seeing an error message when I click on data export.,Thanks for reporting this bug. Our team is reviewing this and will follow up within 24 hours.,Patched the bug and deployed a fix to production.,29.49,0,negative,3,1,api_client,APAC
TCKT_061040,2023-02-04 17:42:20,CUST_04458,individual,web_form,notifications,feature_request,medium,closed_no_action,standard,It would be great to have notifications support in your product.,Thanks for your feature suggestion. Our team is reviewing this and will follow up within 24 hours.,Ticket closed without further action after no response from the customer.,81.32,0,negative,2,0,desktop_app,
TCKT_061052,2023-02-05 05:56:13,CUST_08797,non_profit,phone_transcript,notifications,performance,medium,closed_no_action,standard,The notifications page is very slow and takes a long time to load.,We understand performance issues can be frustrating. Our team is reviewing this and will follow up within 24 hours.,Ticket closed without further action after no response from the customer.,176.71,0,negative,2,0,android,LATAM
TCKT_061115,2023-02-20 15:27:15,CUST_01850,individual,phone_transcript,login_auth,performance,low,resolved,standard,Overall performance has degraded in the last few days.,We understand performance issues can be frustrating. We will look into this and get back to you within the next 48 hours.,Optimized queries and increased resource allocation.,53.89,0,neutral,4,0,web,MEA
TCKT_061120,2023-02-08 11:43:19,CUST_00414,small_business,chat,data_export,security_concern,medium,resolved,standard,There seems to be a vulnerability in the data export functionality.,We take security very seriously. Our team is reviewing this and will follow up within 24 hours.,"Investigated logs, mitigated the issue, and updated security settings.",42.47,0,positive,0,0,api_client,
TCKT_061255,2023-02-27 10:32:26,CUST_07202,small_business,chat,analytics_dashboard,feature_request,high,in_progress,standard,Our team needs more advanced options for analytics dashboard.,Thanks for your feature suggestion. We are prioritizing this and will update you as soon as possible.,,,0,neutral,4,0,web,MEA
TCKT_061280,2023-02-03 10:00:59,CUST_01859,small_business,email,notifications,other,urgent,resolved,gold,I need help but I'm not sure which category this fits in.,Thanks for contacting support. This has been escalated to our on-call team for immediate attention.,Provided general guidance and confirmed the issue was resolved.,0.52,0,negative,0,0,ios,EU
TCKT_061396,2023-02-13 17:07:32,CUST_07204,education,phone_transcript,analytics_dashboard,billing_problem,low,closed_no_action,gold,I downgraded my plan but I am still being billed for the higher tier.,Thanks for reaching out about the billing issue. We will look into this and get back to you within the next 48 hours.,Ticket closed without further action after no response from the customer.,229.15,0,very_negative,2,1,ios,EU
TCKT_061398,2023-02-02 21:55:52,CUST_05631,individual,web_form,billing,feature_request,medium,resolved,platinum,It would be great to have billing support in your product.,Thanks for your feature suggestion. Our team is reviewing this and will follow up within 24 hours.,Captured the request and added it to the product backlog.,6.57,0,neutral,4,0,api_client,APAC
TCKT_061463,2023-02-03 01:59:03,CUST_09293,education,web_form,mobile_app,account_access,medium,closed_no_action,gold,I cannot log in; the system says my password is incorrect.,Sorry to hear you're having trouble accessing your account. Our team is reviewing this and will follow up within 24 hours.,Ticket closed without further action after no response from the customer.,128.57,0,neutral,3,0,android,LATAM
TCKT_061633,2023-02-02 03:33:04,CUST_05120,education,chat,data_export,how_to,low,in_progress,standard,Can you explain how to configure data export properly?,Happy to help with your question. We will look into this and get back to you within the next 48 hours.,,,0,very_positive,5,0,desktop_app,LATAM
TCKT_061673,2023-02-28 00:21:18,CUST_00696,enterprise,chat,billing,account_access,medium,resolved,standard,I cannot log in; the system says my password is incorrect.,Sorry to hear you're having trouble accessing your account. Our team is reviewing this and will follow up within 24 hours.,Reset account credentials and confirmed successful login.,4.61,0,very_negative,1,0,web,MEA
TCKT_061681,2023-02-01 03:36:48,CUST_05674,enterprise,phone_transcript,analytics_dashboard,account_access,high,closed_no_action,standard,My 2FA code is not working when I try to sign in.,Sorry to hear you're having trouble accessing your account. We are prioritizing this and will update you as soon as possible.,Ticket closed without further action after no response from the customer.,208.84,0,very_negative,0,0,desktop_app,MEA
TCKT_061694,2023-02-10 17:48:56,CUST_08134,individual,chat,billing,bug,medium,resolved,standard,The billing feature is not saving my changes.,Thanks for reporting this bug. Our team is reviewing this and will follow up within 24 hours.,Patched the bug and deployed a fix to production.,9.77,0,neutral,3,1,desktop_app,EU
TCKT_061696,2023-02-28 09:53:22,CUST_00623,non_profit,email,data_export,security_concern,medium,resolved,gold,There seems to be a vulnerability in the data export functionality.,We take security very seriously. Our team is reviewing this and will follow up within 24 hours.,"Investigated logs, mitigated the issue, and updated security settings.",35.67,0,very_positive,5,0,api_client,APAC
TCKT_061761,2023-02-26 01:03:15,CUST_07854,individual,chat,analytics_dashboard,bug,low,open,standard,The analytics dashboard feature is not saving my changes.,Thanks for reporting this bug. We will look into this and get back to you within the next 48 hours.,,,0,positive,5,0,web,
TCKT_061803,2023-02-10 22:23:32,CUST_08425,non_profit,email,login_auth,performance,low,resolved,gold,Queries in the login auth module are timing out.,We understand performance issues can be frustrating. We will look into this and get back to you within the next 48 hours.,Optimized queries and increased resource allocation.,28.13,0,neutral,4,1,web,MEA
TCKT_062018,2023-02-13 17:32:47,CUST_06933,enterprise,web_form,login_auth,bug,medium,resolved,platinum,I am seeing an error message when I click on login auth.,Thanks for reporting this bug. Our team is reviewing this and will follow up within 24 hours.,Patched the bug and deployed a fix to production.,37.2,0,positive,0,0,desktop_app,APAC
TCKT_062077,2023-02-20 15:28:48,CUST_08612,enterprise,web_form,billing,how_to,low,resolved,gold,How can I export my data from the billing section?,Happy to help with your question. We will look into this and get back to you within the next 48 hours.,Provided step-by-step instructions and relevant documentation.,43.45,0,neutral,4,0,desktop_app,
TCKT_062093,2023-02-02 22:11:03,CUST_07874,individual,phone_transcript,login_auth,billing_problem,high,in_progress,gold,I was charged twice for my subscription this month.,Thanks for reaching out about the billing issue. We are prioritizing this and will update you as soon as possible.,,,0,negative,3,0,ios,MEA
TCKT_062240,2023-02-05 16:58:19,CUST_04030,enterprise,in_app,mobile_app,how_to,medium,open,platinum,Can you explain how to configure mobile app properly?,Happy to help with your question. Our team is reviewing this and will follow up within 24 hours.,,,0,neutral,0,0,ios,MEA
TCKT_062310,2023-02-22 01:11:35,CUST_07370,education,chat,notifications,account_access,low,in_progress,gold,My 2FA code is not working when I try to sign in.,Sorry to hear you're having trouble accessing your account. We will look into this and get back to you within the next 48 hours.,,,0,positive,0,1,api_client,EU
TCKT_062312,2023-02-27 14:06:53,CUST_06829,non_profit,email,notifications,account_access,medium,closed_no_action,standard,My account was locked after multiple failed login attempts.,Sorry to hear you're having trouble accessing your account. Our team is reviewing this and will follow up within 24 hours.,Ticket closed without further action after no response from the customer.,24.99,0,very_negative,0,0,api_client,LATAM
TCKT_062334,2023-02-01 04:26:06,CUST_09126,non_profit,web_form,analytics_dashboard,security_concern,low,in_progress,platinum,I noticed a suspicious login on my account.,We take security very seriously. We will look into this and get back to you within the next 48 hours.,,,0,very_negative,1,0,web,APAC
TCKT_062336,2023-02-07 22:51:05,CUST_01686,education,web_form,analytics_dashboard,security_concern,high,resolved,platinum,There seems to be a vulnerability in the analytics dashboard functionality.,We take security very seriously. We are prioritizing this and will update you as soon as possible.,"Investigated logs, mitigated the issue, and updated security settings.",9.51,0,very_negative,2,0,desktop_app,
TCKT_062408,2023-02-17 20:31:10,CUST_07620,small_business,in_app,api_integration,feature_request,high,in_progress,platinum,Can you add an option to customize api integration?,Thanks for your feature suggestion. We are prioritizing this and will update you as soon as possible.,,,0,negative,3,0,ios,MEA
TCKT_062448,2023-02-21 03:39:48,CUST_09054,non_profit,web_form,analytics_dashboard,billing_problem,high,resolved,standard,I downgraded my plan but I am still being billed for the higher tier.,Thanks for reaching out about the billing issue. We are prioritizing this and will update you as soon as possible.,Adjusted the invoice and issued a refund where applicable.,11.8,0,neutral,0,0,api_client,APAC
TCKT_062558,2023-02-17 00:40:05,CUST_01890,non_profit,email,notifications,performance,medium,resolved,standard,The notifications page is very slow and takes a long time to load.,We understand performance issues can be frustrating. Our team is reviewing this and will follow up within 24 hours.,Optimized queries and increased resource allocation.,16.7,0,negative,3,0,web,
TCKT_062733,2023-02-07 19:24:13,CUST_06354,individual,email,analytics_dashboard,bug,low,resolved,gold,The analytics dashboard feature is not saving my changes.,Thanks for reporting this bug. We will look into this and get back to you within the next 48 hours.,Patched the bug and deployed a fix to production.,37.26,0,neutral,0,0,web,
TCKT_062739,2023-02-02 16:18:13,CUST_06741,small_business,in_app,login_auth,feature_request,low,in_progress,standard,It would be great to have login auth support in your product.,Thanks for your feature suggestion. We will look into this and get back to you within the next 48 hours.,,,0,neutral,0,1,desktop_app,MEA
TCKT_062745,2023-02-13 20:22:54,CUST_06716,education,web_form,billing,feature_request,high,resolved,gold,Our team needs more advanced options for billing.,Thanks for your feature suggestion. We are prioritizing this and will update you as soon as possible.,Captured the request and added it to the product backlog.,13.61,0,very_positive,5,0,desktop_app,EU
TCKT_062775,2023-02-12 13:41:02,CUST_05283,individual,in_app,login_auth,how_to,low,on_hold,standard,Can you explain how to configure login auth properly?,Happy to help with your question. We will look into this and get back to you within the next 48 hours.,,,0,neutral,4,0,desktop_app,EU
TCKT_062832,2023-02-26 01:05:28,CUST_02550,enterprise,phone_transcript,billing,security_concern,high,resolved,standard,We need details about your data encryption and compliance.,We take security very seriously. We are prioritizing this and will update you as soon as possible.,"Investigated logs, mitigated the issue, and updated security settings.",20.25,0,neutral,0,0,android,APAC
TCKT_062876,2023-02-03 00:32:36,CUST_05322,non_profit,phone_transcript,mobile_app,how_to,high,resolved,gold,How can I export my data from the mobile app section?,Happy to help with your question. We are prioritizing this and will update you as soon as possible.,Provided step-by-step instructions and relevant documentation.,21.24,0,very_positive,5,0,ios,
TCKT_062978,2023-02-15 23:56:55,CUST_03811,small_business,web_form,data_export,how_to,high,resolved,platinum,How can I export my data from the data export section?,Happy to help with your question. We are prioritizing this and will update you as soon as possible.,Provided step-by-step instructions and relevant documentation.,4.66,0,neutral,3,0,desktop_app,
TCKT_062999,2023-02-22 11:21:28,CUST_03371,individual,chat,api_integration,account_access,high,closed_no_action,standard,My 2FA code is not working when I try to sign in.,Sorry to hear you're having trouble accessing your account. We are prioritizing this and will update you as soon as possible.,Ticket closed without further action after no response from the customer.,42.48,0,very_negative,2,0,android,
TCKT_063036,2023-02-16 01:01:35,CUST_00115,individual,web_form,notifications,feature_request,low,in_progress,platinum,It would be great to have notifications support in your product.,Thanks for your feature suggestion. We will look into this and get back to you within the next 48 hours.,,,0,positive,4,1,android,MEA
TCKT_063055,2023-02-23 00:13:42,CUST_00732,non_profit,in_app,mobile_app,account_access,medium,resolved,standard,My account was locked after multiple failed login attempts.,Sorry to hear you're having trouble accessing your account. Our team is reviewing this and will follow up within 24 hours.,Reset account credentials and confirmed successful login.,27.27,0,negative,3,1,desktop_app,MEA
TCKT_063107,2023-02-23 03:08:03,CUST_09102,education,phone_transcript,analytics_dashboard,how_to,low,resolved,standard,Can you explain how to configure analytics dashboard properly?,Happy to help with your question. We will look into this and get back to you within the next 48 hours.,Provided step-by-step instructions and relevant documentation.,47.57,0,neutral,0,0,api_client,LATAM
TCKT_063142,2023-02-04 10:13:05,CUST_04756,small_business,web_form,login_auth,security_concern,low,resolved,standard,I noticed a suspicious login on my account.,We take security very seriously. We will look into this and get back to you within the next 48 hours.,"Investigated logs, mitigated the issue, and updated security settings.",57.72,0,neutral,3,0,api_client,MEA
TCKT_063235,2023-02-12 23:06:01,CUST_05672,non_profit,chat,billing,feature_request,low,resolved,standard,It would be great to have billing support in your product.,Thanks for your feature suggestion. We will look into this and get back to you within the next 48 hours.,Captured the request and added it to the product backlog.,8.45,0,positive,5,0,api_client,APAC
TCKT_063258,2023-02-04 07:18:17,CUST_02711,small_business,chat,login_auth,performance,low,in_progress,standard,Queries in the login auth module are timing out.,We understand performance issues can be frustrating. We will look into this and get back to you within the next 48 hours.,,,0,negative,0,0,android,EU
TCKT_063301,2023-02-07 20:51:05,CUST_02114,non_profit,web_form,data_export,feature_request,high,open,standard,It would be great to have data export support in your product.,Thanks for your feature suggestion. We are prioritizing this and will update you as soon as possible.,,,0,neutral,0,0,web,LATAM
TCKT_063347,2023-02-27 07:29:54,CUST_00558,small_business,phone_transcript,billing,bug,medium,resolved,standard,The page keeps crashing whenever I try to open the billing section.,Thanks for reporting this bug. Our team is reviewing this and will follow up within 24 hours.,Patched the bug and deployed a fix to production.,35.07,0,negative,2,1,ios,LATAM
TCKT_063428,2023-02-23 02:03:58,CUST_04458,non_profit,in_app,mobile_app,billing_problem,medium,resolved,standard,I downgraded my plan but I am still being billed for the higher tier.,Thanks for reaching out about the billing issue. Our team is reviewing this and will follow up within 24 hours.,Adjusted the invoice and issued a refund where applicable.,12.96,0,positive,5,1,desktop_app,LATAM
TCKT_063462,2023-02-27 12:43:36,CUST_04501,education,chat,notifications,how_to,medium,resolved,gold,I need help setting up notifications for my team.,Happy to help with your question. Our team is reviewing this and will follow up within 24 hours.,Provided step-by-step instructions and relevant documentation.,5.22,0,neutral,3,0,web,APAC
TCKT_063585,2023-02-22 18:52:34,CUST_08946,education,web_form,notifications,security_concern,medium,resolved,gold,We need details about your data encryption and compliance.,We take security very seriously. Our team is reviewing this and will follow up within 24 hours.,"Investigated logs, mitigated the issue, and updated security settings.",10.29,0,neutral,0,0,desktop_app,MEA
TCKT_063768,2023-02-26 18:48:10,CUST_02646,non_profit,phone_transcript,analytics_dashboard,security_concern,low,closed_no_action,standard,There seems to be a vulnerability in the analytics dashboard functionality.,We take security very seriously. We will look into this and get back to you within the next 48 hours.,Ticket closed without further action after no response from the customer.,41.08,0,negative,0,1,web,APAC
TCKT_063808,2023-02-20 19:48:14,CUST_00563,small_business,phone_transcript,analytics_dashboard,other,low,in_progress,standard,"Something seems off, can you please check my workspace?",Thanks for contacting support. We will look into this and get back to you within the next 48 hours.,,,0,very_positive,0,1,api_client,LATAM
TCKT_063871,2023-02-28 18:13:33,CUST_08036,individual,phone_transcript,notifications,how_to,low,resolved,gold,How can I export my data from the notifications section?,Happy to help with your question. We will look into this and get back to you within the next 48 hours.,Provided step-by-step instructions and relevant documentation.,11.19,0,very_positive,5,0,android,
TCKT_063878,2023-02-18 07:47:31,CUST_02303,enterprise,chat,billing,account_access,low,resolved,standard,My account was locked after multiple failed login attempts.,Sorry to hear you're having trouble accessing your account. We will look into this and get back to you within the next 48 hours.,Reset account credentials and confirmed successful login.,28.11,0,negative,2,0,web,MEA
TCKT_063954,2023-02-23 04:05:59,CUST_00078,individual,in_app,mobile_app,performance,high,on_hold,standard,The mobile app page is very slow and takes a long time to load.,We understand performance issues can be frustrating. We are prioritizing this and will update you as soon as possible.,,,0,negative,2,0,web,MEA
TCKT_064059,2023-02-23 07:34:04,CUST_02955,individual,email,login_auth,account_access,medium,resolved,gold,My account was locked after multiple failed login attempts.,Sorry to hear you're having trouble accessing your account. Our team is reviewing this and will follow up within 24 hours.,Reset account credentials and confirmed successful login.,15.46,0,negative,3,0,ios,LATAM
TCKT_064132,2023-02-12 16:10:05,CUST_03457,education,web_form,login_auth,bug,high,closed_no_action,standard,The page keeps crashing whenever I try to open the login auth section.,Thanks for reporting this bug. We are prioritizing this and will update you as soon as possible.,Ticket closed without further action after no response from the customer.,131.84,0,neutral,4,1,web,MEA
TCKT_064169,2023-02-06 10:47:12,CUST_09248,enterprise,chat,data_export,bug,high,on_hold,gold,The data export feature is not saving my changes.,Thanks for reporting this bug. We are prioritizing this and will update you as soon as possible.,,,0,negative,3,1,android,EU
TCKT_064255,2023-02-15 16:49:38,CUST_06663,individual,email,data_export,billing_problem,low,on_hold,standard,I downgraded my plan but I am still being billed for the higher tier.,Thanks for reaching out about the billing issue. We will look into this and get back to you within the next 48 hours.,,,0,negative,2,0,desktop_app,
TCKT_064365,2023-02-05 03:58:09,CUST_04394,education,web_form,mobile_app,billing_problem,high,on_hold,gold,I was charged twice for my subscription this month.,Thanks for reaching out about the billing issue. We are prioritizing this and will update you as soon as possible.,,,0,very_negative,1,0,ios,
TCKT_064391,2023-02-10 09:48:15,CUST_02882,small_business,email,notifications,feature_request,medium,in_progress,standard,Our team needs more advanced options for notifications.,Thanks for your feature suggestion. Our team is reviewing this and will follow up within 24 hours.,,,0,very_negative,1,0,desktop_app,APAC
TCKT_064507,2023-02-12 04:34:17,CUST_00595,individual,phone_transcript,data_export,other,urgent,in_progress,gold,"Something seems off, can you please check my workspace?",Thanks for contacting support. This has been escalated to our on-call team for immediate attention.,,,0,negative,3,0,web,
TCKT_064545,2023-02-09 22:36:37,CUST_06178,enterprise,in_app,data_export,bug,medium,resolved,standard,The page keeps crashing whenever I try to open the data export section.,Thanks for reporting this bug. Our team is reviewing this and will follow up within 24 hours.,Patched the bug and deployed a fix to production.,7.65,0,negative,2,1,api_client,LATAM
TCKT_064588,2023-02-18 04:02:14,CUST_02768,individual,web_form,api_integration,other,low,resolved,standard,I have a general question about my account.,Thanks for contacting support. We will look into this and get back to you within the next 48 hours.,Provided general guidance and confirmed the issue was resolved.,8.92,1,positive,5,0,web,APAC
TCKT_064612,2023-02-19 14:27:40,CUST_04084,individual,web_form,notifications,performance,low,resolved,standard,Overall performance has degraded in the last few days.,We understand performance issues can be frustrating. We will look into this and get back to you within the next 48 hours.,Optimized queries and increased resource allocation.,36.25,0,negative,2,0,desktop_app,MEA
TCKT_064827,2023-02-06 08:50:08,CUST_04887,non_profit,chat,login_auth,account_access,high,on_hold,standard,I cannot log in; the system says my password is incorrect.,Sorry to hear you're having trouble accessing your account. We are prioritizing this and will update you as soon as possible.,,,0,negative,3,0,web,APAC
TCKT_064835,2023-02-28 05:07:25,CUST_07524,non_profit,in_app,analytics_dashboard,account_access,low,in_progress,platinum,My 2FA code is not working when I try to sign in.,Sorry to hear you're having trouble accessing your account. We will look into this and get back to you within the next 48 hours.,,,0,positive,4,0,ios,LATAM
TCKT_064849,2023-02-02 20:03:57,CUST_04231,education,in_app,mobile_app,other,urgent,resolved,standard,I have a general question about my account.,Thanks for contacting support. This has been escalated to our on-call team for immediate attention.,Provided general guidance and confirmed the issue was resolved.,1.59,0,neutral,4,1,api_client,APAC
TCKT_064986,2023-02-19 15:51:22,CUST_06480,small_business,email,data_export,other,medium,open,standard,I need help but I'm not sure which category this fits in.,Thanks for contacting support. Our team is reviewing this and will follow up within 24 hours.,,,0,neutral,4,0,desktop_app,MEA
TCKT_064996,2023-02-21 21:13:56,CUST_06035,non_profit,chat,login_auth,security_concern,high,open,gold,I noticed a suspicious login on my account.,We take security very seriously. We are prioritizing this and will update you as soon as possible.,,,0,very_negative,2,0,android,EU
TCKT_065010,2023-02-04 15:05:35,CUST_00633,enterprise,email,login_auth,performance,medium,resolved,standard,The login auth page is very slow and takes a long time to load.,We understand performance issues can be frustrating. Our team is reviewing this and will follow up within 24 hours.,Optimized queries and increased resource allocation.,16.24,0,negative,0,0,api_client,APAC
TCKT_065029,2023-02-08 21:08:05,CUST_07146,individual,email,mobile_app,bug,medium,resolved,standard,The mobile app feature is not saving my changes.,Thanks for reporting this bug. Our team is reviewing this and will follow up within 24 hours.,Patched the bug and deployed a fix to production.,34.11,0,neutral,3,0,api_client,APAC
TCKT_065151,2023-02-12 05:22:32,CUST_05052,education,in_app,analytics_dashboard,security_concern,low,in_progress,gold,I noticed a suspicious login on my account.,We take security very seriously. We will look into this and get back to you within the next 48 hours.,,,0,negative,2,1,desktop_app,MEA
TCKT_065161,2023-02-22 02:41:34,CUST_01588,education,web_form,api_integration,feature_request,medium,resolved,standard,It would be great to have api integration support in your product.,Thanks for your feature suggestion. Our team is reviewing this and will follow up within 24 hours.,Captured the request and added it to the product backlog.,40.49,0,very_negative,0,1,ios,LATAM
TCKT_065162,2023-02-22 22:35:37,CUST_02973,small_business,in_app,mobile_app,billing_problem,low,open,gold,My invoice amount is incorrect compared to the plan I selected.,Thanks for reaching out about the billing issue. We will look into this and get back to you within the next 48 hours.,,,0,very_positive,5,0,desktop_app,
TCKT_065163,2023-02-07 06:48:34,CUST_02094,individual,phone_transcript,billing,other,high,resolved,standard,I need help but I'm not sure which category this fits in.,Thanks for contacting support. We are prioritizing this and will update you as soon as possible.,Provided general guidance and confirmed the issue was resolved.,11.21,0,very_negative,2,0,api_client,MEA
TCKT_065201,2023-02-20 05:28:42,CUST_05306,enterprise,web_form,api_integration,security_concern,low,in_progress,gold,There seems to be a vulnerability in the api integration functionality.,We take security very seriously. We will look into this and get back to you within the next 48 hours.,,,0,negative,0,0,ios,LATAM
TCKT_065220,2023-02-15 22:16:08,CUST_08389,non_profit,web_form,data_export,performance,low,resolved,platinum,Queries in the data export module are timing out.,We understand performance issues can be frustrating. We will look into this and get back to you within the next 48 hours.,Optimized queries and increased resource allocation.,18.43,0,negative,2,0,ios,
TCKT_065293,2023-02-14 00:56:24,CUST_06294,individual,in_app,login_auth,security_concern,high,resolved,platinum,We need details about your data encryption and compliance.,We take security very seriously. We are prioritizing this and will update you as soon as possible.,"Investigated logs, mitigated the issue, and updated security settings.",9.42,0,neutral,4,0,ios,
TCKT_065321,2023-02-05 15:44:28,CUST_01983,small_business,web_form,data_export,how_to,medium,resolved,platinum,I need help setting up data export for my team.,Happy to help with your question. Our team is reviewing this and will follow up within 24 hours.,Provided step-by-step instructions and relevant documentation.,19.14,0,very_positive,5,1,android,APAC
TCKT_065507,2023-02-24 22:35:08,CUST_02840,enterprise,email,api_integration,feature_request,low,resolved,gold,It would be great to have api integration support in your product.,Thanks for your feature suggestion. We will look into this and get back to you within the next 48 hours.,Captured the request and added it to the product backlog.,39.3,0,neutral,4,0,web,
TCKT_065559,2023-02-16 19:15:38,CUST_03554,non_profit,chat,login_auth,feature_request,high,in_progress,standard,Can you add an option to customize login auth?,Thanks for your feature suggestion. We are prioritizing this and will update you as soon as possible.,,,0,negative,3,0,api_client,EU
TCKT_065667,2023-02-03 23:00:20,CUST_07991,education,chat,data_export,billing_problem,high,in_progress,gold,I downgraded my plan but I am still being billed for the higher tier.,Thanks for reaching out about the billing issue. We are prioritizing this and will update you as soon as possible.,,,0,negative,3,1,desktop_app,
TCKT_065824,2023-02-23 06:54:32,CUST_00795,education,phone_transcript,mobile_app,security_concern,low,resolved,gold,I noticed a suspicious login on my account.,We take security very seriously. We will look into this and get back to you within the next 48 hours.,"Investigated logs, mitigated the issue, and updated security settings.",54.4,0,negative,0,0,web,LATAM
TCKT_065857,2023-02-02 15:53:33,CUST_02834,enterprise,phone_transcript,data_export,feature_request,low,on_hold,gold,Our team needs more advanced options for data export.,Thanks for your feature suggestion. We will look into this and get back to you within the next 48 hours.,,,0,positive,5,0,api_client,LATAM
TCKT_065931,2023-02-12 08:52:33,CUST_03772,non_profit,web_form,api_integration,account_access,low,resolved,standard,My account was locked after multiple failed login attempts.,Sorry to hear you're having trouble accessing your account. We will look into this and get back to you within the next 48 hours.,Reset account credentials and confirmed successful login.,17.05,0,very_negative,2,1,ios,
TCKT_065948,2023-02-04 08:27:54,CUST_02827,education,chat,mobile_app,feature_request,low,on_hold,standard,Our team needs more advanced options for mobile app.,Thanks for your feature suggestion. We will look into this and get back to you within the next 48 hours.,,,0,positive,5,0,api_client,MEA
TCKT_066100,2023-02-09 00:33:35,CUST_05264,education,web_form,api_integration,bug,low,in_progress,gold,The page keeps crashing whenever I try to open the api integration section.,Thanks for reporting this bug. We will look into this and get back to you within the next 48 hours.,,,0,neutral,3,1,android,MEA
TCKT_066166,2023-02-18 02:15:10,CUST_04241,education,web_form,api_integration,feature_request,low,resolved,gold,Can you add an option to customize api integration?,Thanks for your feature suggestion. We will look into this and get back to you within the next 48 hours.,Captured the request and added it to the product backlog.,42.77,0,positive,4,1,api_client,LATAM
TCKT_066187,2023-02-05 01:08:45,CUST_00295,individual,email,billing,security_concern,high,resolved,standard,We need details about your data encryption and compliance.,We take security very seriously. We are prioritizing this and will update you as soon as possible.,"Investigated logs, mitigated the issue, and updated security settings.",16.45,1,neutral,4,0,ios,APAC
TCKT_066228,2023-02-11 17:17:41,CUST_02416,small_business,chat,data_export,other,medium,closed_no_action,standard,I need help but I'm not sure which category this fits in.,Thanks for contacting support. Our team is reviewing this and will follow up within 24 hours.,Ticket closed without further action after no response from the customer.,194.08,0,negative,3,0,api_client,MEA
TCKT_066241,2023-02-05 05:02:53,CUST_04670,non_profit,web_form,analytics_dashboard,feature_request,low,on_hold,gold,It would be great to have analytics dashboard support in your product.,Thanks for your feature suggestion. We will look into this and get back to you within the next 48 hours.,,,0,very_positive,0,0,ios,
TCKT_066256,2023-02-20 10:30:26,CUST_03555,small_business,chat,login_auth,billing_problem,medium,in_progress,gold,I was charged twice for my subscription this month.,Thanks for reaching out about the billing issue. Our team is reviewing this and will follow up within 24 hours.,,,0,negative,3,0,ios,LATAM
TCKT_066340,2023-02-19 00:04:10,CUST_00841,education,in_app,mobile_app,account_access,high,in_progress,standard,I cannot log in; the system says my password is incorrect.,Sorry to hear you're having trouble accessing your account. We are prioritizing this and will update you as soon as possible.,,,0,very_negative,2,0,web,EU
TCKT_066551,2023-02-17 03:38:38,CUST_06478,small_business,web_form,mobile_app,other,low,resolved,platinum,"Something seems off, can you please check my workspace?",Thanks for contacting support. We will look into this and get back to you within the next 48 hours.,Provided general guidance and confirmed the issue was resolved.,30.72,0,negative,3,0,android,EU
TCKT_066572,2023-02-07 20:57:17,CUST_05879,individual,phone_transcript,billing,billing_problem,high,resolved,gold,I was charged twice for my subscription this month.,Thanks for reaching out about the billing issue. We are prioritizing this and will update you as soon as possible.,Adjusted the invoice and issued a refund where applicable.,18.11,0,neutral,4,0,ios,
TCKT_066578,2023-02-19 19:17:38,CUST_01193,education,email,analytics_dashboard,bug,high,resolved,standard,The analytics dashboard feature is not saving my changes.,Thanks for reporting this bug. We are prioritizing this and will update you as soon as possible.,Patched the bug and deployed a fix to production.,22.68,0,neutral,4,1,android,LATAM
TCKT_066582,2023-02-03 16:31:28,CUST_04540,small_business,chat,billing,feature_request,low,resolved,gold,Our team needs more advanced options for billing.,Thanks for your feature suggestion. We will look into this and get back to you within the next 48 hours.,Captured the request and added it to the product backlog.,17.43,0,neutral,3,1,ios,MEA
TCKT_066626,2023-02-11 19:19:56,CUST_09433,small_business,web_form,login_auth,billing_problem,low,resolved,standard,I downgraded my plan but I am still being billed for the higher tier.,Thanks for reaching out about the billing issue. We will look into this and get back to you within the next 48 hours.,Adjusted the invoice and issued a refund where applicable.,63.13,0,negative,3,1,api_client,EU
TCKT_066674,2023-02-07 16:46:01,CUST_06816,non_profit,chat,analytics_dashboard,how_to,medium,on_hold,platinum,Can you explain how to configure analytics dashboard properly?,Happy to help with your question. Our team is reviewing this and will follow up within 24 hours.,,,1,very_negative,0,1,ios,EU
TCKT_066685,2023-02-24 15:49:22,CUST_02456,enterprise,chat,mobile_app,account_access,high,open,standard,My account was locked after multiple failed login attempts.,Sorry to hear you're having trouble accessing your account. We are prioritizing this and will update you as soon as possible.,,,0,very_positive,5,1,desktop_app,MEA
TCKT_066702,2023-02-21 11:51:48,CUST_04964,education,in_app,notifications,how_to,high,resolved,standard,Can you explain how to configure notifications properly?,Happy to help with your question. We are prioritizing this and will update you as soon as possible.,Provided step-by-step instructions and relevant documentation.,9.0,0,neutral,3,0,web,EU
TCKT_066709,2023-02-08 02:46:13,CUST_03432,small_business,chat,billing,other,low,in_progress,standard,"Something seems off, can you please check my workspace?",Thanks for contacting support. We will look into this and get back to you within the next 48 hours.,,,0,neutral,0,0,api_client,MEA
TCKT_066742,2023-02-18 12:58:21,CUST_05587,non_profit,phone_transcript,notifications,other,medium,open,platinum,I have a general question about my account.,Thanks for contacting support. Our team is reviewing this and will follow up within 24 hours.,,,0,positive,5,0,api_client,EU
TCKT_066755,2023-02-06 16:54:21,CUST_04118,education,phone_transcript,notifications,security_concern,medium,open,platinum,I noticed a suspicious login on my account.,We take security very seriously. Our team is reviewing this and will follow up within 24 hours.,,,0,neutral,4,1,ios,APAC
TCKT_066766,2023-02-27 13:13:23,CUST_02216,small_business,web_form,notifications,how_to,medium,on_hold,standard,How can I export my data from the notifications section?,Happy to help with your question. Our team is reviewing this and will follow up within 24 hours.,,,0,neutral,3,1,web,EU
TCKT_066950,2023-02-03 03:27:31,CUST_06470,education,in_app,data_export,how_to,medium,open,standard,I need help setting up data export for my team.,Happy to help with your question. Our team is reviewing this and will follow up within 24 hours.,,,0,neutral,4,0,desktop_app,MEA
TCKT_067080,2023-02-03 12:17:19,CUST_07911,individual,phone_transcript,data_export,feature_request,medium,resolved,standard,Can you add an option to customize data export?,Thanks for your feature suggestion. Our team is reviewing this and will follow up within 24 hours.,Captured the request and added it to the product backlog.,29.17,0,positive,5,0,android,APAC
TCKT_067172,2023-02-23 13:22:40,CUST_09979,enterprise,web_form,analytics_dashboard,performance,low,in_progress,gold,Overall performance has degraded in the last few days.,We understand performance issues can be frustrating. We will look into this and get back to you within the next 48 hours.,,,0,positive,4,0,api_client,APAC
TCKT_067208,2023-02-25 17:04:16,CUST_00871,individual,in_app,data_export,security_concern,low,on_hold,standard,I noticed a suspicious login on my account.,We take security very seriously. We will look into this and get back to you within the next 48 hours.,,,0,neutral,4,0,api_client,
TCKT_067247,2023-02-18 01:54:52,CUST_00296,small_business,chat,analytics_dashboard,bug,medium,resolved,standard,The analytics dashboard feature is not saving my changes.,Thanks for reporting this bug. Our team is reviewing this and will follow up within 24 hours.,Patched the bug and deployed a fix to production.,4.07,0,negative,3,0,desktop_app,MEA
TCKT_067278,2023-02-03 18:38:10,CUST_05138,enterprise,chat,mobile_app,other,low,resolved,platinum,I need help but I'm not sure which category this fits in.,Thanks for contacting support. We will look into this and get back to you within the next 48 hours.,Provided general guidance and confirmed the issue was resolved.,28.48,0,positive,5,0,web,EU
TCKT_067371,2023-02-14 04:40:52,CUST_07167,education,web_form,analytics_dashboard,performance,medium,resolved,gold,Queries in the analytics dashboard module are timing out.,We understand performance issues can be frustrating. Our team is reviewing this and will follow up within 24 hours.,Optimized queries and increased resource allocation.,30.77,0,positive,5,0,web,LATAM
TCKT_067399,2023-02-16 08:03:21,CUST_00968,non_profit,web_form,data_export,feature_request,medium,open,standard,It would be great to have data export support in your product.,Thanks for your feature suggestion. Our team is reviewing this and will follow up within 24 hours.,,,0,very_positive,5,0,ios,LATAM
TCKT_067438,2023-02-20 15:58:01,CUST_07408,non_profit,email,mobile_app,bug,medium,resolved,standard,The mobile app feature is not saving my changes.,Thanks for reporting this bug. Our team is reviewing this and will follow up within 24 hours.,Patched the bug and deployed a fix to production.,18.91,0,negative,0,0,android,MEA
TCKT_067500,2023-02-19 05:55:06,CUST_06551,enterprise,email,api_integration,billing_problem,medium,closed_no_action,standard,I was charged twice for my subscription this month.,Thanks for reaching out about the billing issue. Our team is reviewing this and will follow up within 24 hours.,Ticket closed without further action after no response from the customer.,151.69,0,very_negative,0,0,web,LATAM
TCKT_067614,2023-02-12 07:49:19,CUST_01160,enterprise,email,notifications,performance,high,resolved,gold,Queries in the notifications module are timing out.,We understand performance issues can be frustrating. We are prioritizing this and will update you as soon as possible.,Optimized queries and increased resource allocation.,6.03,0,negative,2,0,web,LATAM
TCKT_067644,2023-02-28 23:44:46,CUST_09946,education,in_app,analytics_dashboard,bug,high,open,gold,I am seeing an error message when I click on analytics dashboard.,Thanks for reporting this bug. We are prioritizing this and will update you as soon as possible.,,,0,negative,3,0,android,
TCKT_067675,2023-02-05 08:35:14,CUST_01227,education,email,billing,performance,low,in_progress,standard,Overall performance has degraded in the last few days.,We understand performance issues can be frustrating. We will look into this and get back to you within the next 48 hours.,,,0,very_negative,1,0,android,
TCKT_067682,2023-02-09 19:39:28,CUST_08831,education,web_form,data_export,other,high,in_progress,standard,I need help but I'm not sure which category this fits in.,Thanks for contacting support. We are prioritizing this and will update you as soon as possible.,,,0,positive,5,0,ios,EU
TCKT_067693,2023-02-13 13:33:55,CUST_09277,education,phone_transcript,billing,account_access,low,in_progress,gold,My account was locked after multiple failed login attempts.,Sorry to hear you're having trouble accessing your account. We will look into this and get back to you within the next 48 hours.,,,0,very_positive,5,0,web,
TCKT_067713,2023-02-15 20:40:32,CUST_06007,small_business,email,mobile_app,security_concern,high,on_hold,standard,There seems to be a vulnerability in the mobile app functionality.,We take security very seriously. We are prioritizing this and will update you as soon as possible.,,,0,neutral,0,0,android,APAC
TCKT_067804,2023-02-02 17:54:59,CUST_03754,education,in_app,mobile_app,security_concern,high,resolved,standard,I noticed a suspicious login on my account.,We take security very seriously. We are prioritizing this and will update you as soon as possible.,"Investigated logs, mitigated the issue, and updated security settings.",23.86,1,negative,2,0,api_client,LATAM
TCKT_067873,2023-02-15 19:12:07,CUST_00589,non_profit,email,data_export,other,high,closed_no_action,gold,I need help but I'm not sure which category this fits in.,Thanks for contacting support. We are prioritizing this and will update you as soon as possible.,Ticket closed without further action after no response from the customer.,235.29,0,neutral,0,0,api_client,LATAM
TCKT_067915,2023-02-01 00:41:36,CUST_00932,small_business,phone_transcript,billing,other,high,closed_no_action,standard,"Something seems off, can you please check my workspace?",Thanks for contacting support. We are prioritizing this and will update you as soon as possible.,Ticket closed without further action after no response from the customer.,193.95,0,positive,5,0,api_client,APAC
TCKT_067962,2023-02-09 02:28:48,CUST_08805,enterprise,phone_transcript,login_auth,account_access,medium,open,gold,I cannot log in; the system says my password is incorrect.,Sorry to hear you're having trouble accessing your account. Our team is reviewing this and will follow up within 24 hours.,,,0,very_negative,0,0,android,MEA
TCKT_067974,2023-02-21 01:20:49,CUST_09936,enterprise,web_form,notifications,feature_request,urgent,resolved,standard,Our team needs more advanced options for notifications.,Thanks for your feature suggestion. This has been escalated to our on-call team for immediate attention.,Captured the request and added it to the product backlog.,2.02,0,neutral,4,0,android,MEA
TCKT_067998,2023-02-28 11:20:39,CUST_00905,enterprise,web_form,mobile_app,feature_request,medium,in_progress,standard,It would be great to have mobile app support in your product.,Thanks for your feature suggestion. Our team is reviewing this and will follow up within 24 hours.,,,0,positive,5,0,api_client,EU
TCKT_068037,2023-02-06 20:27:27,CUST_09753,education,email,login_auth,how_to,medium,in_progress,gold,I need help setting up login auth for my team.,Happy to help with your question. Our team is reviewing this and will follow up within 24 hours.,,,0,neutral,3,0,api_client,LATAM
TCKT_068205,2023-02-19 23:08:19,CUST_04552,enterprise,chat,login_auth,account_access,low,resolved,standard,My 2FA code is not working when I try to sign in.,Sorry to hear you're having trouble accessing your account. We will look into this and get back to you within the next 48 hours.,Reset account credentials and confirmed successful login.,57.47,1,negative,2,0,desktop_app,MEA
TCKT_068246,2023-02-27 19:03:59,CUST_07827,enterprise,phone_transcript,analytics_dashboard,security_concern,medium,resolved,platinum,There seems to be a vulnerability in the analytics dashboard functionality.,We take security very seriously. Our team is reviewing this and will follow up within 24 hours.,"Investigated logs, mitigated the issue, and updated security settings.",21.84,0,positive,0,0,desktop_app,LATAM
TCKT_068363,2023-02-22 20:10:25,CUST_02012,non_profit,chat,mobile_app,billing_problem,urgent,on_hold,gold,My invoice amount is incorrect compared to the plan I selected.,Thanks for reaching out about the billing issue. This has been escalated to our on-call team for immediate attention.,,,0,positive,5,1,web,
TCKT_068575,2023-02-22 18:04:54,CUST_02158,small_business,in_app,data_export,account_access,low,resolved,standard,I cannot log in; the system says my password is incorrect.,Sorry to hear you're having trouble accessing your account. We will look into this and get back to you within the next 48 hours.,Reset account credentials and confirmed successful login.,66.96,0,negative,3,0,web,LATAM
TCKT_068604,2023-02-23 04:36:35,CUST_02213,education,email,login_auth,account_access,medium,in_progress,standard,My account was locked after multiple failed login attempts.,Sorry to hear you're having trouble accessing your account. Our team is reviewing this and will follow up within 24 hours.,,,0,positive,0,0,web,APAC
TCKT_068656,2023-02-17 04:02:34,CUST_03145,small_business,in_app,billing,feature_request,high,resolved,gold,Can you add an option to customize billing?,Thanks for your feature suggestion. We are prioritizing this and will update you as soon as possible.,Captured the request and added it to the product backlog.,23.67,0,very_positive,0,1,ios,MEA
TCKT_068797,2023-02-10 16:07:44,CUST_03188,individual,email,billing,feature_request,medium,resolved,standard,Our team needs more advanced options for billing.,Thanks for your feature suggestion. Our team is reviewing this and will follow up within 24 hours.,Captured the request and added it to the product backlog.,37.81,0,neutral,3,0,android,EU
TCKT_068900,2023-02-02 23:13:05,CUST_07966,non_profit,web_form,login_auth,billing_problem,low,open,standard,I downgraded my plan but I am still being billed for the higher tier.,Thanks for reaching out about the billing issue. We will look into this and get back to you within the next 48 hours.,,,0,very_negative,2,0,api_client,LATAM
TCKT_068917,2023-02-25 08:40:44,CUST_04902,non_profit,web_form,billing,other,low,resolved,gold,I need help but I'm not sure which category this fits in.,Thanks for contacting support. We will look into this and get back to you within the next 48 hours.,Provided general guidance and confirmed the issue was resolved.,27.01,0,negative,2,0,android,LATAM
TCKT_068920,2023-02-16 23:59:43,CUST_09617,enterprise,in_app,analytics_dashboard,performance,medium,on_hold,gold,Overall performance has degraded in the last few days.,We understand performance issues can be frustrating. Our team is reviewing this and will follow up within 24 hours.,,,0,neutral,3,0,android,EU
TCKT_068927,2023-02-11 21:16:34,CUST_09016,education,phone_transcript,login_auth,performance,medium,closed_no_action,platinum,Queries in the login auth module are timing out.,We understand performance issues can be frustrating. Our team is reviewing this and will follow up within 24 hours.,Ticket closed without further action after no response from the customer.,84.05,0,negative,2,0,android,MEA
TCKT_068941,2023-02-23 09:36:50,CUST_05463,non_profit,web_form,api_integration,bug,low,resolved,standard,The api integration feature is not saving my changes.,Thanks for reporting this bug. We will look into this and get back to you within the next 48 hours.,Patched the bug and deployed a fix to production.,27.0,0,neutral,3,0,ios,EU
TCKT_068945,2023-02-28 20:15:35,CUST_04853,individual,chat,api_integration,security_concern,medium,on_hold,platinum,There seems to be a vulnerability in the api integration functionality.,We take security very seriously. Our team is reviewing this and will follow up within 24 hours.,,,0,very_negative,2,0,ios,MEA
TCKT_068954,2023-02-09 02:53:30,CUST_00341,individual,email,data_export,account_access,medium,resolved,platinum,My account was locked after multiple failed login attempts.,Sorry to hear you're having trouble accessing your account. Our team is reviewing this and will follow up within 24 hours.,Reset account credentials and confirmed successful login.,17.26,0,neutral,4,0,api_client,MEA
TCKT_069012,2023-02-21 23:27:47,CUST_05239,individual,web_form,notifications,feature_request,urgent,on_hold,standard,Our team needs more advanced options for notifications.,Thanks for your feature suggestion. This has been escalated to our on-call team for immediate attention.,,,0,neutral,3,0,android,APAC
TCKT_069033,2023-02-09 08:46:37,CUST_08779,individual,email,api_integration,billing_problem,low,closed_no_action,gold,My invoice amount is incorrect compared to the plan I selected.,Thanks for reaching out about the billing issue. We will look into this and get back to you within the next 48 hours.,Ticket closed without further action after no response from the customer.,127.12,0,negative,3,1,web,EU
TCKT_069120,2023-02-14 17:34:21,CUST_07848,individual,phone_transcript,billing,how_to,high,closed_no_action,platinum,How can I export my data from the billing section?,Happy to help with your question. We are prioritizing this and will update you as soon as possible.,Ticket closed without further action after no response from the customer.,183.67,0,positive,5,0,web,EU
TCKT_069176,2023-02-01 22:40:54,CUST_06602,non_profit,web_form,login_auth,billing_problem,low,closed_no_action,platinum,My invoice amount is incorrect compared to the plan I selected.,Thanks for reaching out about the billing issue. We will look into this and get back to you within the next 48 hours.,Ticket closed without further action after no response from the customer.,124.71,0,negative,0,0,android,APAC
TCKT_069192,2023-02-15 20:58:55,CUST_00333,enterprise,in_app,analytics_dashboard,billing_problem,low,resolved,platinum,My invoice amount is incorrect compared to the plan I selected.,Thanks for reaching out about the billing issue. We will look into this and get back to you within the next 48 hours.,Adjusted the invoice and issued a refund where applicable.,23.68,0,negative,3,0,android,APAC
TCKT_069245,2023-02-23 18:06:02,CUST_04926,small_business,chat,mobile_app,billing_problem,medium,open,standard,My invoice amount is incorrect compared to the plan I selected.,Thanks for reaching out about the billing issue. Our team is reviewing this and will follow up within 24 hours.,,,0,neutral,0,0,web,LATAM
TCKT_069251,2023-02-14 21:34:23,CUST_00415,small_business,phone_transcript,mobile_app,performance,high,closed_no_action,gold,Queries in the mobile app module are timing out.,We understand performance issues can be frustrating. We are prioritizing this and will update you as soon as possible.,Ticket closed without further action after no response from the customer.,82.0,0,neutral,4,0,api_client,EU
TCKT_069294,2023-02-21 20:13:24,CUST_07625,small_business,web_form,notifications,how_to,low,resolved,standard,Can you explain how to configure notifications properly?,Happy to help with your question. We will look into this and get back to you within the next 48 hours.,Provided step-by-step instructions and relevant documentation.,64.44,0,very_positive,0,1,ios,MEA
TCKT_069380,2023-02-22 07:58:27,CUST_07796,small_business,chat,billing,security_concern,high,closed_no_action,standard,There seems to be a vulnerability in the billing functionality.,We take security very seriously. We are prioritizing this and will update you as soon as possible.,Ticket closed without further action after no response from the customer.,128.31,0,negative,0,0,web,EU
TCKT_069386,2023-02-21 04:05:21,CUST_09149,individual,chat,notifications,billing_problem,low,on_hold,standard,My invoice amount is incorrect compared to the plan I selected.,Thanks for reaching out about the billing issue. We will look into this and get back to you within the next 48 hours.,,,0,negative,0,0,api_client,LATAM
TCKT_069397,2023-02-18 21:41:34,CUST_06346,education,phone_transcript,analytics_dashboard,billing_problem,high,in_progress,gold,My invoice amount is incorrect compared to the plan I selected.,Thanks for reaching out about the billing issue. We are prioritizing this and will update you as soon as possible.,,,0,negative,0,0,ios,MEA
TCKT_069413,2023-02-27 03:06:00,CUST_08718,individual,web_form,mobile_app,billing_problem,medium,open,standard,My invoice amount is incorrect compared to the plan I selected.,Thanks for reaching out about the billing issue. Our team is reviewing this and will follow up within 24 hours.,,,0,neutral,3,0,api_client,
TCKT_069425,2023-02-16 09:14:35,CUST_09247,non_profit,email,notifications,feature_request,low,resolved,standard,Our team needs more advanced options for notifications.,Thanks for your feature suggestion. We will look into this and get back to you within the next 48 hours.,Captured the request and added it to the product backlog.,46.39,1,neutral,3,1,desktop_app,MEA
TCKT_069456,2023-02-25 15:37:06,CUST_09538,non_profit,chat,login_auth,performance,medium,open,gold,Queries in the login auth module are timing out.,We understand performance issues can be frustrating. Our team is reviewing this and will follow up within 24 hours.,,,0,neutral,4,1,android,EU
TCKT_069469,2023-02-22 07:31:40,CUST_06569,non_profit,in_app,login_auth,feature_request,low,in_progress,platinum,Our team needs more advanced options for login auth.,Thanks for your feature suggestion. We will look into this and get back to you within the next 48 hours.,,,0,neutral,3,0,ios,LATAM
TCKT_069633,2023-02-23 02:57:36,CUST_06648,small_business,email,data_export,bug,urgent,on_hold,standard,The page keeps crashing whenever I try to open the data export section.,Thanks for reporting this bug. This has been escalated to our on-call team for immediate attention.,,,0,negative,2,0,api_client,
TCKT_069762,2023-02-17 02:21:14,CUST_06463,non_profit,chat,billing,account_access,low,resolved,standard,My account was locked after multiple failed login attempts.,Sorry to hear you're having trouble accessing your account. We will look into this and get back to you within the next 48 hours.,Reset account credentials and confirmed successful login.,18.26,0,very_negative,0,0,web,EU
TCKT_069785,2023-02-18 05:19:59,CUST_09146,non_profit,chat,notifications,security_concern,low,resolved,standard,I noticed a suspicious login on my account.,We take security very seriously. We will look into this and get back to you within the next 48 hours.,"Investigated logs, mitigated the issue, and updated security settings.",33.02,0,very_negative,2,0,ios,APAC
TCKT_069804,2023-02-09 17:32:08,CUST_07719,education,phone_transcript,data_export,security_concern,low,resolved,platinum,There seems to be a vulnerability in the data export functionality.,We take security very seriously. We will look into this and get back to you within the next 48 hours.,"Investigated logs, mitigated the issue, and updated security settings.",55.7,0,very_negative,1,0,desktop_app,
TCKT_069805,2023-02-18 17:12:59,CUST_00635,education,in_app,analytics_dashboard,billing_problem,low,on_hold,gold,I was charged twice for my subscription this month.,Thanks for reaching out about the billing issue. We will look into this and get back to you within the next 48 hours.,,,0,positive,0,0,ios,EU
TCKT_069843,2023-02-07 12:02:20,CUST_06018,individual,web_form,login_auth,security_concern,low,in_progress,platinum,I noticed a suspicious login on my account.,We take security very seriously. We will look into this and get back to you within the next 48 hours.,,,0,very_negative,0,0,desktop_app,EU
TCKT_069870,2023-02-23 10:14:27,CUST_00507,enterprise,chat,mobile_app,feature_request,medium,resolved,gold,It would be great to have mobile app support in your product.,Thanks for your feature suggestion. Our team is reviewing this and will follow up within 24 hours.,Captured the request and added it to the product backlog.,33.96,0,very_positive,5,0,web,LATAM
TCKT_069878,2023-02-28 15:15:31,CUST_05372,education,email,billing,bug,high,in_progress,standard,The page keeps crashing whenever I try to open the billing section.,Thanks for reporting this bug. We are prioritizing this and will update you as soon as possible.,,,0,negative,3,0,api_client,EU
TCKT_069906,2023-02-25 21:09:42,CUST_03572,enterprise,chat,data_export,bug,low,open,standard,The page keeps crashing whenever I try to open the data export section.,Thanks for reporting this bug. We will look into this and get back to you within the next 48 hours.,,,0,very_negative,0,1,web,APAC
TCKT_070056,2023-02-02 19:41:16,CUST_03187,small_business,email,analytics_dashboard,billing_problem,high,resolved,standard,I was charged twice for my subscription this month.,Thanks for reaching out about the billing issue. We are prioritizing this and will update you as soon as possible.,Adjusted the invoice and issued a refund where applicable.,15.05,0,very_negative,0,1,android,MEA
TCKT_070154,2023-02-08 22:51:04,CUST_03584,non_profit,in_app,notifications,feature_request,medium,resolved,gold,It would be great to have notifications support in your product.,Thanks for your feature suggestion. Our team is reviewing this and will follow up within 24 hours.,Captured the request and added it to the product backlog.,9.69,0,positive,0,0,desktop_app,EU
TCKT_070184,2023-02-08 19:44:10,CUST_05681,small_business,chat,analytics_dashboard,other,low,closed_no_action,gold,I have a general question about my account.,Thanks for contacting support. We will look into this and get back to you within the next 48 hours.,Ticket closed without further action after no response from the customer.,183.79,0,positive,5,1,web,LATAM
TCKT_070188,2023-02-05 01:40:25,CUST_08275,small_business,in_app,data_export,other,low,in_progress,gold,I need help but I'm not sure which category this fits in.,Thanks for contacting support. We will look into this and get back to you within the next 48 hours.,,,0,neutral,0,0,ios,APAC
TCKT_070192,2023-02-26 11:59:48,CUST_06889,non_profit,in_app,mobile_app,feature_request,medium,resolved,standard,Can you add an option to customize mobile app?,Thanks for your feature suggestion. Our team is reviewing this and will follow up within 24 hours.,Captured the request and added it to the product backlog.,32.46,1,negative,0,0,android,EU
TCKT_070225,2023-02-12 23:54:26,CUST_02207,enterprise,chat,data_export,performance,medium,resolved,standard,Overall performance has degraded in the last few days.,We understand performance issues can be frustrating. Our team is reviewing this and will follow up within 24 hours.,Optimized queries and increased resource allocation.,38.74,0,very_negative,1,0,web,
TCKT_070249,2023-02-22 01:35:15,CUST_04849,enterprise,chat,data_export,billing_problem,high,closed_no_action,platinum,I downgraded my plan but I am still being billed for the higher tier.,Thanks for reaching out about the billing issue. We are prioritizing this and will update you as soon as possible.,Ticket closed without further action after no response from the customer.,87.5,0,neutral,0,0,ios,APAC
TCKT_070265,2023-02-16 18:24:36,CUST_07603,individual,web_form,api_integration,bug,high,in_progress,gold,The page keeps crashing whenever I try to open the api integration section.,Thanks for reporting this bug. We are prioritizing this and will update you as soon as possible.,,,0,very_positive,5,0,api_client,MEA
TCKT_070351,2023-02-17 21:46:38,CUST_06714,small_business,web_form,mobile_app,how_to,medium,resolved,gold,Can you explain how to configure mobile app properly?,Happy to help with your question. Our team is reviewing this and will follow up within 24 hours.,Provided step-by-step instructions and relevant documentation.,26.27,0,negative,0,0,android,
TCKT_070366,2023-02-08 15:22:29,CUST_02492,education,phone_transcript,billing,other,low,in_progress,standard,I have a general question about my account.,Thanks for contacting support. We will look into this and get back to you within the next 48 hours.,,,0,neutral,4,0,ios,APAC
TCKT_070529,2023-02-26 12:41:48,CUST_03201,individual,chat,mobile_app,how_to,low,resolved,gold,How can I export my data from the mobile app section?,Happy to help with your question. We will look into this and get back to you within the next 48 hours.,Provided step-by-step instructions and relevant documentation.,59.8,0,positive,5,0,web,EU
TCKT_070589,2023-02-16 02:01:18,CUST_00611,non_profit,web_form,api_integration,billing_problem,low,resolved,standard,I downgraded my plan but I am still being billed for the higher tier.,Thanks for reaching out about the billing issue. We will look into this and get back to you within the next 48 hours.,Adjusted the invoice and issued a refund where applicable.,66.18,0,very_positive,5,0,android,MEA
TCKT_070596,2023-02-24 09:21:04,CUST_06030,non_profit,chat,api_integration,feature_request,high,open,gold,Can you add an option to customize api integration?,Thanks for your feature suggestion. We are prioritizing this and will update you as soon as possible.,,,0,neutral,4,0,ios,MEA
TCKT_070701,2023-02-03 11:39:09,CUST_04268,education,in_app,analytics_dashboard,account_access,medium,closed_no_action,gold,I cannot log in; the system says my password is incorrect.,Sorry to hear you're having trouble accessing your account. Our team is reviewing this and will follow up within 24 hours.,Ticket closed without further action after no response from the customer.,159.11,0,positive,4,0,web,LATAM
TCKT_070714,2023-02-20 06:52:36,CUST_02346,enterprise,web_form,analytics_dashboard,bug,low,resolved,standard,I am seeing an error message when I click on analytics dashboard.,Thanks for reporting this bug. We will look into this and get back to you within the next 48 hours.,Patched the bug and deployed a fix to production.,17.57,0,positive,4,1,android,EU
TCKT_070772,2023-02-08 03:20:45,CUST_05728,small_business,chat,data_export,other,low,resolved,gold,"Something seems off, can you please check my workspace?",Thanks for contacting support. We will look into this and get back to you within the next 48 hours.,Provided general guidance and confirmed the issue was resolved.,43.58,0,neutral,3,0,ios,APAC
TCKT_070903,2023-02-25 16:54:41,CUST_04023,individual,phone_transcript,notifications,feature_request,low,closed_no_action,standard,It would be great to have notifications support in your product.,Thanks for your feature suggestion. We will look into this and get back to you within the next 48 hours.,Ticket closed without further action after no response from the customer.,211.91,0,neutral,3,0,desktop_app,LATAM
TCKT_070980,2023-02-06 08:36:38,CUST_07729,education,phone_transcript,data_export,performance,low,closed_no_action,platinum,The data export page is very slow and takes a long time to load.,We understand performance issues can be frustrating. We will look into this and get back to you within the next 48 hours.,Ticket closed without further action after no response from the customer.,165.08,0,negative,2,1,api_client,MEA
TCKT_071026,2023-02-24 00:57:17,CUST_03257,individual,in_app,api_integration,feature_request,medium,resolved,gold,It would be great to have api integration support in your product.,Thanks for your feature suggestion. Our team is reviewing this and will follow up within 24 hours.,Captured the request and added it to the product backlog.,32.98,0,positive,5,0,web,APAC
TCKT_071101,2023-02-14 16:00:30,CUST_08882,non_profit,phone_transcript,billing,billing_problem,medium,in_progress,gold,I was charged twice for my subscription this month.,Thanks for reaching out about the billing issue. Our team is reviewing this and will follow up within 24 hours.,,,0,positive,5,1,web,LATAM
TCKT_071176,2023-02-14 20:02:48,CUST_09485,small_business,web_form,data_export,account_access,urgent,resolved,standard,My account was locked after multiple failed login attempts.,Sorry to hear you're having trouble accessing your account. This has been escalated to our on-call team for immediate attention.,Reset account credentials and confirmed successful login.,6.84,0,very_negative,1,0,desktop_app,EU
TCKT_071199,2023-02-11 13:01:51,CUST_01381,enterprise,phone_transcript,mobile_app,bug,high,closed_no_action,platinum,I am seeing an error message when I click on mobile app.,Thanks for reporting this bug. We are prioritizing this and will update you as soon as possible.,Ticket closed without further action after no response from the customer.,109.61,0,positive,4,0,desktop_app,MEA
TCKT_071240,2023-02-27 17:25:58,CUST_01457,education,in_app,api_integration,other,low,resolved,gold,I need help but I'm not sure which category this fits in.,Thanks for contacting support. We will look into this and get back to you within the next 48 hours.,Provided general guidance and confirmed the issue was resolved.,40.59,0,negative,0,0,android,
TCKT_071336,2023-02-22 22:10:41,CUST_08030,non_profit,in_app,data_export,performance,medium,resolved,standard,The data export page is very slow and takes a long time to load.,We understand performance issues can be frustrating. Our team is reviewing this and will follow up within 24 hours.,Optimized queries and increased resource allocation.,41.92,0,negative,2,1,api_client,
TCKT_071378,2023-02-13 00:52:52,CUST_02216,small_business,phone_transcript,login_auth,bug,high,closed_no_action,standard,The login auth feature is not saving my changes.,Thanks for reporting this bug. We are prioritizing this and will update you as soon as possible.,Ticket closed without further action after no response from the customer.,49.79,0,neutral,0,0,desktop_app,EU
TCKT_071413,2023-02-15 11:45:26,CUST_08734,individual,web_form,analytics_dashboard,how_to,low,resolved,standard,Can you explain how to configure analytics dashboard properly?,Happy to help with your question. We will look into this and get back to you within the next 48 hours.,Provided step-by-step instructions and relevant documentation.,37.93,0,positive,5,0,ios,LATAM
TCKT_071479,2023-02-15 18:24:59,CUST_08743,non_profit,in_app,login_auth,bug,low,resolved,gold,The login auth feature is not saving my changes.,Thanks for reporting this bug. We will look into this and get back to you within the next 48 hours.,Patched the bug and deployed a fix to production.,17.49,0,neutral,3,0,desktop_app,LATAM
TCKT_071523,2023-02-16 19:58:25,CUST_03994,small_business,chat,api_integration,billing_problem,medium,resolved,gold,I downgraded my plan but I am still being billed for the higher tier.,Thanks for reaching out about the billing issue. Our team is reviewing this and will follow up within 24 hours.,Adjusted the invoice and issued a refund where applicable.,40.37,0,negative,2,0,android,
TCKT_071553,2023-02-28 07:54:00,CUST_06668,enterprise,phone_transcript,login_auth,security_concern,medium,in_progress,gold,We need details about your data encryption and compliance.,We take security very seriously. Our team is reviewing this and will follow up within 24 hours.,,,0,negative,0,1,api_client,APAC
TCKT_071561,2023-02-07 05:04:49,CUST_04078,education,phone_transcript,notifications,performance,low,open,gold,Overall performance has degraded in the last few days.,We understand performance issues can be frustrating. We will look into this and get back to you within the next 48 hours.,,,0,very_negative,0,0,android,EU
TCKT_071772,2023-02-13 22:40:22,CUST_01714,education,phone_transcript,analytics_dashboard,feature_request,medium,in_progress,standard,Our team needs more advanced options for analytics dashboard.,Thanks for your feature suggestion. Our team is reviewing this and will follow up within 24 hours.,,,0,positive,5,1,desktop_app,LATAM
TCKT_071847,2023-02-01 10:18:33,CUST_09870,small_business,email,analytics_dashboard,account_access,medium,in_progress,gold,My 2FA code is not working when I try to sign in.,Sorry to hear you're having trouble accessing your account. Our team is reviewing this and will follow up within 24 hours.,,,0,very_negative,2,0,api_client,LATAM
TCKT_071893,2023-02-11 13:23:10,CUST_03969,education,in_app,analytics_dashboard,performance,high,resolved,standard,The analytics dashboard page is very slow and takes a long time to load.,We understand performance issues can be frustrating. We are prioritizing this and will update you as soon as possible.,Optimized queries and increased resource allocation.,22.12,0,neutral,0,0,api_client,MEA
TCKT_071981,2023-02-22 21:29:06,CUST_03961,education,phone_transcript,api_integration,bug,low,in_progress,platinum,The page keeps crashing whenever I try to open the api integration section.,Thanks for reporting this bug. We will look into this and get back to you within the next 48 hours.,,,0,positive,5,0,desktop_app,LATAM
TCKT_071994,2023-02-21 02:33:50,CUST_02384,non_profit,chat,mobile_app,bug,low,resolved,standard,I am seeing an error message when I click on mobile app.,Thanks for reporting this bug. We will look into this and get back to you within the next 48 hours.,Patched the bug and deployed a fix to production.,39.1,0,positive,5,1,ios,APAC
TCKT_072015,2023-02-21 17:45:58,CUST_06174,non_profit,web_form,login_auth,feature_request,medium,resolved,gold,Can you add an option to customize login auth?,Thanks for your feature suggestion. Our team is reviewing this and will follow up within 24 hours.,Captured the request and added it to the product backlog.,22.65,0,neutral,4,0,web,LATAM
TCKT_072018,2023-02-17 02:26:13,CUST_08891,small_business,in_app,billing,feature_request,medium,resolved,standard,Our team needs more advanced options for billing.,Thanks for your feature suggestion. Our team is reviewing this and will follow up within 24 hours.,Captured the request and added it to the product backlog.,22.19,0,positive,5,0,desktop_app,APAC
TCKT_072078,2023-02-22 09:40:31,CUST_00672,enterprise,email,api_integration,account_access,high,in_progress,standard,My account was locked after multiple failed login attempts.,Sorry to hear you're having trouble accessing your account. We are prioritizing this and will update you as soon as possible.,,,0,very_negative,0,0,web,LATAM
TCKT_072090,2023-02-06 05:55:13,CUST_01929,non_profit,web_form,login_auth,security_concern,medium,in_progress,standard,There seems to be a vulnerability in the login auth functionality.,We take security very seriously. Our team is reviewing this and will follow up within 24 hours.,,,0,very_negative,1,0,api_client,
TCKT_072458,2023-02-19 19:14:58,CUST_00811,individual,phone_transcript,data_export,account_access,high,open,standard,I cannot log in; the system says my password is incorrect.,Sorry to hear you're having trouble accessing your account. We are prioritizing this and will update you as soon as possible.,,,0,very_negative,1,1,ios,LATAM
TCKT_072532,2023-02-01 02:36:30,CUST_06652,individual,phone_transcript,notifications,feature_request,low,closed_no_action,standard,Can you add an option to customize notifications?,Thanks for your feature suggestion. We will look into this and get back to you within the next 48 hours.,Ticket closed without further action after no response from the customer.,70.75,0,very_positive,5,0,ios,EU
TCKT_072571,2023-02-04 21:32:08,CUST_04228,non_profit,email,login_auth,feature_request,medium,open,standard,Our team needs more advanced options for login auth.,Thanks for your feature suggestion. Our team is reviewing this and will follow up within 24 hours.,,,0,positive,5,0,ios,LATAM
TCKT_072687,2023-02-24 15:41:52,CUST_08190,education,phone_transcript,mobile_app,account_access,medium,resolved,gold,My account was locked after multiple failed login attempts.,Sorry to hear you're having trouble accessing your account. Our team is reviewing this and will follow up within 24 hours.,Reset account credentials and confirmed successful login.,19.64,0,negative,2,0,api_client,EU
TCKT_072703,2023-02-01 06:47:24,CUST_04247,education,email,data_export,bug,high,resolved,gold,The page keeps crashing whenever I try to open the data export section.,Thanks for reporting this bug. We are prioritizing this and will update you as soon as possible.,Patched the bug and deployed a fix to production.,9.0,0,positive,0,0,desktop_app,LATAM
TCKT_072715,2023-02-03 16:38:14,CUST_06084,individual,chat,analytics_dashboard,billing_problem,medium,resolved,gold,I was charged twice for my subscription this month.,Thanks for reaching out about the billing issue. Our team is reviewing this and will follow up within 24 hours.,Adjusted the invoice and issued a refund where applicable.,43.08,0,negative,0,0,android,
TCKT_072734,2023-02-18 18:44:29,CUST_06271,non_profit,in_app,api_integration,security_concern,high,in_progress,standard,There seems to be a vulnerability in the api integration functionality.,We take security very seriously. We are prioritizing this and will update you as soon as possible.,,,0,very_negative,1,0,web,LATAM
TCKT_072866,2023-02-19 16:08:12,CUST_04557,individual,chat,analytics_dashboard,account_access,medium,resolved,standard,My account was locked after multiple failed login attempts.,Sorry to hear you're having trouble accessing your account. Our team is reviewing this and will follow up within 24 hours.,Reset account credentials and confirmed successful login.,36.09,0,negative,2,0,android,
TCKT_072869,2023-02-25 10:34:08,CUST_04148,individual,email,data_export,account_access,medium,resolved,standard,My 2FA code is not working when I try to sign in.,Sorry to hear you're having trouble accessing your account. Our team is reviewing this and will follow up within 24 hours.,Reset account credentials and confirmed successful login.,5.12,0,positive,4,1,web,MEA
TCKT_072880,2023-02-16 15:20:41,CUST_02452,education,in_app,analytics_dashboard,how_to,low,closed_no_action,platinum,How can I export my data from the analytics dashboard section?,Happy to help with your question. We will look into this and get back to you within the next 48 hours.,Ticket closed without further action after no response from the customer.,38.14,0,neutral,3,0,desktop_app,
TCKT_072893,2023-02-28 05:23:09,CUST_06974,enterprise,in_app,notifications,security_concern,low,resolved,platinum,We need details about your data encryption and compliance.,We take security very seriously. We will look into this and get back to you within the next 48 hours.,"Investigated logs, mitigated the issue, and updated security settings.",36.74,0,neutral,4,1,android,
TCKT_072935,2023-02-20 09:20:45,CUST_04834,non_profit,web_form,notifications,billing_problem,medium,resolved,platinum,I downgraded my plan but I am still being billed for the higher tier.,Thanks for reaching out about the billing issue. Our team is reviewing this and will follow up within 24 hours.,Adjusted the invoice and issued a refund where applicable.,6.58,0,negative,2,1,api_client,EU
TCKT_072940,2023-02-21 05:01:46,CUST_00764,individual,in_app,notifications,how_to,medium,resolved,standard,Can you explain how to configure notifications properly?,Happy to help with your question. Our team is reviewing this and will follow up within 24 hours.,Provided step-by-step instructions and relevant documentation.,12.45,0,neutral,0,1,android,EU
TCKT_073058,2023-02-01 10:26:15,CUST_08438,individual,in_app,mobile_app,performance,low,resolved,gold,Overall performance has degraded in the last few days.,We understand performance issues can be frustrating. We will look into this and get back to you within the next 48 hours.,Optimized queries and increased resource allocation.,33.17,1,positive,5,0,ios,EU
TCKT_073120,2023-02-07 01:42:29,CUST_09800,education,email,mobile_app,how_to,medium,in_progress,gold,I need help setting up mobile app for my team.,Happy to help with your question. Our team is reviewing this and will follow up within 24 hours.,,,0,neutral,0,0,ios,APAC
TCKT_073191,2023-02-26 11:47:30,CUST_06708,education,email,api_integration,other,low,resolved,gold,I need help but I'm not sure which category this fits in.,Thanks for contacting support. We will look into this and get back to you within the next 48 hours.,Provided general guidance and confirmed the issue was resolved.,66.9,0,neutral,3,1,web,LATAM
TCKT_073230,2023-02-26 23:20:13,CUST_08798,enterprise,email,analytics_dashboard,security_concern,medium,on_hold,standard,There seems to be a vulnerability in the analytics dashboard functionality.,We take security very seriously. Our team is reviewing this and will follow up within 24 hours.,,,0,negative,2,1,web,
TCKT_073278,2023-02-10 18:45:31,CUST_08455,education,chat,mobile_app,security_concern,medium,resolved,standard,We need details about your data encryption and compliance.,We take security very seriously. Our team is reviewing this and will follow up within 24 hours.,"Investigated logs, mitigated the issue, and updated security settings.",35.64,0,negative,0,1,android,
TCKT_073371,2023-02-02 05:55:23,CUST_09906,non_profit,phone_transcript,notifications,feature_request,high,resolved,standard,Our team needs more advanced options for notifications.,Thanks for your feature suggestion. We are prioritizing this and will update you as soon as possible.,Captured the request and added it to the product backlog.,5.71,0,positive,4,0,api_client,EU
TCKT_073435,2023-02-10 15:05:29,CUST_03873,enterprise,web_form,mobile_app,performance,low,resolved,platinum,Overall performance has degraded in the last few days.,We understand performance issues can be frustrating. We will look into this and get back to you within the next 48 hours.,Optimized queries and increased resource allocation.,16.92,0,negative,0,0,desktop_app,APAC
TCKT_073465,2023-02-06 09:39:11,CUST_06891,small_business,in_app,login_auth,feature_request,high,resolved,standard,It would be great to have login auth support in your product.,Thanks for your feature suggestion. We are prioritizing this and will update you as soon as possible.,Captured the request and added it to the product backlog.,16.47,0,neutral,0,0,ios,LATAM
TCKT_073537,2023-02-06 11:46:39,CUST_00099,small_business,web_form,api_integration,performance,low,resolved,platinum,Queries in the api integration module are timing out.,We understand performance issues can be frustrating. We will look into this and get back to you within the next 48 hours.,Optimized queries and increased resource allocation.,55.64,0,very_negative,0,1,web,EU
TCKT_073637,2023-02-27 02:53:09,CUST_00741,enterprise,web_form,login_auth,how_to,low,resolved,platinum,I need help setting up login auth for my team.,Happy to help with your question. We will look into this and get back to you within the next 48 hours.,Provided step-by-step instructions and relevant documentation.,48.84,0,negative,0,1,desktop_app,MEA
TCKT_073668,2023-02-18 15:22:18,CUST_06330,small_business,chat,mobile_app,feature_request,low,resolved,standard,Our team needs more advanced options for mobile app.,Thanks for your feature suggestion. We will look into this and get back to you within the next 48 hours.,Captured the request and added it to the product backlog.,16.11,0,negative,2,1,api_client,LATAM
TCKT_073674,2023-02-23 08:56:57,CUST_09720,non_profit,in_app,mobile_app,other,medium,in_progress,gold,"Something seems off, can you please check my workspace?",Thanks for contacting support. Our team is reviewing this and will follow up within 24 hours.,,,0,neutral,4,0,ios,EU
TCKT_073726,2023-02-15 19:23:21,CUST_01754,non_profit,phone_transcript,data_export,feature_request,low,on_hold,standard,Our team needs more advanced options for data export.,Thanks for your feature suggestion. We will look into this and get back to you within the next 48 hours.,,,0,positive,5,0,desktop_app,MEA
TCKT_073740,2023-02-03 20:58:21,CUST_09202,non_profit,chat,mobile_app,account_access,low,on_hold,standard,My 2FA code is not working when I try to sign in.,Sorry to hear you're having trouble accessing your account. We will look into this and get back to you within the next 48 hours.,,,0,negative,3,0,api_client,MEA
TCKT_073751,2023-02-07 16:10:57,CUST_08424,education,chat,api_integration,security_concern,medium,in_progress,standard,We need details about your data encryption and compliance.,We take security very seriously. Our team is reviewing this and will follow up within 24 hours.,,,0,neutral,4,0,android,MEA
TCKT_073755,2023-02-12 14:35:41,CUST_01524,non_profit,in_app,notifications,other,medium,resolved,standard,I need help but I'm not sure which category this fits in.,Thanks for contacting support. Our team is reviewing this and will follow up within 24 hours.,Provided general guidance and confirmed the issue was resolved.,19.73,0,positive,4,0,android,
TCKT_073856,2023-02-07 21:24:28,CUST_07685,individual,email,data_export,account_access,high,open,standard,My 2FA code is not working when I try to sign in.,Sorry to hear you're having trouble accessing your account. We are prioritizing this and will update you as soon as possible.,,,0,negative,3,0,desktop_app,APAC
TCKT_073860,2023-02-09 04:26:55,CUST_01775,enterprise,chat,api_integration,account_access,urgent,closed_no_action,standard,My 2FA code is not working when I try to sign in.,Sorry to hear you're having trouble accessing your account. This has been escalated to our on-call team for immediate attention.,Ticket closed without further action after no response from the customer.,138.73,0,positive,0,0,ios,EU
TCKT_073902,2023-02-17 18:58:37,CUST_00262,non_profit,in_app,billing,feature_request,medium,closed_no_action,standard,Can you add an option to customize billing?,Thanks for your feature suggestion. Our team is reviewing this and will follow up within 24 hours.,Ticket closed without further action after no response from the customer.,41.7,0,very_positive,5,0,android,
TCKT_073991,2023-02-16 14:54:41,CUST_07976,non_profit,web_form,mobile_app,other,medium,on_hold,standard,"Something seems off, can you please check my workspace?",Thanks for contacting support. Our team is reviewing this and will follow up within 24 hours.,,,0,neutral,4,0,api_client,
TCKT_073996,2023-02-15 19:25:26,CUST_08782,individual,email,mobile_app,feature_request,low,resolved,standard,Our team needs more advanced options for mobile app.,Thanks for your feature suggestion. We will look into this and get back to you within the next 48 hours.,Captured the request and added it to the product backlog.,27.62,0,neutral,4,0,web,EU
TCKT_073998,2023-02-17 12:13:42,CUST_05670,education,phone_transcript,data_export,feature_request,medium,resolved,standard,Can you add an option to customize data export?,Thanks for your feature suggestion. Our team is reviewing this and will follow up within 24 hours.,Captured the request and added it to the product backlog.,9.04,0,neutral,4,0,api_client,
TCKT_074050,2023-02-05 06:44:08,CUST_05649,individual,in_app,login_auth,account_access,low,closed_no_action,standard,My account was locked after multiple failed login attempts.,Sorry to hear you're having trouble accessing your account. We will look into this and get back to you within the next 48 hours.,Ticket closed without further action after no response from the customer.,236.83,0,negative,2,0,ios,EU
TCKT_074227,2023-02-07 13:23:50,CUST_04257,non_profit,web_form,analytics_dashboard,security_concern,medium,resolved,standard,There seems to be a vulnerability in the analytics dashboard functionality.,We take security very seriously. Our team is reviewing this and will follow up within 24 hours.,"Investigated logs, mitigated the issue, and updated security settings.",17.98,0,neutral,3,1,api_client,APAC
TCKT_074243,2023-02-06 16:00:29,CUST_02430,small_business,chat,mobile_app,security_concern,high,in_progress,gold,There seems to be a vulnerability in the mobile app functionality.,We take security very seriously. We are prioritizing this and will update you as soon as possible.,,,1,very_negative,1,1,ios,EU
TCKT_074255,2023-02-11 22:39:39,CUST_05795,enterprise,chat,billing,other,urgent,closed_no_action,gold,I have a general question about my account.,Thanks for contacting support. This has been escalated to our on-call team for immediate attention.,Ticket closed without further action after no response from the customer.,171.77,0,neutral,3,0,ios,MEA
TCKT_074275,2023-02-15 04:17:33,CUST_01445,enterprise,email,billing,performance,low,in_progress,standard,Overall performance has degraded in the last few days.,We understand performance issues can be frustrating. We will look into this and get back to you within the next 48 hours.,,,0,positive,4,0,desktop_app,MEA
TCKT_074295,2023-02-23 19:23:50,CUST_03189,non_profit,chat,mobile_app,how_to,high,open,standard,Can you explain how to configure mobile app properly?,Happy to help with your question. We are prioritizing this and will update you as soon as possible.,,,0,very_positive,0,0,ios,MEA
TCKT_074321,2023-02-13 18:44:16,CUST_00525,non_profit,in_app,login_auth,account_access,high,in_progress,standard,My 2FA code is not working when I try to sign in.,Sorry to hear you're having trouble accessing your account. We are prioritizing this and will update you as soon as possible.,,,0,very_positive,5,0,desktop_app,MEA
TCKT_074409,2023-02-11 13:24:39,CUST_02586,enterprise,email,analytics_dashboard,billing_problem,low,resolved,standard,I was charged twice for my subscription this month.,Thanks for reaching out about the billing issue. We will look into this and get back to you within the next 48 hours.,Adjusted the invoice and issued a refund where applicable.,49.51,0,negative,0,0,ios,EU
TCKT_074480,2023-02-04 01:50:45,CUST_06121,non_profit,web_form,api_integration,billing_problem,high,resolved,standard,I downgraded my plan but I am still being billed for the higher tier.,Thanks for reaching out about the billing issue. We are prioritizing this and will update you as soon as possible.,Adjusted the invoice and issued a refund where applicable.,11.13,0,very_positive,5,0,api_client,EU
TCKT_074532,2023-02-12 20:27:22,CUST_03342,education,in_app,api_integration,how_to,urgent,resolved,standard,How can I export my data from the api integration section?,Happy to help with your question. This has been escalated to our on-call team for immediate attention.,Provided step-by-step instructions and relevant documentation.,6.49,0,neutral,3,0,api_client,
TCKT_074626,2023-02-09 19:25:38,CUST_02666,education,email,notifications,security_concern,medium,resolved,gold,There seems to be a vulnerability in the notifications functionality.,We take security very seriously. Our team is reviewing this and will follow up within 24 hours.,"Investigated logs, mitigated the issue, and updated security settings.",12.86,0,neutral,3,0,api_client,APAC
TCKT_074722,2023-02-17 02:17:34,CUST_01577,small_business,in_app,mobile_app,how_to,low,resolved,standard,I need help setting up mobile app for my team.,Happy to help with your question. We will look into this and get back to you within the next 48 hours.,Provided step-by-step instructions and relevant documentation.,49.05,0,negative,0,1,android,EU
TCKT_074724,2023-02-18 23:15:35,CUST_04863,small_business,chat,data_export,feature_request,medium,resolved,gold,It would be great to have data export support in your product.,Thanks for your feature suggestion. Our team is reviewing this and will follow up within 24 hours.,Captured the request and added it to the product backlog.,34.43,0,positive,4,0,desktop_app,EU
TCKT_074755,2023-02-07 06:01:00,CUST_07844,individual,phone_transcript,data_export,billing_problem,medium,in_progress,gold,I downgraded my plan but I am still being billed for the higher tier.,Thanks for reaching out about the billing issue. Our team is reviewing this and will follow up within 24 hours.,,,0,neutral,0,0,api_client,EU
TCKT_074776,2023-02-12 05:47:59,CUST_07445,education,email,mobile_app,performance,medium,on_hold,standard,Queries in the mobile app module are timing out.,We understand performance issues can be frustrating. Our team is reviewing this and will follow up within 24 hours.,,,0,very_negative,2,0,ios,APAC
TCKT_074789,2023-02-07 02:11:51,CUST_09851,enterprise,web_form,analytics_dashboard,bug,urgent,closed_no_action,standard,The analytics dashboard feature is not saving my changes.,Thanks for reporting this bug. This has been escalated to our on-call team for immediate attention.,Ticket closed without further action after no response from the customer.,153.87,1,positive,4,0,ios,LATAM
TCKT_074794,2023-02-01 02:45:19,CUST_06111,enterprise,email,billing,security_concern,high,on_hold,standard,There seems to be a vulnerability in the billing functionality.,We take security very seriously. We are prioritizing this and will update you as soon as possible.,,,0,very_negative,2,0,ios,
TCKT_074857,2023-02-07 22:31:19,CUST_02358,individual,phone_transcript,login_auth,how_to,high,resolved,gold,Can you explain how to configure login auth properly?,Happy to help with your question. We are prioritizing this and will update you as soon as possible.,Provided step-by-step instructions and relevant documentation.,4.73,0,neutral,3,0,android,EU
TCKT_074859,2023-02-18 23:28:50,CUST_02368,small_business,email,api_integration,billing_problem,low,in_progress,standard,I was charged twice for my subscription this month.,Thanks for reaching out about the billing issue. We will look into this and get back to you within the next 48 hours.,,,0,negative,3,0,android,APAC
TCKT_074883,2023-02-07 10:27:20,CUST_08262,education,chat,analytics_dashboard,other,low,resolved,standard,"Something seems off, can you please check my workspace?",Thanks for contacting support. We will look into this and get back to you within the next 48 hours.,Provided general guidance and confirmed the issue was resolved.,38.9,0,neutral,0,1,web,APAC
TCKT_074947,2023-02-24 20:48:48,CUST_02982,small_business,chat,login_auth,account_access,low,in_progress,standard,My 2FA code is not working when I try to sign in.,Sorry to hear you're having trouble accessing your account. We will look into this and get back to you within the next 48 hours.,,,0,very_negative,2,1,desktop_app,MEA
TCKT_074951,2023-02-04 11:20:24,CUST_09328,non_profit,phone_transcript,notifications,billing_problem,medium,resolved,standard,I was charged twice for my subscription this month.,Thanks for reaching out about the billing issue. Our team is reviewing this and will follow up within 24 hours.,Adjusted the invoice and issued a refund where applicable.,41.27,0,negative,2,1,api_client,APAC
TCKT_074966,2023-02-23 12:12:33,CUST_09180,education,web_form,login_auth,security_concern,medium,resolved,gold,There seems to be a vulnerability in the login auth functionality.,We take security very seriously. Our team is reviewing this and will follow up within 24 hours.,"Investigated logs, mitigated the issue, and updated security settings.",23.95,0,negative,2,0,desktop_app,
TCKT_075043,2023-02-19 00:08:38,CUST_07890,non_profit,chat,notifications,billing_problem,high,in_progress,standard,I was charged twice for my subscription this month.,Thanks for reaching out about the billing issue. We are prioritizing this and will update you as soon as possible.,,,0,negative,2,0,web,MEA
TCKT_075054,2023-02-23 05:41:25,CUST_03808,education,chat,billing,security_concern,low,in_progress,gold,There seems to be a vulnerability in the billing functionality.,We take security very seriously. We will look into this and get back to you within the next 48 hours.,,,0,very_negative,2,0,api_client,APAC
TCKT_075095,2023-02-24 14:48:40,CUST_07858,small_business,in_app,notifications,feature_request,medium,resolved,standard,Our team needs more advanced options for notifications.,Thanks for your feature suggestion. Our team is reviewing this and will follow up within 24 hours.,Captured the request and added it to the product backlog.,21.84,0,negative,3,0,ios,APAC
TCKT_075160,2023-02-02 14:42:24,CUST_09403,small_business,in_app,data_export,billing_problem,medium,in_progress,platinum,My invoice amount is incorrect compared to the plan I selected.,Thanks for reaching out about the billing issue. Our team is reviewing this and will follow up within 24 hours.,,,0,very_negative,0,0,web,EU
TCKT_075175,2023-02-10 00:15:39,CUST_08696,small_business,chat,mobile_app,account_access,low,resolved,standard,My account was locked after multiple failed login attempts.,Sorry to hear you're having trouble accessing your account. We will look into this and get back to you within the next 48 hours.,Reset account credentials and confirmed successful login.,70.03,0,very_negative,2,1,api_client,APAC
TCKT_075177,2023-02-07 12:15:41,CUST_01549,enterprise,in_app,notifications,security_concern,low,resolved,platinum,I noticed a suspicious login on my account.,We take security very seriously. We will look into this and get back to you within the next 48 hours.,"Investigated logs, mitigated the issue, and updated security settings.",15.8,0,neutral,0,0,api_client,LATAM
TCKT_075186,2023-02-02 18:17:26,CUST_05450,non_profit,email,notifications,other,high,open,standard,I need help but I'm not sure which category this fits in.,Thanks for contacting support. We are prioritizing this and will update you as soon as possible.,,,0,neutral,3,0,api_client,APAC
TCKT_075242,2023-02-19 16:45:54,CUST_07572,enterprise,in_app,login_auth,account_access,low,on_hold,standard,My 2FA code is not working when I try to sign in.,Sorry to hear you're having trouble accessing your account. We will look into this and get back to you within the next 48 hours.,,,0,negative,0,0,ios,EU
TCKT_075271,2023-02-15 04:37:26,CUST_05112,non_profit,web_form,api_integration,feature_request,low,resolved,gold,Our team needs more advanced options for api integration.,Thanks for your feature suggestion. We will look into this and get back to you within the next 48 hours.,Captured the request and added it to the product backlog.,18.84,0,neutral,4,0,android,EU
TCKT_075273,2023-02-22 12:47:14,CUST_03590,non_profit,email,notifications,account_access,medium,closed_no_action,gold,I cannot log in; the system says my password is incorrect.,Sorry to hear you're having trouble accessing your account. Our team is reviewing this and will follow up within 24 hours.,Ticket closed without further action after no response from the customer.,58.72,0,negative,0,0,android,LATAM
TCKT_075282,2023-02-22 04:35:51,CUST_05839,enterprise,chat,notifications,how_to,low,resolved,standard,Can you explain how to configure notifications properly?,Happy to help with your question. We will look into this and get back to you within the next 48 hours.,Provided step-by-step instructions and relevant documentation.,11.79,0,very_positive,0,0,ios,MEA
TCKT_075329,2023-02-08 19:27:34,CUST_08985,education,email,login_auth,feature_request,medium,in_progress,standard,Can you add an option to customize login auth?,Thanks for your feature suggestion. Our team is reviewing this and will follow up within 24 hours.,,,0,neutral,0,0,web,MEA
TCKT_075347,2023-02-21 05:14:38,CUST_03862,education,chat,mobile_app,security_concern,medium,resolved,gold,We need details about your data encryption and compliance.,We take security very seriously. Our team is reviewing this and will follow up within 24 hours.,"Investigated logs, mitigated the issue, and updated security settings.",8.76,0,very_positive,5,0,api_client,LATAM
TCKT_075411,2023-02-18 20:40:17,CUST_00614,education,in_app,data_export,how_to,low,in_progress,standard,Can you explain how to configure data export properly?,Happy to help with your question. We will look into this and get back to you within the next 48 hours.,,,0,very_positive,0,0,android,LATAM
TCKT_075420,2023-02-18 15:44:14,CUST_06016,education,email,notifications,account_access,low,resolved,standard,I cannot log in; the system says my password is incorrect.,Sorry to hear you're having trouble accessing your account. We will look into this and get back to you within the next 48 hours.,Reset account credentials and confirmed successful login.,59.83,0,negative,2,0,android,MEA
TCKT_075508,2023-02-23 09:13:35,CUST_04807,individual,phone_transcript,api_integration,account_access,high,resolved,platinum,I cannot log in; the system says my password is incorrect.,Sorry to hear you're having trouble accessing your account. We are prioritizing this and will update you as soon as possible.,Reset account credentials and confirmed successful login.,6.73,0,neutral,3,0,desktop_app,APAC
TCKT_075558,2023-02-01 18:07:15,CUST_04615,education,phone_transcript,data_export,other,low,closed_no_action,gold,"Something seems off, can you please check my workspace?",Thanks for contacting support. We will look into this and get back to you within the next 48 hours.,Ticket closed without further action after no response from the customer.,213.19,0,negative,3,1,web,MEA
TCKT_075789,2023-02-10 20:15:55,CUST_05244,education,web_form,mobile_app,account_access,medium,resolved,standard,My 2FA code is not working when I try to sign in.,Sorry to hear you're having trouble accessing your account. Our team is reviewing this and will follow up within 24 hours.,Reset account credentials and confirmed successful login.,29.25,0,neutral,3,1,desktop_app,EU
TCKT_075907,2023-02-16 16:11:42,CUST_02149,enterprise,phone_transcript,analytics_dashboard,security_concern,low,in_progress,standard,I noticed a suspicious login on my account.,We take security very seriously. We will look into this and get back to you within the next 48 hours.,,,0,very_negative,2,1,api_client,APAC
TCKT_075910,2023-02-18 19:29:36,CUST_09676,individual,in_app,analytics_dashboard,feature_request,high,closed_no_action,standard,Our team needs more advanced options for analytics dashboard.,Thanks for your feature suggestion. We are prioritizing this and will update you as soon as possible.,Ticket closed without further action after no response from the customer.,197.12,0,neutral,3,1,desktop_app,APAC
TCKT_075918,2023-02-11 10:17:53,CUST_08592,individual,in_app,billing,account_access,medium,resolved,platinum,My account was locked after multiple failed login attempts.,Sorry to hear you're having trouble accessing your account. Our team is reviewing this and will follow up within 24 hours.,Reset account credentials and confirmed successful login.,25.29,0,negative,0,0,api_client,LATAM
TCKT_075931,2023-02-28 09:01:48,CUST_08090,individual,phone_transcript,api_integration,feature_request,medium,in_progress,standard,Can you add an option to customize api integration?,Thanks for your feature suggestion. Our team is reviewing this and will follow up within 24 hours.,,,0,neutral,0,1,desktop_app,EU
TCKT_075959,2023-02-10 09:47:19,CUST_09921,small_business,web_form,api_integration,feature_request,medium,resolved,standard,Our team needs more advanced options for api integration.,Thanks for your feature suggestion. Our team is reviewing this and will follow up within 24 hours.,Captured the request and added it to the product backlog.,30.44,0,positive,5,0,web,MEA
TCKT_076008,2023-02-09 23:42:32,CUST_09034,non_profit,email,login_auth,account_access,high,resolved,gold,My account was locked after multiple failed login attempts.,Sorry to hear you're having trouble accessing your account. We are prioritizing this and will update you as soon as possible.,Reset account credentials and confirmed successful login.,20.88,0,negative,3,1,ios,MEA
TCKT_076080,2023-02-22 07:05:45,CUST_01241,education,chat,data_export,how_to,urgent,open,platinum,How can I export my data from the data export section?,Happy to help with your question. This has been escalated to our on-call team for immediate attention.,,,1,negative,3,1,desktop_app,
TCKT_076169,2023-02-04 23:04:00,CUST_07504,individual,web_form,billing,billing_problem,low,open,platinum,I was charged twice for my subscription this month.,Thanks for reaching out about the billing issue. We will look into this and get back to you within the next 48 hours.,,,0,neutral,3,0,web,EU
TCKT_076224,2023-02-28 22:25:01,CUST_04291,small_business,in_app,login_auth,how_to,medium,resolved,gold,I need help setting up login auth for my team.,Happy to help with your question. Our team is reviewing this and will follow up within 24 hours.,Provided step-by-step instructions and relevant documentation.,27.99,0,positive,0,1,ios,MEA
TCKT_076259,2023-02-06 18:49:16,CUST_07153,small_business,in_app,billing,security_concern,low,open,gold,I noticed a suspicious login on my account.,We take security very seriously. We will look into this and get back to you within the next 48 hours.,,,0,positive,5,1,desktop_app,
TCKT_076265,2023-02-25 19:54:14,CUST_02993,enterprise,email,api_integration,feature_request,medium,resolved,standard,Can you add an option to customize api integration?,Thanks for your feature suggestion. Our team is reviewing this and will follow up within 24 hours.,Captured the request and added it to the product backlog.,12.71,0,neutral,4,1,web,
TCKT_076285,2023-02-19 10:50:55,CUST_03415,enterprise,in_app,mobile_app,bug,low,in_progress,standard,The page keeps crashing whenever I try to open the mobile app section.,Thanks for reporting this bug. We will look into this and get back to you within the next 48 hours.,,,0,negative,0,0,ios,LATAM
TCKT_076333,2023-02-19 03:39:21,CUST_02189,small_business,email,api_integration,bug,medium,open,standard,I am seeing an error message when I click on api integration.,Thanks for reporting this bug. Our team is reviewing this and will follow up within 24 hours.,,,0,very_negative,0,0,desktop_app,MEA
TCKT_076365,2023-02-16 23:06:41,CUST_02574,enterprise,in_app,notifications,performance,medium,resolved,standard,Queries in the notifications module are timing out.,We understand performance issues can be frustrating. Our team is reviewing this and will follow up within 24 hours.,Optimized queries and increased resource allocation.,9.22,0,negative,3,1,ios,
TCKT_076415,2023-02-09 14:37:18,CUST_04962,non_profit,in_app,notifications,feature_request,medium,resolved,gold,Can you add an option to customize notifications?,Thanks for your feature suggestion. Our team is reviewing this and will follow up within 24 hours.,Captured the request and added it to the product backlog.,43.78,0,negative,2,0,api_client,MEA
TCKT_076523,2023-02-02 07:03:02,CUST_06965,non_profit,in_app,analytics_dashboard,billing_problem,low,resolved,gold,I was charged twice for my subscription this month.,Thanks for reaching out about the billing issue. We will look into this and get back to you within the next 48 hours.,Adjusted the invoice and issued a refund where applicable.,60.59,0,neutral,3,0,web,APAC
TCKT_076552,2023-02-17 04:32:31,CUST_07369,enterprise,chat,mobile_app,other,low,resolved,standard,I have a general question about my account.,Thanks for contacting support. We will look into this and get back to you within the next 48 hours.,Provided general guidance and confirmed the issue was resolved.,17.69,1,negative,0,0,desktop_app,LATAM
TCKT_076610,2023-02-24 08:07:59,CUST_07797,education,chat,notifications,account_access,medium,resolved,gold,My account was locked after multiple failed login attempts.,Sorry to hear you're having trouble accessing your account. Our team is reviewing this and will follow up within 24 hours.,Reset account credentials and confirmed successful login.,36.81,0,very_negative,2,0,api_client,APAC
TCKT_076620,2023-02-12 05:15:00,CUST_08770,education,chat,data_export,other,low,resolved,standard,I have a general question about my account.,Thanks for contacting support. We will look into this and get back to you within the next 48 hours.,Provided general guidance and confirmed the issue was resolved.,16.54,0,negative,2,0,web,
TCKT_076624,2023-02-08 22:20:20,CUST_09972,individual,chat,analytics_dashboard,bug,low,resolved,standard,The analytics dashboard feature is not saving my changes.,Thanks for reporting this bug. We will look into this and get back to you within the next 48 hours.,Patched the bug and deployed a fix to production.,15.43,0,neutral,3,0,web,APAC
TCKT_076662,2023-02-28 21:49:49,CUST_05382,education,web_form,mobile_app,how_to,medium,resolved,standard,Can you explain how to configure mobile app properly?,Happy to help with your question. Our team is reviewing this and will follow up within 24 hours.,Provided step-by-step instructions and relevant documentation.,35.73,0,neutral,3,0,android,APAC
TCKT_076680,2023-02-20 11:41:21,CUST_00925,individual,in_app,mobile_app,other,high,resolved,platinum,"Something seems off, can you please check my workspace?",Thanks for contacting support. We are prioritizing this and will update you as soon as possible.,Provided general guidance and confirmed the issue was resolved.,2.92,0,very_positive,5,1,web,APAC
TCKT_076716,2023-02-11 20:11:56,CUST_05234,individual,in_app,mobile_app,bug,medium,on_hold,gold,I am seeing an error message when I click on mobile app.,Thanks for reporting this bug. Our team is reviewing this and will follow up within 24 hours.,,,0,very_negative,0,0,api_client,LATAM
TCKT_076898,2023-02-05 05:30:05,CUST_08139,non_profit,chat,mobile_app,security_concern,medium,resolved,gold,There seems to be a vulnerability in the mobile app functionality.,We take security very seriously. Our team is reviewing this and will follow up within 24 hours.,"Investigated logs, mitigated the issue, and updated security settings.",7.51,0,very_negative,1,0,android,APAC
TCKT_076900,2023-02-02 10:46:09,CUST_00272,individual,in_app,billing,billing_problem,low,resolved,gold,My invoice amount is incorrect compared to the plan I selected.,Thanks for reaching out about the billing issue. We will look into this and get back to you within the next 48 hours.,Adjusted the invoice and issued a refund where applicable.,21.3,0,very_negative,2,0,android,
TCKT_077058,2023-02-21 16:47:14,CUST_03206,education,web_form,login_auth,account_access,medium,resolved,gold,My account was locked after multiple failed login attempts.,Sorry to hear you're having trouble accessing your account. Our team is reviewing this and will follow up within 24 hours.,Reset account credentials and confirmed successful login.,38.09,0,negative,3,1,desktop_app,MEA
TCKT_077140,2023-02-20 08:40:19,CUST_01577,individual,phone_transcript,data_export,bug,low,closed_no_action,standard,I am seeing an error message when I click on data export.,Thanks for reporting this bug. We will look into this and get back to you within the next 48 hours.,Ticket closed without further action after no response from the customer.,230.41,0,neutral,4,1,ios,
TCKT_077212,2023-02-19 18:01:43,CUST_00960,individual,phone_transcript,api_integration,feature_request,medium,in_progress,standard,Can you add an option to customize api integration?,Thanks for your feature suggestion. Our team is reviewing this and will follow up within 24 hours.,,,0,neutral,0,1,api_client,EU
TCKT_077273,2023-02-26 16:35:13,CUST_03073,small_business,web_form,mobile_app,performance,medium,closed_no_action,standard,Overall performance has degraded in the last few days.,We understand performance issues can be frustrating. Our team is reviewing this and will follow up within 24 hours.,Ticket closed without further action after no response from the customer.,119.31,0,negative,2,0,desktop_app,EU
TCKT_077336,2023-02-20 08:35:10,CUST_02913,individual,phone_transcript,data_export,how_to,low,in_progress,standard,I need help setting up data export for my team.,Happy to help with your question. We will look into this and get back to you within the next 48 hours.,,,0,very_negative,2,0,android,
TCKT_077340,2023-02-08 19:50:07,CUST_05406,non_profit,email,data_export,bug,medium,on_hold,standard,I am seeing an error message when I click on data export.,Thanks for reporting this bug. Our team is reviewing this and will follow up within 24 hours.,,,0,neutral,4,1,web,MEA
TCKT_077562,2023-02-12 16:02:08,CUST_01542,small_business,chat,billing,performance,medium,resolved,standard,Overall performance has degraded in the last few days.,We understand performance issues can be frustrating. Our team is reviewing this and will follow up within 24 hours.,Optimized queries and increased resource allocation.,44.5,0,very_negative,1,0,ios,MEA
TCKT_077574,2023-02-16 02:53:01,CUST_00753,enterprise,in_app,analytics_dashboard,how_to,low,resolved,gold,I need help setting up analytics dashboard for my team.,Happy to help with your question. We will look into this and get back to you within the next 48 hours.,Provided step-by-step instructions and relevant documentation.,60.67,0,positive,4,0,web,MEA
TCKT_077652,2023-02-08 21:25:45,CUST_05555,enterprise,email,mobile_app,feature_request,low,open,standard,It would be great to have mobile app support in your product.,Thanks for your feature suggestion. We will look into this and get back to you within the next 48 hours.,,,0,very_positive,0,0,desktop_app,EU
TCKT_077663,2023-02-18 01:12:57,CUST_09638,enterprise,web_form,billing,other,high,in_progress,gold,I need help but I'm not sure which category this fits in.,Thanks for contacting support. We are prioritizing this and will update you as soon as possible.,,,0,positive,4,1,web,LATAM
TCKT_077689,2023-02-15 23:35:19,CUST_01890,small_business,phone_transcript,login_auth,feature_request,medium,in_progress,standard,Can you add an option to customize login auth?,Thanks for your feature suggestion. Our team is reviewing this and will follow up within 24 hours.,,,0,positive,0,0,api_client,
TCKT_077690,2023-02-18 14:53:52,CUST_07249,individual,email,api_integration,performance,medium,open,gold,Overall performance has degraded in the last few days.,We understand performance issues can be frustrating. Our team is reviewing this and will follow up within 24 hours.,,,0,negative,0,0,api_client,
TCKT_077745,2023-02-26 14:47:15,CUST_06637,enterprise,phone_transcript,api_integration,how_to,low,in_progress,gold,Can you explain how to configure api integration properly?,Happy to help with your question. We will look into this and get back to you within the next 48 hours.,,,0,positive,0,0,android,MEA
TCKT_077865,2023-02-04 03:17:34,CUST_00575,non_profit,chat,data_export,feature_request,high,closed_no_action,gold,Can you add an option to customize data export?,Thanks for your feature suggestion. We are prioritizing this and will update you as soon as possible.,Ticket closed without further action after no response from the customer.,81.0,0,negative,0,0,web,
TCKT_077891,2023-02-21 17:45:21,CUST_00893,individual,phone_transcript,mobile_app,other,medium,in_progress,standard,I have a general question about my account.,Thanks for contacting support. Our team is reviewing this and will follow up within 24 hours.,,,0,very_positive,5,0,desktop_app,MEA
TCKT_077921,2023-02-20 06:11:43,CUST_01263,individual,in_app,login_auth,bug,low,in_progress,standard,I am seeing an error message when I click on login auth.,Thanks for reporting this bug. We will look into this and get back to you within the next 48 hours.,,,0,neutral,0,0,desktop_app,LATAM
TCKT_077928,2023-02-01 09:46:08,CUST_04904,non_profit,email,analytics_dashboard,feature_request,medium,open,gold,Our team needs more advanced options for analytics dashboard.,Thanks for your feature suggestion. Our team is reviewing this and will follow up within 24 hours.,,,0,neutral,4,0,android,
TCKT_078014,2023-02-28 17:04:05,CUST_07656,enterprise,in_app,api_integration,how_to,low,closed_no_action,gold,How can I export my data from the api integration section?,Happy to help with your question. We will look into this and get back to you within the next 48 hours.,Ticket closed without further action after no response from the customer.,28.44,0,very_positive,5,0,android,LATAM
TCKT_078048,2023-02-11 10:44:18,CUST_02567,non_profit,in_app,notifications,other,medium,resolved,gold,"Something seems off, can you please check my workspace?",Thanks for contacting support. Our team is reviewing this and will follow up within 24 hours.,Provided general guidance and confirmed the issue was resolved.,30.12,0,neutral,3,0,web,
TCKT_078077,2023-02-16 21:43:42,CUST_02774,education,phone_transcript,data_export,security_concern,high,resolved,standard,I noticed a suspicious login on my account.,We take security very seriously. We are prioritizing this and will update you as soon as possible.,"Investigated logs, mitigated the issue, and updated security settings.",18.11,0,neutral,3,1,api_client,APAC
TCKT_078129,2023-02-11 09:52:57,CUST_04371,small_business,web_form,data_export,bug,low,on_hold,standard,The data export feature is not saving my changes.,Thanks for reporting this bug. We will look into this and get back to you within the next 48 hours.,,,0,negative,0,0,desktop_app,EU
TCKT_078154,2023-02-12 06:13:38,CUST_05210,education,email,notifications,account_access,medium,resolved,standard,My account was locked after multiple failed login attempts.,Sorry to hear you're having trouble accessing your account. Our team is reviewing this and will follow up within 24 hours.,Reset account credentials and confirmed successful login.,37.86,0,positive,5,0,web,EU
TCKT_078214,2023-02-05 16:49:06,CUST_03998,enterprise,phone_transcript,mobile_app,account_access,medium,in_progress,gold,I cannot log in; the system says my password is incorrect.,Sorry to hear you're having trouble accessing your account. Our team is reviewing this and will follow up within 24 hours.,,,0,negative,3,0,api_client,APAC
TCKT_078300,2023-02-10 11:49:11,CUST_02906,non_profit,phone_transcript,login_auth,bug,low,resolved,standard,I am seeing an error message when I click on login auth.,Thanks for reporting this bug. We will look into this and get back to you within the next 48 hours.,Patched the bug and deployed a fix to production.,30.99,0,neutral,0,0,ios,APAC
TCKT_078310,2023-02-01 09:09:33,CUST_01258,enterprise,web_form,login_auth,billing_problem,medium,open,standard,I was charged twice for my subscription this month.,Thanks for reaching out about the billing issue. Our team is reviewing this and will follow up within 24 hours.,,,0,positive,4,1,ios,LATAM
TCKT_078347,2023-02-15 19:00:46,CUST_05141,individual,email,analytics_dashboard,security_concern,low,resolved,standard,We need details about your data encryption and compliance.,We take security very seriously. We will look into this and get back to you within the next 48 hours.,"Investigated logs, mitigated the issue, and updated security settings.",38.07,1,neutral,4,0,desktop_app,
TCKT_078372,2023-02-17 17:56:02,CUST_07805,education,email,notifications,billing_problem,low,on_hold,standard,My invoice amount is incorrect compared to the plan I selected.,Thanks for reaching out about the billing issue. We will look into this and get back to you within the next 48 hours.,,,0,negative,3,0,desktop_app,APAC
TCKT_078376,2023-02-20 07:49:57,CUST_01525,non_profit,email,analytics_dashboard,account_access,high,resolved,gold,I cannot log in; the system says my password is incorrect.,Sorry to hear you're having trouble accessing your account. We are prioritizing this and will update you as soon as possible.,Reset account credentials and confirmed successful login.,17.78,0,very_negative,0,1,android,EU
TCKT_078637,2023-02-14 14:02:24,CUST_03934,enterprise,phone_transcript,login_auth,account_access,medium,resolved,standard,My 2FA code is not working when I try to sign in.,Sorry to hear you're having trouble accessing your account. Our team is reviewing this and will follow up within 24 hours.,Reset account credentials and confirmed successful login.,15.21,0,neutral,3,0,desktop_app,MEA
TCKT_078797,2023-02-21 01:55:32,CUST_02169,non_profit,email,mobile_app,how_to,urgent,resolved,platinum,I need help setting up mobile app for my team.,Happy to help with your question. This has been escalated to our on-call team for immediate attention.,Provided step-by-step instructions and relevant documentation.,3.56,0,very_positive,5,0,desktop_app,APAC
TCKT_078838,2023-02-05 04:00:29,CUST_02073,small_business,chat,data_export,security_concern,high,resolved,standard,We need details about your data encryption and compliance.,We take security very seriously. We are prioritizing this and will update you as soon as possible.,"Investigated logs, mitigated the issue, and updated security settings.",2.35,0,very_negative,0,0,desktop_app,
TCKT_078877,2023-02-04 16:10:42,CUST_04997,non_profit,phone_transcript,mobile_app,account_access,medium,open,gold,My 2FA code is not working when I try to sign in.,Sorry to hear you're having trouble accessing your account. Our team is reviewing this and will follow up within 24 hours.,,,0,neutral,3,0,ios,
TCKT_078917,2023-02-05 14:39:20,CUST_04287,individual,email,data_export,bug,medium,in_progress,standard,The data export feature is not saving my changes.,Thanks for reporting this bug. Our team is reviewing this and will follow up within 24 hours.,,,0,negative,2,0,android,LATAM
TCKT_078978,2023-02-18 20:42:19,CUST_04700,individual,phone_transcript,analytics_dashboard,account_access,low,resolved,gold,My account was locked after multiple failed login attempts.,Sorry to hear you're having trouble accessing your account. We will look into this and get back to you within the next 48 hours.,Reset account credentials and confirmed successful login.,45.53,0,negative,0,1,api_client,APAC
TCKT_079031,2023-02-19 21:48:42,CUST_02227,education,phone_transcript,analytics_dashboard,security_concern,urgent,resolved,standard,I noticed a suspicious login on my account.,We take security very seriously. This has been escalated to our on-call team for immediate attention.,"Investigated logs, mitigated the issue, and updated security settings.",3.34,0,neutral,0,1,android,LATAM
TCKT_079085,2023-02-13 20:18:34,CUST_00932,individual,email,billing,billing_problem,low,closed_no_action,standard,My invoice amount is incorrect compared to the plan I selected.,Thanks for reaching out about the billing issue. We will look into this and get back to you within the next 48 hours.,Ticket closed without further action after no response from the customer.,185.16,0,neutral,3,0,api_client,MEA
TCKT_079243,2023-02-19 14:04:03,CUST_05877,enterprise,web_form,data_export,account_access,medium,in_progress,standard,My 2FA code is not working when I try to sign in.,Sorry to hear you're having trouble accessing your account. Our team is reviewing this and will follow up within 24 hours.,,,0,negative,3,1,desktop_app,LATAM
TCKT_079289,2023-02-14 02:41:49,CUST_05432,small_business,in_app,api_integration,billing_problem,low,closed_no_action,standard,My invoice amount is incorrect compared to the plan I selected.,Thanks for reaching out about the billing issue. We will look into this and get back to you within the next 48 hours.,Ticket closed without further action after no response from the customer.,77.68,0,neutral,4,1,api_client,APAC
TCKT_079290,2023-02-08 03:05:13,CUST_03838,enterprise,chat,api_integration,billing_problem,high,resolved,standard,I was charged twice for my subscription this month.,Thanks for reaching out about the billing issue. We are prioritizing this and will update you as soon as possible.,Adjusted the invoice and issued a refund where applicable.,21.38,1,negative,2,0,ios,APAC
TCKT_079309,2023-02-04 12:10:29,CUST_05304,education,in_app,notifications,bug,low,resolved,gold,The notifications feature is not saving my changes.,Thanks for reporting this bug. We will look into this and get back to you within the next 48 hours.,Patched the bug and deployed a fix to production.,38.03,0,neutral,0,1,web,EU
TCKT_079370,2023-02-20 20:10:01,CUST_06554,enterprise,phone_transcript,analytics_dashboard,performance,medium,resolved,platinum,Overall performance has degraded in the last few days.,We understand performance issues can be frustrating. Our team is reviewing this and will follow up within 24 hours.,Optimized queries and increased resource allocation.,10.75,0,negative,3,0,api_client,LATAM
TCKT_079395,2023-02-05 00:51:17,CUST_01052,education,in_app,mobile_app,account_access,low,on_hold,gold,My account was locked after multiple failed login attempts.,Sorry to hear you're having trouble accessing your account. We will look into this and get back to you within the next 48 hours.,,,0,neutral,4,0,android,
TCKT_079465,2023-02-07 23:56:43,CUST_06606,non_profit,web_form,data_export,how_to,low,resolved,gold,I need help setting up data export for my team.,Happy to help with your question. We will look into this and get back to you within the next 48 hours.,Provided step-by-step instructions and relevant documentation.,64.22,0,very_negative,0,0,android,LATAM
TCKT_079591,2023-02-02 03:32:36,CUST_04610,non_profit,email,analytics_dashboard,how_to,urgent,resolved,standard,How can I export my data from the analytics dashboard section?,Happy to help with your question. This has been escalated to our on-call team for immediate attention.,Provided step-by-step instructions and relevant documentation.,2.79,0,neutral,3,0,ios,EU
TCKT_079610,2023-02-24 16:25:38,CUST_09876,individual,in_app,data_export,account_access,medium,resolved,standard,My account was locked after multiple failed login attempts.,Sorry to hear you're having trouble accessing your account. Our team is reviewing this and will follow up within 24 hours.,Reset account credentials and confirmed successful login.,25.96,0,positive,0,0,desktop_app,EU
TCKT_079720,2023-02-12 23:02:33,CUST_02883,non_profit,in_app,analytics_dashboard,security_concern,high,resolved,gold,There seems to be a vulnerability in the analytics dashboard functionality.,We take security very seriously. We are prioritizing this and will update you as soon as possible.,"Investigated logs, mitigated the issue, and updated security settings.",6.48,0,very_negative,2,0,desktop_app,EU
TCKT_079739,2023-02-15 21:18:15,CUST_03380,small_business,in_app,notifications,performance,medium,resolved,platinum,The notifications page is very slow and takes a long time to load.,We understand performance issues can be frustrating. Our team is reviewing this and will follow up within 24 hours.,Optimized queries and increased resource allocation.,46.78,0,negative,3,0,desktop_app,MEA
TCKT_079743,2023-02-27 22:45:08,CUST_06517,enterprise,chat,api_integration,account_access,medium,closed_no_action,platinum,My account was locked after multiple failed login attempts.,Sorry to hear you're having trouble accessing your account. Our team is reviewing this and will follow up within 24 hours.,Ticket closed without further action after no response from the customer.,175.69,0,very_negative,0,1,ios,MEA
TCKT_079770,2023-02-01 02:04:24,CUST_01275,individual,phone_transcript,billing,bug,medium,resolved,standard,I am seeing an error message when I click on billing.,Thanks for reporting this bug. Our team is reviewing this and will follow up within 24 hours.,Patched the bug and deployed a fix to production.,36.08,1,very_negative,1,0,api_client,
TCKT_079890,2023-02-22 21:16:14,CUST_04397,individual,email,analytics_dashboard,bug,medium,resolved,standard,The analytics dashboard feature is not saving my changes.,Thanks for reporting this bug. Our team is reviewing this and will follow up within 24 hours.,Patched the bug and deployed a fix to production.,38.19,0,negative,2,1,desktop_app,EU
TCKT_079897,2023-02-04 06:08:15,CUST_03671,education,chat,billing,security_concern,low,open,standard,There seems to be a vulnerability in the billing functionality.,We take security very seriously. We will look into this and get back to you within the next 48 hours.,,,0,neutral,0,0,desktop_app,LATAM
TCKT_080158,2023-02-11 18:41:14,CUST_03603,non_profit,in_app,login_auth,account_access,low,resolved,standard,My account was locked after multiple failed login attempts.,Sorry to hear you're having trouble accessing your account. We will look into this and get back to you within the next 48 hours.,Reset account credentials and confirmed successful login.,58.76,0,negative,0,1,android,MEA
TCKT_080205,2023-02-03 10:13:42,CUST_09743,non_profit,in_app,api_integration,account_access,low,resolved,gold,I cannot log in; the system says my password is incorrect.,Sorry to hear you're having trouble accessing your account. We will look into this and get back to you within the next 48 hours.,Reset account credentials and confirmed successful login.,61.44,0,negative,3,0,api_client,EU
TCKT_080264,2023-02-04 01:57:49,CUST_02396,individual,email,analytics_dashboard,billing_problem,urgent,resolved,standard,My invoice amount is incorrect compared to the plan I selected.,Thanks for reaching out about the billing issue. This has been escalated to our on-call team for immediate attention.,Adjusted the invoice and issued a refund where applicable.,1.98,0,neutral,4,0,ios,EU
TCKT_080279,2023-02-20 21:13:39,CUST_02172,non_profit,chat,login_auth,billing_problem,low,resolved,standard,My invoice amount is incorrect compared to the plan I selected.,Thanks for reaching out about the billing issue. We will look into this and get back to you within the next 48 hours.,Adjusted the invoice and issued a refund where applicable.,41.61,0,negative,2,0,api_client,LATAM
TCKT_080408,2023-02-11 00:59:46,CUST_04665,non_profit,email,mobile_app,feature_request,low,open,gold,It would be great to have mobile app support in your product.,Thanks for your feature suggestion. We will look into this and get back to you within the next 48 hours.,,,0,neutral,0,0,ios,MEA
TCKT_080456,2023-02-12 12:47:31,CUST_07919,enterprise,in_app,billing,performance,low,in_progress,gold,Queries in the billing module are timing out.,We understand performance issues can be frustrating. We will look into this and get back to you within the next 48 hours.,,,0,very_negative,1,1,android,APAC
TCKT_080495,2023-02-14 08:56:40,CUST_03479,individual,chat,mobile_app,feature_request,high,resolved,gold,Our team needs more advanced options for mobile app.,Thanks for your feature suggestion. We are prioritizing this and will update you as soon as possible.,Captured the request and added it to the product backlog.,4.01,0,positive,5,0,android,
TCKT_080602,2023-02-14 13:42:18,CUST_01633,enterprise,in_app,data_export,billing_problem,high,resolved,gold,I was charged twice for my subscription this month.,Thanks for reaching out about the billing issue. We are prioritizing this and will update you as soon as possible.,Adjusted the invoice and issued a refund where applicable.,2.44,0,negative,0,0,web,EU
TCKT_080649,2023-02-26 11:52:16,CUST_06029,enterprise,web_form,mobile_app,security_concern,low,resolved,standard,We need details about your data encryption and compliance.,We take security very seriously. We will look into this and get back to you within the next 48 hours.,"Investigated logs, mitigated the issue, and updated security settings.",51.2,0,negative,2,0,ios,
TCKT_080729,2023-02-20 08:26:40,CUST_01645,small_business,phone_transcript,data_export,bug,high,resolved,standard,The data export feature is not saving my changes.,Thanks for reporting this bug. We are prioritizing this and will update you as soon as possible.,Patched the bug and deployed a fix to production.,13.1,0,positive,0,0,android,
TCKT_080762,2023-02-21 05:21:46,CUST_06406,non_profit,in_app,mobile_app,billing_problem,low,resolved,gold,My invoice amount is incorrect compared to the plan I selected.,Thanks for reaching out about the billing issue. We will look into this and get back to you within the next 48 hours.,Adjusted the invoice and issued a refund where applicable.,66.29,0,negative,0,0,api_client,MEA
TCKT_080823,2023-02-17 20:42:15,CUST_01094,non_profit,in_app,analytics_dashboard,performance,high,closed_no_action,standard,The analytics dashboard page is very slow and takes a long time to load.,We understand performance issues can be frustrating. We are prioritizing this and will update you as soon as possible.,Ticket closed without further action after no response from the customer.,109.44,0,very_negative,1,0,web,MEA
TCKT_080902,2023-02-24 02:56:49,CUST_06052,enterprise,chat,analytics_dashboard,feature_request,low,open,standard,It would be great to have analytics dashboard support in your product.,Thanks for your feature suggestion. We will look into this and get back to you within the next 48 hours.,,,0,positive,0,0,android,APAC
TCKT_080904,2023-02-10 02:02:51,CUST_01649,education,web_form,api_integration,billing_problem,low,on_hold,standard,My invoice amount is incorrect compared to the plan I selected.,Thanks for reaching out about the billing issue. We will look into this and get back to you within the next 48 hours.,,,0,very_negative,2,0,android,MEA
TCKT_080905,2023-02-03 02:31:13,CUST_09964,education,web_form,billing,feature_request,low,resolved,gold,Our team needs more advanced options for billing.,Thanks for your feature suggestion. We will look into this and get back to you within the next 48 hours.,Captured the request and added it to the product backlog.,55.72,0,neutral,3,0,ios,APAC
TCKT_080989,2023-02-07 07:23:18,CUST_01368,enterprise,in_app,api_integration,feature_request,high,on_hold,standard,Our team needs more advanced options for api integration.,Thanks for your feature suggestion. We are prioritizing this and will update you as soon as possible.,,,0,very_negative,0,1,android,
TCKT_080996,2023-02-27 11:45:40,CUST_03411,enterprise,web_form,notifications,how_to,high,resolved,standard,Can you explain how to configure notifications properly?,Happy to help with your question. We are prioritizing this and will update you as soon as possible.,Provided step-by-step instructions and relevant documentation.,15.78,0,negative,0,0,android,LATAM
TCKT_081001,2023-02-06 15:44:14,CUST_07678,individual,phone_transcript,login_auth,bug,medium,open,standard,The page keeps crashing whenever I try to open the login auth section.,Thanks for reporting this bug. Our team is reviewing this and will follow up within 24 hours.,,,0,negative,0,0,web,APAC
TCKT_081071,2023-02-11 19:16:04,CUST_02500,small_business,email,data_export,other,medium,on_hold,standard,I have a general question about my account.,Thanks for contacting support. Our team is reviewing this and will follow up within 24 hours.,,,0,neutral,3,1,ios,MEA
TCKT_081114,2023-02-18 11:45:44,CUST_07572,education,in_app,billing,how_to,medium,open,standard,I need help setting up billing for my team.,Happy to help with your question. Our team is reviewing this and will follow up within 24 hours.,,,0,very_positive,5,0,ios,APAC
TCKT_081187,2023-02-07 11:26:32,CUST_07197,enterprise,in_app,notifications,bug,low,resolved,standard,The notifications feature is not saving my changes.,Thanks for reporting this bug. We will look into this and get back to you within the next 48 hours.,Patched the bug and deployed a fix to production.,48.73,0,negative,2,0,desktop_app,EU
TCKT_081212,2023-02-19 14:12:39,CUST_01239,enterprise,email,api_integration,other,low,on_hold,standard,I have a general question about my account.,Thanks for contacting support. We will look into this and get back to you within the next 48 hours.,,,0,negative,0,0,desktop_app,APAC
TCKT_081245,2023-02-09 12:40:12,CUST_06390,non_profit,in_app,login_auth,performance,low,on_hold,gold,The login auth page is very slow and takes a long time to load.,We understand performance issues can be frustrating. We will look into this and get back to you within the next 48 hours.,,,0,negative,2,1,android,APAC
TCKT_081251,2023-02-21 23:50:09,CUST_09160,non_profit,chat,data_export,feature_request,urgent,resolved,standard,It would be great to have data export support in your product.,Thanks for your feature suggestion. This has been escalated to our on-call team for immediate attention.,Captured the request and added it to the product backlog.,7.12,0,neutral,0,0,web,LATAM
TCKT_081275,2023-02-28 13:31:02,CUST_06413,small_business,in_app,analytics_dashboard,bug,medium,resolved,gold,I am seeing an error message when I click on analytics dashboard.,Thanks for reporting this bug. Our team is reviewing this and will follow up within 24 hours.,Patched the bug and deployed a fix to production.,5.94,0,neutral,4,0,android,
TCKT_081510,2023-02-08 16:33:40,CUST_07323,individual,phone_transcript,data_export,billing_problem,high,closed_no_action,standard,My invoice amount is incorrect compared to the plan I selected.,Thanks for reaching out about the billing issue. We are prioritizing this and will update you as soon as possible.,Ticket closed without further action after no response from the customer.,188.3,0,neutral,3,1,api_client,EU
TCKT_081593,2023-02-06 15:28:45,CUST_04159,small_business,email,billing,bug,high,resolved,gold,The page keeps crashing whenever I try to open the billing section.,Thanks for reporting this bug. We are prioritizing this and will update you as soon as possible.,Patched the bug and deployed a fix to production.,7.14,0,negative,3,0,api_client,
TCKT_081614,2023-02-09 13:54:50,CUST_05373,non_profit,email,notifications,feature_request,high,resolved,gold,Can you add an option to customize notifications?,Thanks for your feature suggestion. We are prioritizing this and will update you as soon as possible.,Captured the request and added it to the product backlog.,17.72,0,neutral,3,0,web,EU
TCKT_081641,2023-02-06 06:45:11,CUST_03421,individual,email,api_integration,other,medium,resolved,standard,I have a general question about my account.,Thanks for contacting support. Our team is reviewing this and will follow up within 24 hours.,Provided general guidance and confirmed the issue was resolved.,29.61,0,very_positive,0,0,ios,MEA
TCKT_081660,2023-02-22 12:18:45,CUST_04033,non_profit,phone_transcript,login_auth,other,medium,in_progress,standard,I need help but I'm not sure which category this fits in.,Thanks for contacting support. Our team is reviewing this and will follow up within 24 hours.,,,0,very_positive,0,1,desktop_app,APAC
TCKT_081804,2023-02-26 00:44:16,CUST_03142,non_profit,chat,billing,billing_problem,medium,on_hold,gold,I was charged twice for my subscription this month.,Thanks for reaching out about the billing issue. Our team is reviewing this and will follow up within 24 hours.,,,0,very_negative,1,0,ios,LATAM
TCKT_081875,2023-02-15 10:31:31,CUST_02729,non_profit,web_form,login_auth,account_access,low,on_hold,standard,My 2FA code is not working when I try to sign in.,Sorry to hear you're having trouble accessing your account. We will look into this and get back to you within the next 48 hours.,,,0,neutral,4,0,web,EU
TCKT_081895,2023-02-10 19:04:08,CUST_02320,individual,in_app,api_integration,feature_request,low,resolved,standard,Our team needs more advanced options for api integration.,Thanks for your feature suggestion. We will look into this and get back to you within the next 48 hours.,Captured the request and added it to the product backlog.,35.32,0,neutral,3,0,api_client,LATAM
TCKT_081931,2023-02-01 13:55:38,CUST_02234,non_profit,chat,mobile_app,billing_problem,high,open,standard,I was charged twice for my subscription this month.,Thanks for reaching out about the billing issue. We are prioritizing this and will update you as soon as possible.,,,0,negative,0,0,web,APAC
TCKT_082006,2023-02-10 13:02:54,CUST_08455,education,email,login_auth,security_concern,medium,resolved,gold,We need details about your data encryption and compliance.,We take security very seriously. Our team is reviewing this and will follow up within 24 hours.,"Investigated logs, mitigated the issue, and updated security settings.",6.01,0,very_negative,2,1,desktop_app,EU
TCKT_082024,2023-02-01 05:32:02,CUST_09454,small_business,web_form,analytics_dashboard,security_concern,low,in_progress,platinum,There seems to be a vulnerability in the analytics dashboard functionality.,We take security very seriously. We will look into this and get back to you within the next 48 hours.,,,0,very_positive,5,0,api_client,LATAM
TCKT_082029,2023-02-17 11:47:31,CUST_05551,enterprise,phone_transcript,api_integration,security_concern,high,in_progress,standard,I noticed a suspicious login on my account.,We take security very seriously. We are prioritizing this and will update you as soon as possible.,,,0,negative,2,0,desktop_app,LATAM
TCKT_082104,2023-02-07 08:56:28,CUST_00781,individual,web_form,analytics_dashboard,account_access,medium,closed_no_action,standard,My 2FA code is not working when I try to sign in.,Sorry to hear you're having trouble accessing your account. Our team is reviewing this and will follow up within 24 hours.,Ticket closed without further action after no response from the customer.,75.21,0,very_negative,0,0,android,
TCKT_082140,2023-02-23 06:32:07,CUST_07538,enterprise,phone_transcript,data_export,performance,medium,closed_no_action,standard,Overall performance has degraded in the last few days.,We understand performance issues can be frustrating. Our team is reviewing this and will follow up within 24 hours.,Ticket closed without further action after no response from the customer.,192.21,0,positive,5,0,api_client,MEA
TCKT_082151,2023-02-17 01:36:40,CUST_05849,education,email,login_auth,billing_problem,medium,resolved,standard,I was charged twice for my subscription this month.,Thanks for reaching out about the billing issue. Our team is reviewing this and will follow up within 24 hours.,Adjusted the invoice and issued a refund where applicable.,5.25,0,very_negative,1,1,web,MEA
TCKT_082168,2023-02-11 09:31:41,CUST_04552,education,email,analytics_dashboard,security_concern,low,on_hold,gold,We need details about your data encryption and compliance.,We take security very seriously. We will look into this and get back to you within the next 48 hours.,,,0,positive,4,0,android,APAC
TCKT_082270,2023-02-20 13:15:15,CUST_07275,non_profit,web_form,billing,other,medium,resolved,standard,I have a general question about my account.,Thanks for contacting support. Our team is reviewing this and will follow up within 24 hours.,Provided general guidance and confirmed the issue was resolved.,26.3,0,neutral,3,0,api_client,MEA
TCKT_082294,2023-02-19 03:42:30,CUST_02001,non_profit,in_app,login_auth,security_concern,urgent,in_progress,gold,We need details about your data encryption and compliance.,We take security very seriously. This has been escalated to our on-call team for immediate attention.,,,0,very_negative,0,0,android,MEA
TCKT_082337,2023-02-15 07:35:05,CUST_02839,individual,email,analytics_dashboard,billing_problem,low,resolved,standard,I downgraded my plan but I am still being billed for the higher tier.,Thanks for reaching out about the billing issue. We will look into this and get back to you within the next 48 hours.,Adjusted the invoice and issued a refund where applicable.,60.38,0,neutral,0,0,web,EU
TCKT_082355,2023-02-08 06:10:05,CUST_05737,individual,email,login_auth,other,medium,resolved,platinum,I need help but I'm not sure which category this fits in.,Thanks for contacting support. Our team is reviewing this and will follow up within 24 hours.,Provided general guidance and confirmed the issue was resolved.,22.79,0,neutral,0,0,desktop_app,MEA
TCKT_082357,2023-02-22 09:00:30,CUST_04238,individual,in_app,data_export,bug,high,resolved,standard,The data export feature is not saving my changes.,Thanks for reporting this bug. We are prioritizing this and will update you as soon as possible.,Patched the bug and deployed a fix to production.,9.44,0,very_positive,0,0,web,LATAM
TCKT_082364,2023-02-04 00:55:09,CUST_04052,small_business,chat,mobile_app,bug,high,on_hold,gold,The mobile app feature is not saving my changes.,Thanks for reporting this bug. We are prioritizing this and will update you as soon as possible.,,,0,negative,3,0,ios,LATAM
TCKT_082368,2023-02-02 20:09:06,CUST_03492,small_business,in_app,analytics_dashboard,billing_problem,high,open,standard,I downgraded my plan but I am still being billed for the higher tier.,Thanks for reaching out about the billing issue. We are prioritizing this and will update you as soon as possible.,,,0,negative,2,1,desktop_app,APAC
TCKT_082372,2023-02-20 10:03:42,CUST_09996,enterprise,in_app,data_export,feature_request,medium,open,standard,It would be great to have data export support in your product.,Thanks for your feature suggestion. Our team is reviewing this and will follow up within 24 hours.,,,0,positive,5,1,api_client,MEA
TCKT_082392,2023-02-25 10:36:40,CUST_02446,enterprise,chat,analytics_dashboard,other,urgent,on_hold,standard,"Something seems off, can you please check my workspace?",Thanks for contacting support. This has been escalated to our on-call team for immediate attention.,,,0,very_negative,1,1,web,APAC
TCKT_082394,2023-02-26 11:14:47,CUST_08510,education,in_app,data_export,feature_request,medium,closed_no_action,gold,It would be great to have data export support in your product.,Thanks for your feature suggestion. Our team is reviewing this and will follow up within 24 hours.,Ticket closed without further action after no response from the customer.,207.48,0,neutral,4,0,api_client,MEA
TCKT_082488,2023-02-16 23:33:05,CUST_09694,enterprise,email,mobile_app,feature_request,low,in_progress,gold,Can you add an option to customize mobile app?,Thanks for your feature suggestion. We will look into this and get back to you within the next 48 hours.,,,0,very_negative,0,1,web,MEA
TCKT_082576,2023-02-06 11:24:19,CUST_08972,individual,chat,mobile_app,performance,high,in_progress,standard,Queries in the mobile app module are timing out.,We understand performance issues can be frustrating. We are prioritizing this and will update you as soon as possible.,,,0,negative,2,0,web,EU
TCKT_082578,2023-02-13 17:24:57,CUST_03400,non_profit,email,data_export,billing_problem,urgent,in_progress,standard,I downgraded my plan but I am still being billed for the higher tier.,Thanks for reaching out about the billing issue. This has been escalated to our on-call team for immediate attention.,,,0,negative,2,0,android,APAC
TCKT_082610,2023-02-24 04:30:15,CUST_04862,enterprise,email,analytics_dashboard,security_concern,medium,in_progress,standard,I noticed a suspicious login on my account.,We take security very seriously. Our team is reviewing this and will follow up within 24 hours.,,,0,negative,0,0,ios,APAC
TCKT_082668,2023-02-23 09:29:28,CUST_05980,individual,phone_transcript,api_integration,feature_request,high,resolved,standard,Our team needs more advanced options for api integration.,Thanks for your feature suggestion. We are prioritizing this and will update you as soon as possible.,Captured the request and added it to the product backlog.,13.28,0,positive,5,0,ios,MEA
TCKT_082688,2023-02-17 12:36:45,CUST_05138,non_profit,chat,notifications,account_access,low,resolved,standard,My 2FA code is not working when I try to sign in.,Sorry to hear you're having trouble accessing your account. We will look into this and get back to you within the next 48 hours.,Reset account credentials and confirmed successful login.,25.78,0,very_negative,0,0,android,MEA
TCKT_082764,2023-02-27 18:58:32,CUST_04593,non_profit,in_app,api_integration,bug,high,resolved,gold,The page keeps crashing whenever I try to open the api integration section.,Thanks for reporting this bug. We are prioritizing this and will update you as soon as possible.,Patched the bug and deployed a fix to production.,3.49,0,neutral,4,0,web,APAC
TCKT_082775,2023-02-21 11:01:51,CUST_02854,individual,web_form,api_integration,other,medium,on_hold,gold,"Something seems off, can you please check my workspace?",Thanks for contacting support. Our team is reviewing this and will follow up within 24 hours.,,,1,positive,5,0,ios,LATAM
TCKT_082866,2023-02-01 07:18:23,CUST_04611,education,email,data_export,performance,high,on_hold,standard,The data export page is very slow and takes a long time to load.,We understand performance issues can be frustrating. We are prioritizing this and will update you as soon as possible.,,,0,negative,2,0,android,APAC
TCKT_082867,2023-02-03 18:40:15,CUST_08138,non_profit,phone_transcript,notifications,how_to,low,resolved,platinum,How can I export my data from the notifications section?,Happy to help with your question. We will look into this and get back to you within the next 48 hours.,Provided step-by-step instructions and relevant documentation.,19.58,0,neutral,4,1,desktop_app,EU
TCKT_082978,2023-02-07 14:40:46,CUST_00544,enterprise,web_form,data_export,billing_problem,medium,on_hold,platinum,My invoice amount is incorrect compared to the plan I selected.,Thanks for reaching out about the billing issue. Our team is reviewing this and will follow up within 24 hours.,,,1,negative,0,0,ios,MEA
TCKT_083059,2023-02-25 16:40:56,CUST_06272,non_profit,web_form,api_integration,other,medium,closed_no_action,platinum,I have a general question about my account.,Thanks for contacting support. Our team is reviewing this and will follow up within 24 hours.,Ticket closed without further action after no response from the customer.,200.61,0,neutral,4,0,desktop_app,
TCKT_083105,2023-02-07 09:20:36,CUST_08474,individual,phone_transcript,api_integration,bug,low,closed_no_action,gold,The page keeps crashing whenever I try to open the api integration section.,Thanks for reporting this bug. We will look into this and get back to you within the next 48 hours.,Ticket closed without further action after no response from the customer.,29.02,1,neutral,0,0,api_client,
TCKT_083120,2023-02-10 09:08:52,CUST_09830,non_profit,in_app,api_integration,account_access,low,closed_no_action,standard,My account was locked after multiple failed login attempts.,Sorry to hear you're having trouble accessing your account. We will look into this and get back to you within the next 48 hours.,Ticket closed without further action after no response from the customer.,183.71,0,very_negative,2,0,desktop_app,MEA
TCKT_083136,2023-02-01 08:51:11,CUST_07791,enterprise,email,billing,feature_request,low,resolved,platinum,Can you add an option to customize billing?,Thanks for your feature suggestion. We will look into this and get back to you within the next 48 hours.,Captured the request and added it to the product backlog.,17.44,0,very_positive,5,0,desktop_app,LATAM
TCKT_083149,2023-02-13 01:24:56,CUST_09299,education,email,api_integration,other,low,resolved,gold,"Something seems off, can you please check my workspace?",Thanks for contacting support. We will look into this and get back to you within the next 48 hours.,Provided general guidance and confirmed the issue was resolved.,12.18,0,neutral,3,0,ios,EU
TCKT_083380,2023-02-13 09:35:14,CUST_06155,non_profit,email,notifications,performance,low,resolved,gold,The notifications page is very slow and takes a long time to load.,We understand performance issues can be frustrating. We will look into this and get back to you within the next 48 hours.,Optimized queries and increased resource allocation.,20.5,0,neutral,0,0,android,EU
TCKT_083446,2023-02-09 23:37:25,CUST_08389,non_profit,web_form,notifications,bug,high,closed_no_action,standard,The page keeps crashing whenever I try to open the notifications section.,Thanks for reporting this bug. We are prioritizing this and will update you as soon as possible.,Ticket closed without further action after no response from the customer.,128.36,0,neutral,4,1,desktop_app,
TCKT_083463,2023-02-24 13:13:59,CUST_05504,enterprise,phone_transcript,data_export,other,high,in_progress,gold,I need help but I'm not sure which category this fits in.,Thanks for contacting support. We are prioritizing this and will update you as soon as possible.,,,0,positive,5,1,desktop_app,APAC
TCKT_083530,2023-02-05 00:31:32,CUST_08743,enterprise,web_form,data_export,billing_problem,medium,in_progress,standard,My invoice amount is incorrect compared to the plan I selected.,Thanks for reaching out about the billing issue. Our team is reviewing this and will follow up within 24 hours.,,,0,very_negative,2,0,desktop_app,EU
TCKT_083546,2023-02-14 11:26:38,CUST_01618,individual,phone_transcript,notifications,feature_request,high,resolved,gold,Our team needs more advanced options for notifications.,Thanks for your feature suggestion. We are prioritizing this and will update you as soon as possible.,Captured the request and added it to the product backlog.,12.82,0,positive,5,1,desktop_app,MEA
TCKT_083553,2023-02-05 17:50:25,CUST_05843,enterprise,email,mobile_app,other,medium,in_progress,gold,I have a general question about my account.,Thanks for contacting support. Our team is reviewing this and will follow up within 24 hours.,,,0,neutral,3,1,android,APAC
TCKT_083590,2023-02-12 17:04:40,CUST_07783,individual,in_app,notifications,account_access,urgent,closed_no_action,standard,My 2FA code is not working when I try to sign in.,Sorry to hear you're having trouble accessing your account. This has been escalated to our on-call team for immediate attention.,Ticket closed without further action after no response from the customer.,34.26,1,negative,3,1,android,LATAM
TCKT_083591,2023-02-05 13:05:26,CUST_01690,non_profit,chat,analytics_dashboard,performance,medium,in_progress,platinum,The analytics dashboard page is very slow and takes a long time to load.,We understand performance issues can be frustrating. Our team is reviewing this and will follow up within 24 hours.,,,0,very_negative,1,0,ios,LATAM
TCKT_083626,2023-02-19 06:13:22,CUST_06023,non_profit,chat,api_integration,account_access,low,resolved,standard,My 2FA code is not working when I try to sign in.,Sorry to hear you're having trouble accessing your account. We will look into this and get back to you within the next 48 hours.,Reset account credentials and confirmed successful login.,67.78,0,positive,4,0,desktop_app,LATAM
TCKT_083636,2023-02-27 21:38:17,CUST_06452,enterprise,email,analytics_dashboard,feature_request,low,open,platinum,Our team needs more advanced options for analytics dashboard.,Thanks for your feature suggestion. We will look into this and get back to you within the next 48 hours.,,,0,positive,0,0,desktop_app,LATAM
TCKT_083657,2023-02-04 16:43:08,CUST_01123,enterprise,phone_transcript,analytics_dashboard,other,low,resolved,standard,"Something seems off, can you please check my workspace?",Thanks for contacting support. We will look into this and get back to you within the next 48 hours.,Provided general guidance and confirmed the issue was resolved.,15.43,0,very_positive,5,0,ios,LATAM
TCKT_083682,2023-02-15 07:15:31,CUST_03455,small_business,in_app,login_auth,billing_problem,high,resolved,standard,My invoice amount is incorrect compared to the plan I selected.,Thanks for reaching out about the billing issue. We are prioritizing this and will update you as soon as possible.,Adjusted the invoice and issued a refund where applicable.,18.33,0,neutral,0,0,android,MEA
TCKT_083699,2023-02-24 04:53:53,CUST_03872,non_profit,chat,notifications,account_access,medium,resolved,platinum,My account was locked after multiple failed login attempts.,Sorry to hear you're having trouble accessing your account. Our team is reviewing this and will follow up within 24 hours.,Reset account credentials and confirmed successful login.,26.88,0,very_negative,1,0,ios,LATAM
TCKT_083802,2023-02-10 20:13:01,CUST_00637,non_profit,phone_transcript,login_auth,how_to,low,in_progress,standard,I need help setting up login auth for my team.,Happy to help with your question. We will look into this and get back to you within the next 48 hours.,,,0,neutral,0,0,api_client,APAC
TCKT_083921,2023-02-14 01:35:54,CUST_08559,individual,web_form,api_integration,billing_problem,low,resolved,platinum,I was charged twice for my subscription this month.,Thanks for reaching out about the billing issue. We will look into this and get back to you within the next 48 hours.,Adjusted the invoice and issued a refund where applicable.,31.88,0,very_negative,0,1,desktop_app,APAC
TCKT_083932,2023-02-12 07:54:23,CUST_05158,enterprise,email,login_auth,account_access,medium,resolved,gold,I cannot log in; the system says my password is incorrect.,Sorry to hear you're having trouble accessing your account. Our team is reviewing this and will follow up within 24 hours.,Reset account credentials and confirmed successful login.,35.87,0,negative,3,0,android,
TCKT_083955,2023-02-16 17:48:06,CUST_06926,non_profit,web_form,data_export,billing_problem,medium,resolved,gold,My invoice amount is incorrect compared to the plan I selected.,Thanks for reaching out about the billing issue. Our team is reviewing this and will follow up within 24 hours.,Adjusted the invoice and issued a refund where applicable.,28.98,0,neutral,3,0,android,MEA
TCKT_083985,2023-02-25 16:40:33,CUST_09419,enterprise,web_form,api_integration,how_to,low,in_progress,platinum,How can I export my data from the api integration section?,Happy to help with your question. We will look into this and get back to you within the next 48 hours.,,,0,neutral,3,0,desktop_app,EU
TCKT_084034,2023-02-08 08:37:28,CUST_06632,education,in_app,login_auth,other,low,resolved,standard,I have a general question about my account.,Thanks for contacting support. We will look into this and get back to you within the next 48 hours.,Provided general guidance and confirmed the issue was resolved.,20.32,0,negative,0,1,api_client,
TCKT_084044,2023-02-28 06:38:37,CUST_05721,education,web_form,api_integration,other,medium,in_progress,gold,I need help but I'm not sure which category this fits in.,Thanks for contacting support. Our team is reviewing this and will follow up within 24 hours.,,,0,positive,0,0,ios,EU
TCKT_084088,2023-02-14 01:05:30,CUST_07093,education,chat,data_export,other,urgent,resolved,gold,I need help but I'm not sure which category this fits in.,Thanks for contacting support. This has been escalated to our on-call team for immediate attention.,Provided general guidance and confirmed the issue was resolved.,5.83,0,negative,0,1,ios,APAC
TCKT_084155,2023-02-10 02:10:17,CUST_02122,small_business,web_form,analytics_dashboard,bug,high,resolved,standard,The analytics dashboard feature is not saving my changes.,Thanks for reporting this bug. We are prioritizing this and will update you as soon as possible.,Patched the bug and deployed a fix to production.,11.97,0,neutral,4,0,desktop_app,APAC
TCKT_084163,2023-02-04 11:41:25,CUST_09197,enterprise,chat,api_integration,billing_problem,medium,open,standard,I downgraded my plan but I am still being billed for the higher tier.,Thanks for reaching out about the billing issue. Our team is reviewing this and will follow up within 24 hours.,,,0,neutral,3,0,desktop_app,
TCKT_084349,2023-02-11 14:24:25,CUST_01611,enterprise,chat,login_auth,other,medium,resolved,standard,"Something seems off, can you please check my workspace?",Thanks for contacting support. Our team is reviewing this and will follow up within 24 hours.,Provided general guidance and confirmed the issue was resolved.,28.52,0,negative,3,1,api_client,EU
TCKT_084387,2023-02-05 20:23:14,CUST_06592,small_business,in_app,data_export,performance,medium,closed_no_action,gold,Overall performance has degraded in the last few days.,We understand performance issues can be frustrating. Our team is reviewing this and will follow up within 24 hours.,Ticket closed without further action after no response from the customer.,128.75,0,negative,2,0,desktop_app,
TCKT_084426,2023-02-10 01:21:54,CUST_08393,small_business,in_app,mobile_app,security_concern,low,resolved,standard,I noticed a suspicious login on my account.,We take security very seriously. We will look into this and get back to you within the next 48 hours.,"Investigated logs, mitigated the issue, and updated security settings.",20.32,1,very_negative,1,1,ios,EU
TCKT_084451,2023-02-06 07:15:37,CUST_02503,enterprise,phone_transcript,notifications,performance,low,in_progress,standard,Overall performance has degraded in the last few days.,We understand performance issues can be frustrating. We will look into this and get back to you within the next 48 hours.,,,0,neutral,3,0,web,EU
TCKT_084464,2023-02-11 01:19:01,CUST_02601,enterprise,chat,api_integration,security_concern,low,resolved,gold,There seems to be a vulnerability in the api integration functionality.,We take security very seriously. We will look into this and get back to you within the next 48 hours.,"Investigated logs, mitigated the issue, and updated security settings.",32.52,0,neutral,0,0,desktop_app,APAC
TCKT_084481,2023-02-09 06:50:19,CUST_05377,education,web_form,billing,billing_problem,urgent,in_progress,platinum,I was charged twice for my subscription this month.,Thanks for reaching out about the billing issue. This has been escalated to our on-call team for immediate attention.,,,0,positive,5,0,desktop_app,
TCKT_084497,2023-02-20 12:36:57,CUST_04812,enterprise,chat,analytics_dashboard,bug,urgent,resolved,standard,The analytics dashboard feature is not saving my changes.,Thanks for reporting this bug. This has been escalated to our on-call team for immediate attention.,Patched the bug and deployed a fix to production.,5.14,0,negative,2,1,ios,MEA
TCKT_084505,2023-02-13 18:55:49,CUST_08416,small_business,chat,analytics_dashboard,account_access,low,resolved,standard,My 2FA code is not working when I try to sign in.,Sorry to hear you're having trouble accessing your account. We will look into this and get back to you within the next 48 hours.,Reset account credentials and confirmed successful login.,32.9,0,very_negative,2,0,android,MEA
TCKT_084519,2023-02-19 01:23:42,CUST_01883,small_business,chat,notifications,feature_request,high,resolved,gold,Our team needs more advanced options for notifications.,Thanks for your feature suggestion. We are prioritizing this and will update you as soon as possible.,Captured the request and added it to the product backlog.,4.09,0,positive,4,1,api_client,EU
TCKT_084543,2023-02-04 07:00:40,CUST_00632,non_profit,web_form,api_integration,feature_request,low,in_progress,standard,It would be great to have api integration support in your product.,Thanks for your feature suggestion. We will look into this and get back to you within the next 48 hours.,,,0,neutral,4,0,ios,LATAM
TCKT_084599,2023-02-02 06:19:42,CUST_07099,enterprise,email,notifications,bug,urgent,resolved,standard,The notifications feature is not saving my changes.,Thanks for reporting this bug. This has been escalated to our on-call team for immediate attention.,Patched the bug and deployed a fix to production.,0.54,0,neutral,0,1,api_client,EU
TCKT_084642,2023-02-02 20:07:19,CUST_08166,education,email,api_integration,security_concern,urgent,resolved,gold,There seems to be a vulnerability in the api integration functionality.,We take security very seriously. This has been escalated to our on-call team for immediate attention.,"Investigated logs, mitigated the issue, and updated security settings.",4.38,0,neutral,0,0,desktop_app,APAC
TCKT_084677,2023-02-26 17:20:39,CUST_07592,individual,email,analytics_dashboard,how_to,low,resolved,standard,Can you explain how to configure analytics dashboard properly?,Happy to help with your question. We will look into this and get back to you within the next 48 hours.,Provided step-by-step instructions and relevant documentation.,41.09,0,negative,0,1,api_client,APAC
TCKT_084694,2023-02-17 21:09:25,CUST_05721,individual,email,api_integration,billing_problem,low,in_progress,standard,I was charged twice for my subscription this month.,Thanks for reaching out about the billing issue. We will look into this and get back to you within the next 48 hours.,,,0,neutral,3,0,ios,EU
TCKT_084815,2023-02-06 01:12:30,CUST_05714,individual,chat,api_integration,feature_request,high,resolved,gold,It would be great to have api integration support in your product.,Thanks for your feature suggestion. We are prioritizing this and will update you as soon as possible.,Captured the request and added it to the product backlog.,6.27,0,negative,2,1,api_client,LATAM
TCKT_084849,2023-02-20 07:08:55,CUST_09562,small_business,email,api_integration,how_to,medium,closed_no_action,gold,I need help setting up api integration for my team.,Happy to help with your question. Our team is reviewing this and will follow up within 24 hours.,Ticket closed without further action after no response from the customer.,124.89,0,very_positive,5,1,web,LATAM
TCKT_084928,2023-02-06 18:51:13,CUST_03819,non_profit,in_app,api_integration,account_access,high,resolved,gold,My 2FA code is not working when I try to sign in.,Sorry to hear you're having trouble accessing your account. We are prioritizing this and will update you as soon as possible.,Reset account credentials and confirmed successful login.,21.53,0,negative,3,0,ios,MEA
TCKT_085001,2023-02-05 16:36:48,CUST_05524,individual,phone_transcript,data_export,account_access,low,resolved,standard,My account was locked after multiple failed login attempts.,Sorry to hear you're having trouble accessing your account. We will look into this and get back to you within the next 48 hours.,Reset account credentials and confirmed successful login.,51.12,0,very_negative,1,0,api_client,EU
TCKT_085106,2023-02-15 21:37:05,CUST_09427,enterprise,in_app,notifications,feature_request,low,resolved,gold,Can you add an option to customize notifications?,Thanks for your feature suggestion. We will look into this and get back to you within the next 48 hours.,Captured the request and added it to the product backlog.,12.52,0,neutral,3,0,ios,LATAM
TCKT_085142,2023-02-01 07:32:52,CUST_04992,small_business,chat,login_auth,other,high,resolved,standard,I have a general question about my account.,Thanks for contacting support. We are prioritizing this and will update you as soon as possible.,Provided general guidance and confirmed the issue was resolved.,19.5,0,neutral,3,0,api_client,MEA
TCKT_085183,2023-02-21 03:19:23,CUST_01192,education,email,api_integration,feature_request,medium,resolved,standard,Can you add an option to customize api integration?,Thanks for your feature suggestion. Our team is reviewing this and will follow up within 24 hours.,Captured the request and added it to the product backlog.,26.68,0,very_positive,5,1,android,MEA
TCKT_085226,2023-02-08 23:33:06,CUST_09287,education,phone_transcript,billing,bug,low,open,standard,The page keeps crashing whenever I try to open the billing section.,Thanks for reporting this bug. We will look into this and get back to you within the next 48 hours.,,,0,neutral,3,0,android,MEA
TCKT_085241,2023-02-11 21:32:21,CUST_07466,individual,phone_transcript,data_export,other,low,in_progress,platinum,I need help but I'm not sure which category this fits in.,Thanks for contacting support. We will look into this and get back to you within the next 48 hours.,,,0,neutral,4,0,web,
TCKT_085390,2023-02-15 13:25:59,CUST_03725,enterprise,chat,analytics_dashboard,performance,medium,resolved,standard,Queries in the analytics dashboard module are timing out.,We understand performance issues can be frustrating. Our team is reviewing this and will follow up within 24 hours.,Optimized queries and increased resource allocation.,25.05,0,neutral,3,0,android,MEA
TCKT_085397,2023-02-07 15:10:08,CUST_02351,education,email,analytics_dashboard,feature_request,high,in_progress,standard,Our team needs more advanced options for analytics dashboard.,Thanks for your feature suggestion. We are prioritizing this and will update you as soon as possible.,,,0,neutral,3,0,desktop_app,
TCKT_085614,2023-02-28 16:27:31,CUST_04191,small_business,email,notifications,billing_problem,medium,resolved,gold,My invoice amount is incorrect compared to the plan I selected.,Thanks for reaching out about the billing issue. Our team is reviewing this and will follow up within 24 hours.,Adjusted the invoice and issued a refund where applicable.,8.82,0,very_negative,2,0,desktop_app,EU
TCKT_085631,2023-02-25 00:52:32,CUST_07319,non_profit,phone_transcript,analytics_dashboard,account_access,medium,resolved,standard,My account was locked after multiple failed login attempts.,Sorry to hear you're having trouble accessing your account. Our team is reviewing this and will follow up within 24 hours.,Reset account credentials and confirmed successful login.,44.66,0,negative,0,0,android,APAC
TCKT_085738,2023-02-13 15:24:35,CUST_02754,education,in_app,notifications,billing_problem,medium,closed_no_action,standard,I was charged twice for my subscription this month.,Thanks for reaching out about the billing issue. Our team is reviewing this and will follow up within 24 hours.,Ticket closed without further action after no response from the customer.,139.62,0,very_negative,0,0,android,MEA
TCKT_085742,2023-02-25 15:11:29,CUST_01498,enterprise,in_app,analytics_dashboard,billing_problem,low,open,standard,I was charged twice for my subscription this month.,Thanks for reaching out about the billing issue. We will look into this and get back to you within the next 48 hours.,,,0,neutral,4,1,ios,
TCKT_085764,2023-02-10 16:30:05,CUST_07173,individual,chat,login_auth,account_access,low,resolved,standard,My account was locked after multiple failed login attempts.,Sorry to hear you're having trouble accessing your account. We will look into this and get back to you within the next 48 hours.,Reset account credentials and confirmed successful login.,68.83,0,negative,3,0,ios,APAC
TCKT_085839,2023-02-05 18:10:13,CUST_06443,education,chat,login_auth,account_access,medium,closed_no_action,standard,My account was locked after multiple failed login attempts.,Sorry to hear you're having trouble accessing your account. Our team is reviewing this and will follow up within 24 hours.,Ticket closed without further action after no response from the customer.,184.89,0,neutral,0,1,api_client,EU
TCKT_085955,2023-02-17 23:14:54,CUST_08717,education,web_form,api_integration,security_concern,low,resolved,standard,I noticed a suspicious login on my account.,We take security very seriously. We will look into this and get back to you within the next 48 hours.,"Investigated logs, mitigated the issue, and updated security settings.",43.55,0,negative,0,1,web,EU
TCKT_086012,2023-02-25 16:08:26,CUST_02473,small_business,phone_transcript,data_export,account_access,low,resolved,standard,My account was locked after multiple failed login attempts.,Sorry to hear you're having trouble accessing your account. We will look into this and get back to you within the next 48 hours.,Reset account credentials and confirmed successful login.,70.87,0,very_negative,0,0,web,APAC
TCKT_086016,2023-02-18 03:13:01,CUST_01544,enterprise,phone_transcript,api_integration,billing_problem,high,closed_no_action,standard,I was charged twice for my subscription this month.,Thanks for reaching out about the billing issue. We are prioritizing this and will update you as soon as possible.,Ticket closed without further action after no response from the customer.,38.65,0,positive,4,0,android,LATAM
TCKT_086173,2023-02-13 06:29:26,CUST_02672,individual,web_form,notifications,account_access,low,on_hold,gold,My 2FA code is not working when I try to sign in.,Sorry to hear you're having trouble accessing your account. We will look into this and get back to you within the next 48 hours.,,,0,positive,5,0,web,EU
TCKT_086198,2023-02-01 22:06:54,CUST_05421,enterprise,phone_transcript,billing,performance,medium,resolved,gold,The billing page is very slow and takes a long time to load.,We understand performance issues can be frustrating. Our team is reviewing this and will follow up within 24 hours.,Optimized queries and increased resource allocation.,20.77,0,negative,0,0,ios,EU
TCKT_086283,2023-02-10 06:12:17,CUST_09874,individual,email,analytics_dashboard,other,high,in_progress,gold,"Something seems off, can you please check my workspace?",Thanks for contacting support. We are prioritizing this and will update you as soon as possible.,,,0,neutral,0,0,ios,APAC
TCKT_086298,2023-02-07 18:12:38,CUST_03687,individual,email,notifications,bug,high,resolved,standard,The notifications feature is not saving my changes.,Thanks for reporting this bug. We are prioritizing this and will update you as soon as possible.,Patched the bug and deployed a fix to production.,6.85,0,neutral,3,0,android,
TCKT_086307,2023-02-12 07:01:27,CUST_00164,education,chat,data_export,performance,low,resolved,platinum,The data export page is very slow and takes a long time to load.,We understand performance issues can be frustrating. We will look into this and get back to you within the next 48 hours.,Optimized queries and increased resource allocation.,38.33,0,negative,2,1,android,MEA
TCKT_086324,2023-02-26 01:40:22,CUST_05853,education,web_form,notifications,account_access,low,on_hold,standard,My 2FA code is not working when I try to sign in.,Sorry to hear you're having trouble accessing your account. We will look into this and get back to you within the next 48 hours.,,,0,very_negative,1,0,ios,EU
TCKT_086339,2023-02-26 07:06:11,CUST_07674,enterprise,email,login_auth,feature_request,low,open,standard,Our team needs more advanced options for login auth.,Thanks for your feature suggestion. We will look into this and get back to you within the next 48 hours.,,,0,neutral,4,0,web,LATAM
TCKT_086341,2023-02-20 02:54:07,CUST_05355,education,email,login_auth,account_access,medium,on_hold,gold,My account was locked after multiple failed login attempts.,Sorry to hear you're having trouble accessing your account. Our team is reviewing this and will follow up within 24 hours.,,,0,negative,2,0,api_client,LATAM
TCKT_086358,2023-02-02 01:14:12,CUST_05966,education,email,data_export,security_concern,low,open,standard,I noticed a suspicious login on my account.,We take security very seriously. We will look into this and get back to you within the next 48 hours.,,,0,negative,3,0,api_client,MEA
TCKT_086374,2023-02-03 10:01:39,CUST_08846,individual,web_form,notifications,bug,urgent,resolved,standard,The page keeps crashing whenever I try to open the notifications section.,Thanks for reporting this bug. This has been escalated to our on-call team for immediate attention.,Patched the bug and deployed a fix to production.,2.49,0,very_negative,2,0,web,LATAM
TCKT_086445,2023-02-21 06:32:48,CUST_05669,individual,web_form,analytics_dashboard,bug,low,resolved,gold,The page keeps crashing whenever I try to open the analytics dashboard section.,Thanks for reporting this bug. We will look into this and get back to you within the next 48 hours.,Patched the bug and deployed a fix to production.,8.54,0,neutral,0,1,api_client,EU
TCKT_086497,2023-02-24 23:32:05,CUST_03891,non_profit,in_app,notifications,security_concern,medium,in_progress,standard,I noticed a suspicious login on my account.,We take security very seriously. Our team is reviewing this and will follow up within 24 hours.,,,0,very_negative,1,1,web,APAC
TCKT_086621,2023-02-16 03:31:57,CUST_08312,education,email,login_auth,performance,low,in_progress,gold,Queries in the login auth module are timing out.,We understand performance issues can be frustrating. We will look into this and get back to you within the next 48 hours.,,,0,very_negative,2,0,web,
TCKT_086686,2023-02-28 00:41:05,CUST_05326,non_profit,in_app,mobile_app,bug,medium,closed_no_action,standard,The page keeps crashing whenever I try to open the mobile app section.,Thanks for reporting this bug. Our team is reviewing this and will follow up within 24 hours.,Ticket closed without further action after no response from the customer.,49.72,0,neutral,3,0,web,EU
TCKT_086746,2023-02-01 01:41:46,CUST_06695,education,chat,notifications,other,low,resolved,platinum,"Something seems off, can you please check my workspace?",Thanks for contacting support. We will look into this and get back to you within the next 48 hours.,Provided general guidance and confirmed the issue was resolved.,51.7,0,very_negative,1,0,desktop_app,EU
TCKT_086815,2023-02-02 00:31:56,CUST_00252,small_business,web_form,data_export,bug,low,resolved,standard,The data export feature is not saving my changes.,Thanks for reporting this bug. We will look into this and get back to you within the next 48 hours.,Patched the bug and deployed a fix to production.,57.72,0,neutral,3,0,api_client,EU
TCKT_086903,2023-02-18 00:01:29,CUST_09614,small_business,in_app,login_auth,bug,low,resolved,standard,The login auth feature is not saving my changes.,Thanks for reporting this bug. We will look into this and get back to you within the next 48 hours.,Patched the bug and deployed a fix to production.,56.19,0,neutral,0,0,desktop_app,LATAM
TCKT_086935,2023-02-08 07:33:18,CUST_00441,education,email,analytics_dashboard,feature_request,low,resolved,gold,Can you add an option to customize analytics dashboard?,Thanks for your feature suggestion. We will look into this and get back to you within the next 48 hours.,Captured the request and added it to the product backlog.,49.34,0,neutral,3,0,web,MEA
TCKT_087053,2023-02-13 14:42:29,CUST_09248,non_profit,phone_transcript,login_auth,bug,medium,in_progress,standard,The login auth feature is not saving my changes.,Thanks for reporting this bug. Our team is reviewing this and will follow up within 24 hours.,,,0,positive,4,0,web,LATAM
TCKT_087154,2023-02-20 06:37:48,CUST_07176,small_business,phone_transcript,billing,billing_problem,low,in_progress,standard,I downgraded my plan but I am still being billed for the higher tier.,Thanks for reaching out about the billing issue. We will look into this and get back to you within the next 48 hours.,,,0,neutral,0,0,desktop_app,EU
TCKT_087274,2023-02-04 03:24:35,CUST_08523,small_business,phone_transcript,api_integration,security_concern,low,resolved,standard,I noticed a suspicious login on my account.,We take security very seriously. We will look into this and get back to you within the next 48 hours.,"Investigated logs, mitigated the issue, and updated security settings.",23.94,0,very_negative,0,1,android,LATAM
TCKT_087277,2023-02-02 01:27:12,CUST_04289,individual,phone_transcript,login_auth,bug,medium,resolved,standard,The login auth feature is not saving my changes.,Thanks for reporting this bug. Our team is reviewing this and will follow up within 24 hours.,Patched the bug and deployed a fix to production.,31.9,0,very_positive,5,0,desktop_app,MEA
TCKT_087292,2023-02-15 08:25:00,CUST_05863,individual,web_form,mobile_app,how_to,medium,resolved,platinum,I need help setting up mobile app for my team.,Happy to help with your question. Our team is reviewing this and will follow up within 24 hours.,Provided step-by-step instructions and relevant documentation.,40.83,0,neutral,3,0,api_client,EU
TCKT_087301,2023-02-04 12:24:36,CUST_09664,education,chat,billing,feature_request,urgent,resolved,standard,Can you add an option to customize billing?,Thanks for your feature suggestion. This has been escalated to our on-call team for immediate attention.,Captured the request and added it to the product backlog.,7.02,0,very_negative,1,0,ios,
TCKT_087319,2023-02-18 18:36:23,CUST_09728,individual,phone_transcript,data_export,billing_problem,high,resolved,platinum,I downgraded my plan but I am still being billed for the higher tier.,Thanks for reaching out about the billing issue. We are prioritizing this and will update you as soon as possible.,Adjusted the invoice and issued a refund where applicable.,14.28,0,neutral,3,0,web,APAC
TCKT_087360,2023-02-28 12:31:51,CUST_02804,individual,in_app,mobile_app,billing_problem,medium,open,standard,My invoice amount is incorrect compared to the plan I selected.,Thanks for reaching out about the billing issue. Our team is reviewing this and will follow up within 24 hours.,,,0,positive,5,0,android,
TCKT_087445,2023-02-04 14:57:53,CUST_02781,small_business,chat,notifications,how_to,medium,resolved,standard,Can you explain how to configure notifications properly?,Happy to help with your question. Our team is reviewing this and will follow up within 24 hours.,Provided step-by-step instructions and relevant documentation.,6.6,0,neutral,4,0,api_client,LATAM
TCKT_087465,2023-02-11 08:46:28,CUST_01482,education,web_form,data_export,bug,high,open,gold,The page keeps crashing whenever I try to open the data export section.,Thanks for reporting this bug. We are prioritizing this and will update you as soon as possible.,,,0,very_negative,0,0,desktop_app,MEA
TCKT_087624,2023-02-02 20:06:46,CUST_05010,non_profit,phone_transcript,notifications,security_concern,medium,resolved,platinum,I noticed a suspicious login on my account.,We take security very seriously. Our team is reviewing this and will follow up within 24 hours.,"Investigated logs, mitigated the issue, and updated security settings.",13.84,0,neutral,0,0,android,EU
TCKT_087730,2023-02-13 15:19:09,CUST_07964,education,chat,mobile_app,performance,medium,resolved,gold,Queries in the mobile app module are timing out.,We understand performance issues can be frustrating. Our team is reviewing this and will follow up within 24 hours.,Optimized queries and increased resource allocation.,4.13,0,positive,0,1,ios,APAC
TCKT_087755,2023-02-20 10:19:22,CUST_04908,small_business,email,api_integration,billing_problem,medium,resolved,standard,I downgraded my plan but I am still being billed for the higher tier.,Thanks for reaching out about the billing issue. Our team is reviewing this and will follow up within 24 hours.,Adjusted the invoice and issued a refund where applicable.,31.76,0,very_negative,0,0,desktop_app,APAC
TCKT_087763,2023-02-06 09:00:45,CUST_08883,individual,email,api_integration,other,high,on_hold,standard,"Something seems off, can you please check my workspace?",Thanks for contacting support. We are prioritizing this and will update you as soon as possible.,,,0,negative,0,0,ios,LATAM
TCKT_087782,2023-02-14 00:35:29,CUST_00540,non_profit,in_app,billing,security_concern,medium,in_progress,standard,There seems to be a vulnerability in the billing functionality.,We take security very seriously. Our team is reviewing this and will follow up within 24 hours.,,,0,negative,0,0,android,
TCKT_087878,2023-02-12 17:07:45,CUST_04242,enterprise,web_form,billing,other,low,resolved,standard,I have a general question about my account.,Thanks for contacting support. We will look into this and get back to you within the next 48 hours.,Provided general guidance and confirmed the issue was resolved.,27.6,0,negative,0,0,desktop_app,
TCKT_087891,2023-02-18 07:26:10,CUST_07688,enterprise,chat,api_integration,how_to,medium,open,standard,I need help setting up api integration for my team.,Happy to help with your question. Our team is reviewing this and will follow up within 24 hours.,,,1,very_positive,0,1,android,
TCKT_088011,2023-02-16 16:21:05,CUST_04630,individual,web_form,data_export,other,low,resolved,standard,I need help but I'm not sure which category this fits in.,Thanks for contacting support. We will look into this and get back to you within the next 48 hours.,Provided general guidance and confirmed the issue was resolved.,26.83,0,negative,3,0,android,MEA
TCKT_088017,2023-02-14 03:33:23,CUST_09423,small_business,email,mobile_app,performance,low,closed_no_action,gold,Queries in the mobile app module are timing out.,We understand performance issues can be frustrating. We will look into this and get back to you within the next 48 hours.,Ticket closed without further action after no response from the customer.,208.73,0,negative,3,0,ios,MEA
TCKT_088020,2023-02-08 02:02:08,CUST_09299,education,in_app,data_export,other,medium,resolved,platinum,I need help but I'm not sure which category this fits in.,Thanks for contacting support. Our team is reviewing this and will follow up within 24 hours.,Provided general guidance and confirmed the issue was resolved.,45.2,0,negative,2,1,android,LATAM
TCKT_088050,2023-02-25 03:45:42,CUST_01861,individual,email,data_export,security_concern,low,resolved,gold,There seems to be a vulnerability in the data export functionality.,We take security very seriously. We will look into this and get back to you within the next 48 hours.,"Investigated logs, mitigated the issue, and updated security settings.",39.25,0,negative,3,0,desktop_app,
TCKT_088192,2023-02-19 15:02:48,CUST_03123,education,email,api_integration,bug,low,on_hold,standard,The page keeps crashing whenever I try to open the api integration section.,Thanks for reporting this bug. We will look into this and get back to you within the next 48 hours.,,,0,negative,3,0,ios,APAC
TCKT_088231,2023-02-01 11:14:09,CUST_02510,enterprise,in_app,notifications,how_to,low,closed_no_action,standard,How can I export my data from the notifications section?,Happy to help with your question. We will look into this and get back to you within the next 48 hours.,Ticket closed without further action after no response from the customer.,88.05,0,very_positive,5,1,android,APAC
TCKT_088256,2023-02-13 08:04:05,CUST_02169,small_business,web_form,billing,feature_request,medium,open,standard,Our team needs more advanced options for billing.,Thanks for your feature suggestion. Our team is reviewing this and will follow up within 24 hours.,,,0,negative,3,0,desktop_app,MEA
TCKT_088309,2023-02-02 14:51:48,CUST_00388,small_business,email,api_integration,account_access,medium,resolved,standard,I cannot log in; the system says my password is incorrect.,Sorry to hear you're having trouble accessing your account. Our team is reviewing this and will follow up within 24 hours.,Reset account credentials and confirmed successful login.,38.31,0,very_negative,1,0,ios,APAC
TCKT_088392,2023-02-22 17:06:26,CUST_07920,enterprise,chat,notifications,billing_problem,medium,resolved,standard,I was charged twice for my subscription this month.,Thanks for reaching out about the billing issue. Our team is reviewing this and will follow up within 24 hours.,Adjusted the invoice and issued a refund where applicable.,28.1,0,negative,0,0,ios,LATAM
TCKT_088399,2023-02-21 11:25:50,CUST_00808,individual,chat,api_integration,billing_problem,medium,in_progress,gold,My invoice amount is incorrect compared to the plan I selected.,Thanks for reaching out about the billing issue. Our team is reviewing this and will follow up within 24 hours.,,,0,neutral,0,1,web,APAC
TCKT_088408,2023-02-22 16:28:31,CUST_09336,non_profit,phone_transcript,mobile_app,performance,urgent,resolved,standard,Queries in the mobile app module are timing out.,We understand performance issues can be frustrating. This has been escalated to our on-call team for immediate attention.,Optimized queries and increased resource allocation.,5.44,0,very_positive,5,0,android,
TCKT_088507,2023-02-16 06:39:48,CUST_07055,enterprise,phone_transcript,notifications,billing_problem,low,closed_no_action,standard,My invoice amount is incorrect compared to the plan I selected.,Thanks for reaching out about the billing issue. We will look into this and get back to you within the next 48 hours.,Ticket closed without further action after no response from the customer.,217.3,0,very_negative,2,0,web,EU
TCKT_088636,2023-02-08 05:54:37,CUST_05924,individual,email,api_integration,how_to,low,open,gold,I need help setting up api integration for my team.,Happy to help with your question. We will look into this and get back to you within the next 48 hours.,,,0,very_positive,0,0,web,APAC
TCKT_088671,2023-02-04 15:02:56,CUST_08934,enterprise,web_form,analytics_dashboard,security_concern,medium,resolved,standard,We need details about your data encryption and compliance.,We take security very seriously. Our team is reviewing this and will follow up within 24 hours.,"Investigated logs, mitigated the issue, and updated security settings.",19.02,0,very_negative,1,0,ios,EU
TCKT_088680,2023-02-07 00:57:41,CUST_05930,individual,in_app,api_integration,feature_request,low,resolved,standard,Can you add an option to customize api integration?,Thanks for your feature suggestion. We will look into this and get back to you within the next 48 hours.,Captured the request and added it to the product backlog.,37.58,1,neutral,3,0,desktop_app,
TCKT_088777,2023-02-24 13:38:27,CUST_04462,education,web_form,api_integration,account_access,low,in_progress,gold,My 2FA code is not working when I try to sign in.,Sorry to hear you're having trouble accessing your account. We will look into this and get back to you within the next 48 hours.,,,0,negative,0,0,web,LATAM
TCKT_088863,2023-02-25 21:46:00,CUST_05427,individual,email,api_integration,security_concern,high,resolved,gold,There seems to be a vulnerability in the api integration functionality.,We take security very seriously. We are prioritizing this and will update you as soon as possible.,"Investigated logs, mitigated the issue, and updated security settings.",5.14,0,negative,0,1,ios,EU
TCKT_088898,2023-02-19 12:06:30,CUST_03687,non_profit,in_app,notifications,bug,medium,resolved,standard,I am seeing an error message when I click on notifications.,Thanks for reporting this bug. Our team is reviewing this and will follow up within 24 hours.,Patched the bug and deployed a fix to production.,35.49,0,neutral,3,1,ios,EU
TCKT_088926,2023-02-01 08:41:44,CUST_05102,enterprise,email,api_integration,bug,medium,resolved,standard,The page keeps crashing whenever I try to open the api integration section.,Thanks for reporting this bug. Our team is reviewing this and will follow up within 24 hours.,Patched the bug and deployed a fix to production.,12.22,0,very_negative,2,0,api_client,APAC
TCKT_088978,2023-02-23 05:46:56,CUST_01394,individual,phone_transcript,analytics_dashboard,how_to,high,resolved,standard,I need help setting up analytics dashboard for my team.,Happy to help with your question. We are prioritizing this and will update you as soon as possible.,Provided step-by-step instructions and relevant documentation.,14.95,0,neutral,0,0,web,MEA
TCKT_089060,2023-02-05 14:25:21,CUST_02776,enterprise,chat,data_export,feature_request,medium,in_progress,gold,It would be great to have data export support in your product.,Thanks for your feature suggestion. Our team is reviewing this and will follow up within 24 hours.,,,0,negative,2,0,web,LATAM
TCKT_089108,2023-02-27 03:51:23,CUST_01327,individual,web_form,mobile_app,other,high,in_progress,gold,"Something seems off, can you please check my workspace?",Thanks for contacting support. We are prioritizing this and will update you as soon as possible.,,,0,positive,4,0,web,APAC
TCKT_089154,2023-02-13 20:50:57,CUST_01237,enterprise,chat,data_export,security_concern,medium,in_progress,platinum,We need details about your data encryption and compliance.,We take security very seriously. Our team is reviewing this and will follow up within 24 hours.,,,0,very_negative,1,0,api_client,APAC
TCKT_089320,2023-02-10 14:30:19,CUST_01413,individual,email,analytics_dashboard,other,medium,closed_no_action,standard,I have a general question about my account.,Thanks for contacting support. Our team is reviewing this and will follow up within 24 hours.,Ticket closed without further action after no response from the customer.,36.14,0,neutral,4,0,api_client,LATAM
TCKT_089356,2023-02-27 02:18:14,CUST_07965,enterprise,email,login_auth,performance,medium,in_progress,gold,Queries in the login auth module are timing out.,We understand performance issues can be frustrating. Our team is reviewing this and will follow up within 24 hours.,,,0,negative,3,1,ios,EU
TCKT_089367,2023-02-15 19:59:35,CUST_03920,non_profit,email,analytics_dashboard,how_to,urgent,resolved,gold,I need help setting up analytics dashboard for my team.,Happy to help with your question. This has been escalated to our on-call team for immediate attention.,Provided step-by-step instructions and relevant documentation.,3.3,0,positive,4,0,desktop_app,APAC
TCKT_089474,2023-02-18 12:28:56,CUST_03977,enterprise,chat,api_integration,feature_request,medium,resolved,standard,Our team needs more advanced options for api integration.,Thanks for your feature suggestion. Our team is reviewing this and will follow up within 24 hours.,Captured the request and added it to the product backlog.,33.61,0,negative,0,0,api_client,LATAM
TCKT_089492,2023-02-01 02:43:10,CUST_07065,small_business,email,mobile_app,other,low,resolved,standard,I have a general question about my account.,Thanks for contacting support. We will look into this and get back to you within the next 48 hours.,Provided general guidance and confirmed the issue was resolved.,64.94,0,neutral,0,0,ios,
TCKT_089513,2023-02-21 00:26:42,CUST_09640,enterprise,chat,login_auth,other,urgent,resolved,standard,I need help but I'm not sure which category this fits in.,Thanks for contacting support. This has been escalated to our on-call team for immediate attention.,Provided general guidance and confirmed the issue was resolved.,4.98,1,negative,2,1,android,LATAM
TCKT_089534,2023-02-07 22:48:52,CUST_09266,education,in_app,notifications,bug,medium,resolved,gold,I am seeing an error message when I click on notifications.,Thanks for reporting this bug. Our team is reviewing this and will follow up within 24 hours.,Patched the bug and deployed a fix to production.,42.34,0,very_negative,2,1,web,MEA
TCKT_089551,2023-02-09 12:59:03,CUST_06348,individual,chat,mobile_app,other,high,resolved,gold,I need help but I'm not sure which category this fits in.,Thanks for contacting support. We are prioritizing this and will update you as soon as possible.,Provided general guidance and confirmed the issue was resolved.,13.78,0,very_positive,5,0,desktop_app,MEA
TCKT_089624,2023-02-06 05:45:35,CUST_02829,individual,web_form,notifications,performance,low,on_hold,platinum,Queries in the notifications module are timing out.,We understand performance issues can be frustrating. We will look into this and get back to you within the next 48 hours.,,,0,very_negative,0,0,desktop_app,MEA
TCKT_089693,2023-02-08 17:17:11,CUST_05646,education,phone_transcript,login_auth,security_concern,medium,on_hold,standard,There seems to be a vulnerability in the login auth functionality.,We take security very seriously. Our team is reviewing this and will follow up within 24 hours.,,,0,very_negative,1,0,ios,EU
TCKT_089696,2023-02-05 03:22:30,CUST_04994,education,in_app,api_integration,account_access,low,in_progress,standard,My account was locked after multiple failed login attempts.,Sorry to hear you're having trouble accessing your account. We will look into this and get back to you within the next 48 hours.,,,0,negative,0,1,ios,LATAM
TCKT_089733,2023-02-09 09:03:34,CUST_02617,education,in_app,login_auth,feature_request,medium,resolved,standard,Our team needs more advanced options for login auth.,Thanks for your feature suggestion. Our team is reviewing this and will follow up within 24 hours.,Captured the request and added it to the product backlog.,15.37,0,very_negative,1,0,desktop_app,
TCKT_089784,2023-02-11 07:16:14,CUST_05767,enterprise,chat,data_export,billing_problem,high,resolved,platinum,I downgraded my plan but I am still being billed for the higher tier.,Thanks for reaching out about the billing issue. We are prioritizing this and will update you as soon as possible.,Adjusted the invoice and issued a refund where applicable.,3.06,0,negative,3,0,ios,APAC
TCKT_089827,2023-02-17 05:46:42,CUST_04065,individual,web_form,api_integration,account_access,medium,in_progress,gold,I cannot log in; the system says my password is incorrect.,Sorry to hear you're having trouble accessing your account. Our team is reviewing this and will follow up within 24 hours.,,,0,very_positive,0,0,web,MEA
TCKT_089851,2023-02-20 03:21:33,CUST_06839,education,web_form,login_auth,bug,low,resolved,standard,The page keeps crashing whenever I try to open the login auth section.,Thanks for reporting this bug. We will look into this and get back to you within the next 48 hours.,Patched the bug and deployed a fix to production.,33.41,0,negative,3,1,android,EU
TCKT_089924,2023-02-13 20:27:21,CUST_00315,individual,chat,billing,other,low,resolved,gold,"Something seems off, can you please check my workspace?",Thanks for contacting support. We will look into this and get back to you within the next 48 hours.,Provided general guidance and confirmed the issue was resolved.,34.51,0,positive,4,0,api_client,APAC
TCKT_090028,2023-02-10 03:30:20,CUST_01116,non_profit,chat,analytics_dashboard,performance,medium,open,standard,Queries in the analytics dashboard module are timing out.,We understand performance issues can be frustrating. Our team is reviewing this and will follow up within 24 hours.,,,0,negative,2,0,web,LATAM
TCKT_090167,2023-02-07 02:58:21,CUST_04065,education,in_app,api_integration,other,urgent,resolved,gold,"Something seems off, can you please check my workspace?",Thanks for contacting support. This has been escalated to our on-call team for immediate attention.,Provided general guidance and confirmed the issue was resolved.,5.58,0,negative,2,1,web,APAC
TCKT_090207,2023-02-01 04:08:23,CUST_07863,non_profit,email,analytics_dashboard,performance,high,in_progress,gold,Overall performance has degraded in the last few days.,We understand performance issues can be frustrating. We are prioritizing this and will update you as soon as possible.,,,0,very_negative,0,1,ios,MEA
TCKT_090274,2023-02-16 18:37:10,CUST_04360,individual,email,analytics_dashboard,account_access,high,in_progress,standard,I cannot log in; the system says my password is incorrect.,Sorry to hear you're having trouble accessing your account. We are prioritizing this and will update you as soon as possible.,,,0,neutral,4,1,web,EU
TCKT_090284,2023-02-18 07:20:32,CUST_01693,education,phone_transcript,notifications,security_concern,low,resolved,standard,We need details about your data encryption and compliance.,We take security very seriously. We will look into this and get back to you within the next 48 hours.,"Investigated logs, mitigated the issue, and updated security settings.",28.82,0,negative,2,0,api_client,
TCKT_090288,2023-02-06 16:12:08,CUST_09798,education,web_form,login_auth,security_concern,medium,resolved,gold,We need details about your data encryption and compliance.,We take security very seriously. Our team is reviewing this and will follow up within 24 hours.,"Investigated logs, mitigated the issue, and updated security settings.",40.45,0,very_negative,2,0,api_client,
TCKT_090442,2023-02-27 15:24:21,CUST_06568,small_business,web_form,data_export,account_access,low,in_progress,gold,My 2FA code is not working when I try to sign in.,Sorry to hear you're having trouble accessing your account. We will look into this and get back to you within the next 48 hours.,,,0,negative,2,0,android,MEA
TCKT_090509,2023-02-08 13:28:06,CUST_02598,non_profit,email,billing,bug,medium,resolved,standard,I am seeing an error message when I click on billing.,Thanks for reporting this bug. Our team is reviewing this and will follow up within 24 hours.,Patched the bug and deployed a fix to production.,20.28,0,neutral,4,0,web,LATAM
TCKT_090540,2023-02-02 22:56:08,CUST_04666,non_profit,phone_transcript,analytics_dashboard,performance,low,closed_no_action,standard,Overall performance has degraded in the last few days.,We understand performance issues can be frustrating. We will look into this and get back to you within the next 48 hours.,Ticket closed without further action after no response from the customer.,214.48,0,neutral,4,1,web,APAC
TCKT_090624,2023-02-19 11:08:40,CUST_02706,non_profit,email,data_export,bug,high,resolved,gold,The data export feature is not saving my changes.,Thanks for reporting this bug. We are prioritizing this and will update you as soon as possible.,Patched the bug and deployed a fix to production.,3.05,0,positive,4,1,web,APAC
TCKT_090636,2023-02-18 09:14:06,CUST_07584,individual,email,notifications,performance,low,resolved,gold,The notifications page is very slow and takes a long time to load.,We understand performance issues can be frustrating. We will look into this and get back to you within the next 48 hours.,Optimized queries and increased resource allocation.,24.99,0,positive,4,0,ios,
TCKT_090678,2023-02-26 01:12:35,CUST_05804,non_profit,chat,billing,feature_request,low,on_hold,gold,It would be great to have billing support in your product.,Thanks for your feature suggestion. We will look into this and get back to you within the next 48 hours.,,,0,positive,5,1,api_client,EU
TCKT_090689,2023-02-04 05:02:56,CUST_06500,non_profit,email,api_integration,account_access,medium,resolved,standard,My account was locked after multiple failed login attempts.,Sorry to hear you're having trouble accessing your account. Our team is reviewing this and will follow up within 24 hours.,Reset account credentials and confirmed successful login.,47.79,0,negative,3,0,desktop_app,EU
TCKT_090704,2023-02-03 13:07:06,CUST_02364,small_business,in_app,api_integration,billing_problem,high,resolved,platinum,I was charged twice for my subscription this month.,Thanks for reaching out about the billing issue. We are prioritizing this and will update you as soon as possible.,Adjusted the invoice and issued a refund where applicable.,4.24,0,neutral,0,0,android,MEA
TCKT_090807,2023-02-07 19:26:22,CUST_00483,individual,web_form,login_auth,billing_problem,medium,in_progress,platinum,I was charged twice for my subscription this month.,Thanks for reaching out about the billing issue. Our team is reviewing this and will follow up within 24 hours.,,,0,negative,3,0,android,EU
TCKT_090811,2023-02-18 01:26:33,CUST_02242,education,email,analytics_dashboard,feature_request,medium,resolved,standard,Our team needs more advanced options for analytics dashboard.,Thanks for your feature suggestion. Our team is reviewing this and will follow up within 24 hours.,Captured the request and added it to the product backlog.,21.15,0,positive,5,0,ios,
TCKT_090857,2023-02-03 00:23:53,CUST_02435,small_business,in_app,data_export,how_to,low,resolved,platinum,How can I export my data from the data export section?,Happy to help with your question. We will look into this and get back to you within the next 48 hours.,Provided step-by-step instructions and relevant documentation.,9.27,0,negative,0,0,desktop_app,APAC
TCKT_090861,2023-02-18 03:44:34,CUST_05625,small_business,email,analytics_dashboard,how_to,low,in_progress,gold,I need help setting up analytics dashboard for my team.,Happy to help with your question. We will look into this and get back to you within the next 48 hours.,,,0,neutral,3,1,ios,EU
TCKT_090885,2023-02-06 19:17:45,CUST_01493,individual,web_form,analytics_dashboard,other,medium,in_progress,gold,I need help but I'm not sure which category this fits in.,Thanks for contacting support. Our team is reviewing this and will follow up within 24 hours.,,,0,negative,3,0,api_client,
TCKT_090952,2023-02-21 10:27:46,CUST_06048,non_profit,email,billing,feature_request,medium,resolved,standard,It would be great to have billing support in your product.,Thanks for your feature suggestion. Our team is reviewing this and will follow up within 24 hours.,Captured the request and added it to the product backlog.,28.52,0,very_positive,0,0,android,LATAM
TCKT_090984,2023-02-13 08:18:51,CUST_03395,individual,chat,notifications,bug,medium,resolved,gold,I am seeing an error message when I click on notifications.,Thanks for reporting this bug. Our team is reviewing this and will follow up within 24 hours.,Patched the bug and deployed a fix to production.,39.77,0,very_negative,1,0,desktop_app,MEA
TCKT_090988,2023-02-26 21:02:27,CUST_07387,education,chat,mobile_app,bug,low,resolved,gold,The page keeps crashing whenever I try to open the mobile app section.,Thanks for reporting this bug. We will look into this and get back to you within the next 48 hours.,Patched the bug and deployed a fix to production.,36.34,0,very_positive,0,0,api_client,APAC
TCKT_091106,2023-02-13 09:56:18,CUST_02229,education,web_form,billing,billing_problem,high,resolved,gold,I downgraded my plan but I am still being billed for the higher tier.,Thanks for reaching out about the billing issue. We are prioritizing this and will update you as soon as possible.,Adjusted the invoice and issued a refund where applicable.,23.02,0,positive,0,1,android,
TCKT_091111,2023-02-04 17:50:31,CUST_04783,education,chat,mobile_app,performance,low,resolved,standard,The mobile app page is very slow and takes a long time to load.,We understand performance issues can be frustrating. We will look into this and get back to you within the next 48 hours.,Optimized queries and increased resource allocation.,31.1,0,very_positive,5,0,desktop_app,MEA
TCKT_091264,2023-02-10 03:16:26,CUST_01460,education,phone_transcript,analytics_dashboard,feature_request,medium,in_progress,standard,It would be great to have analytics dashboard support in your product.,Thanks for your feature suggestion. Our team is reviewing this and will follow up within 24 hours.,,,0,neutral,3,0,desktop_app,EU
TCKT_091346,2023-02-02 09:06:36,CUST_06923,small_business,web_form,billing,bug,urgent,resolved,standard,The page keeps crashing whenever I try to open the billing section.,Thanks for reporting this bug. This has been escalated to our on-call team for immediate attention.,Patched the bug and deployed a fix to production.,4.06,0,neutral,3,1,api_client,
TCKT_091416,2023-02-26 14:18:08,CUST_04484,non_profit,chat,data_export,performance,medium,resolved,standard,Overall performance has degraded in the last few days.,We understand performance issues can be frustrating. Our team is reviewing this and will follow up within 24 hours.,Optimized queries and increased resource allocation.,8.01,0,negative,2,1,desktop_app,MEA
TCKT_091424,2023-02-16 09:51:32,CUST_00628,individual,email,analytics_dashboard,feature_request,low,in_progress,standard,It would be great to have analytics dashboard support in your product.,Thanks for your feature suggestion. We will look into this and get back to you within the next 48 hours.,,,0,positive,4,0,desktop_app,APAC
TCKT_091730,2023-02-10 21:28:43,CUST_08693,non_profit,phone_transcript,notifications,performance,medium,closed_no_action,standard,Overall performance has degraded in the last few days.,We understand performance issues can be frustrating. Our team is reviewing this and will follow up within 24 hours.,Ticket closed without further action after no response from the customer.,194.28,0,very_negative,1,1,web,LATAM
TCKT_091740,2023-02-07 07:26:16,CUST_09523,individual,web_form,api_integration,performance,urgent,resolved,standard,Queries in the api integration module are timing out.,We understand performance issues can be frustrating. This has been escalated to our on-call team for immediate attention.,Optimized queries and increased resource allocation.,6.26,0,negative,2,1,desktop_app,
TCKT_091749,2023-02-14 05:22:59,CUST_08370,non_profit,phone_transcript,billing,feature_request,medium,resolved,gold,Our team needs more advanced options for billing.,Thanks for your feature suggestion. Our team is reviewing this and will follow up within 24 hours.,Captured the request and added it to the product backlog.,5.13,0,very_positive,5,0,ios,LATAM
TCKT_091835,2023-02-23 13:16:51,CUST_00727,enterprise,email,login_auth,feature_request,high,resolved,gold,It would be great to have login auth support in your product.,Thanks for your feature suggestion. We are prioritizing this and will update you as soon as possible.,Captured the request and added it to the product backlog.,16.82,0,neutral,4,0,desktop_app,
TCKT_091846,2023-02-05 03:26:26,CUST_09764,enterprise,phone_transcript,billing,other,medium,resolved,gold,I need help but I'm not sure which category this fits in.,Thanks for contacting support. Our team is reviewing this and will follow up within 24 hours.,Provided general guidance and confirmed the issue was resolved.,35.84,0,neutral,4,0,android,MEA
TCKT_091854,2023-02-10 21:36:25,CUST_08887,enterprise,email,login_auth,billing_problem,medium,in_progress,standard,My invoice amount is incorrect compared to the plan I selected.,Thanks for reaching out about the billing issue. Our team is reviewing this and will follow up within 24 hours.,,,0,very_negative,1,0,desktop_app,MEA
TCKT_091902,2023-02-12 09:31:08,CUST_08822,small_business,web_form,api_integration,other,high,in_progress,gold,"Something seems off, can you please check my workspace?",Thanks for contacting support. We are prioritizing this and will update you as soon as possible.,,,0,positive,0,0,web,EU
TCKT_092013,2023-02-20 09:34:27,CUST_09417,small_business,chat,analytics_dashboard,performance,medium,resolved,standard,Overall performance has degraded in the last few days.,We understand performance issues can be frustrating. Our team is reviewing this and will follow up within 24 hours.,Optimized queries and increased resource allocation.,17.25,1,positive,0,0,ios,LATAM
TCKT_092069,2023-02-10 12:08:14,CUST_04654,individual,chat,billing,security_concern,high,resolved,standard,I noticed a suspicious login on my account.,We take security very seriously. We are prioritizing this and will update you as soon as possible.,"Investigated logs, mitigated the issue, and updated security settings.",8.96,0,positive,4,1,api_client,APAC
TCKT_092071,2023-02-14 02:10:48,CUST_02199,education,chat,mobile_app,account_access,low,in_progress,standard,My account was locked after multiple failed login attempts.,Sorry to hear you're having trouble accessing your account. We will look into this and get back to you within the next 48 hours.,,,0,very_negative,0,0,ios,APAC
TCKT_092116,2023-02-11 14:09:08,CUST_06207,non_profit,phone_transcript,api_integration,performance,high,closed_no_action,standard,Queries in the api integration module are timing out.,We understand performance issues can be frustrating. We are prioritizing this and will update you as soon as possible.,Ticket closed without further action after no response from the customer.,32.81,0,very_negative,1,0,android,
TCKT_092265,2023-02-10 08:07:41,CUST_05932,small_business,web_form,login_auth,security_concern,low,on_hold,platinum,There seems to be a vulnerability in the login auth functionality.,We take security very seriously. We will look into this and get back to you within the next 48 hours.,,,0,negative,3,0,api_client,EU
TCKT_092428,2023-02-02 07:30:27,CUST_07643,enterprise,chat,notifications,security_concern,urgent,resolved,gold,There seems to be a vulnerability in the notifications functionality.,We take security very seriously. This has been escalated to our on-call team for immediate attention.,"Investigated logs, mitigated the issue, and updated security settings.",5.91,0,negative,2,1,ios,
TCKT_092494,2023-02-14 00:37:07,CUST_01828,non_profit,in_app,notifications,account_access,low,resolved,standard,My account was locked after multiple failed login attempts.,Sorry to hear you're having trouble accessing your account. We will look into this and get back to you within the next 48 hours.,Reset account credentials and confirmed successful login.,47.77,0,negative,3,0,web,EU
TCKT_092565,2023-02-25 04:43:03,CUST_09017,education,in_app,login_auth,account_access,low,resolved,standard,I cannot log in; the system says my password is incorrect.,Sorry to hear you're having trouble accessing your account. We will look into this and get back to you within the next 48 hours.,Reset account credentials and confirmed successful login.,39.86,0,very_negative,1,0,android,
TCKT_092569,2023-02-13 15:20:26,CUST_00029,individual,web_form,analytics_dashboard,feature_request,low,in_progress,standard,It would be great to have analytics dashboard support in your product.,Thanks for your feature suggestion. We will look into this and get back to you within the next 48 hours.,,,0,negative,3,0,ios,EU
TCKT_092599,2023-02-23 14:47:55,CUST_02200,individual,phone_transcript,notifications,how_to,medium,resolved,standard,Can you explain how to configure notifications properly?,Happy to help with your question. Our team is reviewing this and will follow up within 24 hours.,Provided step-by-step instructions and relevant documentation.,15.66,0,positive,5,0,desktop_app,
TCKT_092677,2023-02-27 03:18:13,CUST_05072,enterprise,phone_transcript,billing,other,high,resolved,gold,I need help but I'm not sure which category this fits in.,Thanks for contacting support. We are prioritizing this and will update you as soon as possible.,Provided general guidance and confirmed the issue was resolved.,19.4,0,positive,5,0,desktop_app,LATAM
TCKT_092681,2023-02-28 20:38:31,CUST_07770,individual,phone_transcript,billing,bug,medium,in_progress,gold,The billing feature is not saving my changes.,Thanks for reporting this bug. Our team is reviewing this and will follow up within 24 hours.,,,0,neutral,3,1,desktop_app,MEA
TCKT_092728,2023-02-21 17:49:47,CUST_04769,education,email,login_auth,other,high,resolved,standard,I have a general question about my account.,Thanks for contacting support. We are prioritizing this and will update you as soon as possible.,Provided general guidance and confirmed the issue was resolved.,18.84,0,very_negative,2,0,ios,APAC
TCKT_092755,2023-02-26 03:44:00,CUST_04013,enterprise,phone_transcript,notifications,billing_problem,high,resolved,standard,I downgraded my plan but I am still being billed for the higher tier.,Thanks for reaching out about the billing issue. We are prioritizing this and will update you as soon as possible.,Adjusted the invoice and issued a refund where applicable.,11.18,0,neutral,0,1,desktop_app,APAC
TCKT_092797,2023-02-09 03:38:50,CUST_01503,individual,in_app,login_auth,security_concern,low,on_hold,gold,I noticed a suspicious login on my account.,We take security very seriously. We will look into this and get back to you within the next 48 hours.,,,0,negative,0,0,android,LATAM
TCKT_092842,2023-02-20 23:18:07,CUST_01210,non_profit,web_form,billing,account_access,low,resolved,standard,My 2FA code is not working when I try to sign in.,Sorry to hear you're having trouble accessing your account. We will look into this and get back to you within the next 48 hours.,Reset account credentials and confirmed successful login.,19.77,0,negative,2,0,android,EU
TCKT_092855,2023-02-08 06:07:03,CUST_07453,small_business,in_app,analytics_dashboard,other,low,closed_no_action,standard,I have a general question about my account.,Thanks for contacting support. We will look into this and get back to you within the next 48 hours.,Ticket closed without further action after no response from the customer.,65.52,0,very_positive,5,0,web,
TCKT_092863,2023-02-10 03:49:17,CUST_03897,non_profit,chat,data_export,bug,high,in_progress,standard,I am seeing an error message when I click on data export.,Thanks for reporting this bug. We are prioritizing this and will update you as soon as possible.,,,0,positive,0,1,web,
TCKT_092908,2023-02-14 16:36:12,CUST_01685,small_business,in_app,login_auth,account_access,high,resolved,gold,My account was locked after multiple failed login attempts.,Sorry to hear you're having trouble accessing your account. We are prioritizing this and will update you as soon as possible.,Reset account credentials and confirmed successful login.,17.48,0,neutral,3,0,ios,MEA
TCKT_092948,2023-02-26 22:41:57,CUST_02563,education,phone_transcript,api_integration,security_concern,high,on_hold,gold,We need details about your data encryption and compliance.,We take security very seriously. We are prioritizing this and will update you as soon as possible.,,,0,neutral,3,0,desktop_app,LATAM
TCKT_092953,2023-02-16 08:30:40,CUST_05472,non_profit,chat,notifications,security_concern,low,resolved,standard,We need details about your data encryption and compliance.,We take security very seriously. We will look into this and get back to you within the next 48 hours.,"Investigated logs, mitigated the issue, and updated security settings.",34.27,0,positive,4,0,ios,LATAM
TCKT_092971,2023-02-08 21:51:48,CUST_02291,small_business,chat,data_export,feature_request,high,resolved,gold,It would be great to have data export support in your product.,Thanks for your feature suggestion. We are prioritizing this and will update you as soon as possible.,Captured the request and added it to the product backlog.,9.22,0,neutral,3,0,android,LATAM
TCKT_093066,2023-02-21 09:46:26,CUST_06121,small_business,in_app,billing,how_to,medium,in_progress,gold,Can you explain how to configure billing properly?,Happy to help with your question. Our team is reviewing this and will follow up within 24 hours.,,,0,neutral,3,1,api_client,MEA
TCKT_093211,2023-02-23 18:47:21,CUST_03185,non_profit,email,data_export,security_concern,low,resolved,standard,I noticed a suspicious login on my account.,We take security very seriously. We will look into this and get back to you within the next 48 hours.,"Investigated logs, mitigated the issue, and updated security settings.",65.3,0,positive,0,0,desktop_app,MEA
TCKT_093219,2023-02-20 11:28:34,CUST_09969,education,chat,mobile_app,how_to,low,on_hold,gold,Can you explain how to configure mobile app properly?,Happy to help with your question. We will look into this and get back to you within the next 48 hours.,,,0,very_positive,0,0,ios,
TCKT_093250,2023-02-24 10:26:03,CUST_09006,enterprise,web_form,analytics_dashboard,how_to,medium,resolved,standard,How can I export my data from the analytics dashboard section?,Happy to help with your question. Our team is reviewing this and will follow up within 24 hours.,Provided step-by-step instructions and relevant documentation.,6.49,0,neutral,3,0,ios,LATAM
TCKT_093357,2023-02-03 02:40:05,CUST_05680,individual,chat,billing,performance,high,resolved,standard,Overall performance has degraded in the last few days.,We understand performance issues can be frustrating. We are prioritizing this and will update you as soon as possible.,Optimized queries and increased resource allocation.,2.65,0,neutral,4,0,android,MEA
TCKT_093381,2023-02-03 22:25:47,CUST_04618,individual,in_app,login_auth,billing_problem,medium,on_hold,standard,I was charged twice for my subscription this month.,Thanks for reaching out about the billing issue. Our team is reviewing this and will follow up within 24 hours.,,,0,negative,3,0,ios,
TCKT_093459,2023-02-05 14:30:51,CUST_09163,enterprise,phone_transcript,notifications,security_concern,medium,on_hold,standard,I noticed a suspicious login on my account.,We take security very seriously. Our team is reviewing this and will follow up within 24 hours.,,,0,very_negative,1,0,ios,LATAM
TCKT_093496,2023-02-13 18:32:13,CUST_04247,education,web_form,notifications,other,low,in_progress,standard,I need help but I'm not sure which category this fits in.,Thanks for contacting support. We will look into this and get back to you within the next 48 hours.,,,0,very_negative,2,0,api_client,
TCKT_093521,2023-02-16 20:58:58,CUST_05164,small_business,in_app,mobile_app,account_access,medium,resolved,standard,My 2FA code is not working when I try to sign in.,Sorry to hear you're having trouble accessing your account. Our team is reviewing this and will follow up within 24 hours.,Reset account credentials and confirmed successful login.,12.15,0,negative,0,1,ios,MEA
TCKT_093704,2023-02-12 15:46:18,CUST_06887,non_profit,in_app,data_export,other,medium,resolved,gold,I have a general question about my account.,Thanks for contacting support. Our team is reviewing this and will follow up within 24 hours.,Provided general guidance and confirmed the issue was resolved.,11.32,0,very_negative,2,0,ios,LATAM
TCKT_093804,2023-02-15 00:35:34,CUST_02939,education,chat,data_export,billing_problem,low,resolved,standard,My invoice amount is incorrect compared to the plan I selected.,Thanks for reaching out about the billing issue. We will look into this and get back to you within the next 48 hours.,Adjusted the invoice and issued a refund where applicable.,58.23,0,neutral,3,0,desktop_app,EU
TCKT_093811,2023-02-16 22:52:00,CUST_05524,enterprise,in_app,data_export,feature_request,low,resolved,platinum,Our team needs more advanced options for data export.,Thanks for your feature suggestion. We will look into this and get back to you within the next 48 hours.,Captured the request and added it to the product backlog.,47.84,1,positive,4,1,ios,
TCKT_093814,2023-02-17 02:04:15,CUST_06335,enterprise,web_form,analytics_dashboard,bug,low,resolved,standard,I am seeing an error message when I click on analytics dashboard.,Thanks for reporting this bug. We will look into this and get back to you within the next 48 hours.,Patched the bug and deployed a fix to production.,54.88,0,neutral,0,0,ios,APAC
TCKT_093868,2023-02-11 19:34:54,CUST_06217,enterprise,web_form,mobile_app,feature_request,urgent,open,gold,It would be great to have mobile app support in your product.,Thanks for your feature suggestion. This has been escalated to our on-call team for immediate attention.,,,0,very_positive,5,1,android,APAC
TCKT_093899,2023-02-21 10:00:50,CUST_00681,individual,phone_transcript,api_integration,performance,low,resolved,standard,Queries in the api integration module are timing out.,We understand performance issues can be frustrating. We will look into this and get back to you within the next 48 hours.,Optimized queries and increased resource allocation.,43.84,0,negative,0,0,desktop_app,
TCKT_093918,2023-02-14 16:37:27,CUST_02382,education,email,mobile_app,bug,medium,resolved,standard,The page keeps crashing whenever I try to open the mobile app section.,Thanks for reporting this bug. Our team is reviewing this and will follow up within 24 hours.,Patched the bug and deployed a fix to production.,13.02,0,very_positive,5,1,desktop_app,MEA
TCKT_093923,2023-02-28 13:05:18,CUST_04969,small_business,chat,billing,feature_request,high,open,gold,Our team needs more advanced options for billing.,Thanks for your feature suggestion. We are prioritizing this and will update you as soon as possible.,,,0,negative,2,0,api_client,MEA
TCKT_093935,2023-02-13 21:02:21,CUST_00535,individual,chat,analytics_dashboard,bug,low,resolved,gold,The page keeps crashing whenever I try to open the analytics dashboard section.,Thanks for reporting this bug. We will look into this and get back to you within the next 48 hours.,Patched the bug and deployed a fix to production.,68.75,0,neutral,4,0,web,APAC
TCKT_093942,2023-02-05 11:25:13,CUST_09075,small_business,chat,data_export,security_concern,low,closed_no_action,standard,There seems to be a vulnerability in the data export functionality.,We take security very seriously. We will look into this and get back to you within the next 48 hours.,Ticket closed without further action after no response from the customer.,159.65,0,neutral,3,1,api_client,MEA
TCKT_093944,2023-02-27 16:59:39,CUST_04804,education,chat,api_integration,billing_problem,low,resolved,standard,My invoice amount is incorrect compared to the plan I selected.,Thanks for reaching out about the billing issue. We will look into this and get back to you within the next 48 hours.,Adjusted the invoice and issued a refund where applicable.,28.23,0,very_negative,0,1,android,
TCKT_093950,2023-02-28 06:29:48,CUST_07891,individual,phone_transcript,data_export,other,medium,resolved,standard,"Something seems off, can you please check my workspace?",Thanks for contacting support. Our team is reviewing this and will follow up within 24 hours.,Provided general guidance and confirmed the issue was resolved.,30.0,0,neutral,0,0,api_client,LATAM
TCKT_094048,2023-02-21 20:23:19,CUST_07792,small_business,web_form,api_integration,billing_problem,medium,resolved,gold,I downgraded my plan but I am still being billed for the higher tier.,Thanks for reaching out about the billing issue. Our team is reviewing this and will follow up within 24 hours.,Adjusted the invoice and issued a refund where applicable.,37.04,0,negative,2,0,web,MEA
TCKT_094050,2023-02-18 04:27:37,CUST_02805,small_business,in_app,data_export,billing_problem,low,resolved,platinum,I was charged twice for my subscription this month.,Thanks for reaching out about the billing issue. We will look into this and get back to you within the next 48 hours.,Adjusted the invoice and issued a refund where applicable.,56.52,0,very_negative,0,0,web,EU
TCKT_094052,2023-02-13 22:11:18,CUST_06138,small_business,chat,billing,account_access,low,resolved,standard,I cannot log in; the system says my password is incorrect.,Sorry to hear you're having trouble accessing your account. We will look into this and get back to you within the next 48 hours.,Reset account credentials and confirmed successful login.,47.94,0,negative,3,0,api_client,EU
TCKT_094068,2023-02-24 01:17:51,CUST_00966,education,chat,mobile_app,billing_problem,medium,closed_no_action,gold,I was charged twice for my subscription this month.,Thanks for reaching out about the billing issue. Our team is reviewing this and will follow up within 24 hours.,Ticket closed without further action after no response from the customer.,202.84,0,negative,0,1,android,
TCKT_094097,2023-02-17 23:12:44,CUST_03191,education,chat,login_auth,feature_request,high,in_progress,standard,It would be great to have login auth support in your product.,Thanks for your feature suggestion. We are prioritizing this and will update you as soon as possible.,,,0,negative,0,0,api_client,APAC
TCKT_094202,2023-02-04 01:02:09,CUST_00700,small_business,phone_transcript,login_auth,feature_request,medium,resolved,standard,Our team needs more advanced options for login auth.,Thanks for your feature suggestion. Our team is reviewing this and will follow up within 24 hours.,Captured the request and added it to the product backlog.,22.92,0,negative,2,0,api_client,
TCKT_094205,2023-02-28 08:41:16,CUST_04788,non_profit,in_app,api_integration,account_access,medium,resolved,standard,I cannot log in; the system says my password is incorrect.,Sorry to hear you're having trouble accessing your account. Our team is reviewing this and will follow up within 24 hours.,Reset account credentials and confirmed successful login.,16.77,0,negative,2,0,ios,
TCKT_094335,2023-02-21 19:16:17,CUST_07599,small_business,in_app,analytics_dashboard,account_access,low,open,gold,My account was locked after multiple failed login attempts.,Sorry to hear you're having trouble accessing your account. We will look into this and get back to you within the next 48 hours.,,,1,neutral,3,1,ios,MEA
TCKT_094365,2023-02-10 02:16:31,CUST_08921,small_business,chat,data_export,how_to,medium,resolved,standard,How can I export my data from the data export section?,Happy to help with your question. Our team is reviewing this and will follow up within 24 hours.,Provided step-by-step instructions and relevant documentation.,25.71,0,neutral,4,1,ios,EU
TCKT_094436,2023-02-19 23:04:41,CUST_01235,individual,in_app,mobile_app,security_concern,high,in_progress,platinum,We need details about your data encryption and compliance.,We take security very seriously. We are prioritizing this and will update you as soon as possible.,,,0,negative,2,1,ios,APAC
TCKT_094438,2023-02-03 08:07:28,CUST_03032,enterprise,web_form,mobile_app,how_to,medium,in_progress,gold,Can you explain how to configure mobile app properly?,Happy to help with your question. Our team is reviewing this and will follow up within 24 hours.,,,0,positive,0,0,ios,EU
TCKT_094439,2023-02-27 16:31:54,CUST_07802,enterprise,email,analytics_dashboard,other,low,open,standard,I need help but I'm not sure which category this fits in.,Thanks for contacting support. We will look into this and get back to you within the next 48 hours.,,,0,negative,3,0,desktop_app,MEA
TCKT_094500,2023-02-24 05:56:10,CUST_04800,individual,email,login_auth,other,low,closed_no_action,standard,"Something seems off, can you please check my workspace?",Thanks for contacting support. We will look into this and get back to you within the next 48 hours.,Ticket closed without further action after no response from the customer.,27.08,0,neutral,4,0,ios,EU
TCKT_094619,2023-02-09 21:52:28,CUST_06714,small_business,web_form,api_integration,performance,low,resolved,standard,Overall performance has degraded in the last few days.,We understand performance issues can be frustrating. We will look into this and get back to you within the next 48 hours.,Optimized queries and increased resource allocation.,8.67,0,negative,3,0,api_client,
TCKT_094638,2023-02-10 18:18:30,CUST_03016,enterprise,email,analytics_dashboard,other,low,closed_no_action,standard,"Something seems off, can you please check my workspace?",Thanks for contacting support. We will look into this and get back to you within the next 48 hours.,Ticket closed without further action after no response from the customer.,57.4,0,negative,2,0,web,LATAM
TCKT_094681,2023-02-11 17:18:20,CUST_04489,individual,in_app,api_integration,how_to,low,closed_no_action,standard,I need help setting up api integration for my team.,Happy to help with your question. We will look into this and get back to you within the next 48 hours.,Ticket closed without further action after no response from the customer.,107.29,0,neutral,3,1,ios,MEA
TCKT_094702,2023-02-13 00:32:44,CUST_08207,education,chat,mobile_app,billing_problem,low,in_progress,standard,I downgraded my plan but I am still being billed for the higher tier.,Thanks for reaching out about the billing issue. We will look into this and get back to you within the next 48 hours.,,,0,positive,0,1,api_client,EU
TCKT_094779,2023-02-20 05:10:08,CUST_05086,individual,email,data_export,other,medium,resolved,gold,I have a general question about my account.,Thanks for contacting support. Our team is reviewing this and will follow up within 24 hours.,Provided general guidance and confirmed the issue was resolved.,43.98,0,negative,2,0,web,LATAM
TCKT_094785,2023-02-13 16:56:47,CUST_03639,individual,email,login_auth,account_access,low,on_hold,standard,My 2FA code is not working when I try to sign in.,Sorry to hear you're having trouble accessing your account. We will look into this and get back to you within the next 48 hours.,,,1,very_positive,5,1,api_client,APAC
TCKT_094800,2023-02-15 08:52:34,CUST_04140,education,in_app,analytics_dashboard,security_concern,low,resolved,standard,We need details about your data encryption and compliance.,We take security very seriously. We will look into this and get back to you within the next 48 hours.,"Investigated logs, mitigated the issue, and updated security settings.",11.54,0,neutral,4,0,ios,
TCKT_094891,2023-02-18 02:30:41,CUST_09543,small_business,chat,notifications,other,low,resolved,standard,I have a general question about my account.,Thanks for contacting support. We will look into this and get back to you within the next 48 hours.,Provided general guidance and confirmed the issue was resolved.,23.36,0,neutral,0,0,api_client,MEA
TCKT_094999,2023-02-04 05:20:26,CUST_07395,individual,email,analytics_dashboard,how_to,low,resolved,gold,Can you explain how to configure analytics dashboard properly?,Happy to help with your question. We will look into this and get back to you within the next 48 hours.,Provided step-by-step instructions and relevant documentation.,40.65,0,neutral,4,0,ios,
TCKT_095083,2023-02-25 15:42:43,CUST_09964,education,phone_transcript,login_auth,bug,low,in_progress,gold,I am seeing an error message when I click on login auth.,Thanks for reporting this bug. We will look into this and get back to you within the next 48 hours.,,,0,neutral,4,0,ios,APAC
TCKT_095090,2023-02-23 04:04:46,CUST_06265,enterprise,email,analytics_dashboard,billing_problem,medium,resolved,standard,I downgraded my plan but I am still being billed for the higher tier.,Thanks for reaching out about the billing issue. Our team is reviewing this and will follow up within 24 hours.,Adjusted the invoice and issued a refund where applicable.,39.23,0,very_negative,2,0,desktop_app,APAC
TCKT_095155,2023-02-11 10:49:38,CUST_09413,small_business,email,billing,feature_request,high,in_progress,standard,Can you add an option to customize billing?,Thanks for your feature suggestion. We are prioritizing this and will update you as soon as possible.,,,0,very_positive,5,1,desktop_app,LATAM
TCKT_095164,2023-02-08 16:35:27,CUST_06942,small_business,email,data_export,bug,high,resolved,standard,The page keeps crashing whenever I try to open the data export section.,Thanks for reporting this bug. We are prioritizing this and will update you as soon as possible.,Patched the bug and deployed a fix to production.,20.41,0,very_positive,5,0,web,EU
TCKT_095189,2023-02-15 22:07:14,CUST_04028,non_profit,in_app,api_integration,how_to,low,resolved,gold,How can I export my data from the api integration section?,Happy to help with your question. We will look into this and get back to you within the next 48 hours.,Provided step-by-step instructions and relevant documentation.,68.72,0,neutral,4,1,desktop_app,LATAM
TCKT_095212,2023-02-25 12:12:42,CUST_06312,non_profit,web_form,notifications,billing_problem,medium,closed_no_action,standard,I downgraded my plan but I am still being billed for the higher tier.,Thanks for reaching out about the billing issue. Our team is reviewing this and will follow up within 24 hours.,Ticket closed without further action after no response from the customer.,169.15,0,positive,0,0,ios,
TCKT_095224,2023-02-09 21:12:30,CUST_01225,enterprise,phone_transcript,billing,feature_request,urgent,resolved,standard,Our team needs more advanced options for billing.,Thanks for your feature suggestion. This has been escalated to our on-call team for immediate attention.,Captured the request and added it to the product backlog.,5.78,0,neutral,0,0,ios,APAC
TCKT_095311,2023-02-03 22:57:26,CUST_01627,small_business,chat,data_export,billing_problem,medium,on_hold,platinum,My invoice amount is incorrect compared to the plan I selected.,Thanks for reaching out about the billing issue. Our team is reviewing this and will follow up within 24 hours.,,,0,negative,3,0,web,EU
TCKT_095344,2023-02-24 04:01:18,CUST_05340,education,web_form,login_auth,feature_request,high,resolved,standard,It would be great to have login auth support in your product.,Thanks for your feature suggestion. We are prioritizing this and will update you as soon as possible.,Captured the request and added it to the product backlog.,3.12,0,neutral,4,0,web,LATAM
TCKT_095381,2023-02-08 18:07:30,CUST_06764,small_business,email,login_auth,other,medium,resolved,standard,I have a general question about my account.,Thanks for contacting support. Our team is reviewing this and will follow up within 24 hours.,Provided general guidance and confirmed the issue was resolved.,19.04,0,neutral,0,1,desktop_app,MEA
TCKT_095394,2023-02-22 15:13:49,CUST_00657,small_business,phone_transcript,data_export,feature_request,medium,open,standard,Our team needs more advanced options for data export.,Thanks for your feature suggestion. Our team is reviewing this and will follow up within 24 hours.,,,0,very_positive,5,0,android,APAC
TCKT_095568,2023-02-25 21:04:59,CUST_06413,enterprise,web_form,api_integration,feature_request,medium,resolved,platinum,It would be great to have api integration support in your product.,Thanks for your feature suggestion. Our team is reviewing this and will follow up within 24 hours.,Captured the request and added it to the product backlog.,9.94,0,neutral,4,0,ios,MEA
TCKT_095578,2023-02-06 17:26:33,CUST_03886,enterprise,in_app,mobile_app,performance,medium,closed_no_action,standard,The mobile app page is very slow and takes a long time to load.,We understand performance issues can be frustrating. Our team is reviewing this and will follow up within 24 hours.,Ticket closed without further action after no response from the customer.,76.08,0,neutral,4,0,android,LATAM
TCKT_095595,2023-02-26 14:42:05,CUST_01203,small_business,in_app,api_integration,bug,medium,resolved,standard,The page keeps crashing whenever I try to open the api integration section.,Thanks for reporting this bug. Our team is reviewing this and will follow up within 24 hours.,Patched the bug and deployed a fix to production.,8.18,0,very_negative,0,0,web,LATAM
TCKT_095645,2023-02-07 14:37:54,CUST_09002,enterprise,in_app,analytics_dashboard,billing_problem,medium,open,standard,I downgraded my plan but I am still being billed for the higher tier.,Thanks for reaching out about the billing issue. Our team is reviewing this and will follow up within 24 hours.,,,0,positive,0,0,web,APAC
TCKT_095706,2023-02-19 23:34:37,CUST_04238,enterprise,phone_transcript,data_export,account_access,low,resolved,standard,My account was locked after multiple failed login attempts.,Sorry to hear you're having trouble accessing your account. We will look into this and get back to you within the next 48 hours.,Reset account credentials and confirmed successful login.,16.44,0,neutral,3,1,web,LATAM
TCKT_095770,2023-02-28 09:02:08,CUST_00761,small_business,web_form,notifications,feature_request,medium,resolved,platinum,Our team needs more advanced options for notifications.,Thanks for your feature suggestion. Our team is reviewing this and will follow up within 24 hours.,Captured the request and added it to the product backlog.,23.71,0,negative,3,0,web,APAC
TCKT_095898,2023-02-28 07:46:03,CUST_09549,enterprise,email,notifications,other,low,resolved,standard,I have a general question about my account.,Thanks for contacting support. We will look into this and get back to you within the next 48 hours.,Provided general guidance and confirmed the issue was resolved.,13.8,0,very_negative,1,0,desktop_app,APAC
TCKT_096042,2023-02-01 08:46:20,CUST_04140,enterprise,web_form,notifications,security_concern,low,resolved,gold,I noticed a suspicious login on my account.,We take security very seriously. We will look into this and get back to you within the next 48 hours.,"Investigated logs, mitigated the issue, and updated security settings.",8.81,0,very_negative,1,1,android,LATAM
TCKT_096118,2023-02-12 07:34:28,CUST_02000,individual,chat,analytics_dashboard,account_access,low,resolved,gold,My account was locked after multiple failed login attempts.,Sorry to hear you're having trouble accessing your account. We will look into this and get back to you within the next 48 hours.,Reset account credentials and confirmed successful login.,59.51,0,neutral,4,0,api_client,LATAM
TCKT_096196,2023-02-04 16:39:47,CUST_04190,education,chat,analytics_dashboard,account_access,urgent,resolved,standard,My account was locked after multiple failed login attempts.,Sorry to hear you're having trouble accessing your account. This has been escalated to our on-call team for immediate attention.,Reset account credentials and confirmed successful login.,5.23,0,neutral,3,1,desktop_app,LATAM
TCKT_096205,2023-02-02 14:50:36,CUST_02388,enterprise,in_app,mobile_app,feature_request,medium,resolved,standard,Our team needs more advanced options for mobile app.,Thanks for your feature suggestion. Our team is reviewing this and will follow up within 24 hours.,Captured the request and added it to the product backlog.,6.21,0,neutral,3,1,desktop_app,EU
TCKT_096245,2023-02-15 15:25:29,CUST_05311,non_profit,web_form,analytics_dashboard,security_concern,low,in_progress,standard,There seems to be a vulnerability in the analytics dashboard functionality.,We take security very seriously. We will look into this and get back to you within the next 48 hours.,,,0,very_negative,1,1,api_client,LATAM
TCKT_096278,2023-02-20 20:04:20,CUST_02626,small_business,web_form,notifications,performance,medium,resolved,standard,Queries in the notifications module are timing out.,We understand performance issues can be frustrating. Our team is reviewing this and will follow up within 24 hours.,Optimized queries and increased resource allocation.,22.69,0,neutral,4,0,desktop_app,APAC
TCKT_096312,2023-02-18 20:18:40,CUST_08295,enterprise,email,api_integration,bug,high,resolved,standard,The api integration feature is not saving my changes.,Thanks for reporting this bug. We are prioritizing this and will update you as soon as possible.,Patched the bug and deployed a fix to production.,19.39,0,positive,4,0,android,APAC
TCKT_096325,2023-02-19 16:47:00,CUST_03831,education,chat,notifications,performance,low,on_hold,standard,The notifications page is very slow and takes a long time to load.,We understand performance issues can be frustrating. We will look into this and get back to you within the next 48 hours.,,,0,negative,0,0,web,MEA
TCKT_096335,2023-02-25 04:39:25,CUST_00721,non_profit,web_form,analytics_dashboard,how_to,low,resolved,gold,Can you explain how to configure analytics dashboard properly?,Happy to help with your question. We will look into this and get back to you within the next 48 hours.,Provided step-by-step instructions and relevant documentation.,46.17,0,negative,2,0,ios,LATAM
TCKT_096391,2023-02-13 16:30:47,CUST_07216,individual,email,data_export,billing_problem,low,in_progress,standard,I downgraded my plan but I am still being billed for the higher tier.,Thanks for reaching out about the billing issue. We will look into this and get back to you within the next 48 hours.,,,0,negative,2,1,desktop_app,MEA
TCKT_096453,2023-02-04 17:31:04,CUST_05325,small_business,email,analytics_dashboard,how_to,low,closed_no_action,gold,I need help setting up analytics dashboard for my team.,Happy to help with your question. We will look into this and get back to you within the next 48 hours.,Ticket closed without further action after no response from the customer.,112.52,0,positive,5,0,ios,APAC
TCKT_096462,2023-02-02 01:19:18,CUST_04635,non_profit,web_form,notifications,feature_request,medium,resolved,gold,Our team needs more advanced options for notifications.,Thanks for your feature suggestion. Our team is reviewing this and will follow up within 24 hours.,Captured the request and added it to the product backlog.,13.07,0,neutral,3,1,android,EU
TCKT_096475,2023-02-09 10:36:48,CUST_08533,individual,in_app,analytics_dashboard,account_access,low,in_progress,platinum,My account was locked after multiple failed login attempts.,Sorry to hear you're having trouble accessing your account. We will look into this and get back to you within the next 48 hours.,,,0,very_positive,5,0,api_client,EU
TCKT_096530,2023-02-09 18:40:53,CUST_02747,enterprise,in_app,data_export,how_to,high,resolved,standard,Can you explain how to configure data export properly?,Happy to help with your question. We are prioritizing this and will update you as soon as possible.,Provided step-by-step instructions and relevant documentation.,3.52,0,positive,0,0,web,EU
TCKT_096539,2023-02-21 19:15:26,CUST_08078,education,email,login_auth,other,low,in_progress,standard,I have a general question about my account.,Thanks for contacting support. We will look into this and get back to you within the next 48 hours.,,,0,very_negative,0,0,ios,LATAM
TCKT_096563,2023-02-02 00:51:01,CUST_00219,enterprise,in_app,billing,how_to,high,resolved,gold,I need help setting up billing for my team.,Happy to help with your question. We are prioritizing this and will update you as soon as possible.,Provided step-by-step instructions and relevant documentation.,21.67,0,neutral,4,0,api_client,MEA
TCKT_096608,2023-02-09 16:38:51,CUST_07748,education,email,analytics_dashboard,bug,medium,closed_no_action,standard,I am seeing an error message when I click on analytics dashboard.,Thanks for reporting this bug. Our team is reviewing this and will follow up within 24 hours.,Ticket closed without further action after no response from the customer.,43.4,0,neutral,0,0,api_client,MEA
TCKT_096847,2023-02-03 20:40:52,CUST_06053,non_profit,web_form,notifications,account_access,medium,resolved,gold,My 2FA code is not working when I try to sign in.,Sorry to hear you're having trouble accessing your account. Our team is reviewing this and will follow up within 24 hours.,Reset account credentials and confirmed successful login.,12.9,0,negative,3,0,ios,
TCKT_096903,2023-02-07 15:16:47,CUST_05243,enterprise,web_form,data_export,bug,low,resolved,standard,The page keeps crashing whenever I try to open the data export section.,Thanks for reporting this bug. We will look into this and get back to you within the next 48 hours.,Patched the bug and deployed a fix to production.,51.95,0,neutral,0,1,ios,EU
TCKT_096908,2023-02-08 00:51:39,CUST_00492,individual,web_form,notifications,other,medium,resolved,standard,I need help but I'm not sure which category this fits in.,Thanks for contacting support. Our team is reviewing this and will follow up within 24 hours.,Provided general guidance and confirmed the issue was resolved.,16.97,0,neutral,4,0,android,EU
TCKT_096944,2023-02-05 06:51:20,CUST_08145,enterprise,phone_transcript,billing,billing_problem,medium,resolved,standard,I was charged twice for my subscription this month.,Thanks for reaching out about the billing issue. Our team is reviewing this and will follow up within 24 hours.,Adjusted the invoice and issued a refund where applicable.,14.99,0,positive,5,0,api_client,LATAM
TCKT_097002,2023-02-14 19:10:34,CUST_08536,enterprise,web_form,analytics_dashboard,security_concern,medium,on_hold,gold,We need details about your data encryption and compliance.,We take security very seriously. Our team is reviewing this and will follow up within 24 hours.,,,1,very_negative,1,0,desktop_app,
TCKT_097083,2023-02-18 21:23:29,CUST_00461,enterprise,email,api_integration,security_concern,low,on_hold,standard,We need details about your data encryption and compliance.,We take security very seriously. We will look into this and get back to you within the next 48 hours.,,,0,positive,4,0,ios,EU
TCKT_097103,2023-02-10 23:23:46,CUST_09994,individual,in_app,login_auth,performance,low,in_progress,gold,The login auth page is very slow and takes a long time to load.,We understand performance issues can be frustrating. We will look into this and get back to you within the next 48 hours.,,,0,very_negative,1,0,android,MEA
TCKT_097146,2023-02-20 22:39:08,CUST_02807,small_business,web_form,mobile_app,account_access,medium,in_progress,gold,I cannot log in; the system says my password is incorrect.,Sorry to hear you're having trouble accessing your account. Our team is reviewing this and will follow up within 24 hours.,,,0,neutral,0,0,desktop_app,MEA
TCKT_097231,2023-02-07 02:09:17,CUST_05034,education,in_app,data_export,bug,medium,resolved,standard,The data export feature is not saving my changes.,Thanks for reporting this bug. Our team is reviewing this and will follow up within 24 hours.,Patched the bug and deployed a fix to production.,11.02,0,neutral,4,0,web,MEA
TCKT_097281,2023-02-09 08:42:07,CUST_00833,enterprise,web_form,login_auth,bug,low,on_hold,platinum,The page keeps crashing whenever I try to open the login auth section.,Thanks for reporting this bug. We will look into this and get back to you within the next 48 hours.,,,0,positive,4,0,api_client,APAC
TCKT_097355,2023-02-11 07:50:40,CUST_05477,enterprise,web_form,billing,security_concern,low,in_progress,standard,I noticed a suspicious login on my account.,We take security very seriously. We will look into this and get back to you within the next 48 hours.,,,0,very_negative,1,0,android,
TCKT_097407,2023-02-14 04:20:44,CUST_08901,education,in_app,analytics_dashboard,feature_request,low,resolved,standard,Can you add an option to customize analytics dashboard?,Thanks for your feature suggestion. We will look into this and get back to you within the next 48 hours.,Captured the request and added it to the product backlog.,70.53,0,very_positive,0,0,ios,APAC
TCKT_097411,2023-02-27 21:12:16,CUST_02774,education,phone_transcript,api_integration,billing_problem,low,on_hold,platinum,I was charged twice for my subscription this month.,Thanks for reaching out about the billing issue. We will look into this and get back to you within the next 48 hours.,,,0,negative,2,0,android,LATAM
TCKT_097446,2023-02-28 08:46:48,CUST_04101,small_business,email,notifications,billing_problem,low,resolved,standard,I downgraded my plan but I am still being billed for the higher tier.,Thanks for reaching out about the billing issue. We will look into this and get back to you within the next 48 hours.,Adjusted the invoice and issued a refund where applicable.,69.72,0,very_negative,1,0,desktop_app,EU
TCKT_097517,2023-02-06 05:06:39,CUST_01069,non_profit,in_app,analytics_dashboard,other,medium,resolved,standard,I need help but I'm not sure which category this fits in.,Thanks for contacting support. Our team is reviewing this and will follow up within 24 hours.,Provided general guidance and confirmed the issue was resolved.,30.63,0,negative,2,1,api_client,EU
TCKT_097609,2023-02-14 00:11:53,CUST_05246,non_profit,phone_transcript,data_export,other,low,open,standard,I have a general question about my account.,Thanks for contacting support. We will look into this and get back to you within the next 48 hours.,,,0,negative,2,0,web,EU
TCKT_097713,2023-02-28 22:02:34,CUST_01478,education,web_form,billing,bug,high,resolved,platinum,The billing feature is not saving my changes.,Thanks for reporting this bug. We are prioritizing this and will update you as soon as possible.,Patched the bug and deployed a fix to production.,13.83,0,negative,3,0,desktop_app,MEA
TCKT_097748,2023-02-05 06:10:41,CUST_00834,individual,chat,billing,security_concern,medium,resolved,gold,We need details about your data encryption and compliance.,We take security very seriously. Our team is reviewing this and will follow up within 24 hours.,"Investigated logs, mitigated the issue, and updated security settings.",32.99,0,negative,2,0,android,MEA
TCKT_097818,2023-02-01 22:15:46,CUST_01184,individual,phone_transcript,data_export,performance,medium,open,platinum,Overall performance has degraded in the last few days.,We understand performance issues can be frustrating. Our team is reviewing this and will follow up within 24 hours.,,,0,very_negative,0,1,desktop_app,LATAM
TCKT_097838,2023-02-03 03:52:48,CUST_08107,enterprise,phone_transcript,mobile_app,account_access,high,resolved,standard,My 2FA code is not working when I try to sign in.,Sorry to hear you're having trouble accessing your account. We are prioritizing this and will update you as soon as possible.,Reset account credentials and confirmed successful login.,17.04,0,positive,0,0,api_client,EU
TCKT_097884,2023-02-18 00:22:51,CUST_00098,non_profit,phone_transcript,notifications,security_concern,urgent,resolved,gold,I noticed a suspicious login on my account.,We take security very seriously. This has been escalated to our on-call team for immediate attention.,"Investigated logs, mitigated the issue, and updated security settings.",5.95,0,very_negative,1,0,desktop_app,MEA
TCKT_097890,2023-02-27 23:06:36,CUST_01402,education,in_app,login_auth,other,low,resolved,gold,I need help but I'm not sure which category this fits in.,Thanks for contacting support. We will look into this and get back to you within the next 48 hours.,Provided general guidance and confirmed the issue was resolved.,22.38,0,very_negative,1,0,web,EU
TCKT_097905,2023-02-20 08:14:17,CUST_02499,education,in_app,data_export,other,low,resolved,gold,"Something seems off, can you please check my workspace?",Thanks for contacting support. We will look into this and get back to you within the next 48 hours.,Provided general guidance and confirmed the issue was resolved.,37.32,0,positive,4,0,api_client,APAC
TCKT_097964,2023-02-07 12:35:44,CUST_07055,enterprise,email,notifications,bug,low,resolved,standard,I am seeing an error message when I click on notifications.,Thanks for reporting this bug. We will look into this and get back to you within the next 48 hours.,Patched the bug and deployed a fix to production.,62.11,0,positive,5,0,api_client,EU
TCKT_098093,2023-02-20 12:16:06,CUST_04598,individual,chat,api_integration,performance,medium,closed_no_action,gold,Overall performance has degraded in the last few days.,We understand performance issues can be frustrating. Our team is reviewing this and will follow up within 24 hours.,Ticket closed without further action after no response from the customer.,66.11,0,negative,0,1,android,LATAM
TCKT_098119,2023-02-28 20:58:42,CUST_06471,small_business,email,mobile_app,performance,low,resolved,gold,The mobile app page is very slow and takes a long time to load.,We understand performance issues can be frustrating. We will look into this and get back to you within the next 48 hours.,Optimized queries and increased resource allocation.,59.6,0,very_negative,0,1,api_client,
TCKT_098156,2023-02-05 10:53:06,CUST_08396,education,chat,mobile_app,how_to,low,closed_no_action,standard,I need help setting up mobile app for my team.,Happy to help with your question. We will look into this and get back to you within the next 48 hours.,Ticket closed without further action after no response from the customer.,200.65,0,neutral,0,0,api_client,APAC
TCKT_098220,2023-02-21 21:21:34,CUST_00683,individual,in_app,mobile_app,feature_request,medium,closed_no_action,standard,Can you add an option to customize mobile app?,Thanks for your feature suggestion. Our team is reviewing this and will follow up within 24 hours.,Ticket closed without further action after no response from the customer.,147.76,0,very_positive,0,0,api_client,APAC
TCKT_098227,2023-02-22 15:03:28,CUST_04672,education,email,analytics_dashboard,other,low,resolved,gold,I need help but I'm not sure which category this fits in.,Thanks for contacting support. We will look into this and get back to you within the next 48 hours.,Provided general guidance and confirmed the issue was resolved.,24.99,0,neutral,4,0,web,LATAM
TCKT_098305,2023-02-15 20:47:28,CUST_08186,individual,in_app,data_export,account_access,low,resolved,standard,I cannot log in; the system says my password is incorrect.,Sorry to hear you're having trouble accessing your account. We will look into this and get back to you within the next 48 hours.,Reset account credentials and confirmed successful login.,11.18,0,very_negative,1,0,ios,APAC
TCKT_098310,2023-02-17 14:35:22,CUST_03185,education,chat,notifications,feature_request,high,resolved,gold,Can you add an option to customize notifications?,Thanks for your feature suggestion. We are prioritizing this and will update you as soon as possible.,Captured the request and added it to the product backlog.,6.62,0,very_positive,5,0,ios,APAC
TCKT_098317,2023-02-22 11:21:52,CUST_01732,non_profit,in_app,data_export,feature_request,urgent,open,gold,Can you add an option to customize data export?,Thanks for your feature suggestion. This has been escalated to our on-call team for immediate attention.,,,0,very_negative,0,0,ios,APAC
TCKT_098423,2023-02-23 14:58:12,CUST_02869,non_profit,phone_transcript,billing,performance,low,resolved,platinum,Queries in the billing module are timing out.,We understand performance issues can be frustrating. We will look into this and get back to you within the next 48 hours.,Optimized queries and increased resource allocation.,39.23,0,neutral,0,0,desktop_app,APAC
TCKT_098452,2023-02-05 12:16:51,CUST_02025,enterprise,web_form,mobile_app,other,low,in_progress,standard,"Something seems off, can you please check my workspace?",Thanks for contacting support. We will look into this and get back to you within the next 48 hours.,,,1,negative,3,0,web,MEA
TCKT_098513,2023-02-16 12:21:24,CUST_01248,enterprise,in_app,notifications,security_concern,low,resolved,gold,I noticed a suspicious login on my account.,We take security very seriously. We will look into this and get back to you within the next 48 hours.,"Investigated logs, mitigated the issue, and updated security settings.",51.78,0,very_negative,2,1,web,MEA
TCKT_098533,2023-02-28 03:35:50,CUST_04048,non_profit,in_app,login_auth,how_to,low,resolved,standard,Can you explain how to configure login auth properly?,Happy to help with your question. We will look into this and get back to you within the next 48 hours.,Provided step-by-step instructions and relevant documentation.,68.25,0,positive,4,0,api_client,EU
TCKT_098596,2023-02-19 08:23:49,CUST_08788,education,in_app,analytics_dashboard,account_access,low,resolved,standard,I cannot log in; the system says my password is incorrect.,Sorry to hear you're having trouble accessing your account. We will look into this and get back to you within the next 48 hours.,Reset account credentials and confirmed successful login.,37.43,0,very_negative,1,0,android,APAC
TCKT_098616,2023-02-27 19:06:45,CUST_03125,non_profit,web_form,billing,how_to,urgent,resolved,platinum,I need help setting up billing for my team.,Happy to help with your question. This has been escalated to our on-call team for immediate attention.,Provided step-by-step instructions and relevant documentation.,6.54,0,negative,3,0,desktop_app,
TCKT_098646,2023-02-11 14:33:59,CUST_09918,small_business,web_form,api_integration,feature_request,low,resolved,standard,Can you add an option to customize api integration?,Thanks for your feature suggestion. We will look into this and get back to you within the next 48 hours.,Captured the request and added it to the product backlog.,34.29,0,neutral,0,0,desktop_app,LATAM
TCKT_098685,2023-02-05 17:46:48,CUST_05279,non_profit,phone_transcript,api_integration,bug,low,open,platinum,I am seeing an error message when I click on api integration.,Thanks for reporting this bug. We will look into this and get back to you within the next 48 hours.,,,0,negative,3,0,ios,
TCKT_098698,2023-02-01 19:22:49,CUST_00954,enterprise,email,analytics_dashboard,account_access,urgent,in_progress,standard,My 2FA code is not working when I try to sign in.,Sorry to hear you're having trouble accessing your account. This has been escalated to our on-call team for immediate attention.,,,0,very_negative,0,0,api_client,APAC
TCKT_098718,2023-02-08 04:47:42,CUST_03520,non_profit,web_form,api_integration,security_concern,low,in_progress,gold,There seems to be a vulnerability in the api integration functionality.,We take security very seriously. We will look into this and get back to you within the next 48 hours.,,,0,very_negative,0,0,ios,LATAM
TCKT_098725,2023-02-12 14:52:09,CUST_02350,individual,in_app,mobile_app,how_to,medium,resolved,platinum,Can you explain how to configure mobile app properly?,Happy to help with your question. Our team is reviewing this and will follow up within 24 hours.,Provided step-by-step instructions and relevant documentation.,36.45,0,neutral,3,0,ios,MEA
TCKT_098726,2023-02-25 22:17:26,CUST_02243,enterprise,web_form,billing,security_concern,low,resolved,gold,We need details about your data encryption and compliance.,We take security very seriously. We will look into this and get back to you within the next 48 hours.,"Investigated logs, mitigated the issue, and updated security settings.",69.68,0,negative,2,0,android,
TCKT_098735,2023-02-06 08:48:38,CUST_02868,small_business,email,analytics_dashboard,performance,low,resolved,standard,The analytics dashboard page is very slow and takes a long time to load.,We understand performance issues can be frustrating. We will look into this and get back to you within the next 48 hours.,Optimized queries and increased resource allocation.,11.85,0,negative,0,0,desktop_app,
TCKT_098737,2023-02-18 19:38:18,CUST_01406,individual,in_app,login_auth,billing_problem,high,open,gold,I downgraded my plan but I am still being billed for the higher tier.,Thanks for reaching out about the billing issue. We are prioritizing this and will update you as soon as possible.,,,0,very_negative,1,0,desktop_app,MEA
TCKT_098766,2023-02-23 17:05:47,CUST_03486,education,web_form,analytics_dashboard,performance,medium,in_progress,standard,The analytics dashboard page is very slow and takes a long time to load.,We understand performance issues can be frustrating. Our team is reviewing this and will follow up within 24 hours.,,,0,negative,3,0,android,MEA
TCKT_098776,2023-02-04 08:08:56,CUST_03073,small_business,email,billing,other,low,resolved,gold,I have a general question about my account.,Thanks for contacting support. We will look into this and get back to you within the next 48 hours.,Provided general guidance and confirmed the issue was resolved.,14.33,0,positive,0,0,web,APAC
TCKT_098785,2023-02-18 01:02:43,CUST_09195,education,email,api_integration,other,low,in_progress,standard,I need help but I'm not sure which category this fits in.,Thanks for contacting support. We will look into this and get back to you within the next 48 hours.,,,0,negative,0,0,desktop_app,APAC
TCKT_098836,2023-02-16 11:09:24,CUST_06974,education,chat,billing,performance,low,open,standard,Overall performance has degraded in the last few days.,We understand performance issues can be frustrating. We will look into this and get back to you within the next 48 hours.,,,0,negative,2,0,web,LATAM
TCKT_098869,2023-02-07 03:48:41,CUST_00469,education,in_app,api_integration,security_concern,high,closed_no_action,gold,We need details about your data encryption and compliance.,We take security very seriously. We are prioritizing this and will update you as soon as possible.,Ticket closed without further action after no response from the customer.,226.48,0,neutral,3,0,ios,MEA
TCKT_098879,2023-02-15 07:49:39,CUST_00186,enterprise,in_app,notifications,feature_request,low,resolved,standard,Our team needs more advanced options for notifications.,Thanks for your feature suggestion. We will look into this and get back to you within the next 48 hours.,Captured the request and added it to the product backlog.,44.53,0,neutral,4,0,web,EU
TCKT_099055,2023-02-21 13:11:44,CUST_03604,small_business,phone_transcript,notifications,billing_problem,urgent,closed_no_action,standard,My invoice amount is incorrect compared to the plan I selected.,Thanks for reaching out about the billing issue. This has been escalated to our on-call team for immediate attention.,Ticket closed without further action after no response from the customer.,99.69,0,negative,2,0,desktop_app,APAC
TCKT_099168,2023-02-17 20:51:15,CUST_02078,education,phone_transcript,api_integration,feature_request,high,in_progress,standard,It would be great to have api integration support in your product.,Thanks for your feature suggestion. We are prioritizing this and will update you as soon as possible.,,,0,negative,0,0,desktop_app,
TCKT_099206,2023-02-21 06:23:36,CUST_03930,non_profit,in_app,login_auth,performance,low,resolved,standard,The login auth page is very slow and takes a long time to load.,We understand performance issues can be frustrating. We will look into this and get back to you within the next 48 hours.,Optimized queries and increased resource allocation.,54.16,0,neutral,4,0,api_client,APAC
TCKT_099253,2023-02-24 02:31:31,CUST_02221,individual,web_form,login_auth,bug,low,resolved,gold,I am seeing an error message when I click on login auth.,Thanks for reporting this bug. We will look into this and get back to you within the next 48 hours.,Patched the bug and deployed a fix to production.,25.88,0,positive,4,0,android,MEA
TCKT_099280,2023-02-24 21:37:32,CUST_07740,small_business,email,mobile_app,bug,low,resolved,standard,The mobile app feature is not saving my changes.,Thanks for reporting this bug. We will look into this and get back to you within the next 48 hours.,Patched the bug and deployed a fix to production.,49.11,0,positive,5,0,desktop_app,EU
TCKT_099344,2023-02-27 16:56:14,CUST_02497,small_business,phone_transcript,api_integration,feature_request,urgent,on_hold,platinum,Our team needs more advanced options for api integration.,Thanks for your feature suggestion. This has been escalated to our on-call team for immediate attention.,,,0,positive,4,0,desktop_app,MEA
TCKT_099368,2023-02-07 23:24:39,CUST_01078,individual,in_app,analytics_dashboard,billing_problem,low,in_progress,standard,I was charged twice for my subscription this month.,Thanks for reaching out about the billing issue. We will look into this and get back to you within the next 48 hours.,,,0,negative,0,0,android,APAC
TCKT_099407,2023-02-04 15:17:00,CUST_08464,enterprise,email,login_auth,how_to,medium,resolved,standard,I need help setting up login auth for my team.,Happy to help with your question. Our team is reviewing this and will follow up within 24 hours.,Provided step-by-step instructions and relevant documentation.,37.51,0,very_negative,2,0,api_client,EU
TCKT_099418,2023-02-20 23:32:48,CUST_02928,enterprise,web_form,api_integration,other,low,in_progress,standard,I need help but I'm not sure which category this fits in.,Thanks for contacting support. We will look into this and get back to you within the next 48 hours.,,,0,very_positive,5,0,desktop_app,APAC
TCKT_099421,2023-02-16 19:45:52,CUST_02317,enterprise,phone_transcript,data_export,account_access,low,resolved,gold,My 2FA code is not working when I try to sign in.,Sorry to hear you're having trouble accessing your account. We will look into this and get back to you within the next 48 hours.,Reset account credentials and confirmed successful login.,8.84,0,neutral,3,0,desktop_app,LATAM
TCKT_099483,2023-02-21 15:22:28,CUST_06751,education,phone_transcript,billing,feature_request,low,in_progress,gold,Can you add an option to customize billing?,Thanks for your feature suggestion. We will look into this and get back to you within the next 48 hours.,,,0,neutral,4,0,web,MEA
TCKT_099608,2023-02-19 02:04:49,CUST_02049,enterprise,phone_transcript,mobile_app,performance,low,in_progress,platinum,The mobile app page is very slow and takes a long time to load.,We understand performance issues can be frustrating. We will look into this and get back to you within the next 48 hours.,,,0,very_negative,0,0,api_client,
TCKT_099697,2023-02-26 17:02:11,CUST_01290,enterprise,chat,data_export,security_concern,medium,in_progress,standard,There seems to be a vulnerability in the data export functionality.,We take security very seriously. Our team is reviewing this and will follow up within 24 hours.,,,0,negative,0,0,desktop_app,MEA
TCKT_099702,2023-02-07 16:39:41,CUST_06905,enterprise,email,billing,performance,high,resolved,standard,Overall performance has degraded in the last few days.,We understand performance issues can be frustrating. We are prioritizing this and will update you as soon as possible.,Optimized queries and increased resource allocation.,17.84,0,negative,2,0,android,APAC
TCKT_099713,2023-02-15 21:16:42,CUST_05776,enterprise,web_form,analytics_dashboard,feature_request,high,resolved,standard,It would be great to have analytics dashboard support in your product.,Thanks for your feature suggestion. We are prioritizing this and will update you as soon as possible.,Captured the request and added it to the product backlog.,4.9,0,very_positive,5,0,desktop_app,APAC
TCKT_099765,2023-02-28 06:59:55,CUST_06723,non_profit,chat,billing,security_concern,low,resolved,standard,There seems to be a vulnerability in the billing functionality.,We take security very seriously. We will look into this and get back to you within the next 48 hours.,"Investigated logs, mitigated the issue, and updated security settings.",12.22,0,very_negative,0,0,desktop_app,MEA
TCKT_099857,2023-02-27 17:49:42,CUST_08169,education,email,notifications,bug,low,in_progress,gold,I am seeing an error message when I click on notifications.,Thanks for reporting this bug. We will look into this and get back to you within the next 48 hours.,,,0,very_positive,5,0,api_client,MEA
TCKT_099933,2023-02-24 04:56:11,CUST_05307,small_business,web_form,notifications,feature_request,medium,closed_no_action,standard,Can you add an option to customize notifications?,Thanks for your feature suggestion. Our team is reviewing this and will follow up within 24 hours.,Ticket closed without further action after no response from the customer.,50.69,0,negative,3,0,android,EU
TCKT_099978,2023-02-23 06:38:41,CUST_06834,enterprise,in_app,api_integration,other,high,resolved,standard,"Something seems off, can you please check my workspace?",Thanks for contacting support. We are prioritizing this and will update you as soon as possible.,Provided general guidance and confirmed the issue was resolved.,8.22,0,neutral,0,0,ios,APAC
