ticket_id,created_at,customer_id,customer_segment,channel,product_area,issue_type,priority,status,sla_plan,initial_message,agent_first_reply,resolution_summary,resolution_time_hours,reopened,customer_sentiment,csat_score,has_attachment,platform,region
TCKT_000016,2023-03-14 15:54:14,CUST_07555,enterprise,in_app,analytics_dashboard,security_concern,low,in_progress,standard,We need details about your data encryption and compliance.,We take security very seriously. We will look into this and get back to you within the next 48 hours.,,,1,neutral,4,0,android,EU
TCKT_000051,2023-03-23 01:14:37,CUST_09274,enterprise,email,billing,feature_request,medium,resolved,gold,Can you add an option to customize billing?,Thanks for your feature suggestion. Our team is reviewing this and will follow up within 24 hours.,Captured the request and added it to the product backlog.,36.75,0,positive,0,0,ios,MEA
TCKT_000095,2023-03-05 03:49:42,CUST_08520,individual,chat,login_auth,bug,low,resolved,standard,The login auth feature is not saving my changes.,Thanks for reporting this bug. We will look into this and get back to you within the next 48 hours.,Patched the bug and deployed a fix to production.,49.78,0,negative,0,0,android,EU
TCKT_000313,2023-03-17 01:34:15,CUST_03076,education,email,mobile_app,performance,low,resolved,standard,Queries in the mobile app module are timing out.,We understand performance issues can be frustrating. We will look into this and get back to you within the next 48 hours.,Optimized queries and increased resource allocation.,26.08,0,negative,0,0,web,LATAM
TCKT_000380,2023-03-14 07:43:59,CUST_06954,non_profit,chat,analytics_dashboard,performance,high,open,standard,Overall performance has degraded in the last few days.,We understand performance issues can be frustrating. We are prioritizing this and will update you as soon as possible.,,,0,very_negative,0,0,desktop_app,LATAM
TCKT_000390,2023-03-26 23:48:04,CUST_09950,education,in_app,login_auth,billing_problem,high,resolved,standard,My invoice amount is incorrect compared to the plan I selected.,Thanks for reaching out about the billing issue. We are prioritizing this and will update you as soon as possible.,Adjusted the invoice and issued a refund where applicable.,21.77,0,neutral,3,1,web,
TCKT_000403,2023-03-06 05:41:46,CUST_00184,education,phone_transcript,mobile_app,how_to,medium,in_progress,platinum,How can I export my data from the mobile app section?,Happy to help with your question. Our team is reviewing this and will follow up within 24 hours.,,,1,neutral,4,1,web,APAC
TCKT_000429,2023-03-24 18:57:51,CUST_02346,education,email,analytics_dashboard,other,medium,on_hold,platinum,"Something seems off, can you please check my workspace?",Thanks for contacting support. Our team is reviewing this and will follow up within 24 hours.,,,0,neutral,0,0,web,APAC
TCKT_000510,2023-03-12 00:59:15,CUST_07510,education,email,api_integration,performance,high,resolved,standard,The api integration page is very slow and takes a long time to load.,We understand performance issues can be frustrating. We are prioritizing this and will update you as soon as possible.,Optimized queries and increased resource allocation.,3.77,0,very_negative,1,0,desktop_app,APAC
TCKT_000522,2023-03-02 14:11:34,CUST_06679,non_profit,in_app,login_auth,account_access,low,closed_no_action,platinum,My 2FA code is not working when I try to sign in.,Sorry to hear you're having trouble accessing your account. We will look into this and get back to you within the next 48 hours.,Ticket closed without further action after no response from the customer.,100.1,0,very_negative,0,0,desktop_app,MEA
TCKT_000558,2023-03-13 07:37:15,CUST_08076,small_business,web_form,billing,account_access,low,on_hold,standard,My 2FA code is not working when I try to sign in.,Sorry to hear you're having trouble accessing your account. We will look into this and get back to you within the next 48 hours.,,,0,negative,3,0,desktop_app,APAC
TCKT_000559,2023-03-09 06:18:44,CUST_00878,small_business,phone_transcript,api_integration,bug,low,resolved,standard,The page keeps crashing whenever I try to open the api integration section.,Thanks for reporting this bug. We will look into this and get back to you within the next 48 hours.,Patched the bug and deployed a fix to production.,60.04,0,very_negative,1,0,web,
TCKT_000575,2023-03-14 01:45:26,CUST_06100,non_profit,email,login_auth,other,low,open,standard,I have a general question about my account.,Thanks for contacting support. We will look into this and get back to you within the next 48 hours.,,,0,very_positive,5,0,desktop_app,LATAM
TCKT_000659,2023-03-13 10:02:21,CUST_00767,education,email,api_integration,how_to,medium,on_hold,platinum,How can I export my data from the api integration section?,Happy to help with your question. Our team is reviewing this and will follow up within 24 hours.,,,0,negative,0,1,desktop_app,EU
TCKT_000662,2023-03-13 18:37:17,CUST_06547,enterprise,web_form,billing,billing_problem,low,in_progress,standard,I downgraded my plan but I am still being billed for the higher tier.,Thanks for reaching out about the billing issue. We will look into this and get back to you within the next 48 hours.,,,0,neutral,4,0,api_client,LATAM
TCKT_000675,2023-03-19 16:53:06,CUST_00210,enterprise,web_form,login_auth,billing_problem,low,in_progress,standard,I was charged twice for my subscription this month.,Thanks for reaching out about the billing issue. We will look into this and get back to you within the next 48 hours.,,,0,very_negative,1,0,ios,LATAM
TCKT_000764,2023-03-24 07:48:54,CUST_09408,individual,in_app,notifications,security_concern,high,resolved,standard,We need details about your data encryption and compliance.,We take security very seriously. We are prioritizing this and will update you as soon as possible.,"Investigated logs, mitigated the issue, and updated security settings.",15.91,0,very_negative,1,1,api_client,
TCKT_000809,2023-03-11 03:20:31,CUST_01185,individual,chat,analytics_dashboard,how_to,high,resolved,platinum,Can you explain how to configure analytics dashboard properly?,Happy to help with your question. We are prioritizing this and will update you as soon as possible.,Provided step-by-step instructions and relevant documentation.,1.52,0,negative,3,0,android,LATAM
TCKT_000882,2023-03-28 03:11:16,CUST_04568,non_profit,phone_transcript,api_integration,billing_problem,low,open,standard,I downgraded my plan but I am still being billed for the higher tier.,Thanks for reaching out about the billing issue. We will look into this and get back to you within the next 48 hours.,,,0,very_negative,2,0,android,EU
TCKT_000895,2023-03-28 09:03:07,CUST_00662,education,email,login_auth,other,low,on_hold,standard,I need help but I'm not sure which category this fits in.,Thanks for contacting support. We will look into this and get back to you within the next 48 hours.,,,0,neutral,4,0,android,LATAM
TCKT_000933,2023-03-25 19:13:47,CUST_01817,individual,email,mobile_app,bug,medium,resolved,standard,The mobile app feature is not saving my changes.,Thanks for reporting this bug. Our team is reviewing this and will follow up within 24 hours.,Patched the bug and deployed a fix to production.,10.85,1,positive,5,0,api_client,
TCKT_000977,2023-03-20 05:23:00,CUST_00704,enterprise,chat,billing,account_access,medium,resolved,standard,My account was locked after multiple failed login attempts.,Sorry to hear you're having trouble accessing your account. Our team is reviewing this and will follow up within 24 hours.,Reset account credentials and confirmed successful login.,40.29,0,negative,2,0,api_client,APAC
TCKT_001012,2023-03-02 00:35:56,CUST_05770,education,web_form,billing,account_access,low,open,standard,My 2FA code is not working when I try to sign in.,Sorry to hear you're having trouble accessing your account. We will look into this and get back to you within the next 48 hours.,,,0,neutral,0,0,api_client,LATAM
TCKT_001029,2023-03-15 14:14:07,CUST_04675,non_profit,chat,login_auth,how_to,low,in_progress,standard,Can you explain how to configure login auth properly?,Happy to help with your question. We will look into this and get back to you within the next 48 hours.,,,1,positive,0,0,web,MEA
TCKT_001033,2023-03-08 18:44:05,CUST_01386,small_business,web_form,mobile_app,performance,medium,resolved,standard,Queries in the mobile app module are timing out.,We understand performance issues can be frustrating. Our team is reviewing this and will follow up within 24 hours.,Optimized queries and increased resource allocation.,13.73,1,negative,2,1,desktop_app,
TCKT_001077,2023-03-18 13:39:50,CUST_04444,education,phone_transcript,login_auth,bug,medium,closed_no_action,gold,The login auth feature is not saving my changes.,Thanks for reporting this bug. Our team is reviewing this and will follow up within 24 hours.,Ticket closed without further action after no response from the customer.,71.52,0,neutral,4,0,api_client,MEA
TCKT_001111,2023-03-03 17:22:09,CUST_09523,small_business,chat,login_auth,how_to,low,closed_no_action,standard,I need help setting up login auth for my team.,Happy to help with your question. We will look into this and get back to you within the next 48 hours.,Ticket closed without further action after no response from the customer.,234.91,0,neutral,3,0,web,
TCKT_001139,2023-03-16 00:47:35,CUST_03258,individual,chat,api_integration,account_access,high,resolved,platinum,My account was locked after multiple failed login attempts.,Sorry to hear you're having trouble accessing your account. We are prioritizing this and will update you as soon as possible.,Reset account credentials and confirmed successful login.,13.07,0,negative,3,0,android,LATAM
TCKT_001151,2023-03-22 09:07:35,CUST_03668,education,email,data_export,billing_problem,low,resolved,standard,My invoice amount is incorrect compared to the plan I selected.,Thanks for reaching out about the billing issue. We will look into this and get back to you within the next 48 hours.,Adjusted the invoice and issued a refund where applicable.,53.14,0,negative,3,0,desktop_app,MEA
TCKT_001164,2023-03-28 12:48:28,CUST_03903,education,chat,billing,feature_request,medium,on_hold,gold,It would be great to have billing support in your product.,Thanks for your feature suggestion. Our team is reviewing this and will follow up within 24 hours.,,,0,positive,0,0,web,EU
TCKT_001206,2023-03-15 05:10:59,CUST_09653,non_profit,phone_transcript,api_integration,performance,medium,on_hold,standard,Overall performance has degraded in the last few days.,We understand performance issues can be frustrating. Our team is reviewing this and will follow up within 24 hours.,,,0,very_negative,2,0,android,APAC
TCKT_001232,2023-03-12 13:46:34,CUST_08500,individual,email,analytics_dashboard,account_access,medium,open,standard,My 2FA code is not working when I try to sign in.,Sorry to hear you're having trouble accessing your account. Our team is reviewing this and will follow up within 24 hours.,,,0,negative,2,1,api_client,LATAM
TCKT_001351,2023-03-19 11:32:31,CUST_04146,individual,phone_transcript,data_export,bug,high,resolved,gold,I am seeing an error message when I click on data export.,Thanks for reporting this bug. We are prioritizing this and will update you as soon as possible.,Patched the bug and deployed a fix to production.,8.86,1,neutral,4,0,api_client,APAC
TCKT_001354,2023-03-19 03:33:45,CUST_06437,enterprise,web_form,analytics_dashboard,other,high,on_hold,standard,I have a general question about my account.,Thanks for contacting support. We are prioritizing this and will update you as soon as possible.,,,0,very_negative,2,0,android,EU
TCKT_001375,2023-03-06 12:12:02,CUST_01346,enterprise,chat,notifications,other,medium,in_progress,standard,I have a general question about my account.,Thanks for contacting support. Our team is reviewing this and will follow up within 24 hours.,,,0,very_positive,5,0,web,LATAM
TCKT_001393,2023-03-29 09:40:30,CUST_06862,individual,phone_transcript,notifications,billing_problem,low,resolved,gold,My invoice amount is incorrect compared to the plan I selected.,Thanks for reaching out about the billing issue. We will look into this and get back to you within the next 48 hours.,Adjusted the invoice and issued a refund where applicable.,46.16,0,negative,3,0,desktop_app,EU
TCKT_001441,2023-03-09 09:23:30,CUST_06498,non_profit,web_form,data_export,performance,low,resolved,standard,The data export page is very slow and takes a long time to load.,We understand performance issues can be frustrating. We will look into this and get back to you within the next 48 hours.,Optimized queries and increased resource allocation.,65.68,0,negative,3,1,ios,APAC
TCKT_001459,2023-03-16 11:32:40,CUST_09951,education,phone_transcript,notifications,performance,low,closed_no_action,platinum,Queries in the notifications module are timing out.,We understand performance issues can be frustrating. We will look into this and get back to you within the next 48 hours.,Ticket closed without further action after no response from the customer.,234.34,0,very_negative,2,0,desktop_app,APAC
TCKT_001478,2023-03-02 07:19:55,CUST_01649,non_profit,email,mobile_app,performance,high,in_progress,gold,The mobile app page is very slow and takes a long time to load.,We understand performance issues can be frustrating. We are prioritizing this and will update you as soon as possible.,,,0,very_negative,1,0,web,LATAM
TCKT_001597,2023-03-08 20:06:02,CUST_01159,non_profit,chat,notifications,other,low,closed_no_action,standard,I have a general question about my account.,Thanks for contacting support. We will look into this and get back to you within the next 48 hours.,Ticket closed without further action after no response from the customer.,64.87,0,neutral,4,0,ios,APAC
TCKT_001598,2023-03-26 18:03:53,CUST_09645,small_business,in_app,data_export,security_concern,low,resolved,standard,I noticed a suspicious login on my account.,We take security very seriously. We will look into this and get back to you within the next 48 hours.,"Investigated logs, mitigated the issue, and updated security settings.",16.14,0,very_negative,1,0,desktop_app,EU
TCKT_001615,2023-03-29 02:27:32,CUST_00111,education,in_app,mobile_app,feature_request,high,resolved,standard,Our team needs more advanced options for mobile app.,Thanks for your feature suggestion. We are prioritizing this and will update you as soon as possible.,Captured the request and added it to the product backlog.,21.42,0,positive,4,0,desktop_app,EU
TCKT_001616,2023-03-29 06:35:02,CUST_08886,enterprise,in_app,notifications,account_access,urgent,on_hold,gold,My 2FA code is not working when I try to sign in.,Sorry to hear you're having trouble accessing your account. This has been escalated to our on-call team for immediate attention.,,,0,negative,2,0,web,APAC
TCKT_001623,2023-03-20 01:21:45,CUST_04413,non_profit,in_app,notifications,billing_problem,low,resolved,standard,My invoice amount is incorrect compared to the plan I selected.,Thanks for reaching out about the billing issue. We will look into this and get back to you within the next 48 hours.,Adjusted the invoice and issued a refund where applicable.,37.98,0,neutral,4,0,web,MEA
TCKT_001686,2023-03-17 16:47:32,CUST_01829,small_business,in_app,analytics_dashboard,security_concern,low,resolved,standard,We need details about your data encryption and compliance.,We take security very seriously. We will look into this and get back to you within the next 48 hours.,"Investigated logs, mitigated the issue, and updated security settings.",48.54,0,very_negative,1,0,desktop_app,APAC
TCKT_001715,2023-03-26 07:44:08,CUST_05020,small_business,phone_transcript,login_auth,billing_problem,urgent,on_hold,gold,I downgraded my plan but I am still being billed for the higher tier.,Thanks for reaching out about the billing issue. This has been escalated to our on-call team for immediate attention.,,,0,negative,0,0,ios,LATAM
TCKT_001728,2023-03-18 05:18:23,CUST_09824,enterprise,web_form,billing,how_to,low,resolved,gold,I need help setting up billing for my team.,Happy to help with your question. We will look into this and get back to you within the next 48 hours.,Provided step-by-step instructions and relevant documentation.,40.34,0,positive,4,1,android,MEA
TCKT_001736,2023-03-23 17:36:15,CUST_00103,individual,chat,billing,performance,medium,open,standard,Queries in the billing module are timing out.,We understand performance issues can be frustrating. Our team is reviewing this and will follow up within 24 hours.,,,0,very_negative,1,0,desktop_app,EU
TCKT_001755,2023-03-04 09:41:57,CUST_03174,education,phone_transcript,mobile_app,how_to,low,in_progress,standard,How can I export my data from the mobile app section?,Happy to help with your question. We will look into this and get back to you within the next 48 hours.,,,0,negative,3,0,desktop_app,LATAM
TCKT_001801,2023-03-27 21:39:08,CUST_00270,individual,chat,login_auth,how_to,low,resolved,standard,I need help setting up login auth for my team.,Happy to help with your question. We will look into this and get back to you within the next 48 hours.,Provided step-by-step instructions and relevant documentation.,21.33,0,positive,5,0,web,MEA
TCKT_001807,2023-03-17 01:55:34,CUST_01768,education,email,analytics_dashboard,security_concern,medium,resolved,standard,We need details about your data encryption and compliance.,We take security very seriously. Our team is reviewing this and will follow up within 24 hours.,"Investigated logs, mitigated the issue, and updated security settings.",26.26,0,very_negative,2,0,android,
TCKT_001838,2023-03-03 00:46:02,CUST_06505,education,phone_transcript,notifications,billing_problem,medium,resolved,standard,I was charged twice for my subscription this month.,Thanks for reaching out about the billing issue. Our team is reviewing this and will follow up within 24 hours.,Adjusted the invoice and issued a refund where applicable.,35.62,0,very_negative,1,0,web,
TCKT_001844,2023-03-06 18:28:34,CUST_07953,non_profit,email,notifications,bug,medium,resolved,standard,The notifications feature is not saving my changes.,Thanks for reporting this bug. Our team is reviewing this and will follow up within 24 hours.,Patched the bug and deployed a fix to production.,32.38,0,neutral,4,0,android,
TCKT_001872,2023-03-23 01:41:20,CUST_09590,non_profit,chat,billing,account_access,low,resolved,gold,My 2FA code is not working when I try to sign in.,Sorry to hear you're having trouble accessing your account. We will look into this and get back to you within the next 48 hours.,Reset account credentials and confirmed successful login.,49.97,0,very_negative,0,0,web,APAC
TCKT_001873,2023-03-27 09:21:03,CUST_07429,non_profit,email,api_integration,billing_problem,medium,in_progress,platinum,My invoice amount is incorrect compared to the plan I selected.,Thanks for reaching out about the billing issue. Our team is reviewing this and will follow up within 24 hours.,,,1,very_negative,2,1,web,
TCKT_001910,2023-03-05 05:06:28,CUST_06070,enterprise,email,data_export,billing_problem,low,closed_no_action,standard,I downgraded my plan but I am still being billed for the higher tier.,Thanks for reaching out about the billing issue. We will look into this and get back to you within the next 48 hours.,Ticket closed without further action after no response from the customer.,205.05,0,negative,3,0,web,APAC
TCKT_001951,2023-03-27 04:14:04,CUST_08836,non_profit,in_app,analytics_dashboard,bug,medium,resolved,standard,I am seeing an error message when I click on analytics dashboard.,Thanks for reporting this bug. Our team is reviewing this and will follow up within 24 hours.,Patched the bug and deployed a fix to production.,45.84,0,negative,0,0,android,MEA
TCKT_001953,2023-03-02 05:57:14,CUST_05951,education,web_form,api_integration,how_to,low,resolved,platinum,How can I export my data from the api integration section?,Happy to help with your question. We will look into this and get back to you within the next 48 hours.,Provided step-by-step instructions and relevant documentation.,37.48,0,positive,4,0,desktop_app,
TCKT_002006,2023-03-07 15:30:21,CUST_07940,education,phone_transcript,mobile_app,how_to,low,resolved,standard,How can I export my data from the mobile app section?,Happy to help with your question. We will look into this and get back to you within the next 48 hours.,Provided step-by-step instructions and relevant documentation.,8.58,0,neutral,3,1,ios,APAC
TCKT_002119,2023-03-12 04:07:11,CUST_02942,individual,web_form,mobile_app,feature_request,low,resolved,standard,Can you add an option to customize mobile app?,Thanks for your feature suggestion. We will look into this and get back to you within the next 48 hours.,Captured the request and added it to the product backlog.,64.63,0,neutral,0,1,ios,
TCKT_002166,2023-03-19 13:28:50,CUST_05689,non_profit,web_form,login_auth,bug,high,open,gold,I am seeing an error message when I click on login auth.,Thanks for reporting this bug. We are prioritizing this and will update you as soon as possible.,,,0,neutral,3,1,desktop_app,LATAM
TCKT_002255,2023-03-15 19:57:37,CUST_06978,enterprise,chat,mobile_app,feature_request,high,resolved,gold,It would be great to have mobile app support in your product.,Thanks for your feature suggestion. We are prioritizing this and will update you as soon as possible.,Captured the request and added it to the product backlog.,4.63,0,very_negative,2,0,desktop_app,EU
TCKT_002316,2023-03-24 07:43:12,CUST_02769,small_business,web_form,billing,other,low,resolved,standard,I need help but I'm not sure which category this fits in.,Thanks for contacting support. We will look into this and get back to you within the next 48 hours.,Provided general guidance and confirmed the issue was resolved.,17.12,0,positive,4,0,api_client,APAC
TCKT_002327,2023-03-16 01:31:18,CUST_08697,enterprise,phone_transcript,api_integration,billing_problem,low,resolved,platinum,My invoice amount is incorrect compared to the plan I selected.,Thanks for reaching out about the billing issue. We will look into this and get back to you within the next 48 hours.,Adjusted the invoice and issued a refund where applicable.,55.71,0,negative,2,0,ios,APAC
TCKT_002374,2023-03-11 21:39:11,CUST_08829,enterprise,web_form,notifications,feature_request,medium,resolved,standard,Can you add an option to customize notifications?,Thanks for your feature suggestion. Our team is reviewing this and will follow up within 24 hours.,Captured the request and added it to the product backlog.,36.02,0,negative,0,0,desktop_app,MEA
TCKT_002482,2023-03-04 04:28:38,CUST_03372,individual,chat,notifications,account_access,low,resolved,standard,My 2FA code is not working when I try to sign in.,Sorry to hear you're having trouble accessing your account. We will look into this and get back to you within the next 48 hours.,Reset account credentials and confirmed successful login.,33.64,0,positive,5,0,desktop_app,MEA
TCKT_002491,2023-03-23 19:55:31,CUST_04604,non_profit,phone_transcript,notifications,billing_problem,medium,resolved,gold,I was charged twice for my subscription this month.,Thanks for reaching out about the billing issue. Our team is reviewing this and will follow up within 24 hours.,Adjusted the invoice and issued a refund where applicable.,15.12,0,very_negative,0,0,desktop_app,EU
TCKT_002572,2023-03-06 21:50:49,CUST_09633,small_business,web_form,analytics_dashboard,security_concern,medium,resolved,standard,I noticed a suspicious login on my account.,We take security very seriously. Our team is reviewing this and will follow up within 24 hours.,"Investigated logs, mitigated the issue, and updated security settings.",42.24,0,very_negative,2,0,api_client,MEA
TCKT_002662,2023-03-14 11:35:05,CUST_02470,non_profit,chat,data_export,bug,high,open,gold,I am seeing an error message when I click on data export.,Thanks for reporting this bug. We are prioritizing this and will update you as soon as possible.,,,0,positive,4,0,android,LATAM
TCKT_002669,2023-03-19 17:02:53,CUST_06273,enterprise,web_form,login_auth,how_to,medium,in_progress,gold,How can I export my data from the login auth section?,Happy to help with your question. Our team is reviewing this and will follow up within 24 hours.,,,0,neutral,4,0,desktop_app,LATAM
TCKT_002675,2023-03-11 16:28:56,CUST_08049,education,phone_transcript,mobile_app,account_access,medium,in_progress,gold,My account was locked after multiple failed login attempts.,Sorry to hear you're having trouble accessing your account. Our team is reviewing this and will follow up within 24 hours.,,,1,negative,3,0,android,
TCKT_002719,2023-03-15 01:54:43,CUST_07570,education,chat,notifications,feature_request,medium,resolved,standard,It would be great to have notifications support in your product.,Thanks for your feature suggestion. Our team is reviewing this and will follow up within 24 hours.,Captured the request and added it to the product backlog.,31.43,0,negative,2,1,web,
TCKT_002792,2023-03-20 13:46:28,CUST_04877,individual,chat,analytics_dashboard,billing_problem,medium,in_progress,gold,I downgraded my plan but I am still being billed for the higher tier.,Thanks for reaching out about the billing issue. Our team is reviewing this and will follow up within 24 hours.,,,0,negative,0,0,ios,
TCKT_002810,2023-03-25 15:29:26,CUST_01710,enterprise,email,api_integration,billing_problem,medium,on_hold,standard,I downgraded my plan but I am still being billed for the higher tier.,Thanks for reaching out about the billing issue. Our team is reviewing this and will follow up within 24 hours.,,,0,very_negative,0,0,api_client,LATAM
TCKT_002836,2023-03-22 15:27:48,CUST_04745,small_business,email,login_auth,performance,low,closed_no_action,platinum,Queries in the login auth module are timing out.,We understand performance issues can be frustrating. We will look into this and get back to you within the next 48 hours.,Ticket closed without further action after no response from the customer.,35.21,0,negative,2,0,android,APAC
TCKT_002894,2023-03-31 04:24:54,CUST_03908,individual,in_app,notifications,billing_problem,low,resolved,standard,I was charged twice for my subscription this month.,Thanks for reaching out about the billing issue. We will look into this and get back to you within the next 48 hours.,Adjusted the invoice and issued a refund where applicable.,24.68,0,negative,3,0,api_client,LATAM
TCKT_002916,2023-03-31 19:54:38,CUST_08494,enterprise,in_app,data_export,how_to,high,resolved,standard,I need help setting up data export for my team.,Happy to help with your question. We are prioritizing this and will update you as soon as possible.,Provided step-by-step instructions and relevant documentation.,2.34,0,very_positive,5,0,ios,APAC
TCKT_002927,2023-03-31 09:26:46,CUST_05887,individual,phone_transcript,data_export,bug,medium,resolved,standard,I am seeing an error message when I click on data export.,Thanks for reporting this bug. Our team is reviewing this and will follow up within 24 hours.,Patched the bug and deployed a fix to production.,30.96,0,very_positive,0,0,web,EU
TCKT_002944,2023-03-15 05:28:22,CUST_03163,education,web_form,notifications,other,medium,on_hold,standard,I need help but I'm not sure which category this fits in.,Thanks for contacting support. Our team is reviewing this and will follow up within 24 hours.,,,0,positive,5,1,android,
TCKT_003021,2023-03-30 04:21:37,CUST_07852,small_business,email,login_auth,bug,medium,resolved,gold,The page keeps crashing whenever I try to open the login auth section.,Thanks for reporting this bug. Our team is reviewing this and will follow up within 24 hours.,Patched the bug and deployed a fix to production.,44.3,0,negative,3,0,api_client,APAC
TCKT_003028,2023-03-27 17:34:49,CUST_05507,small_business,chat,login_auth,other,medium,open,platinum,"Something seems off, can you please check my workspace?",Thanks for contacting support. Our team is reviewing this and will follow up within 24 hours.,,,0,neutral,3,0,api_client,MEA
TCKT_003043,2023-03-13 16:53:34,CUST_06284,non_profit,web_form,notifications,security_concern,high,closed_no_action,gold,There seems to be a vulnerability in the notifications functionality.,We take security very seriously. We are prioritizing this and will update you as soon as possible.,Ticket closed without further action after no response from the customer.,138.11,0,neutral,4,0,api_client,MEA
TCKT_003110,2023-03-07 11:29:26,CUST_07441,enterprise,email,analytics_dashboard,other,low,resolved,standard,"Something seems off, can you please check my workspace?",Thanks for contacting support. We will look into this and get back to you within the next 48 hours.,Provided general guidance and confirmed the issue was resolved.,64.9,0,positive,4,0,web,LATAM
TCKT_003112,2023-03-02 12:28:17,CUST_06273,education,chat,login_auth,feature_request,high,in_progress,gold,Our team needs more advanced options for login auth.,Thanks for your feature suggestion. We are prioritizing this and will update you as soon as possible.,,,1,neutral,0,0,web,MEA
TCKT_003248,2023-03-22 07:06:17,CUST_07059,small_business,email,data_export,how_to,high,closed_no_action,gold,How can I export my data from the data export section?,Happy to help with your question. We are prioritizing this and will update you as soon as possible.,Ticket closed without further action after no response from the customer.,121.98,0,neutral,4,0,desktop_app,EU
TCKT_003268,2023-03-21 19:42:08,CUST_06643,individual,phone_transcript,analytics_dashboard,security_concern,low,in_progress,standard,We need details about your data encryption and compliance.,We take security very seriously. We will look into this and get back to you within the next 48 hours.,,,0,positive,4,0,ios,MEA
TCKT_003270,2023-03-05 19:58:14,CUST_01545,small_business,web_form,api_integration,other,high,resolved,standard,"Something seems off, can you please check my workspace?",Thanks for contacting support. We are prioritizing this and will update you as soon as possible.,Provided general guidance and confirmed the issue was resolved.,9.49,0,negative,2,0,ios,APAC
TCKT_003353,2023-03-14 13:26:09,CUST_09029,individual,chat,api_integration,performance,low,in_progress,standard,Overall performance has degraded in the last few days.,We understand performance issues can be frustrating. We will look into this and get back to you within the next 48 hours.,,,0,negative,3,0,api_client,LATAM
TCKT_003479,2023-03-09 16:06:00,CUST_03239,small_business,phone_transcript,billing,performance,medium,in_progress,platinum,Queries in the billing module are timing out.,We understand performance issues can be frustrating. Our team is reviewing this and will follow up within 24 hours.,,,0,neutral,0,0,api_client,MEA
TCKT_003480,2023-03-27 17:43:02,CUST_02694,individual,web_form,data_export,bug,low,closed_no_action,standard,The data export feature is not saving my changes.,Thanks for reporting this bug. We will look into this and get back to you within the next 48 hours.,Ticket closed without further action after no response from the customer.,154.22,0,very_positive,0,0,ios,EU
TCKT_003542,2023-03-14 20:02:18,CUST_01394,small_business,web_form,billing,feature_request,low,in_progress,standard,It would be great to have billing support in your product.,Thanks for your feature suggestion. We will look into this and get back to you within the next 48 hours.,,,0,neutral,0,0,ios,APAC
TCKT_003559,2023-03-01 18:50:18,CUST_07053,small_business,phone_transcript,login_auth,account_access,low,in_progress,standard,My account was locked after multiple failed login attempts.,Sorry to hear you're having trouble accessing your account. We will look into this and get back to you within the next 48 hours.,,,0,negative,0,0,ios,MEA
TCKT_003693,2023-03-16 04:48:57,CUST_01494,education,phone_transcript,analytics_dashboard,how_to,high,resolved,standard,How can I export my data from the analytics dashboard section?,Happy to help with your question. We are prioritizing this and will update you as soon as possible.,Provided step-by-step instructions and relevant documentation.,17.51,0,negative,3,0,desktop_app,MEA
TCKT_003849,2023-03-10 10:51:12,CUST_02526,small_business,phone_transcript,api_integration,account_access,high,resolved,standard,My account was locked after multiple failed login attempts.,Sorry to hear you're having trouble accessing your account. We are prioritizing this and will update you as soon as possible.,Reset account credentials and confirmed successful login.,21.02,0,negative,2,0,desktop_app,EU
TCKT_003850,2023-03-18 03:40:32,CUST_01278,small_business,email,mobile_app,feature_request,low,on_hold,standard,Our team needs more advanced options for mobile app.,Thanks for your feature suggestion. We will look into this and get back to you within the next 48 hours.,,,0,neutral,4,0,api_client,LATAM
TCKT_003898,2023-03-11 13:36:02,CUST_05433,education,chat,login_auth,bug,high,resolved,gold,The page keeps crashing whenever I try to open the login auth section.,Thanks for reporting this bug. We are prioritizing this and will update you as soon as possible.,Patched the bug and deployed a fix to production.,7.47,0,neutral,3,0,api_client,LATAM
TCKT_004226,2023-03-31 18:37:48,CUST_08184,enterprise,web_form,billing,how_to,urgent,on_hold,gold,I need help setting up billing for my team.,Happy to help with your question. This has been escalated to our on-call team for immediate attention.,,,0,very_positive,0,1,ios,EU
TCKT_004227,2023-03-25 16:27:18,CUST_02525,education,web_form,billing,billing_problem,low,in_progress,gold,My invoice amount is incorrect compared to the plan I selected.,Thanks for reaching out about the billing issue. We will look into this and get back to you within the next 48 hours.,,,0,neutral,0,0,api_client,
TCKT_004238,2023-03-21 06:58:14,CUST_00889,small_business,chat,login_auth,feature_request,medium,in_progress,standard,Our team needs more advanced options for login auth.,Thanks for your feature suggestion. Our team is reviewing this and will follow up within 24 hours.,,,0,positive,0,0,ios,MEA
TCKT_004241,2023-03-03 20:33:00,CUST_02371,small_business,in_app,analytics_dashboard,security_concern,low,in_progress,standard,I noticed a suspicious login on my account.,We take security very seriously. We will look into this and get back to you within the next 48 hours.,,,0,very_negative,0,0,api_client,MEA
TCKT_004347,2023-03-09 03:03:17,CUST_09071,individual,phone_transcript,login_auth,bug,urgent,resolved,standard,I am seeing an error message when I click on login auth.,Thanks for reporting this bug. This has been escalated to our on-call team for immediate attention.,Patched the bug and deployed a fix to production.,0.63,0,neutral,4,1,web,APAC
TCKT_004462,2023-03-29 18:09:27,CUST_03259,enterprise,web_form,login_auth,other,low,in_progress,gold,"Something seems off, can you please check my workspace?",Thanks for contacting support. We will look into this and get back to you within the next 48 hours.,,,0,positive,0,0,desktop_app,
TCKT_004485,2023-03-07 18:22:33,CUST_05024,enterprise,email,notifications,how_to,medium,resolved,gold,Can you explain how to configure notifications properly?,Happy to help with your question. Our team is reviewing this and will follow up within 24 hours.,Provided step-by-step instructions and relevant documentation.,45.47,0,neutral,3,0,web,MEA
TCKT_004511,2023-03-02 02:31:10,CUST_05383,enterprise,in_app,analytics_dashboard,account_access,medium,resolved,standard,My account was locked after multiple failed login attempts.,Sorry to hear you're having trouble accessing your account. Our team is reviewing this and will follow up within 24 hours.,Reset account credentials and confirmed successful login.,24.37,0,very_negative,1,1,api_client,LATAM
TCKT_004554,2023-03-04 19:10:49,CUST_06653,non_profit,email,api_integration,feature_request,medium,resolved,gold,Can you add an option to customize api integration?,Thanks for your feature suggestion. Our team is reviewing this and will follow up within 24 hours.,Captured the request and added it to the product backlog.,32.1,0,negative,2,0,web,
TCKT_004630,2023-03-22 19:58:43,CUST_04234,individual,phone_transcript,mobile_app,other,low,resolved,standard,I need help but I'm not sure which category this fits in.,Thanks for contacting support. We will look into this and get back to you within the next 48 hours.,Provided general guidance and confirmed the issue was resolved.,44.06,0,neutral,0,1,android,MEA
TCKT_004704,2023-03-10 23:18:48,CUST_09922,non_profit,in_app,analytics_dashboard,security_concern,low,closed_no_action,standard,We need details about your data encryption and compliance.,We take security very seriously. We will look into this and get back to you within the next 48 hours.,Ticket closed without further action after no response from the customer.,64.17,0,negative,0,0,ios,EU
TCKT_004728,2023-03-12 21:38:00,CUST_03104,non_profit,in_app,billing,how_to,low,open,standard,I need help setting up billing for my team.,Happy to help with your question. We will look into this and get back to you within the next 48 hours.,,,0,positive,0,0,desktop_app,APAC
TCKT_004768,2023-03-09 20:17:50,CUST_05530,education,email,data_export,account_access,low,resolved,gold,My account was locked after multiple failed login attempts.,Sorry to hear you're having trouble accessing your account. We will look into this and get back to you within the next 48 hours.,Reset account credentials and confirmed successful login.,32.23,0,neutral,4,0,web,EU
TCKT_004782,2023-03-06 07:12:43,CUST_09680,non_profit,phone_transcript,notifications,other,low,resolved,standard,I have a general question about my account.,Thanks for contacting support. We will look into this and get back to you within the next 48 hours.,Provided general guidance and confirmed the issue was resolved.,10.32,0,negative,2,0,ios,LATAM
TCKT_004804,2023-03-10 19:06:27,CUST_01085,enterprise,phone_transcript,api_integration,bug,urgent,resolved,gold,The page keeps crashing whenever I try to open the api integration section.,Thanks for reporting this bug. This has been escalated to our on-call team for immediate attention.,Patched the bug and deployed a fix to production.,7.11,0,negative,3,1,api_client,EU
TCKT_004807,2023-03-25 00:36:44,CUST_05775,enterprise,email,analytics_dashboard,account_access,medium,resolved,gold,My 2FA code is not working when I try to sign in.,Sorry to hear you're having trouble accessing your account. Our team is reviewing this and will follow up within 24 hours.,Reset account credentials and confirmed successful login.,33.22,0,neutral,0,1,ios,LATAM
TCKT_004874,2023-03-18 22:21:15,CUST_07017,non_profit,web_form,data_export,feature_request,medium,in_progress,gold,It would be great to have data export support in your product.,Thanks for your feature suggestion. Our team is reviewing this and will follow up within 24 hours.,,,0,positive,5,0,api_client,EU
TCKT_005147,2023-03-09 23:58:50,CUST_06772,individual,chat,login_auth,how_to,medium,on_hold,gold,How can I export my data from the login auth section?,Happy to help with your question. Our team is reviewing this and will follow up within 24 hours.,,,0,positive,0,0,desktop_app,APAC
TCKT_005205,2023-03-24 01:00:19,CUST_05915,individual,web_form,api_integration,performance,medium,on_hold,standard,The api integration page is very slow and takes a long time to load.,We understand performance issues can be frustrating. Our team is reviewing this and will follow up within 24 hours.,,,0,very_negative,1,0,android,
TCKT_005229,2023-03-01 08:03:12,CUST_01335,small_business,phone_transcript,api_integration,other,medium,resolved,gold,I need help but I'm not sure which category this fits in.,Thanks for contacting support. Our team is reviewing this and will follow up within 24 hours.,Provided general guidance and confirmed the issue was resolved.,42.09,0,negative,2,1,android,
TCKT_005241,2023-03-23 21:25:31,CUST_03415,education,email,data_export,performance,high,resolved,standard,Queries in the data export module are timing out.,We understand performance issues can be frustrating. We are prioritizing this and will update you as soon as possible.,Optimized queries and increased resource allocation.,15.56,1,positive,4,0,desktop_app,EU
TCKT_005326,2023-03-02 15:37:01,CUST_02292,individual,phone_transcript,notifications,bug,medium,in_progress,gold,The page keeps crashing whenever I try to open the notifications section.,Thanks for reporting this bug. Our team is reviewing this and will follow up within 24 hours.,,,0,neutral,0,0,android,EU
TCKT_005383,2023-03-17 13:05:22,CUST_02032,enterprise,web_form,analytics_dashboard,how_to,low,resolved,standard,Can you explain how to configure analytics dashboard properly?,Happy to help with your question. We will look into this and get back to you within the next 48 hours.,Provided step-by-step instructions and relevant documentation.,33.38,0,very_positive,5,0,android,
TCKT_005388,2023-03-28 16:08:22,CUST_08974,small_business,web_form,mobile_app,security_concern,low,resolved,standard,We need details about your data encryption and compliance.,We take security very seriously. We will look into this and get back to you within the next 48 hours.,"Investigated logs, mitigated the issue, and updated security settings.",43.0,0,positive,5,1,desktop_app,LATAM
TCKT_005414,2023-03-03 18:52:04,CUST_09385,enterprise,chat,notifications,feature_request,high,in_progress,standard,It would be great to have notifications support in your product.,Thanks for your feature suggestion. We are prioritizing this and will update you as soon as possible.,,,0,very_positive,0,0,android,LATAM
TCKT_005516,2023-03-03 03:32:25,CUST_07455,non_profit,email,analytics_dashboard,feature_request,low,resolved,standard,Our team needs more advanced options for analytics dashboard.,Thanks for your feature suggestion. We will look into this and get back to you within the next 48 hours.,Captured the request and added it to the product backlog.,66.96,0,neutral,4,0,desktop_app,APAC
TCKT_005661,2023-03-12 06:00:27,CUST_09668,education,web_form,data_export,performance,high,resolved,gold,Queries in the data export module are timing out.,We understand performance issues can be frustrating. We are prioritizing this and will update you as soon as possible.,Optimized queries and increased resource allocation.,10.05,1,neutral,0,1,api_client,MEA
TCKT_005679,2023-03-25 14:01:30,CUST_08832,enterprise,chat,api_integration,performance,high,on_hold,gold,The api integration page is very slow and takes a long time to load.,We understand performance issues can be frustrating. We are prioritizing this and will update you as soon as possible.,,,0,neutral,4,0,api_client,APAC
TCKT_005705,2023-03-13 18:17:28,CUST_00099,education,web_form,api_integration,bug,low,resolved,standard,The api integration feature is not saving my changes.,Thanks for reporting this bug. We will look into this and get back to you within the next 48 hours.,Patched the bug and deployed a fix to production.,43.54,0,neutral,3,0,api_client,APAC
TCKT_005712,2023-03-18 12:15:22,CUST_06681,individual,phone_transcript,mobile_app,billing_problem,medium,in_progress,standard,I downgraded my plan but I am still being billed for the higher tier.,Thanks for reaching out about the billing issue. Our team is reviewing this and will follow up within 24 hours.,,,0,neutral,0,0,web,
TCKT_005719,2023-03-26 18:48:15,CUST_08067,education,web_form,analytics_dashboard,security_concern,low,closed_no_action,platinum,I noticed a suspicious login on my account.,We take security very seriously. We will look into this and get back to you within the next 48 hours.,Ticket closed without further action after no response from the customer.,25.71,0,negative,2,0,ios,EU
TCKT_005775,2023-03-26 08:22:23,CUST_09481,enterprise,chat,login_auth,how_to,low,resolved,standard,Can you explain how to configure login auth properly?,Happy to help with your question. We will look into this and get back to you within the next 48 hours.,Provided step-by-step instructions and relevant documentation.,18.81,0,very_positive,5,0,api_client,EU
TCKT_005819,2023-03-20 21:46:18,CUST_04876,education,in_app,billing,feature_request,low,resolved,standard,Can you add an option to customize billing?,Thanks for your feature suggestion. We will look into this and get back to you within the next 48 hours.,Captured the request and added it to the product backlog.,49.95,0,neutral,4,0,desktop_app,
TCKT_005929,2023-03-19 03:28:02,CUST_09516,individual,email,billing,account_access,low,resolved,standard,I cannot log in; the system says my password is incorrect.,Sorry to hear you're having trouble accessing your account. We will look into this and get back to you within the next 48 hours.,Reset account credentials and confirmed successful login.,18.61,0,very_negative,1,0,android,
TCKT_005935,2023-03-14 19:59:52,CUST_00084,non_profit,web_form,analytics_dashboard,how_to,low,resolved,gold,How can I export my data from the analytics dashboard section?,Happy to help with your question. We will look into this and get back to you within the next 48 hours.,Provided step-by-step instructions and relevant documentation.,46.33,0,neutral,0,0,android,MEA
TCKT_005936,2023-03-31 19:17:17,CUST_08594,non_profit,email,api_integration,billing_problem,medium,in_progress,standard,I downgraded my plan but I am still being billed for the higher tier.,Thanks for reaching out about the billing issue. Our team is reviewing this and will follow up within 24 hours.,,,0,very_negative,0,1,desktop_app,EU
TCKT_005943,2023-03-15 00:56:31,CUST_07027,enterprise,chat,data_export,security_concern,low,in_progress,standard,There seems to be a vulnerability in the data export functionality.,We take security very seriously. We will look into this and get back to you within the next 48 hours.,,,0,negative,0,0,android,
TCKT_006026,2023-03-19 10:31:29,CUST_09100,small_business,email,data_export,performance,medium,open,standard,The data export page is very slow and takes a long time to load.,We understand performance issues can be frustrating. Our team is reviewing this and will follow up within 24 hours.,,,0,neutral,4,0,desktop_app,MEA
TCKT_006057,2023-03-09 22:00:37,CUST_04081,individual,phone_transcript,analytics_dashboard,bug,low,in_progress,gold,I am seeing an error message when I click on analytics dashboard.,Thanks for reporting this bug. We will look into this and get back to you within the next 48 hours.,,,0,positive,5,0,web,LATAM
TCKT_006127,2023-03-12 20:11:51,CUST_03244,non_profit,email,notifications,other,low,open,standard,I have a general question about my account.,Thanks for contacting support. We will look into this and get back to you within the next 48 hours.,,,1,very_negative,2,1,android,APAC
TCKT_006143,2023-03-20 19:19:42,CUST_02597,enterprise,chat,billing,how_to,low,resolved,standard,I need help setting up billing for my team.,Happy to help with your question. We will look into this and get back to you within the next 48 hours.,Provided step-by-step instructions and relevant documentation.,46.48,0,negative,0,0,android,EU
TCKT_006206,2023-03-11 12:07:42,CUST_00639,enterprise,phone_transcript,api_integration,billing_problem,medium,resolved,standard,My invoice amount is incorrect compared to the plan I selected.,Thanks for reaching out about the billing issue. Our team is reviewing this and will follow up within 24 hours.,Adjusted the invoice and issued a refund where applicable.,17.6,0,neutral,4,1,android,MEA
TCKT_006213,2023-03-10 02:17:58,CUST_00431,enterprise,in_app,notifications,billing_problem,low,on_hold,standard,I was charged twice for my subscription this month.,Thanks for reaching out about the billing issue. We will look into this and get back to you within the next 48 hours.,,,1,very_positive,5,1,ios,
TCKT_006283,2023-03-01 05:10:02,CUST_00294,small_business,web_form,mobile_app,how_to,medium,resolved,gold,How can I export my data from the mobile app section?,Happy to help with your question. Our team is reviewing this and will follow up within 24 hours.,Provided step-by-step instructions and relevant documentation.,35.16,0,neutral,4,1,web,MEA
TCKT_006299,2023-03-15 05:13:33,CUST_09175,enterprise,phone_transcript,analytics_dashboard,other,low,on_hold,standard,I need help but I'm not sure which category this fits in.,Thanks for contacting support. We will look into this and get back to you within the next 48 hours.,,,0,positive,5,0,desktop_app,MEA
TCKT_006396,2023-03-16 01:30:08,CUST_03948,individual,in_app,api_integration,feature_request,medium,resolved,standard,It would be great to have api integration support in your product.,Thanks for your feature suggestion. Our team is reviewing this and will follow up within 24 hours.,Captured the request and added it to the product backlog.,44.77,0,negative,3,0,android,MEA
TCKT_006479,2023-03-01 05:59:07,CUST_01340,non_profit,web_form,billing,billing_problem,low,in_progress,standard,I downgraded my plan but I am still being billed for the higher tier.,Thanks for reaching out about the billing issue. We will look into this and get back to you within the next 48 hours.,,,0,negative,2,0,ios,APAC
TCKT_006548,2023-03-22 21:12:14,CUST_05152,small_business,phone_transcript,mobile_app,security_concern,medium,in_progress,standard,There seems to be a vulnerability in the mobile app functionality.,We take security very seriously. Our team is reviewing this and will follow up within 24 hours.,,,0,positive,0,1,api_client,APAC
TCKT_006615,2023-03-09 22:04:12,CUST_00645,non_profit,web_form,billing,other,high,resolved,standard,I need help but I'm not sure which category this fits in.,Thanks for contacting support. We are prioritizing this and will update you as soon as possible.,Provided general guidance and confirmed the issue was resolved.,1.15,0,neutral,4,1,web,APAC
TCKT_006657,2023-03-30 17:30:20,CUST_08351,non_profit,phone_transcript,notifications,performance,medium,resolved,gold,Overall performance has degraded in the last few days.,We understand performance issues can be frustrating. Our team is reviewing this and will follow up within 24 hours.,Optimized queries and increased resource allocation.,42.28,1,very_negative,1,0,ios,APAC
TCKT_006676,2023-03-05 08:35:22,CUST_04440,education,in_app,login_auth,security_concern,low,closed_no_action,standard,I noticed a suspicious login on my account.,We take security very seriously. We will look into this and get back to you within the next 48 hours.,Ticket closed without further action after no response from the customer.,77.75,0,very_negative,1,1,web,MEA
TCKT_006718,2023-03-28 16:58:53,CUST_00559,small_business,phone_transcript,notifications,billing_problem,medium,on_hold,standard,My invoice amount is incorrect compared to the plan I selected.,Thanks for reaching out about the billing issue. Our team is reviewing this and will follow up within 24 hours.,,,0,negative,3,0,api_client,APAC
TCKT_006726,2023-03-09 21:59:01,CUST_03589,non_profit,phone_transcript,analytics_dashboard,security_concern,medium,resolved,standard,I noticed a suspicious login on my account.,We take security very seriously. Our team is reviewing this and will follow up within 24 hours.,"Investigated logs, mitigated the issue, and updated security settings.",10.35,0,neutral,3,0,web,
TCKT_006737,2023-03-10 09:00:49,CUST_09285,small_business,chat,notifications,how_to,high,resolved,standard,How can I export my data from the notifications section?,Happy to help with your question. We are prioritizing this and will update you as soon as possible.,Provided step-by-step instructions and relevant documentation.,21.15,0,neutral,3,0,android,LATAM
TCKT_006760,2023-03-16 12:36:01,CUST_09471,small_business,chat,notifications,security_concern,medium,resolved,standard,I noticed a suspicious login on my account.,We take security very seriously. Our team is reviewing this and will follow up within 24 hours.,"Investigated logs, mitigated the issue, and updated security settings.",43.18,0,negative,2,1,api_client,
TCKT_006790,2023-03-20 20:01:33,CUST_07200,non_profit,chat,notifications,security_concern,low,closed_no_action,standard,We need details about your data encryption and compliance.,We take security very seriously. We will look into this and get back to you within the next 48 hours.,Ticket closed without further action after no response from the customer.,236.44,0,negative,0,0,desktop_app,
TCKT_006862,2023-03-04 22:24:29,CUST_09039,individual,phone_transcript,mobile_app,how_to,low,in_progress,standard,How can I export my data from the mobile app section?,Happy to help with your question. We will look into this and get back to you within the next 48 hours.,,,0,neutral,0,0,api_client,APAC
TCKT_006948,2023-03-06 23:17:15,CUST_01852,small_business,web_form,data_export,bug,urgent,resolved,gold,The data export feature is not saving my changes.,Thanks for reporting this bug. This has been escalated to our on-call team for immediate attention.,Patched the bug and deployed a fix to production.,5.36,0,neutral,3,0,desktop_app,MEA
TCKT_007046,2023-03-09 02:35:11,CUST_05381,enterprise,email,api_integration,how_to,medium,resolved,standard,I need help setting up api integration for my team.,Happy to help with your question. Our team is reviewing this and will follow up within 24 hours.,Provided step-by-step instructions and relevant documentation.,34.44,0,neutral,4,0,api_client,APAC
TCKT_007074,2023-03-12 04:24:42,CUST_05589,enterprise,email,data_export,performance,high,on_hold,standard,Overall performance has degraded in the last few days.,We understand performance issues can be frustrating. We are prioritizing this and will update you as soon as possible.,,,0,neutral,4,1,ios,EU
TCKT_007146,2023-03-15 02:19:39,CUST_09092,non_profit,chat,analytics_dashboard,other,medium,in_progress,standard,I need help but I'm not sure which category this fits in.,Thanks for contacting support. Our team is reviewing this and will follow up within 24 hours.,,,0,very_positive,0,1,api_client,LATAM
TCKT_007148,2023-03-26 08:58:17,CUST_06002,enterprise,phone_transcript,data_export,feature_request,medium,resolved,gold,Our team needs more advanced options for data export.,Thanks for your feature suggestion. Our team is reviewing this and will follow up within 24 hours.,Captured the request and added it to the product backlog.,11.94,0,neutral,4,0,ios,EU
TCKT_007167,2023-03-03 18:39:58,CUST_09515,enterprise,email,api_integration,how_to,low,resolved,standard,How can I export my data from the api integration section?,Happy to help with your question. We will look into this and get back to you within the next 48 hours.,Provided step-by-step instructions and relevant documentation.,43.36,0,neutral,4,0,web,APAC
TCKT_007192,2023-03-10 04:16:59,CUST_04370,education,chat,api_integration,bug,high,on_hold,gold,The api integration feature is not saving my changes.,Thanks for reporting this bug. We are prioritizing this and will update you as soon as possible.,,,0,neutral,4,0,ios,EU
TCKT_007260,2023-03-10 03:18:33,CUST_07426,non_profit,chat,login_auth,feature_request,low,resolved,platinum,It would be great to have login auth support in your product.,Thanks for your feature suggestion. We will look into this and get back to you within the next 48 hours.,Captured the request and added it to the product backlog.,52.69,0,neutral,3,0,api_client,MEA
TCKT_007291,2023-03-13 12:42:44,CUST_01291,non_profit,web_form,login_auth,billing_problem,medium,on_hold,standard,I downgraded my plan but I am still being billed for the higher tier.,Thanks for reaching out about the billing issue. Our team is reviewing this and will follow up within 24 hours.,,,0,very_negative,1,1,ios,
TCKT_007352,2023-03-17 23:47:12,CUST_07167,education,chat,billing,account_access,high,resolved,standard,My account was locked after multiple failed login attempts.,Sorry to hear you're having trouble accessing your account. We are prioritizing this and will update you as soon as possible.,Reset account credentials and confirmed successful login.,22.47,0,neutral,4,1,desktop_app,
TCKT_007401,2023-03-15 16:30:12,CUST_06546,education,in_app,mobile_app,how_to,low,closed_no_action,gold,Can you explain how to configure mobile app properly?,Happy to help with your question. We will look into this and get back to you within the next 48 hours.,Ticket closed without further action after no response from the customer.,224.4,1,negative,2,0,ios,
TCKT_007440,2023-03-10 16:43:22,CUST_05557,enterprise,in_app,data_export,account_access,low,in_progress,standard,My 2FA code is not working when I try to sign in.,Sorry to hear you're having trouble accessing your account. We will look into this and get back to you within the next 48 hours.,,,0,very_negative,2,0,ios,EU
TCKT_007474,2023-03-30 23:56:23,CUST_01260,enterprise,email,billing,account_access,low,resolved,standard,My 2FA code is not working when I try to sign in.,Sorry to hear you're having trouble accessing your account. We will look into this and get back to you within the next 48 hours.,Reset account credentials and confirmed successful login.,23.53,0,neutral,3,0,api_client,EU
TCKT_007495,2023-03-04 03:24:51,CUST_05605,non_profit,email,mobile_app,security_concern,medium,closed_no_action,gold,There seems to be a vulnerability in the mobile app functionality.,We take security very seriously. Our team is reviewing this and will follow up within 24 hours.,Ticket closed without further action after no response from the customer.,50.83,0,negative,0,0,ios,LATAM
TCKT_007512,2023-03-18 21:00:56,CUST_01714,non_profit,phone_transcript,data_export,performance,high,resolved,gold,The data export page is very slow and takes a long time to load.,We understand performance issues can be frustrating. We are prioritizing this and will update you as soon as possible.,Optimized queries and increased resource allocation.,23.47,0,negative,2,0,ios,EU
TCKT_007577,2023-03-19 23:07:46,CUST_03291,non_profit,web_form,data_export,how_to,low,resolved,standard,I need help setting up data export for my team.,Happy to help with your question. We will look into this and get back to you within the next 48 hours.,Provided step-by-step instructions and relevant documentation.,70.73,0,positive,4,0,android,EU
TCKT_007607,2023-03-20 12:15:04,CUST_09226,enterprise,phone_transcript,data_export,performance,low,in_progress,standard,Overall performance has degraded in the last few days.,We understand performance issues can be frustrating. We will look into this and get back to you within the next 48 hours.,,,0,negative,2,1,api_client,LATAM
TCKT_007615,2023-03-12 16:23:26,CUST_05962,individual,chat,analytics_dashboard,billing_problem,low,resolved,standard,My invoice amount is incorrect compared to the plan I selected.,Thanks for reaching out about the billing issue. We will look into this and get back to you within the next 48 hours.,Adjusted the invoice and issued a refund where applicable.,24.86,0,very_negative,2,0,api_client,LATAM
TCKT_007671,2023-03-28 20:29:49,CUST_08577,small_business,web_form,mobile_app,feature_request,medium,in_progress,standard,It would be great to have mobile app support in your product.,Thanks for your feature suggestion. Our team is reviewing this and will follow up within 24 hours.,,,0,very_positive,5,1,ios,LATAM
TCKT_007697,2023-03-08 04:32:02,CUST_05115,non_profit,phone_transcript,notifications,other,medium,resolved,gold,I need help but I'm not sure which category this fits in.,Thanks for contacting support. Our team is reviewing this and will follow up within 24 hours.,Provided general guidance and confirmed the issue was resolved.,19.21,0,positive,5,0,desktop_app,MEA
TCKT_007759,2023-03-25 18:03:24,CUST_02800,small_business,chat,login_auth,bug,low,on_hold,gold,The login auth feature is not saving my changes.,Thanks for reporting this bug. We will look into this and get back to you within the next 48 hours.,,,0,positive,5,0,ios,LATAM
TCKT_007790,2023-03-20 18:11:56,CUST_02291,individual,web_form,analytics_dashboard,performance,high,on_hold,standard,Overall performance has degraded in the last few days.,We understand performance issues can be frustrating. We are prioritizing this and will update you as soon as possible.,,,0,negative,0,1,desktop_app,
TCKT_007867,2023-03-28 00:54:21,CUST_05036,non_profit,in_app,login_auth,security_concern,urgent,closed_no_action,standard,I noticed a suspicious login on my account.,We take security very seriously. This has been escalated to our on-call team for immediate attention.,Ticket closed without further action after no response from the customer.,224.05,0,neutral,4,0,desktop_app,
TCKT_007876,2023-03-20 06:54:53,CUST_03696,non_profit,chat,analytics_dashboard,billing_problem,low,resolved,gold,I was charged twice for my subscription this month.,Thanks for reaching out about the billing issue. We will look into this and get back to you within the next 48 hours.,Adjusted the invoice and issued a refund where applicable.,10.47,0,very_positive,5,0,api_client,EU
TCKT_007908,2023-03-07 21:05:50,CUST_09733,individual,email,analytics_dashboard,billing_problem,medium,resolved,gold,I downgraded my plan but I am still being billed for the higher tier.,Thanks for reaching out about the billing issue. Our team is reviewing this and will follow up within 24 hours.,Adjusted the invoice and issued a refund where applicable.,12.78,0,neutral,3,0,web,MEA
TCKT_007973,2023-03-26 11:20:41,CUST_08414,enterprise,email,login_auth,how_to,low,in_progress,standard,I need help setting up login auth for my team.,Happy to help with your question. We will look into this and get back to you within the next 48 hours.,,,0,neutral,3,1,api_client,MEA
TCKT_008082,2023-03-18 09:43:26,CUST_08389,enterprise,in_app,data_export,security_concern,high,closed_no_action,platinum,I noticed a suspicious login on my account.,We take security very seriously. We are prioritizing this and will update you as soon as possible.,Ticket closed without further action after no response from the customer.,48.46,0,negative,2,1,desktop_app,MEA
TCKT_008097,2023-03-25 08:31:52,CUST_01515,enterprise,phone_transcript,login_auth,bug,medium,resolved,gold,The page keeps crashing whenever I try to open the login auth section.,Thanks for reporting this bug. Our team is reviewing this and will follow up within 24 hours.,Patched the bug and deployed a fix to production.,29.26,0,positive,4,0,api_client,MEA
TCKT_008100,2023-03-16 05:04:53,CUST_01276,education,in_app,api_integration,security_concern,urgent,resolved,gold,There seems to be a vulnerability in the api integration functionality.,We take security very seriously. This has been escalated to our on-call team for immediate attention.,"Investigated logs, mitigated the issue, and updated security settings.",0.32,0,positive,0,1,api_client,MEA
TCKT_008101,2023-03-15 16:46:10,CUST_02003,non_profit,email,api_integration,other,medium,open,standard,"Something seems off, can you please check my workspace?",Thanks for contacting support. Our team is reviewing this and will follow up within 24 hours.,,,0,neutral,0,0,android,APAC
TCKT_008222,2023-03-15 13:20:04,CUST_06899,education,in_app,data_export,other,low,resolved,platinum,"Something seems off, can you please check my workspace?",Thanks for contacting support. We will look into this and get back to you within the next 48 hours.,Provided general guidance and confirmed the issue was resolved.,35.34,0,very_positive,0,0,ios,LATAM
TCKT_008320,2023-03-12 20:47:18,CUST_03607,enterprise,email,billing,security_concern,high,resolved,platinum,We need details about your data encryption and compliance.,We take security very seriously. We are prioritizing this and will update you as soon as possible.,"Investigated logs, mitigated the issue, and updated security settings.",9.06,0,very_negative,1,0,web,LATAM
TCKT_008388,2023-03-11 07:32:36,CUST_08137,enterprise,email,notifications,performance,low,on_hold,standard,The notifications page is very slow and takes a long time to load.,We understand performance issues can be frustrating. We will look into this and get back to you within the next 48 hours.,,,0,negative,2,0,desktop_app,LATAM
TCKT_008433,2023-03-25 19:54:31,CUST_00800,non_profit,in_app,login_auth,how_to,medium,resolved,platinum,How can I export my data from the login auth section?,Happy to help with your question. Our team is reviewing this and will follow up within 24 hours.,Provided step-by-step instructions and relevant documentation.,35.52,0,positive,5,1,android,EU
TCKT_008438,2023-03-17 03:48:05,CUST_02715,non_profit,web_form,notifications,billing_problem,high,in_progress,standard,I was charged twice for my subscription this month.,Thanks for reaching out about the billing issue. We are prioritizing this and will update you as soon as possible.,,,0,neutral,3,0,web,EU
TCKT_008454,2023-03-16 01:03:22,CUST_00836,education,phone_transcript,analytics_dashboard,other,medium,in_progress,standard,I need help but I'm not sure which category this fits in.,Thanks for contacting support. Our team is reviewing this and will follow up within 24 hours.,,,0,negative,2,0,ios,
TCKT_008475,2023-03-29 22:50:02,CUST_07147,non_profit,phone_transcript,login_auth,how_to,medium,resolved,platinum,How can I export my data from the login auth section?,Happy to help with your question. Our team is reviewing this and will follow up within 24 hours.,Provided step-by-step instructions and relevant documentation.,22.57,0,neutral,3,0,ios,EU
TCKT_008502,2023-03-22 17:53:57,CUST_04830,education,phone_transcript,api_integration,performance,low,closed_no_action,gold,Overall performance has degraded in the last few days.,We understand performance issues can be frustrating. We will look into this and get back to you within the next 48 hours.,Ticket closed without further action after no response from the customer.,102.7,0,positive,5,0,web,
TCKT_008505,2023-03-30 09:24:21,CUST_04216,individual,web_form,billing,how_to,high,in_progress,standard,Can you explain how to configure billing properly?,Happy to help with your question. We are prioritizing this and will update you as soon as possible.,,,0,neutral,4,0,android,
TCKT_008533,2023-03-25 05:49:19,CUST_08224,individual,chat,notifications,billing_problem,low,in_progress,gold,My invoice amount is incorrect compared to the plan I selected.,Thanks for reaching out about the billing issue. We will look into this and get back to you within the next 48 hours.,,,0,very_negative,0,0,web,EU
TCKT_008547,2023-03-25 03:53:53,CUST_03744,education,chat,data_export,bug,high,on_hold,platinum,I am seeing an error message when I click on data export.,Thanks for reporting this bug. We are prioritizing this and will update you as soon as possible.,,,0,neutral,4,0,web,MEA
TCKT_008566,2023-03-27 08:44:47,CUST_09882,enterprise,phone_transcript,api_integration,how_to,medium,open,standard,I need help setting up api integration for my team.,Happy to help with your question. Our team is reviewing this and will follow up within 24 hours.,,,0,negative,3,0,android,
TCKT_008570,2023-03-16 06:27:04,CUST_06510,individual,chat,analytics_dashboard,feature_request,high,resolved,standard,It would be great to have analytics dashboard support in your product.,Thanks for your feature suggestion. We are prioritizing this and will update you as soon as possible.,Captured the request and added it to the product backlog.,5.97,0,positive,0,0,desktop_app,
TCKT_008576,2023-03-20 09:47:32,CUST_05459,enterprise,chat,notifications,billing_problem,high,resolved,platinum,My invoice amount is incorrect compared to the plan I selected.,Thanks for reaching out about the billing issue. We are prioritizing this and will update you as soon as possible.,Adjusted the invoice and issued a refund where applicable.,22.12,0,negative,2,0,android,APAC
TCKT_008596,2023-03-08 04:20:19,CUST_07087,education,web_form,login_auth,performance,high,resolved,standard,The login auth page is very slow and takes a long time to load.,We understand performance issues can be frustrating. We are prioritizing this and will update you as soon as possible.,Optimized queries and increased resource allocation.,3.02,0,negative,2,0,web,MEA
TCKT_008625,2023-03-23 23:38:54,CUST_03550,individual,email,notifications,security_concern,low,on_hold,standard,I noticed a suspicious login on my account.,We take security very seriously. We will look into this and get back to you within the next 48 hours.,,,0,neutral,0,0,android,MEA
TCKT_008720,2023-03-13 17:51:45,CUST_01565,education,web_form,analytics_dashboard,security_concern,high,resolved,gold,I noticed a suspicious login on my account.,We take security very seriously. We are prioritizing this and will update you as soon as possible.,"Investigated logs, mitigated the issue, and updated security settings.",4.71,0,neutral,4,0,desktop_app,MEA
TCKT_008839,2023-03-31 03:47:55,CUST_06706,non_profit,web_form,analytics_dashboard,billing_problem,low,open,standard,My invoice amount is incorrect compared to the plan I selected.,Thanks for reaching out about the billing issue. We will look into this and get back to you within the next 48 hours.,,,0,neutral,3,1,ios,
TCKT_008922,2023-03-27 00:28:34,CUST_00032,small_business,phone_transcript,data_export,other,low,resolved,standard,"Something seems off, can you please check my workspace?",Thanks for contacting support. We will look into this and get back to you within the next 48 hours.,Provided general guidance and confirmed the issue was resolved.,62.28,0,neutral,3,0,web,MEA
TCKT_008946,2023-03-30 23:46:43,CUST_06427,enterprise,phone_transcript,billing,billing_problem,high,closed_no_action,standard,I was charged twice for my subscription this month.,Thanks for reaching out about the billing issue. We are prioritizing this and will update you as soon as possible.,Ticket closed without further action after no response from the customer.,50.23,0,very_negative,1,1,web,LATAM
TCKT_008986,2023-03-14 14:35:12,CUST_03407,education,chat,data_export,feature_request,high,resolved,gold,Can you add an option to customize data export?,Thanks for your feature suggestion. We are prioritizing this and will update you as soon as possible.,Captured the request and added it to the product backlog.,22.41,0,negative,3,0,android,
TCKT_009106,2023-03-28 16:12:47,CUST_04047,individual,phone_transcript,api_integration,performance,medium,resolved,standard,Queries in the api integration module are timing out.,We understand performance issues can be frustrating. Our team is reviewing this and will follow up within 24 hours.,Optimized queries and increased resource allocation.,6.59,0,very_negative,2,0,web,
TCKT_009128,2023-03-04 23:53:36,CUST_01940,non_profit,email,api_integration,how_to,low,in_progress,standard,Can you explain how to configure api integration properly?,Happy to help with your question. We will look into this and get back to you within the next 48 hours.,,,0,very_positive,5,0,desktop_app,MEA
TCKT_009143,2023-03-10 11:38:17,CUST_04377,non_profit,chat,notifications,security_concern,low,resolved,standard,I noticed a suspicious login on my account.,We take security very seriously. We will look into this and get back to you within the next 48 hours.,"Investigated logs, mitigated the issue, and updated security settings.",31.12,0,neutral,3,0,ios,APAC
TCKT_009179,2023-03-28 10:38:19,CUST_00460,non_profit,phone_transcript,analytics_dashboard,other,low,open,gold,"Something seems off, can you please check my workspace?",Thanks for contacting support. We will look into this and get back to you within the next 48 hours.,,,0,neutral,3,0,web,LATAM
TCKT_009199,2023-03-12 20:52:40,CUST_08771,education,in_app,data_export,feature_request,medium,in_progress,gold,Our team needs more advanced options for data export.,Thanks for your feature suggestion. Our team is reviewing this and will follow up within 24 hours.,,,0,positive,5,1,api_client,MEA
TCKT_009213,2023-03-21 23:15:42,CUST_02049,education,in_app,analytics_dashboard,performance,high,open,gold,The analytics dashboard page is very slow and takes a long time to load.,We understand performance issues can be frustrating. We are prioritizing this and will update you as soon as possible.,,,0,negative,0,0,ios,LATAM
TCKT_009249,2023-03-28 12:35:17,CUST_05051,enterprise,in_app,login_auth,how_to,low,open,standard,Can you explain how to configure login auth properly?,Happy to help with your question. We will look into this and get back to you within the next 48 hours.,,,0,very_negative,2,1,desktop_app,APAC
TCKT_009329,2023-03-13 17:24:47,CUST_01403,individual,chat,mobile_app,bug,low,in_progress,platinum,The page keeps crashing whenever I try to open the mobile app section.,Thanks for reporting this bug. We will look into this and get back to you within the next 48 hours.,,,0,neutral,0,0,web,LATAM
TCKT_009380,2023-03-21 09:23:13,CUST_09501,enterprise,web_form,analytics_dashboard,billing_problem,low,resolved,standard,I was charged twice for my subscription this month.,Thanks for reaching out about the billing issue. We will look into this and get back to you within the next 48 hours.,Adjusted the invoice and issued a refund where applicable.,24.76,0,neutral,0,0,android,LATAM
TCKT_009414,2023-03-13 17:10:36,CUST_00082,small_business,chat,login_auth,account_access,low,resolved,standard,I cannot log in; the system says my password is incorrect.,Sorry to hear you're having trouble accessing your account. We will look into this and get back to you within the next 48 hours.,Reset account credentials and confirmed successful login.,55.04,0,negative,0,1,desktop_app,EU
TCKT_009545,2023-03-25 23:32:43,CUST_04038,individual,email,notifications,performance,medium,in_progress,standard,The notifications page is very slow and takes a long time to load.,We understand performance issues can be frustrating. Our team is reviewing this and will follow up within 24 hours.,,,0,very_negative,2,0,web,APAC
TCKT_009551,2023-03-18 09:59:31,CUST_05675,education,phone_transcript,analytics_dashboard,other,high,resolved,gold,"Something seems off, can you please check my workspace?",Thanks for contacting support. We are prioritizing this and will update you as soon as possible.,Provided general guidance and confirmed the issue was resolved.,12.04,0,neutral,0,0,ios,APAC
TCKT_009584,2023-03-05 21:45:04,CUST_04871,small_business,chat,data_export,bug,low,resolved,platinum,The page keeps crashing whenever I try to open the data export section.,Thanks for reporting this bug. We will look into this and get back to you within the next 48 hours.,Patched the bug and deployed a fix to production.,30.51,0,neutral,3,0,ios,
TCKT_009650,2023-03-17 07:10:20,CUST_09448,small_business,in_app,login_auth,bug,high,on_hold,gold,The login auth feature is not saving my changes.,Thanks for reporting this bug. We are prioritizing this and will update you as soon as possible.,,,0,very_negative,0,0,web,
TCKT_009707,2023-03-19 08:37:08,CUST_01194,small_business,email,data_export,performance,low,resolved,platinum,The data export page is very slow and takes a long time to load.,We understand performance issues can be frustrating. We will look into this and get back to you within the next 48 hours.,Optimized queries and increased resource allocation.,62.21,0,negative,3,0,desktop_app,EU
TCKT_009725,2023-03-29 00:50:15,CUST_02323,enterprise,phone_transcript,notifications,other,low,resolved,standard,I need help but I'm not sure which category this fits in.,Thanks for contacting support. We will look into this and get back to you within the next 48 hours.,Provided general guidance and confirmed the issue was resolved.,31.68,0,neutral,3,0,desktop_app,
TCKT_009734,2023-03-19 07:29:17,CUST_06735,small_business,chat,data_export,performance,medium,on_hold,standard,Queries in the data export module are timing out.,We understand performance issues can be frustrating. Our team is reviewing this and will follow up within 24 hours.,,,0,negative,3,0,web,MEA
TCKT_009741,2023-03-21 08:21:47,CUST_08807,small_business,email,login_auth,how_to,medium,resolved,standard,I need help setting up login auth for my team.,Happy to help with your question. Our team is reviewing this and will follow up within 24 hours.,Provided step-by-step instructions and relevant documentation.,39.03,0,very_positive,0,0,android,MEA
TCKT_009759,2023-03-02 03:51:47,CUST_02714,enterprise,email,api_integration,bug,medium,in_progress,standard,I am seeing an error message when I click on api integration.,Thanks for reporting this bug. Our team is reviewing this and will follow up within 24 hours.,,,0,positive,4,0,android,LATAM
TCKT_009805,2023-03-08 23:42:24,CUST_03698,education,web_form,notifications,account_access,medium,resolved,standard,My 2FA code is not working when I try to sign in.,Sorry to hear you're having trouble accessing your account. Our team is reviewing this and will follow up within 24 hours.,Reset account credentials and confirmed successful login.,28.82,0,very_negative,0,0,desktop_app,
TCKT_009874,2023-03-03 17:01:43,CUST_06232,education,web_form,api_integration,bug,low,on_hold,standard,I am seeing an error message when I click on api integration.,Thanks for reporting this bug. We will look into this and get back to you within the next 48 hours.,,,0,neutral,4,0,ios,EU
TCKT_009965,2023-03-08 12:52:11,CUST_07405,non_profit,web_form,billing,bug,low,on_hold,gold,The billing feature is not saving my changes.,Thanks for reporting this bug. We will look into this and get back to you within the next 48 hours.,,,0,positive,5,0,desktop_app,APAC
TCKT_010102,2023-03-21 01:16:00,CUST_00536,education,chat,login_auth,other,low,resolved,standard,I need help but I'm not sure which category this fits in.,Thanks for contacting support. We will look into this and get back to you within the next 48 hours.,Provided general guidance and confirmed the issue was resolved.,46.71,0,very_negative,0,0,android,LATAM
TCKT_010103,2023-03-28 06:59:28,CUST_01876,enterprise,chat,mobile_app,billing_problem,urgent,resolved,standard,My invoice amount is incorrect compared to the plan I selected.,Thanks for reaching out about the billing issue. This has been escalated to our on-call team for immediate attention.,Adjusted the invoice and issued a refund where applicable.,5.16,0,negative,3,1,web,EU
TCKT_010167,2023-03-31 19:32:30,CUST_03035,enterprise,web_form,login_auth,bug,medium,resolved,standard,The login auth feature is not saving my changes.,Thanks for reporting this bug. Our team is reviewing this and will follow up within 24 hours.,Patched the bug and deployed a fix to production.,5.77,0,neutral,4,1,android,
TCKT_010175,2023-03-04 00:12:09,CUST_03236,individual,chat,api_integration,how_to,high,on_hold,standard,How can I export my data from the api integration section?,Happy to help with your question. We are prioritizing this and will update you as soon as possible.,,,0,positive,4,0,desktop_app,LATAM
TCKT_010179,2023-03-16 06:38:54,CUST_04504,education,chat,login_auth,bug,low,resolved,gold,The page keeps crashing whenever I try to open the login auth section.,Thanks for reporting this bug. We will look into this and get back to you within the next 48 hours.,Patched the bug and deployed a fix to production.,42.86,0,negative,3,0,ios,
TCKT_010218,2023-03-14 18:16:50,CUST_06820,enterprise,chat,billing,bug,high,resolved,standard,The page keeps crashing whenever I try to open the billing section.,Thanks for reporting this bug. We are prioritizing this and will update you as soon as possible.,Patched the bug and deployed a fix to production.,8.48,0,neutral,0,0,web,LATAM
TCKT_010258,2023-03-01 11:59:30,CUST_03906,individual,phone_transcript,login_auth,account_access,medium,closed_no_action,standard,I cannot log in; the system says my password is incorrect.,Sorry to hear you're having trouble accessing your account. Our team is reviewing this and will follow up within 24 hours.,Ticket closed without further action after no response from the customer.,131.21,0,negative,0,1,ios,EU
TCKT_010264,2023-03-23 01:45:15,CUST_06049,small_business,web_form,analytics_dashboard,other,high,resolved,gold,I have a general question about my account.,Thanks for contacting support. We are prioritizing this and will update you as soon as possible.,Provided general guidance and confirmed the issue was resolved.,13.92,0,neutral,4,0,ios,EU
TCKT_010271,2023-03-15 16:44:39,CUST_06558,individual,in_app,analytics_dashboard,other,low,in_progress,gold,I have a general question about my account.,Thanks for contacting support. We will look into this and get back to you within the next 48 hours.,,,0,positive,5,0,android,APAC
TCKT_010361,2023-03-14 05:54:07,CUST_00431,education,chat,login_auth,account_access,high,resolved,standard,I cannot log in; the system says my password is incorrect.,Sorry to hear you're having trouble accessing your account. We are prioritizing this and will update you as soon as possible.,Reset account credentials and confirmed successful login.,19.59,0,negative,0,0,android,MEA
TCKT_010381,2023-03-23 23:00:09,CUST_04709,education,web_form,billing,security_concern,medium,in_progress,standard,There seems to be a vulnerability in the billing functionality.,We take security very seriously. Our team is reviewing this and will follow up within 24 hours.,,,0,neutral,0,1,desktop_app,EU
TCKT_010432,2023-03-19 11:06:02,CUST_00330,small_business,email,data_export,billing_problem,low,closed_no_action,standard,I downgraded my plan but I am still being billed for the higher tier.,Thanks for reaching out about the billing issue. We will look into this and get back to you within the next 48 hours.,Ticket closed without further action after no response from the customer.,96.16,0,very_negative,1,0,api_client,EU
TCKT_010445,2023-03-13 22:44:42,CUST_03373,individual,email,login_auth,other,low,resolved,gold,I have a general question about my account.,Thanks for contacting support. We will look into this and get back to you within the next 48 hours.,Provided general guidance and confirmed the issue was resolved.,48.72,0,very_positive,5,1,api_client,
TCKT_010501,2023-03-05 22:56:36,CUST_06046,non_profit,email,analytics_dashboard,security_concern,low,resolved,standard,I noticed a suspicious login on my account.,We take security very seriously. We will look into this and get back to you within the next 48 hours.,"Investigated logs, mitigated the issue, and updated security settings.",9.38,0,positive,4,0,ios,APAC
TCKT_010504,2023-03-27 11:41:21,CUST_03445,non_profit,chat,billing,feature_request,medium,on_hold,gold,Our team needs more advanced options for billing.,Thanks for your feature suggestion. Our team is reviewing this and will follow up within 24 hours.,,,0,neutral,4,0,web,
TCKT_010543,2023-03-12 09:27:57,CUST_04941,small_business,chat,login_auth,bug,low,resolved,standard,The login auth feature is not saving my changes.,Thanks for reporting this bug. We will look into this and get back to you within the next 48 hours.,Patched the bug and deployed a fix to production.,56.32,0,negative,3,0,api_client,LATAM
TCKT_010651,2023-03-25 20:13:28,CUST_08850,individual,chat,login_auth,account_access,high,in_progress,standard,I cannot log in; the system says my password is incorrect.,Sorry to hear you're having trouble accessing your account. We are prioritizing this and will update you as soon as possible.,,,0,negative,3,0,android,
TCKT_010685,2023-03-25 12:13:32,CUST_01083,small_business,chat,data_export,billing_problem,medium,resolved,gold,My invoice amount is incorrect compared to the plan I selected.,Thanks for reaching out about the billing issue. Our team is reviewing this and will follow up within 24 hours.,Adjusted the invoice and issued a refund where applicable.,42.1,0,neutral,0,0,api_client,APAC
TCKT_010732,2023-03-15 02:22:23,CUST_03446,enterprise,in_app,notifications,account_access,high,resolved,standard,My 2FA code is not working when I try to sign in.,Sorry to hear you're having trouble accessing your account. We are prioritizing this and will update you as soon as possible.,Reset account credentials and confirmed successful login.,9.65,0,positive,0,0,api_client,APAC
TCKT_010733,2023-03-16 12:38:02,CUST_04738,enterprise,phone_transcript,login_auth,feature_request,low,resolved,platinum,It would be great to have login auth support in your product.,Thanks for your feature suggestion. We will look into this and get back to you within the next 48 hours.,Captured the request and added it to the product backlog.,51.17,0,neutral,0,0,ios,APAC
TCKT_010738,2023-03-01 13:55:41,CUST_03917,enterprise,phone_transcript,notifications,other,high,resolved,standard,"Something seems off, can you please check my workspace?",Thanks for contacting support. We are prioritizing this and will update you as soon as possible.,Provided general guidance and confirmed the issue was resolved.,16.2,0,negative,3,0,android,EU
TCKT_010797,2023-03-15 07:40:51,CUST_06683,individual,chat,notifications,performance,medium,closed_no_action,standard,Queries in the notifications module are timing out.,We understand performance issues can be frustrating. Our team is reviewing this and will follow up within 24 hours.,Ticket closed without further action after no response from the customer.,120.79,0,negative,2,0,android,LATAM
TCKT_010879,2023-03-21 20:14:52,CUST_02007,small_business,chat,data_export,account_access,low,resolved,gold,My account was locked after multiple failed login attempts.,Sorry to hear you're having trouble accessing your account. We will look into this and get back to you within the next 48 hours.,Reset account credentials and confirmed successful login.,18.47,0,very_positive,5,0,api_client,MEA
TCKT_010894,2023-03-29 01:00:25,CUST_08436,enterprise,chat,analytics_dashboard,bug,low,in_progress,gold,The analytics dashboard feature is not saving my changes.,Thanks for reporting this bug. We will look into this and get back to you within the next 48 hours.,,,0,negative,3,0,ios,MEA
TCKT_010911,2023-03-26 15:03:58,CUST_06022,education,in_app,login_auth,other,high,closed_no_action,gold,I have a general question about my account.,Thanks for contacting support. We are prioritizing this and will update you as soon as possible.,Ticket closed without further action after no response from the customer.,117.48,0,neutral,3,0,desktop_app,EU
TCKT_010951,2023-03-06 16:29:57,CUST_05335,education,email,login_auth,feature_request,medium,closed_no_action,standard,Our team needs more advanced options for login auth.,Thanks for your feature suggestion. Our team is reviewing this and will follow up within 24 hours.,Ticket closed without further action after no response from the customer.,137.88,0,neutral,4,1,web,EU
TCKT_011042,2023-03-15 16:24:26,CUST_09663,enterprise,web_form,analytics_dashboard,how_to,low,resolved,gold,I need help setting up analytics dashboard for my team.,Happy to help with your question. We will look into this and get back to you within the next 48 hours.,Provided step-by-step instructions and relevant documentation.,53.11,0,neutral,0,0,desktop_app,LATAM
TCKT_011100,2023-03-27 19:52:40,CUST_01882,enterprise,chat,api_integration,performance,urgent,open,standard,The api integration page is very slow and takes a long time to load.,We understand performance issues can be frustrating. This has been escalated to our on-call team for immediate attention.,,,0,negative,3,0,api_client,MEA
TCKT_011205,2023-03-16 20:26:12,CUST_06789,education,chat,analytics_dashboard,security_concern,high,in_progress,standard,There seems to be a vulnerability in the analytics dashboard functionality.,We take security very seriously. We are prioritizing this and will update you as soon as possible.,,,0,neutral,4,0,android,APAC
TCKT_011260,2023-03-04 07:37:11,CUST_00213,small_business,in_app,analytics_dashboard,feature_request,medium,resolved,standard,Our team needs more advanced options for analytics dashboard.,Thanks for your feature suggestion. Our team is reviewing this and will follow up within 24 hours.,Captured the request and added it to the product backlog.,44.28,0,neutral,4,1,web,APAC
TCKT_011340,2023-03-22 15:02:11,CUST_06663,individual,phone_transcript,login_auth,performance,low,in_progress,platinum,Overall performance has degraded in the last few days.,We understand performance issues can be frustrating. We will look into this and get back to you within the next 48 hours.,,,0,positive,4,0,ios,LATAM
TCKT_011349,2023-03-11 03:25:22,CUST_07693,individual,chat,data_export,account_access,medium,resolved,standard,My 2FA code is not working when I try to sign in.,Sorry to hear you're having trouble accessing your account. Our team is reviewing this and will follow up within 24 hours.,Reset account credentials and confirmed successful login.,28.67,0,negative,2,1,desktop_app,
TCKT_011389,2023-03-15 23:26:30,CUST_03123,small_business,phone_transcript,mobile_app,bug,high,resolved,platinum,The page keeps crashing whenever I try to open the mobile app section.,Thanks for reporting this bug. We are prioritizing this and will update you as soon as possible.,Patched the bug and deployed a fix to production.,22.2,0,very_positive,5,0,android,APAC
TCKT_011402,2023-03-17 08:09:05,CUST_07329,individual,web_form,notifications,performance,low,resolved,standard,The notifications page is very slow and takes a long time to load.,We understand performance issues can be frustrating. We will look into this and get back to you within the next 48 hours.,Optimized queries and increased resource allocation.,34.43,0,negative,2,0,android,EU
TCKT_011409,2023-03-07 10:13:19,CUST_09165,small_business,chat,login_auth,security_concern,medium,resolved,standard,I noticed a suspicious login on my account.,We take security very seriously. Our team is reviewing this and will follow up within 24 hours.,"Investigated logs, mitigated the issue, and updated security settings.",13.64,0,negative,3,0,web,MEA
TCKT_011458,2023-03-07 10:39:22,CUST_08954,education,web_form,api_integration,bug,medium,open,standard,The api integration feature is not saving my changes.,Thanks for reporting this bug. Our team is reviewing this and will follow up within 24 hours.,,,0,negative,0,1,web,
TCKT_011513,2023-03-01 10:32:29,CUST_08208,non_profit,phone_transcript,analytics_dashboard,bug,medium,resolved,gold,I am seeing an error message when I click on analytics dashboard.,Thanks for reporting this bug. Our team is reviewing this and will follow up within 24 hours.,Patched the bug and deployed a fix to production.,8.54,0,very_negative,2,0,api_client,
TCKT_011525,2023-03-01 06:45:06,CUST_09771,individual,in_app,api_integration,other,low,resolved,gold,I have a general question about my account.,Thanks for contacting support. We will look into this and get back to you within the next 48 hours.,Provided general guidance and confirmed the issue was resolved.,47.43,0,very_positive,5,1,desktop_app,MEA
TCKT_011592,2023-03-15 11:14:10,CUST_01221,education,email,notifications,account_access,low,open,gold,My 2FA code is not working when I try to sign in.,Sorry to hear you're having trouble accessing your account. We will look into this and get back to you within the next 48 hours.,,,0,negative,3,0,desktop_app,APAC
TCKT_011607,2023-03-25 18:10:51,CUST_08527,small_business,web_form,billing,feature_request,medium,resolved,standard,It would be great to have billing support in your product.,Thanks for your feature suggestion. Our team is reviewing this and will follow up within 24 hours.,Captured the request and added it to the product backlog.,47.44,0,neutral,4,0,ios,
TCKT_011625,2023-03-11 08:03:13,CUST_05469,small_business,phone_transcript,data_export,feature_request,low,resolved,gold,Can you add an option to customize data export?,Thanks for your feature suggestion. We will look into this and get back to you within the next 48 hours.,Captured the request and added it to the product backlog.,38.42,0,positive,5,0,api_client,APAC
TCKT_011672,2023-03-10 09:34:52,CUST_06490,non_profit,in_app,billing,bug,medium,resolved,standard,The billing feature is not saving my changes.,Thanks for reporting this bug. Our team is reviewing this and will follow up within 24 hours.,Patched the bug and deployed a fix to production.,34.77,0,negative,0,0,ios,MEA
TCKT_011685,2023-03-27 19:55:06,CUST_08634,education,phone_transcript,data_export,feature_request,low,resolved,standard,It would be great to have data export support in your product.,Thanks for your feature suggestion. We will look into this and get back to you within the next 48 hours.,Captured the request and added it to the product backlog.,17.3,0,positive,5,0,android,
TCKT_011720,2023-03-02 21:09:14,CUST_01508,non_profit,in_app,analytics_dashboard,security_concern,low,in_progress,standard,I noticed a suspicious login on my account.,We take security very seriously. We will look into this and get back to you within the next 48 hours.,,,0,negative,2,0,ios,MEA
TCKT_011739,2023-03-30 01:35:44,CUST_00153,small_business,chat,data_export,security_concern,urgent,resolved,platinum,We need details about your data encryption and compliance.,We take security very seriously. This has been escalated to our on-call team for immediate attention.,"Investigated logs, mitigated the issue, and updated security settings.",1.07,0,negative,0,1,api_client,EU
TCKT_011767,2023-03-08 19:51:42,CUST_02005,small_business,chat,login_auth,bug,medium,resolved,platinum,The login auth feature is not saving my changes.,Thanks for reporting this bug. Our team is reviewing this and will follow up within 24 hours.,Patched the bug and deployed a fix to production.,5.34,0,neutral,4,0,api_client,LATAM
TCKT_011848,2023-03-26 05:13:25,CUST_04002,small_business,phone_transcript,api_integration,billing_problem,medium,resolved,standard,I was charged twice for my subscription this month.,Thanks for reaching out about the billing issue. Our team is reviewing this and will follow up within 24 hours.,Adjusted the invoice and issued a refund where applicable.,26.89,0,negative,2,1,desktop_app,EU
TCKT_012039,2023-03-19 07:25:27,CUST_06943,individual,in_app,api_integration,security_concern,high,resolved,standard,We need details about your data encryption and compliance.,We take security very seriously. We are prioritizing this and will update you as soon as possible.,"Investigated logs, mitigated the issue, and updated security settings.",4.36,0,very_positive,5,0,ios,APAC
TCKT_012201,2023-03-25 10:48:20,CUST_02470,non_profit,email,api_integration,account_access,low,resolved,gold,I cannot log in; the system says my password is incorrect.,Sorry to hear you're having trouble accessing your account. We will look into this and get back to you within the next 48 hours.,Reset account credentials and confirmed successful login.,47.54,0,very_negative,1,0,android,EU
TCKT_012280,2023-03-30 11:09:35,CUST_08352,small_business,in_app,mobile_app,performance,high,resolved,gold,Overall performance has degraded in the last few days.,We understand performance issues can be frustrating. We are prioritizing this and will update you as soon as possible.,Optimized queries and increased resource allocation.,2.46,0,negative,3,0,ios,EU
TCKT_012314,2023-03-26 02:56:44,CUST_03996,individual,chat,login_auth,security_concern,low,in_progress,gold,I noticed a suspicious login on my account.,We take security very seriously. We will look into this and get back to you within the next 48 hours.,,,0,very_negative,1,0,android,LATAM
TCKT_012323,2023-03-18 11:27:22,CUST_06466,enterprise,email,notifications,how_to,low,in_progress,standard,How can I export my data from the notifications section?,Happy to help with your question. We will look into this and get back to you within the next 48 hours.,,,0,positive,5,0,android,MEA
TCKT_012344,2023-03-09 08:51:46,CUST_07070,enterprise,email,billing,billing_problem,high,open,standard,I downgraded my plan but I am still being billed for the higher tier.,Thanks for reaching out about the billing issue. We are prioritizing this and will update you as soon as possible.,,,0,very_negative,0,0,api_client,MEA
TCKT_012402,2023-03-15 09:27:32,CUST_06778,individual,web_form,login_auth,bug,medium,in_progress,gold,The login auth feature is not saving my changes.,Thanks for reporting this bug. Our team is reviewing this and will follow up within 24 hours.,,,0,neutral,3,0,api_client,APAC
TCKT_012444,2023-03-21 00:50:06,CUST_06026,education,in_app,notifications,other,high,open,gold,I have a general question about my account.,Thanks for contacting support. We are prioritizing this and will update you as soon as possible.,,,0,very_positive,5,0,android,
TCKT_012453,2023-03-19 05:53:47,CUST_09717,enterprise,chat,mobile_app,performance,high,in_progress,platinum,Queries in the mobile app module are timing out.,We understand performance issues can be frustrating. We are prioritizing this and will update you as soon as possible.,,,0,very_negative,1,0,api_client,APAC
TCKT_012529,2023-03-27 17:58:48,CUST_06778,individual,in_app,api_integration,security_concern,low,resolved,standard,We need details about your data encryption and compliance.,We take security very seriously. We will look into this and get back to you within the next 48 hours.,"Investigated logs, mitigated the issue, and updated security settings.",32.92,0,neutral,0,1,desktop_app,
TCKT_012579,2023-03-02 16:31:39,CUST_04700,small_business,phone_transcript,billing,other,high,in_progress,standard,I have a general question about my account.,Thanks for contacting support. We are prioritizing this and will update you as soon as possible.,,,0,neutral,4,1,api_client,
TCKT_012705,2023-03-29 13:09:05,CUST_05614,enterprise,chat,notifications,how_to,low,in_progress,gold,How can I export my data from the notifications section?,Happy to help with your question. We will look into this and get back to you within the next 48 hours.,,,1,very_positive,0,0,ios,MEA
TCKT_012868,2023-03-17 10:09:32,CUST_01688,education,phone_transcript,analytics_dashboard,account_access,medium,resolved,standard,I cannot log in; the system says my password is incorrect.,Sorry to hear you're having trouble accessing your account. Our team is reviewing this and will follow up within 24 hours.,Reset account credentials and confirmed successful login.,42.24,1,negative,0,1,ios,APAC
TCKT_012917,2023-03-22 10:52:46,CUST_07310,individual,phone_transcript,mobile_app,billing_problem,high,on_hold,platinum,I downgraded my plan but I am still being billed for the higher tier.,Thanks for reaching out about the billing issue. We are prioritizing this and will update you as soon as possible.,,,0,neutral,3,0,android,EU
TCKT_012938,2023-03-26 00:24:26,CUST_09546,small_business,phone_transcript,analytics_dashboard,security_concern,low,resolved,gold,I noticed a suspicious login on my account.,We take security very seriously. We will look into this and get back to you within the next 48 hours.,"Investigated logs, mitigated the issue, and updated security settings.",29.83,0,neutral,4,0,desktop_app,APAC
TCKT_012972,2023-03-31 17:42:16,CUST_09968,small_business,in_app,login_auth,feature_request,low,in_progress,gold,It would be great to have login auth support in your product.,Thanks for your feature suggestion. We will look into this and get back to you within the next 48 hours.,,,0,very_positive,5,0,desktop_app,MEA
TCKT_012974,2023-03-05 11:40:35,CUST_04963,non_profit,phone_transcript,data_export,bug,medium,in_progress,standard,The data export feature is not saving my changes.,Thanks for reporting this bug. Our team is reviewing this and will follow up within 24 hours.,,,0,neutral,0,1,api_client,
TCKT_012989,2023-03-16 09:29:39,CUST_07386,small_business,chat,data_export,performance,high,in_progress,gold,Queries in the data export module are timing out.,We understand performance issues can be frustrating. We are prioritizing this and will update you as soon as possible.,,,0,very_negative,0,1,web,
TCKT_013009,2023-03-14 03:31:37,CUST_09836,individual,chat,analytics_dashboard,account_access,low,in_progress,gold,My account was locked after multiple failed login attempts.,Sorry to hear you're having trouble accessing your account. We will look into this and get back to you within the next 48 hours.,,,0,negative,2,1,web,LATAM
TCKT_013024,2023-03-15 15:48:47,CUST_03766,individual,in_app,analytics_dashboard,feature_request,medium,in_progress,standard,Can you add an option to customize analytics dashboard?,Thanks for your feature suggestion. Our team is reviewing this and will follow up within 24 hours.,,,0,negative,2,0,android,EU
TCKT_013038,2023-03-04 08:10:32,CUST_06033,individual,in_app,api_integration,performance,low,open,gold,The api integration page is very slow and takes a long time to load.,We understand performance issues can be frustrating. We will look into this and get back to you within the next 48 hours.,,,0,very_negative,2,0,android,
TCKT_013392,2023-03-05 13:36:00,CUST_05960,education,in_app,api_integration,performance,high,resolved,standard,The api integration page is very slow and takes a long time to load.,We understand performance issues can be frustrating. We are prioritizing this and will update you as soon as possible.,Optimized queries and increased resource allocation.,17.22,0,neutral,4,1,api_client,
TCKT_013432,2023-03-15 00:16:29,CUST_07643,non_profit,chat,login_auth,feature_request,low,resolved,standard,Can you add an option to customize login auth?,Thanks for your feature suggestion. We will look into this and get back to you within the next 48 hours.,Captured the request and added it to the product backlog.,10.44,0,very_positive,5,1,android,
TCKT_013464,2023-03-18 22:31:12,CUST_04222,individual,phone_transcript,login_auth,how_to,medium,resolved,standard,How can I export my data from the login auth section?,Happy to help with your question. Our team is reviewing this and will follow up within 24 hours.,Provided step-by-step instructions and relevant documentation.,36.74,0,positive,4,1,ios,APAC
TCKT_013531,2023-03-22 16:53:12,CUST_00412,education,in_app,login_auth,security_concern,high,in_progress,standard,We need details about your data encryption and compliance.,We take security very seriously. We are prioritizing this and will update you as soon as possible.,,,0,very_negative,1,0,web,MEA
TCKT_013546,2023-03-24 22:45:02,CUST_00736,individual,phone_transcript,mobile_app,security_concern,high,on_hold,standard,We need details about your data encryption and compliance.,We take security very seriously. We are prioritizing this and will update you as soon as possible.,,,0,neutral,4,1,desktop_app,EU
TCKT_013574,2023-03-25 10:44:25,CUST_05653,small_business,in_app,notifications,how_to,medium,resolved,standard,I need help setting up notifications for my team.,Happy to help with your question. Our team is reviewing this and will follow up within 24 hours.,Provided step-by-step instructions and relevant documentation.,11.17,0,neutral,4,0,web,APAC
TCKT_013597,2023-03-26 16:03:59,CUST_05324,small_business,phone_transcript,mobile_app,how_to,medium,resolved,gold,How can I export my data from the mobile app section?,Happy to help with your question. Our team is reviewing this and will follow up within 24 hours.,Provided step-by-step instructions and relevant documentation.,43.23,0,neutral,4,0,desktop_app,
TCKT_013625,2023-03-11 19:45:07,CUST_09138,non_profit,in_app,login_auth,other,low,resolved,standard,I have a general question about my account.,Thanks for contacting support. We will look into this and get back to you within the next 48 hours.,Provided general guidance and confirmed the issue was resolved.,8.01,0,negative,2,1,ios,
TCKT_013689,2023-03-13 15:42:29,CUST_08017,non_profit,web_form,analytics_dashboard,how_to,medium,open,gold,I need help setting up analytics dashboard for my team.,Happy to help with your question. Our team is reviewing this and will follow up within 24 hours.,,,0,negative,0,0,desktop_app,APAC
TCKT_013735,2023-03-24 02:50:12,CUST_09970,small_business,web_form,login_auth,performance,medium,resolved,standard,Overall performance has degraded in the last few days.,We understand performance issues can be frustrating. Our team is reviewing this and will follow up within 24 hours.,Optimized queries and increased resource allocation.,32.58,0,neutral,3,0,ios,APAC
TCKT_013765,2023-03-19 21:10:19,CUST_06345,individual,web_form,login_auth,performance,high,resolved,standard,The login auth page is very slow and takes a long time to load.,We understand performance issues can be frustrating. We are prioritizing this and will update you as soon as possible.,Optimized queries and increased resource allocation.,15.81,0,neutral,0,0,web,LATAM
TCKT_013781,2023-03-25 18:21:24,CUST_09943,education,chat,login_auth,how_to,low,open,standard,How can I export my data from the login auth section?,Happy to help with your question. We will look into this and get back to you within the next 48 hours.,,,0,very_positive,0,0,api_client,MEA
TCKT_013787,2023-03-25 18:13:49,CUST_00771,small_business,web_form,api_integration,bug,low,resolved,standard,I am seeing an error message when I click on api integration.,Thanks for reporting this bug. We will look into this and get back to you within the next 48 hours.,Patched the bug and deployed a fix to production.,13.28,0,neutral,3,0,android,MEA
TCKT_013812,2023-03-04 03:07:54,CUST_05788,non_profit,in_app,billing,feature_request,low,resolved,standard,Can you add an option to customize billing?,Thanks for your feature suggestion. We will look into this and get back to you within the next 48 hours.,Captured the request and added it to the product backlog.,49.6,0,neutral,4,0,ios,
TCKT_013854,2023-03-27 22:53:40,CUST_06367,small_business,chat,data_export,security_concern,low,in_progress,standard,There seems to be a vulnerability in the data export functionality.,We take security very seriously. We will look into this and get back to you within the next 48 hours.,,,0,negative,3,0,web,EU
TCKT_013921,2023-03-27 05:04:53,CUST_07673,non_profit,email,login_auth,feature_request,urgent,resolved,standard,It would be great to have login auth support in your product.,Thanks for your feature suggestion. This has been escalated to our on-call team for immediate attention.,Captured the request and added it to the product backlog.,7.08,0,neutral,0,0,api_client,MEA
TCKT_014073,2023-03-27 05:06:41,CUST_03912,small_business,email,analytics_dashboard,performance,low,resolved,standard,The analytics dashboard page is very slow and takes a long time to load.,We understand performance issues can be frustrating. We will look into this and get back to you within the next 48 hours.,Optimized queries and increased resource allocation.,57.37,0,negative,3,0,api_client,
TCKT_014099,2023-03-05 01:34:03,CUST_08512,small_business,in_app,mobile_app,feature_request,medium,in_progress,gold,Our team needs more advanced options for mobile app.,Thanks for your feature suggestion. Our team is reviewing this and will follow up within 24 hours.,,,0,neutral,4,1,web,MEA
TCKT_014122,2023-03-11 15:54:34,CUST_04868,small_business,chat,notifications,other,urgent,on_hold,gold,I have a general question about my account.,Thanks for contacting support. This has been escalated to our on-call team for immediate attention.,,,0,negative,3,0,ios,
TCKT_014164,2023-03-01 09:05:13,CUST_02221,small_business,phone_transcript,api_integration,how_to,low,resolved,gold,How can I export my data from the api integration section?,Happy to help with your question. We will look into this and get back to you within the next 48 hours.,Provided step-by-step instructions and relevant documentation.,36.13,0,very_positive,0,1,web,EU
TCKT_014208,2023-03-20 06:21:56,CUST_09417,enterprise,phone_transcript,analytics_dashboard,bug,low,resolved,standard,I am seeing an error message when I click on analytics dashboard.,Thanks for reporting this bug. We will look into this and get back to you within the next 48 hours.,Patched the bug and deployed a fix to production.,49.37,0,negative,0,1,api_client,MEA
TCKT_014239,2023-03-18 01:22:34,CUST_06275,education,phone_transcript,data_export,performance,low,resolved,gold,The data export page is very slow and takes a long time to load.,We understand performance issues can be frustrating. We will look into this and get back to you within the next 48 hours.,Optimized queries and increased resource allocation.,62.54,0,neutral,3,0,android,APAC
TCKT_014247,2023-03-25 18:27:40,CUST_03154,enterprise,in_app,data_export,security_concern,urgent,closed_no_action,standard,We need details about your data encryption and compliance.,We take security very seriously. This has been escalated to our on-call team for immediate attention.,Ticket closed without further action after no response from the customer.,126.33,0,negative,3,0,web,
TCKT_014255,2023-03-27 15:51:58,CUST_07379,non_profit,phone_transcript,data_export,performance,low,resolved,gold,Overall performance has degraded in the last few days.,We understand performance issues can be frustrating. We will look into this and get back to you within the next 48 hours.,Optimized queries and increased resource allocation.,62.73,0,negative,2,1,web,APAC
TCKT_014274,2023-03-13 15:07:16,CUST_09524,enterprise,web_form,api_integration,security_concern,high,resolved,standard,We need details about your data encryption and compliance.,We take security very seriously. We are prioritizing this and will update you as soon as possible.,"Investigated logs, mitigated the issue, and updated security settings.",5.84,1,neutral,4,0,ios,EU
TCKT_014361,2023-03-07 19:43:51,CUST_06509,non_profit,web_form,login_auth,billing_problem,high,in_progress,standard,My invoice amount is incorrect compared to the plan I selected.,Thanks for reaching out about the billing issue. We are prioritizing this and will update you as soon as possible.,,,0,negative,0,1,desktop_app,
TCKT_014492,2023-03-03 05:02:20,CUST_03904,non_profit,email,api_integration,account_access,high,resolved,standard,My account was locked after multiple failed login attempts.,Sorry to hear you're having trouble accessing your account. We are prioritizing this and will update you as soon as possible.,Reset account credentials and confirmed successful login.,14.35,0,neutral,4,1,api_client,APAC
TCKT_014497,2023-03-03 18:16:58,CUST_03830,individual,phone_transcript,login_auth,feature_request,low,resolved,standard,Can you add an option to customize login auth?,Thanks for your feature suggestion. We will look into this and get back to you within the next 48 hours.,Captured the request and added it to the product backlog.,59.0,1,very_negative,1,0,api_client,MEA
TCKT_014505,2023-03-23 18:32:48,CUST_04669,small_business,email,billing,feature_request,medium,in_progress,standard,It would be great to have billing support in your product.,Thanks for your feature suggestion. Our team is reviewing this and will follow up within 24 hours.,,,0,negative,3,0,api_client,LATAM
TCKT_014510,2023-03-02 15:29:39,CUST_01084,enterprise,web_form,notifications,how_to,medium,resolved,standard,Can you explain how to configure notifications properly?,Happy to help with your question. Our team is reviewing this and will follow up within 24 hours.,Provided step-by-step instructions and relevant documentation.,11.18,0,negative,2,1,android,EU
TCKT_014600,2023-03-17 03:18:38,CUST_09790,education,phone_transcript,analytics_dashboard,other,high,in_progress,standard,I have a general question about my account.,Thanks for contacting support. We are prioritizing this and will update you as soon as possible.,,,0,negative,2,1,api_client,APAC
TCKT_014660,2023-03-31 06:45:34,CUST_05960,education,chat,api_integration,billing_problem,low,resolved,standard,I downgraded my plan but I am still being billed for the higher tier.,Thanks for reaching out about the billing issue. We will look into this and get back to you within the next 48 hours.,Adjusted the invoice and issued a refund where applicable.,68.18,0,very_negative,2,0,api_client,
TCKT_014705,2023-03-27 19:08:07,CUST_08722,small_business,in_app,mobile_app,account_access,high,resolved,gold,I cannot log in; the system says my password is incorrect.,Sorry to hear you're having trouble accessing your account. We are prioritizing this and will update you as soon as possible.,Reset account credentials and confirmed successful login.,8.44,0,negative,3,1,desktop_app,EU
TCKT_014744,2023-03-23 19:46:34,CUST_06428,enterprise,chat,api_integration,other,high,on_hold,standard,I need help but I'm not sure which category this fits in.,Thanks for contacting support. We are prioritizing this and will update you as soon as possible.,,,0,neutral,4,0,desktop_app,
TCKT_014755,2023-03-06 19:25:27,CUST_05117,individual,in_app,mobile_app,account_access,low,in_progress,gold,My 2FA code is not working when I try to sign in.,Sorry to hear you're having trouble accessing your account. We will look into this and get back to you within the next 48 hours.,,,0,positive,5,1,desktop_app,APAC
TCKT_014765,2023-03-09 07:21:22,CUST_05305,individual,email,notifications,feature_request,low,resolved,standard,Can you add an option to customize notifications?,Thanks for your feature suggestion. We will look into this and get back to you within the next 48 hours.,Captured the request and added it to the product backlog.,57.08,0,negative,3,0,android,EU
TCKT_014770,2023-03-12 01:05:28,CUST_04845,enterprise,phone_transcript,api_integration,performance,medium,resolved,standard,The api integration page is very slow and takes a long time to load.,We understand performance issues can be frustrating. Our team is reviewing this and will follow up within 24 hours.,Optimized queries and increased resource allocation.,30.36,0,neutral,0,0,web,
TCKT_014785,2023-03-06 08:17:16,CUST_06536,individual,phone_transcript,data_export,feature_request,low,on_hold,standard,It would be great to have data export support in your product.,Thanks for your feature suggestion. We will look into this and get back to you within the next 48 hours.,,,0,neutral,3,0,ios,LATAM
TCKT_014791,2023-03-24 23:20:15,CUST_00280,small_business,phone_transcript,notifications,billing_problem,high,in_progress,standard,I downgraded my plan but I am still being billed for the higher tier.,Thanks for reaching out about the billing issue. We are prioritizing this and will update you as soon as possible.,,,0,neutral,4,0,api_client,
TCKT_014796,2023-03-18 01:11:12,CUST_04174,education,in_app,api_integration,security_concern,low,in_progress,platinum,We need details about your data encryption and compliance.,We take security very seriously. We will look into this and get back to you within the next 48 hours.,,,0,negative,2,0,android,MEA
TCKT_014799,2023-03-19 08:59:17,CUST_05060,education,web_form,analytics_dashboard,other,high,resolved,platinum,I need help but I'm not sure which category this fits in.,Thanks for contacting support. We are prioritizing this and will update you as soon as possible.,Provided general guidance and confirmed the issue was resolved.,20.58,1,negative,3,0,ios,MEA
TCKT_014936,2023-03-09 08:30:34,CUST_06223,non_profit,web_form,billing,how_to,low,resolved,platinum,Can you explain how to configure billing properly?,Happy to help with your question. We will look into this and get back to you within the next 48 hours.,Provided step-by-step instructions and relevant documentation.,8.05,0,neutral,4,1,desktop_app,
TCKT_014973,2023-03-16 02:37:28,CUST_02468,enterprise,web_form,notifications,performance,urgent,resolved,gold,Overall performance has degraded in the last few days.,We understand performance issues can be frustrating. This has been escalated to our on-call team for immediate attention.,Optimized queries and increased resource allocation.,2.73,0,very_negative,0,0,ios,APAC
TCKT_015033,2023-03-17 18:36:40,CUST_00728,enterprise,chat,login_auth,account_access,low,resolved,standard,My account was locked after multiple failed login attempts.,Sorry to hear you're having trouble accessing your account. We will look into this and get back to you within the next 48 hours.,Reset account credentials and confirmed successful login.,33.86,0,negative,2,0,ios,LATAM
TCKT_015040,2023-03-23 03:10:34,CUST_05490,individual,phone_transcript,login_auth,billing_problem,low,resolved,standard,I was charged twice for my subscription this month.,Thanks for reaching out about the billing issue. We will look into this and get back to you within the next 48 hours.,Adjusted the invoice and issued a refund where applicable.,61.53,0,neutral,0,1,api_client,APAC
TCKT_015060,2023-03-21 10:54:07,CUST_03842,individual,chat,billing,performance,medium,resolved,standard,Overall performance has degraded in the last few days.,We understand performance issues can be frustrating. Our team is reviewing this and will follow up within 24 hours.,Optimized queries and increased resource allocation.,20.92,0,negative,0,0,ios,EU
TCKT_015115,2023-03-21 04:09:05,CUST_01498,education,phone_transcript,analytics_dashboard,security_concern,high,resolved,standard,We need details about your data encryption and compliance.,We take security very seriously. We are prioritizing this and will update you as soon as possible.,"Investigated logs, mitigated the issue, and updated security settings.",23.57,0,negative,2,0,ios,MEA
TCKT_015119,2023-03-12 04:51:01,CUST_00214,non_profit,phone_transcript,billing,security_concern,low,resolved,standard,We need details about your data encryption and compliance.,We take security very seriously. We will look into this and get back to you within the next 48 hours.,"Investigated logs, mitigated the issue, and updated security settings.",54.45,0,negative,3,0,web,
TCKT_015218,2023-03-30 04:50:26,CUST_02443,small_business,phone_transcript,data_export,account_access,medium,closed_no_action,standard,My 2FA code is not working when I try to sign in.,Sorry to hear you're having trouble accessing your account. Our team is reviewing this and will follow up within 24 hours.,Ticket closed without further action after no response from the customer.,92.84,0,neutral,0,0,desktop_app,LATAM
TCKT_015267,2023-03-12 10:05:52,CUST_01790,enterprise,in_app,billing,feature_request,medium,resolved,gold,Can you add an option to customize billing?,Thanks for your feature suggestion. Our team is reviewing this and will follow up within 24 hours.,Captured the request and added it to the product backlog.,47.11,0,negative,0,0,desktop_app,MEA
TCKT_015275,2023-03-05 15:28:01,CUST_04870,individual,email,notifications,how_to,medium,resolved,gold,I need help setting up notifications for my team.,Happy to help with your question. Our team is reviewing this and will follow up within 24 hours.,Provided step-by-step instructions and relevant documentation.,29.77,0,very_positive,0,0,web,LATAM
TCKT_015319,2023-03-28 21:46:11,CUST_02738,non_profit,web_form,login_auth,billing_problem,low,in_progress,gold,I downgraded my plan but I am still being billed for the higher tier.,Thanks for reaching out about the billing issue. We will look into this and get back to you within the next 48 hours.,,,0,very_negative,2,0,android,MEA
TCKT_015336,2023-03-12 14:44:42,CUST_05323,small_business,in_app,mobile_app,other,high,resolved,standard,I need help but I'm not sure which category this fits in.,Thanks for contacting support. We are prioritizing this and will update you as soon as possible.,Provided general guidance and confirmed the issue was resolved.,10.22,0,neutral,4,0,api_client,LATAM
TCKT_015346,2023-03-31 22:59:46,CUST_04269,enterprise,phone_transcript,data_export,performance,low,resolved,standard,Overall performance has degraded in the last few days.,We understand performance issues can be frustrating. We will look into this and get back to you within the next 48 hours.,Optimized queries and increased resource allocation.,48.3,0,negative,2,0,ios,LATAM
TCKT_015354,2023-03-13 23:51:37,CUST_04582,individual,in_app,data_export,how_to,low,on_hold,standard,How can I export my data from the data export section?,Happy to help with your question. We will look into this and get back to you within the next 48 hours.,,,0,negative,0,0,desktop_app,APAC
TCKT_015377,2023-03-25 12:02:50,CUST_01714,small_business,phone_transcript,notifications,feature_request,low,resolved,gold,Can you add an option to customize notifications?,Thanks for your feature suggestion. We will look into this and get back to you within the next 48 hours.,Captured the request and added it to the product backlog.,66.99,0,negative,2,0,api_client,MEA
TCKT_015487,2023-03-20 20:47:15,CUST_04991,education,chat,login_auth,how_to,low,in_progress,gold,How can I export my data from the login auth section?,Happy to help with your question. We will look into this and get back to you within the next 48 hours.,,,0,positive,5,0,ios,LATAM
TCKT_015531,2023-03-03 05:11:40,CUST_08739,enterprise,in_app,api_integration,how_to,medium,resolved,standard,Can you explain how to configure api integration properly?,Happy to help with your question. Our team is reviewing this and will follow up within 24 hours.,Provided step-by-step instructions and relevant documentation.,17.28,0,positive,5,0,api_client,APAC
TCKT_015597,2023-03-06 00:27:56,CUST_02060,small_business,phone_transcript,data_export,bug,low,on_hold,standard,The page keeps crashing whenever I try to open the data export section.,Thanks for reporting this bug. We will look into this and get back to you within the next 48 hours.,,,0,negative,0,0,desktop_app,LATAM
TCKT_015605,2023-03-03 12:32:01,CUST_00802,non_profit,email,login_auth,billing_problem,low,resolved,standard,My invoice amount is incorrect compared to the plan I selected.,Thanks for reaching out about the billing issue. We will look into this and get back to you within the next 48 hours.,Adjusted the invoice and issued a refund where applicable.,10.77,0,positive,4,1,web,MEA
TCKT_015667,2023-03-12 19:44:18,CUST_01454,education,chat,mobile_app,billing_problem,low,resolved,standard,I downgraded my plan but I am still being billed for the higher tier.,Thanks for reaching out about the billing issue. We will look into this and get back to you within the next 48 hours.,Adjusted the invoice and issued a refund where applicable.,51.57,0,negative,3,0,web,APAC
TCKT_015729,2023-03-02 17:33:04,CUST_02902,individual,chat,login_auth,account_access,urgent,resolved,standard,I cannot log in; the system says my password is incorrect.,Sorry to hear you're having trouble accessing your account. This has been escalated to our on-call team for immediate attention.,Reset account credentials and confirmed successful login.,5.42,1,negative,2,0,desktop_app,
TCKT_015843,2023-03-31 04:43:44,CUST_08260,education,web_form,api_integration,account_access,high,resolved,platinum,I cannot log in; the system says my password is incorrect.,Sorry to hear you're having trouble accessing your account. We are prioritizing this and will update you as soon as possible.,Reset account credentials and confirmed successful login.,11.67,0,very_negative,1,0,desktop_app,EU
TCKT_015867,2023-03-07 03:13:17,CUST_03885,individual,phone_transcript,data_export,performance,low,resolved,standard,Overall performance has degraded in the last few days.,We understand performance issues can be frustrating. We will look into this and get back to you within the next 48 hours.,Optimized queries and increased resource allocation.,25.8,0,positive,5,0,desktop_app,MEA
TCKT_015915,2023-03-05 03:22:10,CUST_03986,small_business,in_app,data_export,feature_request,low,resolved,standard,Can you add an option to customize data export?,Thanks for your feature suggestion. We will look into this and get back to you within the next 48 hours.,Captured the request and added it to the product backlog.,60.49,0,positive,4,1,api_client,MEA
TCKT_016075,2023-03-14 01:22:03,CUST_05836,non_profit,email,notifications,security_concern,high,closed_no_action,platinum,We need details about your data encryption and compliance.,We take security very seriously. We are prioritizing this and will update you as soon as possible.,Ticket closed without further action after no response from the customer.,124.09,0,positive,4,0,ios,MEA
TCKT_016090,2023-03-07 02:33:28,CUST_04752,education,email,login_auth,how_to,medium,in_progress,standard,I need help setting up login auth for my team.,Happy to help with your question. Our team is reviewing this and will follow up within 24 hours.,,,0,very_negative,2,1,ios,
TCKT_016215,2023-03-14 21:09:56,CUST_00279,individual,web_form,billing,performance,low,in_progress,standard,Queries in the billing module are timing out.,We understand performance issues can be frustrating. We will look into this and get back to you within the next 48 hours.,,,0,neutral,4,0,web,EU
TCKT_016269,2023-03-25 19:21:42,CUST_02328,education,web_form,analytics_dashboard,account_access,low,resolved,standard,My 2FA code is not working when I try to sign in.,Sorry to hear you're having trouble accessing your account. We will look into this and get back to you within the next 48 hours.,Reset account credentials and confirmed successful login.,43.09,0,negative,0,0,desktop_app,
TCKT_016287,2023-03-14 15:49:02,CUST_00116,small_business,chat,analytics_dashboard,feature_request,low,in_progress,standard,It would be great to have analytics dashboard support in your product.,Thanks for your feature suggestion. We will look into this and get back to you within the next 48 hours.,,,0,neutral,0,0,android,
TCKT_016415,2023-03-15 07:46:41,CUST_06615,small_business,email,notifications,how_to,low,on_hold,gold,How can I export my data from the notifications section?,Happy to help with your question. We will look into this and get back to you within the next 48 hours.,,,0,negative,0,0,android,EU
TCKT_016422,2023-03-01 12:09:59,CUST_07942,small_business,email,login_auth,billing_problem,low,in_progress,standard,I was charged twice for my subscription this month.,Thanks for reaching out about the billing issue. We will look into this and get back to you within the next 48 hours.,,,0,very_negative,0,0,desktop_app,MEA
TCKT_016514,2023-03-18 01:44:24,CUST_05878,non_profit,web_form,login_auth,bug,high,resolved,platinum,The page keeps crashing whenever I try to open the login auth section.,Thanks for reporting this bug. We are prioritizing this and will update you as soon as possible.,Patched the bug and deployed a fix to production.,11.39,0,positive,0,0,api_client,LATAM
TCKT_016541,2023-03-19 06:12:26,CUST_01735,enterprise,chat,billing,bug,high,open,gold,The billing feature is not saving my changes.,Thanks for reporting this bug. We are prioritizing this and will update you as soon as possible.,,,0,very_negative,0,1,ios,
TCKT_016592,2023-03-03 17:42:59,CUST_02188,small_business,in_app,analytics_dashboard,security_concern,medium,resolved,standard,We need details about your data encryption and compliance.,We take security very seriously. Our team is reviewing this and will follow up within 24 hours.,"Investigated logs, mitigated the issue, and updated security settings.",34.55,0,negative,0,0,ios,
TCKT_016607,2023-03-11 14:05:27,CUST_09828,education,email,mobile_app,billing_problem,medium,resolved,standard,I downgraded my plan but I am still being billed for the higher tier.,Thanks for reaching out about the billing issue. Our team is reviewing this and will follow up within 24 hours.,Adjusted the invoice and issued a refund where applicable.,21.0,0,negative,0,0,desktop_app,APAC
TCKT_016655,2023-03-20 07:31:01,CUST_02604,education,phone_transcript,login_auth,bug,medium,open,standard,The page keeps crashing whenever I try to open the login auth section.,Thanks for reporting this bug. Our team is reviewing this and will follow up within 24 hours.,,,0,neutral,4,0,android,APAC
TCKT_016721,2023-03-04 19:25:07,CUST_05337,education,web_form,login_auth,billing_problem,low,resolved,platinum,I was charged twice for my subscription this month.,Thanks for reaching out about the billing issue. We will look into this and get back to you within the next 48 hours.,Adjusted the invoice and issued a refund where applicable.,18.33,0,neutral,4,0,api_client,
TCKT_016766,2023-03-18 15:22:54,CUST_00675,non_profit,email,login_auth,bug,low,resolved,standard,The login auth feature is not saving my changes.,Thanks for reporting this bug. We will look into this and get back to you within the next 48 hours.,Patched the bug and deployed a fix to production.,51.15,0,negative,3,1,desktop_app,
TCKT_016914,2023-03-20 15:59:16,CUST_04515,individual,in_app,login_auth,feature_request,low,open,standard,It would be great to have login auth support in your product.,Thanks for your feature suggestion. We will look into this and get back to you within the next 48 hours.,,,0,negative,2,0,web,APAC
TCKT_017013,2023-03-18 19:09:24,CUST_04363,small_business,phone_transcript,data_export,account_access,medium,in_progress,platinum,My 2FA code is not working when I try to sign in.,Sorry to hear you're having trouble accessing your account. Our team is reviewing this and will follow up within 24 hours.,,,0,neutral,0,0,web,APAC
TCKT_017044,2023-03-20 07:27:30,CUST_09532,small_business,web_form,api_integration,account_access,high,resolved,standard,My account was locked after multiple failed login attempts.,Sorry to hear you're having trouble accessing your account. We are prioritizing this and will update you as soon as possible.,Reset account credentials and confirmed successful login.,4.46,0,neutral,0,1,desktop_app,MEA
TCKT_017140,2023-03-26 18:23:33,CUST_00008,small_business,phone_transcript,api_integration,billing_problem,low,resolved,gold,My invoice amount is incorrect compared to the plan I selected.,Thanks for reaching out about the billing issue. We will look into this and get back to you within the next 48 hours.,Adjusted the invoice and issued a refund where applicable.,24.28,0,very_negative,1,0,ios,
TCKT_017159,2023-03-30 20:47:24,CUST_00337,enterprise,web_form,notifications,account_access,low,closed_no_action,standard,My 2FA code is not working when I try to sign in.,Sorry to hear you're having trouble accessing your account. We will look into this and get back to you within the next 48 hours.,Ticket closed without further action after no response from the customer.,215.48,0,negative,3,0,desktop_app,EU
TCKT_017221,2023-03-01 04:55:11,CUST_02509,enterprise,chat,mobile_app,other,high,in_progress,standard,"Something seems off, can you please check my workspace?",Thanks for contacting support. We are prioritizing this and will update you as soon as possible.,,,0,neutral,3,0,web,MEA
TCKT_017237,2023-03-16 05:30:36,CUST_08536,small_business,phone_transcript,billing,how_to,low,resolved,standard,Can you explain how to configure billing properly?,Happy to help with your question. We will look into this and get back to you within the next 48 hours.,Provided step-by-step instructions and relevant documentation.,12.03,0,positive,0,0,api_client,
TCKT_017286,2023-03-03 07:23:19,CUST_00981,small_business,phone_transcript,login_auth,security_concern,medium,closed_no_action,gold,There seems to be a vulnerability in the login auth functionality.,We take security very seriously. Our team is reviewing this and will follow up within 24 hours.,Ticket closed without further action after no response from the customer.,143.76,0,very_negative,2,0,desktop_app,APAC
TCKT_017338,2023-03-21 00:31:13,CUST_07980,individual,email,notifications,billing_problem,high,on_hold,platinum,My invoice amount is incorrect compared to the plan I selected.,Thanks for reaching out about the billing issue. We are prioritizing this and will update you as soon as possible.,,,0,neutral,3,0,ios,
TCKT_017404,2023-03-26 01:45:35,CUST_08481,non_profit,in_app,billing,how_to,medium,resolved,gold,Can you explain how to configure billing properly?,Happy to help with your question. Our team is reviewing this and will follow up within 24 hours.,Provided step-by-step instructions and relevant documentation.,42.74,0,very_negative,2,0,ios,LATAM
TCKT_017488,2023-03-01 04:34:03,CUST_02015,small_business,web_form,data_export,how_to,low,resolved,standard,Can you explain how to configure data export properly?,Happy to help with your question. We will look into this and get back to you within the next 48 hours.,Provided step-by-step instructions and relevant documentation.,31.01,0,negative,0,0,api_client,EU
TCKT_017500,2023-03-12 15:20:36,CUST_09036,education,phone_transcript,notifications,performance,high,closed_no_action,standard,The notifications page is very slow and takes a long time to load.,We understand performance issues can be frustrating. We are prioritizing this and will update you as soon as possible.,Ticket closed without further action after no response from the customer.,162.77,0,very_negative,0,1,web,MEA
TCKT_017560,2023-03-21 12:40:07,CUST_09302,enterprise,chat,login_auth,performance,medium,open,standard,Queries in the login auth module are timing out.,We understand performance issues can be frustrating. Our team is reviewing this and will follow up within 24 hours.,,,0,neutral,4,0,ios,LATAM
TCKT_017569,2023-03-21 12:33:25,CUST_02871,small_business,phone_transcript,mobile_app,other,urgent,closed_no_action,standard,I have a general question about my account.,Thanks for contacting support. This has been escalated to our on-call team for immediate attention.,Ticket closed without further action after no response from the customer.,129.99,0,negative,3,0,ios,EU
TCKT_017605,2023-03-18 13:51:13,CUST_04912,enterprise,chat,billing,how_to,medium,resolved,standard,How can I export my data from the billing section?,Happy to help with your question. Our team is reviewing this and will follow up within 24 hours.,Provided step-by-step instructions and relevant documentation.,25.94,0,very_positive,5,0,api_client,LATAM
TCKT_017611,2023-03-16 01:34:26,CUST_09574,education,web_form,notifications,how_to,low,on_hold,gold,How can I export my data from the notifications section?,Happy to help with your question. We will look into this and get back to you within the next 48 hours.,,,1,neutral,0,1,api_client,LATAM
TCKT_017670,2023-03-21 00:54:54,CUST_03032,small_business,chat,billing,feature_request,high,resolved,standard,Can you add an option to customize billing?,Thanks for your feature suggestion. We are prioritizing this and will update you as soon as possible.,Captured the request and added it to the product backlog.,12.81,0,negative,3,0,ios,
TCKT_017701,2023-03-25 02:42:59,CUST_00143,small_business,email,analytics_dashboard,other,high,in_progress,gold,I need help but I'm not sure which category this fits in.,Thanks for contacting support. We are prioritizing this and will update you as soon as possible.,,,0,neutral,3,0,desktop_app,
TCKT_017739,2023-03-12 08:57:46,CUST_05994,small_business,phone_transcript,data_export,billing_problem,high,resolved,standard,I downgraded my plan but I am still being billed for the higher tier.,Thanks for reaching out about the billing issue. We are prioritizing this and will update you as soon as possible.,Adjusted the invoice and issued a refund where applicable.,4.31,0,neutral,4,0,web,APAC
TCKT_017749,2023-03-31 15:01:18,CUST_07004,education,phone_transcript,notifications,performance,low,on_hold,gold,Overall performance has degraded in the last few days.,We understand performance issues can be frustrating. We will look into this and get back to you within the next 48 hours.,,,0,very_negative,1,1,web,MEA
TCKT_017793,2023-03-16 05:19:14,CUST_08515,small_business,email,billing,billing_problem,low,resolved,gold,I downgraded my plan but I am still being billed for the higher tier.,Thanks for reaching out about the billing issue. We will look into this and get back to you within the next 48 hours.,Adjusted the invoice and issued a refund where applicable.,10.27,0,neutral,0,1,web,MEA
TCKT_017795,2023-03-29 13:56:37,CUST_04133,small_business,email,mobile_app,security_concern,urgent,in_progress,standard,We need details about your data encryption and compliance.,We take security very seriously. This has been escalated to our on-call team for immediate attention.,,,0,negative,0,1,desktop_app,
TCKT_017809,2023-03-19 08:40:26,CUST_07297,individual,in_app,notifications,account_access,medium,closed_no_action,standard,My account was locked after multiple failed login attempts.,Sorry to hear you're having trouble accessing your account. Our team is reviewing this and will follow up within 24 hours.,Ticket closed without further action after no response from the customer.,99.61,0,negative,3,0,ios,
TCKT_017827,2023-03-22 10:15:32,CUST_09887,small_business,email,login_auth,how_to,low,on_hold,standard,Can you explain how to configure login auth properly?,Happy to help with your question. We will look into this and get back to you within the next 48 hours.,,,0,neutral,0,0,web,
TCKT_017961,2023-03-15 09:49:29,CUST_07925,small_business,in_app,billing,bug,low,closed_no_action,gold,The billing feature is not saving my changes.,Thanks for reporting this bug. We will look into this and get back to you within the next 48 hours.,Ticket closed without further action after no response from the customer.,165.79,0,negative,3,1,api_client,EU
TCKT_017989,2023-03-15 18:57:16,CUST_06811,individual,chat,api_integration,bug,low,open,platinum,The api integration feature is not saving my changes.,Thanks for reporting this bug. We will look into this and get back to you within the next 48 hours.,,,0,very_negative,2,0,ios,EU
TCKT_017992,2023-03-15 12:02:05,CUST_02040,individual,phone_transcript,mobile_app,how_to,low,on_hold,standard,Can you explain how to configure mobile app properly?,Happy to help with your question. We will look into this and get back to you within the next 48 hours.,,,0,neutral,3,0,api_client,
TCKT_018001,2023-03-09 05:10:19,CUST_00503,individual,chat,mobile_app,bug,low,resolved,platinum,I am seeing an error message when I click on mobile app.,Thanks for reporting this bug. We will look into this and get back to you within the next 48 hours.,Patched the bug and deployed a fix to production.,21.2,0,neutral,3,1,desktop_app,MEA
TCKT_018007,2023-03-23 14:51:17,CUST_00496,individual,web_form,billing,bug,medium,open,standard,The billing feature is not saving my changes.,Thanks for reporting this bug. Our team is reviewing this and will follow up within 24 hours.,,,0,negative,0,1,desktop_app,EU
TCKT_018015,2023-03-26 00:32:01,CUST_08558,education,in_app,api_integration,account_access,high,on_hold,standard,My account was locked after multiple failed login attempts.,Sorry to hear you're having trouble accessing your account. We are prioritizing this and will update you as soon as possible.,,,0,negative,0,0,api_client,MEA
TCKT_018049,2023-03-09 06:48:57,CUST_02542,small_business,web_form,mobile_app,how_to,high,resolved,standard,I need help setting up mobile app for my team.,Happy to help with your question. We are prioritizing this and will update you as soon as possible.,Provided step-by-step instructions and relevant documentation.,20.29,0,neutral,3,0,web,APAC
TCKT_018079,2023-03-07 12:52:53,CUST_00947,individual,email,billing,bug,low,in_progress,standard,The billing feature is not saving my changes.,Thanks for reporting this bug. We will look into this and get back to you within the next 48 hours.,,,0,very_positive,5,0,web,
TCKT_018088,2023-03-12 22:49:48,CUST_05027,individual,phone_transcript,api_integration,how_to,medium,resolved,standard,I need help setting up api integration for my team.,Happy to help with your question. Our team is reviewing this and will follow up within 24 hours.,Provided step-by-step instructions and relevant documentation.,7.29,0,neutral,4,1,api_client,LATAM
TCKT_018091,2023-03-31 04:49:28,CUST_06491,non_profit,in_app,data_export,feature_request,urgent,resolved,platinum,Can you add an option to customize data export?,Thanks for your feature suggestion. This has been escalated to our on-call team for immediate attention.,Captured the request and added it to the product backlog.,6.9,0,positive,4,0,web,APAC
TCKT_018140,2023-03-24 07:49:03,CUST_03096,enterprise,web_form,login_auth,security_concern,medium,in_progress,standard,There seems to be a vulnerability in the login auth functionality.,We take security very seriously. Our team is reviewing this and will follow up within 24 hours.,,,0,neutral,3,0,desktop_app,LATAM
TCKT_018227,2023-03-22 21:54:13,CUST_06132,education,phone_transcript,billing,security_concern,low,open,standard,I noticed a suspicious login on my account.,We take security very seriously. We will look into this and get back to you within the next 48 hours.,,,0,negative,3,0,desktop_app,LATAM
TCKT_018233,2023-03-06 04:58:05,CUST_02471,small_business,chat,billing,how_to,high,resolved,standard,I need help setting up billing for my team.,Happy to help with your question. We are prioritizing this and will update you as soon as possible.,Provided step-by-step instructions and relevant documentation.,2.41,0,neutral,3,0,android,
TCKT_018242,2023-03-11 06:29:42,CUST_09177,enterprise,email,billing,billing_problem,medium,resolved,standard,I was charged twice for my subscription this month.,Thanks for reaching out about the billing issue. Our team is reviewing this and will follow up within 24 hours.,Adjusted the invoice and issued a refund where applicable.,29.67,0,very_negative,0,0,api_client,EU
TCKT_018288,2023-03-18 19:54:32,CUST_02171,education,chat,analytics_dashboard,billing_problem,medium,resolved,standard,I was charged twice for my subscription this month.,Thanks for reaching out about the billing issue. Our team is reviewing this and will follow up within 24 hours.,Adjusted the invoice and issued a refund where applicable.,40.51,0,neutral,4,0,desktop_app,EU
TCKT_018309,2023-03-12 20:41:48,CUST_09397,education,email,mobile_app,feature_request,medium,resolved,platinum,Can you add an option to customize mobile app?,Thanks for your feature suggestion. Our team is reviewing this and will follow up within 24 hours.,Captured the request and added it to the product backlog.,31.34,0,negative,0,0,web,APAC
TCKT_018386,2023-03-17 22:19:30,CUST_06404,small_business,phone_transcript,billing,bug,low,resolved,gold,I am seeing an error message when I click on billing.,Thanks for reporting this bug. We will look into this and get back to you within the next 48 hours.,Patched the bug and deployed a fix to production.,27.68,0,neutral,4,0,web,EU
TCKT_018390,2023-03-22 17:45:37,CUST_07169,small_business,email,billing,bug,medium,resolved,standard,The billing feature is not saving my changes.,Thanks for reporting this bug. Our team is reviewing this and will follow up within 24 hours.,Patched the bug and deployed a fix to production.,25.09,0,positive,5,0,web,MEA
TCKT_018393,2023-03-23 10:20:04,CUST_06864,non_profit,in_app,analytics_dashboard,how_to,high,in_progress,standard,How can I export my data from the analytics dashboard section?,Happy to help with your question. We are prioritizing this and will update you as soon as possible.,,,0,very_positive,0,1,desktop_app,LATAM
TCKT_018413,2023-03-08 08:28:58,CUST_05104,small_business,in_app,login_auth,account_access,low,closed_no_action,standard,My 2FA code is not working when I try to sign in.,Sorry to hear you're having trouble accessing your account. We will look into this and get back to you within the next 48 hours.,Ticket closed without further action after no response from the customer.,229.08,0,neutral,0,1,api_client,MEA
TCKT_018435,2023-03-28 05:23:24,CUST_02722,small_business,web_form,billing,security_concern,urgent,resolved,standard,I noticed a suspicious login on my account.,We take security very seriously. This has been escalated to our on-call team for immediate attention.,"Investigated logs, mitigated the issue, and updated security settings.",5.85,0,negative,0,0,android,LATAM
TCKT_018444,2023-03-20 07:08:21,CUST_09501,non_profit,chat,login_auth,billing_problem,urgent,open,standard,I was charged twice for my subscription this month.,Thanks for reaching out about the billing issue. This has been escalated to our on-call team for immediate attention.,,,1,negative,2,0,desktop_app,
TCKT_018446,2023-03-14 10:24:03,CUST_09881,education,email,notifications,bug,medium,in_progress,standard,The page keeps crashing whenever I try to open the notifications section.,Thanks for reporting this bug. Our team is reviewing this and will follow up within 24 hours.,,,0,negative,2,0,ios,MEA
TCKT_018517,2023-03-07 22:20:04,CUST_09466,non_profit,web_form,api_integration,bug,high,on_hold,standard,The page keeps crashing whenever I try to open the api integration section.,Thanks for reporting this bug. We are prioritizing this and will update you as soon as possible.,,,0,neutral,3,0,android,
TCKT_018524,2023-03-23 12:00:15,CUST_00106,individual,web_form,notifications,performance,high,on_hold,platinum,Queries in the notifications module are timing out.,We understand performance issues can be frustrating. We are prioritizing this and will update you as soon as possible.,,,0,negative,3,0,web,MEA
TCKT_018532,2023-03-02 10:26:24,CUST_01953,non_profit,web_form,api_integration,other,low,open,standard,"Something seems off, can you please check my workspace?",Thanks for contacting support. We will look into this and get back to you within the next 48 hours.,,,0,negative,2,0,desktop_app,LATAM
TCKT_018679,2023-03-30 02:02:52,CUST_07438,enterprise,in_app,notifications,security_concern,medium,resolved,standard,I noticed a suspicious login on my account.,We take security very seriously. Our team is reviewing this and will follow up within 24 hours.,"Investigated logs, mitigated the issue, and updated security settings.",37.0,0,neutral,0,0,android,APAC
TCKT_018725,2023-03-12 03:38:07,CUST_00261,non_profit,web_form,notifications,performance,high,closed_no_action,standard,The notifications page is very slow and takes a long time to load.,We understand performance issues can be frustrating. We are prioritizing this and will update you as soon as possible.,Ticket closed without further action after no response from the customer.,166.32,0,very_positive,5,0,api_client,APAC
TCKT_018746,2023-03-13 04:27:54,CUST_03480,small_business,phone_transcript,api_integration,how_to,medium,in_progress,gold,How can I export my data from the api integration section?,Happy to help with your question. Our team is reviewing this and will follow up within 24 hours.,,,1,negative,2,0,web,
TCKT_018754,2023-03-04 15:22:44,CUST_01862,education,phone_transcript,mobile_app,feature_request,medium,resolved,standard,It would be great to have mobile app support in your product.,Thanks for your feature suggestion. Our team is reviewing this and will follow up within 24 hours.,Captured the request and added it to the product backlog.,24.01,0,neutral,3,0,ios,APAC
TCKT_018822,2023-03-20 05:50:14,CUST_00368,education,web_form,api_integration,how_to,low,resolved,gold,Can you explain how to configure api integration properly?,Happy to help with your question. We will look into this and get back to you within the next 48 hours.,Provided step-by-step instructions and relevant documentation.,68.39,0,neutral,4,0,android,EU
TCKT_018846,2023-03-03 19:58:16,CUST_02638,individual,email,login_auth,feature_request,low,resolved,platinum,It would be great to have login auth support in your product.,Thanks for your feature suggestion. We will look into this and get back to you within the next 48 hours.,Captured the request and added it to the product backlog.,51.37,0,very_positive,5,0,api_client,
TCKT_018856,2023-03-04 04:10:47,CUST_08540,small_business,web_form,billing,account_access,low,resolved,standard,I cannot log in; the system says my password is incorrect.,Sorry to hear you're having trouble accessing your account. We will look into this and get back to you within the next 48 hours.,Reset account credentials and confirmed successful login.,22.52,0,negative,0,0,api_client,EU
TCKT_018857,2023-03-04 14:47:55,CUST_06859,small_business,web_form,mobile_app,bug,low,resolved,gold,The mobile app feature is not saving my changes.,Thanks for reporting this bug. We will look into this and get back to you within the next 48 hours.,Patched the bug and deployed a fix to production.,20.46,0,neutral,4,1,desktop_app,
TCKT_018862,2023-03-13 23:05:51,CUST_02350,enterprise,in_app,login_auth,bug,low,resolved,platinum,I am seeing an error message when I click on login auth.,Thanks for reporting this bug. We will look into this and get back to you within the next 48 hours.,Patched the bug and deployed a fix to production.,40.73,0,positive,0,1,web,MEA
TCKT_018937,2023-03-04 00:35:25,CUST_07155,enterprise,web_form,mobile_app,account_access,high,in_progress,standard,I cannot log in; the system says my password is incorrect.,Sorry to hear you're having trouble accessing your account. We are prioritizing this and will update you as soon as possible.,,,0,very_negative,1,0,android,APAC
TCKT_018952,2023-03-21 17:42:19,CUST_01076,small_business,phone_transcript,analytics_dashboard,how_to,medium,open,standard,How can I export my data from the analytics dashboard section?,Happy to help with your question. Our team is reviewing this and will follow up within 24 hours.,,,0,negative,3,0,android,EU
TCKT_019000,2023-03-31 22:47:16,CUST_02927,education,web_form,analytics_dashboard,how_to,low,open,gold,I need help setting up analytics dashboard for my team.,Happy to help with your question. We will look into this and get back to you within the next 48 hours.,,,0,negative,2,0,desktop_app,EU
TCKT_019017,2023-03-21 06:21:43,CUST_06172,non_profit,phone_transcript,billing,account_access,medium,resolved,standard,I cannot log in; the system says my password is incorrect.,Sorry to hear you're having trouble accessing your account. Our team is reviewing this and will follow up within 24 hours.,Reset account credentials and confirmed successful login.,30.04,0,neutral,3,1,ios,LATAM
TCKT_019044,2023-03-08 14:30:09,CUST_09104,education,email,analytics_dashboard,how_to,medium,resolved,standard,I need help setting up analytics dashboard for my team.,Happy to help with your question. Our team is reviewing this and will follow up within 24 hours.,Provided step-by-step instructions and relevant documentation.,29.24,0,positive,0,0,web,LATAM
TCKT_019241,2023-03-30 04:07:12,CUST_06102,education,chat,api_integration,how_to,medium,in_progress,standard,I need help setting up api integration for my team.,Happy to help with your question. Our team is reviewing this and will follow up within 24 hours.,,,0,positive,0,0,ios,
TCKT_019257,2023-03-11 16:42:56,CUST_07373,education,chat,login_auth,other,high,resolved,standard,"Something seems off, can you please check my workspace?",Thanks for contacting support. We are prioritizing this and will update you as soon as possible.,Provided general guidance and confirmed the issue was resolved.,9.39,0,very_positive,5,0,android,
TCKT_019304,2023-03-12 23:55:58,CUST_00762,enterprise,in_app,mobile_app,other,low,on_hold,standard,"Something seems off, can you please check my workspace?",Thanks for contacting support. We will look into this and get back to you within the next 48 hours.,,,0,negative,3,0,web,APAC
TCKT_019308,2023-03-09 09:07:54,CUST_08862,individual,chat,notifications,feature_request,high,in_progress,standard,Our team needs more advanced options for notifications.,Thanks for your feature suggestion. We are prioritizing this and will update you as soon as possible.,,,0,very_positive,0,1,web,LATAM
TCKT_019447,2023-03-29 07:38:02,CUST_03591,individual,chat,analytics_dashboard,account_access,low,resolved,gold,My account was locked after multiple failed login attempts.,Sorry to hear you're having trouble accessing your account. We will look into this and get back to you within the next 48 hours.,Reset account credentials and confirmed successful login.,66.03,0,negative,3,0,ios,MEA
TCKT_019451,2023-03-11 02:20:02,CUST_07963,small_business,email,data_export,performance,medium,resolved,standard,Queries in the data export module are timing out.,We understand performance issues can be frustrating. Our team is reviewing this and will follow up within 24 hours.,Optimized queries and increased resource allocation.,4.2,0,very_positive,5,1,android,
TCKT_019519,2023-03-14 05:13:37,CUST_08981,enterprise,email,analytics_dashboard,billing_problem,high,resolved,gold,I was charged twice for my subscription this month.,Thanks for reaching out about the billing issue. We are prioritizing this and will update you as soon as possible.,Adjusted the invoice and issued a refund where applicable.,13.61,0,neutral,3,1,ios,APAC
TCKT_019563,2023-03-15 06:05:57,CUST_08520,individual,email,mobile_app,other,medium,in_progress,standard,"Something seems off, can you please check my workspace?",Thanks for contacting support. Our team is reviewing this and will follow up within 24 hours.,,,0,neutral,0,0,api_client,APAC
TCKT_019614,2023-03-06 04:08:38,CUST_06413,small_business,phone_transcript,mobile_app,how_to,medium,resolved,gold,How can I export my data from the mobile app section?,Happy to help with your question. Our team is reviewing this and will follow up within 24 hours.,Provided step-by-step instructions and relevant documentation.,47.01,0,very_negative,0,0,api_client,MEA
TCKT_019631,2023-03-20 00:03:17,CUST_03142,non_profit,chat,mobile_app,account_access,medium,on_hold,standard,My account was locked after multiple failed login attempts.,Sorry to hear you're having trouble accessing your account. Our team is reviewing this and will follow up within 24 hours.,,,0,neutral,0,0,android,APAC
TCKT_019738,2023-03-28 04:11:17,CUST_07161,enterprise,phone_transcript,notifications,other,medium,resolved,standard,"Something seems off, can you please check my workspace?",Thanks for contacting support. Our team is reviewing this and will follow up within 24 hours.,Provided general guidance and confirmed the issue was resolved.,16.53,0,very_negative,0,0,desktop_app,LATAM
TCKT_019815,2023-03-31 07:49:29,CUST_05393,small_business,email,mobile_app,feature_request,medium,in_progress,standard,It would be great to have mobile app support in your product.,Thanks for your feature suggestion. Our team is reviewing this and will follow up within 24 hours.,,,0,neutral,0,1,api_client,LATAM
TCKT_019908,2023-03-24 11:42:04,CUST_08496,individual,web_form,billing,performance,low,on_hold,standard,Queries in the billing module are timing out.,We understand performance issues can be frustrating. We will look into this and get back to you within the next 48 hours.,,,0,neutral,0,0,web,
TCKT_019924,2023-03-23 21:57:09,CUST_02392,non_profit,phone_transcript,mobile_app,security_concern,high,resolved,gold,I noticed a suspicious login on my account.,We take security very seriously. We are prioritizing this and will update you as soon as possible.,"Investigated logs, mitigated the issue, and updated security settings.",18.71,0,positive,0,0,desktop_app,LATAM
TCKT_019927,2023-03-12 01:55:42,CUST_01852,education,phone_transcript,login_auth,bug,medium,closed_no_action,gold,I am seeing an error message when I click on login auth.,Thanks for reporting this bug. Our team is reviewing this and will follow up within 24 hours.,Ticket closed without further action after no response from the customer.,59.16,0,neutral,3,0,desktop_app,APAC
TCKT_019970,2023-03-04 12:49:16,CUST_08350,individual,email,api_integration,bug,medium,open,standard,The page keeps crashing whenever I try to open the api integration section.,Thanks for reporting this bug. Our team is reviewing this and will follow up within 24 hours.,,,0,positive,5,0,web,
TCKT_019985,2023-03-19 11:07:58,CUST_00077,enterprise,phone_transcript,login_auth,other,medium,resolved,gold,I have a general question about my account.,Thanks for contacting support. Our team is reviewing this and will follow up within 24 hours.,Provided general guidance and confirmed the issue was resolved.,39.51,0,neutral,0,0,web,MEA
TCKT_020082,2023-03-12 17:47:50,CUST_08936,non_profit,web_form,billing,account_access,high,in_progress,gold,My account was locked after multiple failed login attempts.,Sorry to hear you're having trouble accessing your account. We are prioritizing this and will update you as soon as possible.,,,0,negative,0,0,desktop_app,LATAM
TCKT_020121,2023-03-16 01:04:26,CUST_07032,individual,web_form,notifications,performance,low,on_hold,standard,Overall performance has degraded in the last few days.,We understand performance issues can be frustrating. We will look into this and get back to you within the next 48 hours.,,,0,very_positive,5,0,web,MEA
TCKT_020153,2023-03-14 08:09:38,CUST_08080,small_business,email,notifications,other,low,closed_no_action,standard,"Something seems off, can you please check my workspace?",Thanks for contacting support. We will look into this and get back to you within the next 48 hours.,Ticket closed without further action after no response from the customer.,62.81,0,neutral,4,0,android,LATAM
TCKT_020282,2023-03-27 06:55:55,CUST_05481,non_profit,in_app,api_integration,other,low,in_progress,gold,I have a general question about my account.,Thanks for contacting support. We will look into this and get back to you within the next 48 hours.,,,0,negative,2,0,api_client,
TCKT_020311,2023-03-23 00:58:16,CUST_09354,enterprise,in_app,notifications,performance,high,resolved,standard,Queries in the notifications module are timing out.,We understand performance issues can be frustrating. We are prioritizing this and will update you as soon as possible.,Optimized queries and increased resource allocation.,17.82,0,neutral,3,0,api_client,APAC
TCKT_020382,2023-03-23 19:24:38,CUST_01080,small_business,phone_transcript,billing,feature_request,medium,on_hold,gold,It would be great to have billing support in your product.,Thanks for your feature suggestion. Our team is reviewing this and will follow up within 24 hours.,,,0,positive,5,1,api_client,
TCKT_020538,2023-03-20 17:19:57,CUST_01978,enterprise,in_app,billing,how_to,high,closed_no_action,gold,I need help setting up billing for my team.,Happy to help with your question. We are prioritizing this and will update you as soon as possible.,Ticket closed without further action after no response from the customer.,70.77,0,negative,3,0,web,APAC
TCKT_020602,2023-03-05 20:17:14,CUST_04774,small_business,chat,notifications,how_to,high,resolved,standard,I need help setting up notifications for my team.,Happy to help with your question. We are prioritizing this and will update you as soon as possible.,Provided step-by-step instructions and relevant documentation.,15.34,0,neutral,3,0,web,MEA
TCKT_020612,2023-03-03 19:34:44,CUST_06168,individual,chat,login_auth,billing_problem,medium,in_progress,standard,I downgraded my plan but I am still being billed for the higher tier.,Thanks for reaching out about the billing issue. Our team is reviewing this and will follow up within 24 hours.,,,0,very_negative,1,1,android,
TCKT_020628,2023-03-28 10:47:36,CUST_06167,non_profit,chat,notifications,other,medium,open,standard,"Something seems off, can you please check my workspace?",Thanks for contacting support. Our team is reviewing this and will follow up within 24 hours.,,,0,neutral,4,0,android,LATAM
TCKT_020633,2023-03-02 12:38:26,CUST_06231,individual,phone_transcript,api_integration,how_to,medium,resolved,gold,How can I export my data from the api integration section?,Happy to help with your question. Our team is reviewing this and will follow up within 24 hours.,Provided step-by-step instructions and relevant documentation.,41.55,0,neutral,0,0,desktop_app,MEA
TCKT_020712,2023-03-13 20:33:26,CUST_03753,education,email,login_auth,other,medium,resolved,gold,I need help but I'm not sure which category this fits in.,Thanks for contacting support. Our team is reviewing this and will follow up within 24 hours.,Provided general guidance and confirmed the issue was resolved.,6.98,0,neutral,3,1,desktop_app,EU
TCKT_020722,2023-03-22 13:36:41,CUST_09394,education,phone_transcript,api_integration,account_access,high,resolved,standard,My account was locked after multiple failed login attempts.,Sorry to hear you're having trouble accessing your account. We are prioritizing this and will update you as soon as possible.,Reset account credentials and confirmed successful login.,22.27,0,negative,0,1,web,LATAM
TCKT_020732,2023-03-06 16:51:45,CUST_08098,education,email,mobile_app,security_concern,low,resolved,gold,There seems to be a vulnerability in the mobile app functionality.,We take security very seriously. We will look into this and get back to you within the next 48 hours.,"Investigated logs, mitigated the issue, and updated security settings.",10.5,0,very_negative,2,1,api_client,APAC
TCKT_020801,2023-03-22 06:00:07,CUST_01557,small_business,chat,api_integration,billing_problem,high,resolved,standard,I downgraded my plan but I am still being billed for the higher tier.,Thanks for reaching out about the billing issue. We are prioritizing this and will update you as soon as possible.,Adjusted the invoice and issued a refund where applicable.,6.04,0,very_negative,2,0,android,
TCKT_020862,2023-03-11 14:08:14,CUST_04125,individual,phone_transcript,data_export,performance,medium,resolved,standard,The data export page is very slow and takes a long time to load.,We understand performance issues can be frustrating. Our team is reviewing this and will follow up within 24 hours.,Optimized queries and increased resource allocation.,7.74,0,very_negative,2,0,android,APAC
TCKT_020895,2023-03-08 04:30:45,CUST_06818,individual,in_app,api_integration,security_concern,low,resolved,standard,There seems to be a vulnerability in the api integration functionality.,We take security very seriously. We will look into this and get back to you within the next 48 hours.,"Investigated logs, mitigated the issue, and updated security settings.",15.61,0,negative,3,0,web,LATAM
TCKT_020926,2023-03-04 04:50:09,CUST_09693,non_profit,in_app,analytics_dashboard,bug,high,resolved,standard,The analytics dashboard feature is not saving my changes.,Thanks for reporting this bug. We are prioritizing this and will update you as soon as possible.,Patched the bug and deployed a fix to production.,8.42,0,neutral,0,1,api_client,
TCKT_020934,2023-03-26 15:27:56,CUST_05011,small_business,phone_transcript,data_export,other,low,resolved,standard,"Something seems off, can you please check my workspace?",Thanks for contacting support. We will look into this and get back to you within the next 48 hours.,Provided general guidance and confirmed the issue was resolved.,64.34,0,positive,4,1,desktop_app,LATAM
TCKT_021032,2023-03-03 07:43:35,CUST_09768,non_profit,email,billing,performance,medium,resolved,standard,Queries in the billing module are timing out.,We understand performance issues can be frustrating. Our team is reviewing this and will follow up within 24 hours.,Optimized queries and increased resource allocation.,8.54,0,negative,3,0,api_client,
TCKT_021043,2023-03-29 23:57:11,CUST_06199,education,phone_transcript,notifications,feature_request,high,in_progress,gold,It would be great to have notifications support in your product.,Thanks for your feature suggestion. We are prioritizing this and will update you as soon as possible.,,,0,neutral,3,1,web,LATAM
TCKT_021106,2023-03-04 12:08:19,CUST_04348,education,web_form,notifications,account_access,low,resolved,gold,My account was locked after multiple failed login attempts.,Sorry to hear you're having trouble accessing your account. We will look into this and get back to you within the next 48 hours.,Reset account credentials and confirmed successful login.,19.28,0,very_negative,2,0,ios,LATAM
TCKT_021164,2023-03-06 16:00:45,CUST_02160,non_profit,in_app,api_integration,performance,medium,resolved,standard,The api integration page is very slow and takes a long time to load.,We understand performance issues can be frustrating. Our team is reviewing this and will follow up within 24 hours.,Optimized queries and increased resource allocation.,28.78,0,negative,0,1,api_client,
TCKT_021194,2023-03-30 03:33:49,CUST_02294,small_business,in_app,login_auth,billing_problem,high,in_progress,standard,My invoice amount is incorrect compared to the plan I selected.,Thanks for reaching out about the billing issue. We are prioritizing this and will update you as soon as possible.,,,0,very_negative,1,0,web,APAC
TCKT_021275,2023-03-19 15:34:40,CUST_05609,enterprise,phone_transcript,api_integration,billing_problem,urgent,in_progress,standard,My invoice amount is incorrect compared to the plan I selected.,Thanks for reaching out about the billing issue. This has been escalated to our on-call team for immediate attention.,,,0,negative,3,1,ios,
TCKT_021292,2023-03-28 20:30:14,CUST_00240,enterprise,phone_transcript,data_export,account_access,high,resolved,standard,My account was locked after multiple failed login attempts.,Sorry to hear you're having trouble accessing your account. We are prioritizing this and will update you as soon as possible.,Reset account credentials and confirmed successful login.,8.77,0,positive,4,0,desktop_app,
TCKT_021343,2023-03-14 15:06:14,CUST_08251,individual,chat,billing,billing_problem,high,resolved,gold,I was charged twice for my subscription this month.,Thanks for reaching out about the billing issue. We are prioritizing this and will update you as soon as possible.,Adjusted the invoice and issued a refund where applicable.,5.14,0,negative,0,0,api_client,EU
TCKT_021574,2023-03-15 14:01:13,CUST_01856,enterprise,phone_transcript,api_integration,other,urgent,resolved,standard,I need help but I'm not sure which category this fits in.,Thanks for contacting support. This has been escalated to our on-call team for immediate attention.,Provided general guidance and confirmed the issue was resolved.,0.18,0,very_positive,0,1,web,LATAM
TCKT_021649,2023-03-26 03:38:43,CUST_09389,small_business,email,analytics_dashboard,security_concern,low,resolved,gold,I noticed a suspicious login on my account.,We take security very seriously. We will look into this and get back to you within the next 48 hours.,"Investigated logs, mitigated the issue, and updated security settings.",46.5,1,negative,0,0,android,LATAM
TCKT_021698,2023-03-02 18:09:56,CUST_03455,non_profit,in_app,api_integration,performance,high,resolved,platinum,Queries in the api integration module are timing out.,We understand performance issues can be frustrating. We are prioritizing this and will update you as soon as possible.,Optimized queries and increased resource allocation.,9.63,0,neutral,4,0,desktop_app,EU
TCKT_021920,2023-03-22 05:29:16,CUST_00438,small_business,phone_transcript,login_auth,bug,medium,closed_no_action,standard,The page keeps crashing whenever I try to open the login auth section.,Thanks for reporting this bug. Our team is reviewing this and will follow up within 24 hours.,Ticket closed without further action after no response from the customer.,189.64,0,negative,2,0,android,EU
TCKT_021967,2023-03-24 12:20:04,CUST_04545,small_business,web_form,api_integration,performance,low,closed_no_action,standard,Overall performance has degraded in the last few days.,We understand performance issues can be frustrating. We will look into this and get back to you within the next 48 hours.,Ticket closed without further action after no response from the customer.,62.11,0,positive,4,0,web,APAC
TCKT_022101,2023-03-31 22:46:42,CUST_05411,small_business,in_app,login_auth,feature_request,medium,resolved,standard,It would be great to have login auth support in your product.,Thanks for your feature suggestion. Our team is reviewing this and will follow up within 24 hours.,Captured the request and added it to the product backlog.,31.18,0,neutral,0,0,android,LATAM
TCKT_022122,2023-03-02 08:48:28,CUST_04332,education,phone_transcript,billing,other,low,in_progress,standard,"Something seems off, can you please check my workspace?",Thanks for contacting support. We will look into this and get back to you within the next 48 hours.,,,0,negative,0,0,desktop_app,MEA
TCKT_022127,2023-03-24 00:16:01,CUST_03649,individual,web_form,mobile_app,how_to,low,resolved,gold,How can I export my data from the mobile app section?,Happy to help with your question. We will look into this and get back to you within the next 48 hours.,Provided step-by-step instructions and relevant documentation.,25.93,0,neutral,3,1,desktop_app,EU
TCKT_022171,2023-03-07 16:28:36,CUST_01151,non_profit,email,login_auth,other,medium,on_hold,gold,I need help but I'm not sure which category this fits in.,Thanks for contacting support. Our team is reviewing this and will follow up within 24 hours.,,,0,positive,5,0,api_client,APAC
TCKT_022211,2023-03-22 11:02:21,CUST_07059,education,in_app,billing,other,low,resolved,gold,I need help but I'm not sure which category this fits in.,Thanks for contacting support. We will look into this and get back to you within the next 48 hours.,Provided general guidance and confirmed the issue was resolved.,18.76,0,very_negative,2,0,web,EU
TCKT_022236,2023-03-07 17:19:46,CUST_03794,small_business,web_form,billing,account_access,low,resolved,standard,I cannot log in; the system says my password is incorrect.,Sorry to hear you're having trouble accessing your account. We will look into this and get back to you within the next 48 hours.,Reset account credentials and confirmed successful login.,26.82,0,neutral,3,1,desktop_app,MEA
TCKT_022306,2023-03-25 06:06:04,CUST_06203,individual,in_app,login_auth,how_to,high,resolved,standard,How can I export my data from the login auth section?,Happy to help with your question. We are prioritizing this and will update you as soon as possible.,Provided step-by-step instructions and relevant documentation.,10.13,0,very_positive,5,1,desktop_app,EU
TCKT_022318,2023-03-20 17:49:27,CUST_04602,small_business,chat,login_auth,other,low,resolved,standard,I have a general question about my account.,Thanks for contacting support. We will look into this and get back to you within the next 48 hours.,Provided general guidance and confirmed the issue was resolved.,60.75,0,negative,2,1,web,
TCKT_022324,2023-03-03 11:59:12,CUST_06636,education,web_form,api_integration,how_to,low,resolved,gold,How can I export my data from the api integration section?,Happy to help with your question. We will look into this and get back to you within the next 48 hours.,Provided step-by-step instructions and relevant documentation.,12.4,0,neutral,3,1,web,MEA
TCKT_022329,2023-03-25 15:46:21,CUST_03862,individual,in_app,billing,account_access,high,closed_no_action,standard,My 2FA code is not working when I try to sign in.,Sorry to hear you're having trouble accessing your account. We are prioritizing this and will update you as soon as possible.,Ticket closed without further action after no response from the customer.,204.57,0,very_negative,0,0,desktop_app,LATAM
TCKT_022349,2023-03-02 11:12:01,CUST_01773,non_profit,web_form,api_integration,other,medium,resolved,standard,"Something seems off, can you please check my workspace?",Thanks for contacting support. Our team is reviewing this and will follow up within 24 hours.,Provided general guidance and confirmed the issue was resolved.,31.23,0,neutral,4,0,ios,MEA
TCKT_022378,2023-03-13 18:28:23,CUST_07266,enterprise,email,billing,account_access,low,resolved,standard,I cannot log in; the system says my password is incorrect.,Sorry to hear you're having trouble accessing your account. We will look into this and get back to you within the next 48 hours.,Reset account credentials and confirmed successful login.,14.57,0,negative,0,0,web,MEA
TCKT_022382,2023-03-22 08:46:37,CUST_06130,small_business,chat,data_export,billing_problem,medium,closed_no_action,standard,I downgraded my plan but I am still being billed for the higher tier.,Thanks for reaching out about the billing issue. Our team is reviewing this and will follow up within 24 hours.,Ticket closed without further action after no response from the customer.,174.2,1,negative,2,1,web,LATAM
TCKT_022437,2023-03-11 12:18:44,CUST_02915,individual,web_form,analytics_dashboard,account_access,medium,resolved,standard,My 2FA code is not working when I try to sign in.,Sorry to hear you're having trouble accessing your account. Our team is reviewing this and will follow up within 24 hours.,Reset account credentials and confirmed successful login.,13.16,0,positive,4,0,web,APAC
TCKT_022551,2023-03-18 00:39:49,CUST_08604,small_business,phone_transcript,billing,account_access,medium,resolved,gold,My 2FA code is not working when I try to sign in.,Sorry to hear you're having trouble accessing your account. Our team is reviewing this and will follow up within 24 hours.,Reset account credentials and confirmed successful login.,34.17,0,positive,4,1,api_client,MEA
TCKT_022557,2023-03-10 14:03:44,CUST_09477,enterprise,web_form,mobile_app,security_concern,low,closed_no_action,gold,I noticed a suspicious login on my account.,We take security very seriously. We will look into this and get back to you within the next 48 hours.,Ticket closed without further action after no response from the customer.,105.29,0,negative,2,1,desktop_app,
TCKT_022594,2023-03-27 16:47:35,CUST_06675,education,chat,api_integration,bug,medium,resolved,standard,I am seeing an error message when I click on api integration.,Thanks for reporting this bug. Our team is reviewing this and will follow up within 24 hours.,Patched the bug and deployed a fix to production.,25.52,0,very_negative,0,0,web,LATAM
TCKT_022637,2023-03-29 06:52:47,CUST_08136,education,email,login_auth,feature_request,urgent,in_progress,standard,Our team needs more advanced options for login auth.,Thanks for your feature suggestion. This has been escalated to our on-call team for immediate attention.,,,0,very_negative,1,0,desktop_app,
TCKT_022658,2023-03-20 21:00:00,CUST_06805,enterprise,in_app,analytics_dashboard,performance,low,closed_no_action,standard,Overall performance has degraded in the last few days.,We understand performance issues can be frustrating. We will look into this and get back to you within the next 48 hours.,Ticket closed without further action after no response from the customer.,106.96,0,very_negative,2,1,desktop_app,APAC
TCKT_022678,2023-03-06 22:28:06,CUST_06799,education,in_app,api_integration,bug,medium,in_progress,standard,I am seeing an error message when I click on api integration.,Thanks for reporting this bug. Our team is reviewing this and will follow up within 24 hours.,,,0,very_negative,1,0,desktop_app,LATAM
TCKT_022691,2023-03-28 08:23:20,CUST_02917,enterprise,chat,analytics_dashboard,bug,urgent,resolved,standard,I am seeing an error message when I click on analytics dashboard.,Thanks for reporting this bug. This has been escalated to our on-call team for immediate attention.,Patched the bug and deployed a fix to production.,0.45,1,very_negative,1,1,web,LATAM
TCKT_022696,2023-03-19 14:51:15,CUST_05873,education,email,analytics_dashboard,account_access,medium,resolved,standard,I cannot log in; the system says my password is incorrect.,Sorry to hear you're having trouble accessing your account. Our team is reviewing this and will follow up within 24 hours.,Reset account credentials and confirmed successful login.,38.31,0,very_negative,2,0,android,APAC
TCKT_022701,2023-03-21 22:44:42,CUST_00035,non_profit,phone_transcript,billing,bug,high,closed_no_action,standard,I am seeing an error message when I click on billing.,Thanks for reporting this bug. We are prioritizing this and will update you as soon as possible.,Ticket closed without further action after no response from the customer.,136.0,0,very_negative,2,0,android,
TCKT_022764,2023-03-28 11:42:05,CUST_09001,enterprise,email,login_auth,performance,low,closed_no_action,standard,The login auth page is very slow and takes a long time to load.,We understand performance issues can be frustrating. We will look into this and get back to you within the next 48 hours.,Ticket closed without further action after no response from the customer.,226.49,0,neutral,3,1,web,APAC
TCKT_022813,2023-03-29 07:54:39,CUST_02413,education,email,mobile_app,feature_request,high,closed_no_action,standard,It would be great to have mobile app support in your product.,Thanks for your feature suggestion. We are prioritizing this and will update you as soon as possible.,Ticket closed without further action after no response from the customer.,64.78,0,neutral,3,1,ios,LATAM
TCKT_022823,2023-03-15 06:38:51,CUST_00176,enterprise,phone_transcript,api_integration,bug,medium,on_hold,standard,The api integration feature is not saving my changes.,Thanks for reporting this bug. Our team is reviewing this and will follow up within 24 hours.,,,0,neutral,0,0,api_client,LATAM
TCKT_022884,2023-03-27 23:40:41,CUST_03520,education,phone_transcript,data_export,feature_request,low,in_progress,gold,It would be great to have data export support in your product.,Thanks for your feature suggestion. We will look into this and get back to you within the next 48 hours.,,,1,neutral,3,0,api_client,EU
TCKT_022969,2023-03-23 11:13:36,CUST_01900,small_business,in_app,notifications,security_concern,low,closed_no_action,gold,I noticed a suspicious login on my account.,We take security very seriously. We will look into this and get back to you within the next 48 hours.,Ticket closed without further action after no response from the customer.,161.73,0,positive,5,0,api_client,
TCKT_022999,2023-03-31 01:51:48,CUST_04106,enterprise,in_app,login_auth,feature_request,low,resolved,gold,It would be great to have login auth support in your product.,Thanks for your feature suggestion. We will look into this and get back to you within the next 48 hours.,Captured the request and added it to the product backlog.,55.32,0,negative,3,0,web,EU
TCKT_023009,2023-03-20 18:53:49,CUST_05165,small_business,web_form,login_auth,bug,low,open,standard,I am seeing an error message when I click on login auth.,Thanks for reporting this bug. We will look into this and get back to you within the next 48 hours.,,,0,very_negative,1,0,api_client,MEA
TCKT_023078,2023-03-16 01:12:45,CUST_00144,non_profit,phone_transcript,api_integration,security_concern,high,resolved,standard,There seems to be a vulnerability in the api integration functionality.,We take security very seriously. We are prioritizing this and will update you as soon as possible.,"Investigated logs, mitigated the issue, and updated security settings.",17.23,0,neutral,0,1,ios,LATAM
TCKT_023180,2023-03-27 10:02:36,CUST_02739,individual,email,billing,security_concern,low,resolved,gold,There seems to be a vulnerability in the billing functionality.,We take security very seriously. We will look into this and get back to you within the next 48 hours.,"Investigated logs, mitigated the issue, and updated security settings.",68.32,0,very_negative,1,0,desktop_app,MEA
TCKT_023301,2023-03-13 00:06:24,CUST_01500,individual,chat,mobile_app,bug,low,resolved,standard,I am seeing an error message when I click on mobile app.,Thanks for reporting this bug. We will look into this and get back to you within the next 48 hours.,Patched the bug and deployed a fix to production.,70.92,0,positive,5,0,desktop_app,MEA
TCKT_023408,2023-03-06 13:47:32,CUST_06614,non_profit,in_app,analytics_dashboard,how_to,low,resolved,standard,How can I export my data from the analytics dashboard section?,Happy to help with your question. We will look into this and get back to you within the next 48 hours.,Provided step-by-step instructions and relevant documentation.,55.23,0,very_positive,5,0,desktop_app,MEA
TCKT_023460,2023-03-12 12:47:57,CUST_01002,non_profit,in_app,api_integration,security_concern,low,in_progress,standard,I noticed a suspicious login on my account.,We take security very seriously. We will look into this and get back to you within the next 48 hours.,,,0,negative,3,1,web,EU
TCKT_023499,2023-03-25 16:34:30,CUST_03567,small_business,chat,api_integration,billing_problem,low,in_progress,standard,I was charged twice for my subscription this month.,Thanks for reaching out about the billing issue. We will look into this and get back to you within the next 48 hours.,,,0,positive,4,0,web,MEA
TCKT_023547,2023-03-10 06:12:42,CUST_07645,education,phone_transcript,mobile_app,other,medium,open,standard,"Something seems off, can you please check my workspace?",Thanks for contacting support. Our team is reviewing this and will follow up within 24 hours.,,,0,neutral,3,0,web,
TCKT_023569,2023-03-07 03:33:05,CUST_08833,non_profit,phone_transcript,login_auth,billing_problem,urgent,resolved,gold,I downgraded my plan but I am still being billed for the higher tier.,Thanks for reaching out about the billing issue. This has been escalated to our on-call team for immediate attention.,Adjusted the invoice and issued a refund where applicable.,5.78,0,neutral,4,0,web,
TCKT_023709,2023-03-05 06:12:25,CUST_05486,education,web_form,billing,performance,low,in_progress,standard,Overall performance has degraded in the last few days.,We understand performance issues can be frustrating. We will look into this and get back to you within the next 48 hours.,,,0,neutral,4,0,desktop_app,
TCKT_023758,2023-03-09 11:34:52,CUST_02422,small_business,email,login_auth,performance,low,on_hold,gold,Overall performance has degraded in the last few days.,We understand performance issues can be frustrating. We will look into this and get back to you within the next 48 hours.,,,0,negative,2,0,android,EU
TCKT_023813,2023-03-16 00:17:48,CUST_03231,education,email,notifications,performance,medium,resolved,gold,The notifications page is very slow and takes a long time to load.,We understand performance issues can be frustrating. Our team is reviewing this and will follow up within 24 hours.,Optimized queries and increased resource allocation.,29.57,0,very_negative,2,0,web,MEA
TCKT_023831,2023-03-07 07:10:28,CUST_07155,individual,web_form,notifications,how_to,low,on_hold,standard,How can I export my data from the notifications section?,Happy to help with your question. We will look into this and get back to you within the next 48 hours.,,,0,neutral,4,1,android,
TCKT_023911,2023-03-25 10:03:51,CUST_09034,enterprise,email,login_auth,bug,high,on_hold,platinum,I am seeing an error message when I click on login auth.,Thanks for reporting this bug. We are prioritizing this and will update you as soon as possible.,,,0,negative,2,0,api_client,EU
TCKT_024000,2023-03-02 00:22:32,CUST_07499,education,phone_transcript,analytics_dashboard,other,low,in_progress,standard,"Something seems off, can you please check my workspace?",Thanks for contacting support. We will look into this and get back to you within the next 48 hours.,,,0,neutral,3,0,desktop_app,APAC
TCKT_024139,2023-03-12 02:11:55,CUST_04508,education,chat,notifications,performance,urgent,resolved,platinum,The notifications page is very slow and takes a long time to load.,We understand performance issues can be frustrating. This has been escalated to our on-call team for immediate attention.,Optimized queries and increased resource allocation.,4.03,0,positive,5,0,ios,LATAM
TCKT_024141,2023-03-02 06:22:51,CUST_02333,non_profit,phone_transcript,mobile_app,how_to,low,resolved,gold,Can you explain how to configure mobile app properly?,Happy to help with your question. We will look into this and get back to you within the next 48 hours.,Provided step-by-step instructions and relevant documentation.,54.15,0,neutral,3,0,ios,
TCKT_024150,2023-03-12 00:45:28,CUST_09511,non_profit,chat,data_export,other,medium,in_progress,gold,I need help but I'm not sure which category this fits in.,Thanks for contacting support. Our team is reviewing this and will follow up within 24 hours.,,,0,very_negative,2,1,web,MEA
TCKT_024166,2023-03-08 21:46:32,CUST_05637,education,web_form,api_integration,performance,medium,resolved,standard,The api integration page is very slow and takes a long time to load.,We understand performance issues can be frustrating. Our team is reviewing this and will follow up within 24 hours.,Optimized queries and increased resource allocation.,28.93,0,neutral,4,0,desktop_app,APAC
TCKT_024219,2023-03-09 20:42:28,CUST_09939,enterprise,web_form,data_export,billing_problem,medium,resolved,standard,I downgraded my plan but I am still being billed for the higher tier.,Thanks for reaching out about the billing issue. Our team is reviewing this and will follow up within 24 hours.,Adjusted the invoice and issued a refund where applicable.,35.6,0,neutral,3,1,ios,APAC
TCKT_024239,2023-03-28 20:10:29,CUST_02037,small_business,chat,login_auth,billing_problem,medium,resolved,platinum,My invoice amount is incorrect compared to the plan I selected.,Thanks for reaching out about the billing issue. Our team is reviewing this and will follow up within 24 hours.,Adjusted the invoice and issued a refund where applicable.,44.0,0,neutral,4,0,web,APAC
TCKT_024420,2023-03-05 14:51:08,CUST_08777,enterprise,phone_transcript,notifications,feature_request,medium,in_progress,standard,It would be great to have notifications support in your product.,Thanks for your feature suggestion. Our team is reviewing this and will follow up within 24 hours.,,,0,neutral,0,0,desktop_app,
TCKT_024438,2023-03-29 17:25:34,CUST_09809,small_business,phone_transcript,data_export,other,low,closed_no_action,standard,I need help but I'm not sure which category this fits in.,Thanks for contacting support. We will look into this and get back to you within the next 48 hours.,Ticket closed without further action after no response from the customer.,146.81,0,neutral,0,1,android,
TCKT_024493,2023-03-07 15:36:47,CUST_03687,individual,chat,analytics_dashboard,other,medium,resolved,standard,I have a general question about my account.,Thanks for contacting support. Our team is reviewing this and will follow up within 24 hours.,Provided general guidance and confirmed the issue was resolved.,35.73,0,neutral,3,0,api_client,APAC
TCKT_024575,2023-03-18 00:51:37,CUST_06067,individual,phone_transcript,mobile_app,account_access,urgent,closed_no_action,gold,I cannot log in; the system says my password is incorrect.,Sorry to hear you're having trouble accessing your account. This has been escalated to our on-call team for immediate attention.,Ticket closed without further action after no response from the customer.,66.25,0,positive,4,0,web,MEA
TCKT_024576,2023-03-07 13:51:42,CUST_01288,small_business,in_app,data_export,how_to,low,resolved,standard,I need help setting up data export for my team.,Happy to help with your question. We will look into this and get back to you within the next 48 hours.,Provided step-by-step instructions and relevant documentation.,43.45,0,neutral,3,1,ios,LATAM
TCKT_024591,2023-03-07 07:17:19,CUST_07079,individual,chat,data_export,how_to,high,in_progress,standard,Can you explain how to configure data export properly?,Happy to help with your question. We are prioritizing this and will update you as soon as possible.,,,0,negative,3,1,desktop_app,APAC
TCKT_024598,2023-03-07 15:22:31,CUST_02746,individual,email,api_integration,feature_request,high,resolved,gold,Can you add an option to customize api integration?,Thanks for your feature suggestion. We are prioritizing this and will update you as soon as possible.,Captured the request and added it to the product backlog.,4.0,0,neutral,4,0,api_client,APAC
TCKT_024643,2023-03-12 18:57:02,CUST_02059,small_business,chat,login_auth,how_to,high,resolved,platinum,How can I export my data from the login auth section?,Happy to help with your question. We are prioritizing this and will update you as soon as possible.,Provided step-by-step instructions and relevant documentation.,13.96,0,positive,4,0,api_client,MEA
TCKT_024681,2023-03-30 23:34:40,CUST_06763,enterprise,in_app,billing,security_concern,low,open,standard,There seems to be a vulnerability in the billing functionality.,We take security very seriously. We will look into this and get back to you within the next 48 hours.,,,0,very_negative,1,0,ios,APAC
TCKT_024682,2023-03-20 18:53:27,CUST_06639,enterprise,in_app,billing,security_concern,urgent,in_progress,standard,I noticed a suspicious login on my account.,We take security very seriously. This has been escalated to our on-call team for immediate attention.,,,0,neutral,0,0,android,APAC
TCKT_024691,2023-03-11 14:30:23,CUST_08791,education,chat,login_auth,billing_problem,medium,in_progress,standard,I downgraded my plan but I am still being billed for the higher tier.,Thanks for reaching out about the billing issue. Our team is reviewing this and will follow up within 24 hours.,,,0,very_negative,0,1,api_client,
TCKT_024793,2023-03-30 00:38:07,CUST_03559,enterprise,email,analytics_dashboard,security_concern,medium,resolved,standard,We need details about your data encryption and compliance.,We take security very seriously. Our team is reviewing this and will follow up within 24 hours.,"Investigated logs, mitigated the issue, and updated security settings.",35.69,0,neutral,0,1,ios,MEA
TCKT_024917,2023-03-06 17:25:41,CUST_02464,enterprise,phone_transcript,api_integration,other,low,resolved,standard,I need help but I'm not sure which category this fits in.,Thanks for contacting support. We will look into this and get back to you within the next 48 hours.,Provided general guidance and confirmed the issue was resolved.,60.63,0,negative,3,0,web,APAC
TCKT_024940,2023-03-09 14:04:48,CUST_03856,small_business,phone_transcript,login_auth,billing_problem,high,resolved,standard,My invoice amount is incorrect compared to the plan I selected.,Thanks for reaching out about the billing issue. We are prioritizing this and will update you as soon as possible.,Adjusted the invoice and issued a refund where applicable.,13.25,0,positive,0,1,web,EU
TCKT_024958,2023-03-05 03:50:43,CUST_01103,enterprise,in_app,mobile_app,performance,medium,in_progress,standard,Overall performance has degraded in the last few days.,We understand performance issues can be frustrating. Our team is reviewing this and will follow up within 24 hours.,,,0,very_negative,2,0,ios,APAC
TCKT_024988,2023-03-10 06:43:01,CUST_06765,small_business,chat,analytics_dashboard,how_to,low,resolved,gold,How can I export my data from the analytics dashboard section?,Happy to help with your question. We will look into this and get back to you within the next 48 hours.,Provided step-by-step instructions and relevant documentation.,29.75,0,negative,2,0,web,EU
TCKT_025013,2023-03-29 06:04:13,CUST_02088,individual,chat,analytics_dashboard,account_access,low,resolved,standard,My account was locked after multiple failed login attempts.,Sorry to hear you're having trouble accessing your account. We will look into this and get back to you within the next 48 hours.,Reset account credentials and confirmed successful login.,69.28,0,neutral,4,0,desktop_app,
TCKT_025017,2023-03-18 21:48:39,CUST_01952,non_profit,in_app,analytics_dashboard,feature_request,low,resolved,standard,Our team needs more advanced options for analytics dashboard.,Thanks for your feature suggestion. We will look into this and get back to you within the next 48 hours.,Captured the request and added it to the product backlog.,8.72,0,neutral,0,0,android,EU
TCKT_025063,2023-03-23 18:40:45,CUST_00939,non_profit,phone_transcript,mobile_app,account_access,low,on_hold,standard,My 2FA code is not working when I try to sign in.,Sorry to hear you're having trouble accessing your account. We will look into this and get back to you within the next 48 hours.,,,0,very_negative,1,0,ios,
TCKT_025072,2023-03-26 08:23:35,CUST_09485,education,chat,billing,performance,low,on_hold,standard,Queries in the billing module are timing out.,We understand performance issues can be frustrating. We will look into this and get back to you within the next 48 hours.,,,0,very_negative,0,0,desktop_app,APAC
TCKT_025150,2023-03-17 10:05:09,CUST_01983,non_profit,web_form,api_integration,how_to,high,resolved,standard,Can you explain how to configure api integration properly?,Happy to help with your question. We are prioritizing this and will update you as soon as possible.,Provided step-by-step instructions and relevant documentation.,9.49,0,negative,3,0,ios,LATAM
TCKT_025180,2023-03-02 17:27:02,CUST_08287,enterprise,in_app,mobile_app,feature_request,urgent,closed_no_action,standard,Can you add an option to customize mobile app?,Thanks for your feature suggestion. This has been escalated to our on-call team for immediate attention.,Ticket closed without further action after no response from the customer.,181.74,0,very_positive,5,1,web,MEA
TCKT_025227,2023-03-04 19:13:43,CUST_07378,individual,in_app,notifications,account_access,medium,in_progress,standard,My 2FA code is not working when I try to sign in.,Sorry to hear you're having trouble accessing your account. Our team is reviewing this and will follow up within 24 hours.,,,0,neutral,4,0,android,APAC
TCKT_025232,2023-03-03 04:57:24,CUST_00641,education,chat,mobile_app,feature_request,high,resolved,standard,Our team needs more advanced options for mobile app.,Thanks for your feature suggestion. We are prioritizing this and will update you as soon as possible.,Captured the request and added it to the product backlog.,17.24,0,positive,0,0,api_client,
TCKT_025360,2023-03-11 14:00:23,CUST_02471,small_business,phone_transcript,mobile_app,feature_request,medium,in_progress,standard,Our team needs more advanced options for mobile app.,Thanks for your feature suggestion. Our team is reviewing this and will follow up within 24 hours.,,,0,neutral,0,0,ios,
TCKT_025363,2023-03-30 02:25:25,CUST_09351,education,phone_transcript,notifications,performance,medium,resolved,standard,Queries in the notifications module are timing out.,We understand performance issues can be frustrating. Our team is reviewing this and will follow up within 24 hours.,Optimized queries and increased resource allocation.,35.1,0,very_positive,5,0,android,LATAM
TCKT_025373,2023-03-28 17:40:27,CUST_03195,non_profit,email,api_integration,bug,low,resolved,platinum,The page keeps crashing whenever I try to open the api integration section.,Thanks for reporting this bug. We will look into this and get back to you within the next 48 hours.,Patched the bug and deployed a fix to production.,24.18,0,neutral,4,0,web,
TCKT_025512,2023-03-05 17:48:51,CUST_03807,enterprise,email,mobile_app,performance,high,resolved,standard,Queries in the mobile app module are timing out.,We understand performance issues can be frustrating. We are prioritizing this and will update you as soon as possible.,Optimized queries and increased resource allocation.,1.55,0,very_positive,5,0,api_client,EU
TCKT_025556,2023-03-05 19:50:57,CUST_08121,individual,email,notifications,feature_request,medium,open,standard,It would be great to have notifications support in your product.,Thanks for your feature suggestion. Our team is reviewing this and will follow up within 24 hours.,,,0,negative,2,0,desktop_app,LATAM
TCKT_025592,2023-03-19 05:08:55,CUST_06813,enterprise,in_app,analytics_dashboard,billing_problem,high,resolved,gold,My invoice amount is incorrect compared to the plan I selected.,Thanks for reaching out about the billing issue. We are prioritizing this and will update you as soon as possible.,Adjusted the invoice and issued a refund where applicable.,16.79,0,neutral,4,1,ios,LATAM
TCKT_025626,2023-03-23 12:52:43,CUST_08576,education,chat,api_integration,security_concern,low,resolved,standard,There seems to be a vulnerability in the api integration functionality.,We take security very seriously. We will look into this and get back to you within the next 48 hours.,"Investigated logs, mitigated the issue, and updated security settings.",15.03,0,neutral,4,1,desktop_app,LATAM
TCKT_025781,2023-03-03 05:51:24,CUST_07254,non_profit,web_form,data_export,feature_request,low,resolved,standard,Our team needs more advanced options for data export.,Thanks for your feature suggestion. We will look into this and get back to you within the next 48 hours.,Captured the request and added it to the product backlog.,37.73,0,very_positive,5,0,ios,EU
TCKT_025782,2023-03-30 18:54:25,CUST_09809,enterprise,email,api_integration,performance,low,resolved,standard,The api integration page is very slow and takes a long time to load.,We understand performance issues can be frustrating. We will look into this and get back to you within the next 48 hours.,Optimized queries and increased resource allocation.,13.23,0,negative,2,1,android,LATAM
TCKT_025825,2023-03-06 16:41:12,CUST_04751,small_business,in_app,mobile_app,billing_problem,high,open,standard,My invoice amount is incorrect compared to the plan I selected.,Thanks for reaching out about the billing issue. We are prioritizing this and will update you as soon as possible.,,,0,neutral,0,1,web,LATAM
TCKT_025863,2023-03-26 22:13:39,CUST_04344,non_profit,phone_transcript,notifications,feature_request,low,resolved,gold,It would be great to have notifications support in your product.,Thanks for your feature suggestion. We will look into this and get back to you within the next 48 hours.,Captured the request and added it to the product backlog.,47.69,0,very_negative,0,0,ios,EU
TCKT_025883,2023-03-07 16:16:54,CUST_07905,non_profit,web_form,analytics_dashboard,bug,urgent,resolved,standard,The analytics dashboard feature is not saving my changes.,Thanks for reporting this bug. This has been escalated to our on-call team for immediate attention.,Patched the bug and deployed a fix to production.,0.64,0,neutral,4,0,desktop_app,LATAM
TCKT_025886,2023-03-28 16:00:38,CUST_08885,non_profit,in_app,billing,performance,medium,resolved,standard,The billing page is very slow and takes a long time to load.,We understand performance issues can be frustrating. Our team is reviewing this and will follow up within 24 hours.,Optimized queries and increased resource allocation.,13.09,0,neutral,3,0,api_client,LATAM
TCKT_025896,2023-03-03 23:44:07,CUST_00460,small_business,email,notifications,other,low,in_progress,standard,"Something seems off, can you please check my workspace?",Thanks for contacting support. We will look into this and get back to you within the next 48 hours.,,,0,negative,3,1,web,
TCKT_025945,2023-03-23 09:33:53,CUST_01135,non_profit,in_app,data_export,performance,high,open,standard,Queries in the data export module are timing out.,We understand performance issues can be frustrating. We are prioritizing this and will update you as soon as possible.,,,0,negative,3,0,android,APAC
TCKT_025951,2023-03-27 08:36:42,CUST_00666,individual,email,notifications,bug,medium,resolved,standard,I am seeing an error message when I click on notifications.,Thanks for reporting this bug. Our team is reviewing this and will follow up within 24 hours.,Patched the bug and deployed a fix to production.,16.3,0,positive,0,0,desktop_app,LATAM
TCKT_026083,2023-03-21 01:12:51,CUST_00639,education,web_form,billing,security_concern,low,resolved,standard,I noticed a suspicious login on my account.,We take security very seriously. We will look into this and get back to you within the next 48 hours.,"Investigated logs, mitigated the issue, and updated security settings.",71.23,0,neutral,4,0,web,MEA
TCKT_026173,2023-03-08 20:08:12,CUST_08998,non_profit,web_form,analytics_dashboard,bug,low,resolved,standard,The page keeps crashing whenever I try to open the analytics dashboard section.,Thanks for reporting this bug. We will look into this and get back to you within the next 48 hours.,Patched the bug and deployed a fix to production.,40.84,0,neutral,0,0,web,EU
TCKT_026349,2023-03-24 23:19:10,CUST_06869,individual,phone_transcript,login_auth,billing_problem,high,resolved,standard,I downgraded my plan but I am still being billed for the higher tier.,Thanks for reaching out about the billing issue. We are prioritizing this and will update you as soon as possible.,Adjusted the invoice and issued a refund where applicable.,1.51,0,very_negative,1,0,android,EU
TCKT_026369,2023-03-14 19:56:26,CUST_07825,education,chat,notifications,security_concern,low,resolved,standard,We need details about your data encryption and compliance.,We take security very seriously. We will look into this and get back to you within the next 48 hours.,"Investigated logs, mitigated the issue, and updated security settings.",31.66,0,negative,3,1,api_client,LATAM
TCKT_026391,2023-03-27 07:34:28,CUST_04456,non_profit,chat,data_export,other,low,resolved,standard,"Something seems off, can you please check my workspace?",Thanks for contacting support. We will look into this and get back to you within the next 48 hours.,Provided general guidance and confirmed the issue was resolved.,13.68,0,very_negative,2,1,android,APAC
TCKT_026394,2023-03-31 12:09:10,CUST_08566,enterprise,email,analytics_dashboard,performance,medium,closed_no_action,standard,Overall performance has degraded in the last few days.,We understand performance issues can be frustrating. Our team is reviewing this and will follow up within 24 hours.,Ticket closed without further action after no response from the customer.,192.13,0,very_positive,0,0,web,EU
TCKT_026451,2023-03-05 13:18:05,CUST_08919,enterprise,web_form,mobile_app,other,medium,in_progress,standard,"Something seems off, can you please check my workspace?",Thanks for contacting support. Our team is reviewing this and will follow up within 24 hours.,,,0,neutral,4,0,ios,EU
TCKT_026519,2023-03-15 09:47:22,CUST_09677,individual,web_form,mobile_app,how_to,medium,in_progress,platinum,How can I export my data from the mobile app section?,Happy to help with your question. Our team is reviewing this and will follow up within 24 hours.,,,0,negative,2,0,api_client,MEA
TCKT_026573,2023-03-25 09:26:14,CUST_00889,enterprise,chat,analytics_dashboard,performance,low,open,standard,Overall performance has degraded in the last few days.,We understand performance issues can be frustrating. We will look into this and get back to you within the next 48 hours.,,,1,positive,4,1,web,EU
TCKT_026577,2023-03-03 17:27:51,CUST_09215,small_business,web_form,notifications,billing_problem,medium,closed_no_action,gold,I downgraded my plan but I am still being billed for the higher tier.,Thanks for reaching out about the billing issue. Our team is reviewing this and will follow up within 24 hours.,Ticket closed without further action after no response from the customer.,92.95,0,negative,3,0,ios,MEA
TCKT_026680,2023-03-29 22:18:02,CUST_01940,enterprise,phone_transcript,billing,performance,low,resolved,standard,Queries in the billing module are timing out.,We understand performance issues can be frustrating. We will look into this and get back to you within the next 48 hours.,Optimized queries and increased resource allocation.,50.26,0,negative,2,1,web,LATAM
TCKT_026683,2023-03-04 18:07:15,CUST_06678,education,email,login_auth,bug,medium,resolved,gold,The page keeps crashing whenever I try to open the login auth section.,Thanks for reporting this bug. Our team is reviewing this and will follow up within 24 hours.,Patched the bug and deployed a fix to production.,30.4,0,positive,0,0,ios,LATAM
TCKT_026725,2023-03-25 19:28:42,CUST_05239,education,phone_transcript,api_integration,billing_problem,low,in_progress,gold,I downgraded my plan but I am still being billed for the higher tier.,Thanks for reaching out about the billing issue. We will look into this and get back to you within the next 48 hours.,,,1,positive,4,0,ios,LATAM
TCKT_026768,2023-03-06 22:07:36,CUST_01485,non_profit,email,api_integration,how_to,low,resolved,standard,How can I export my data from the api integration section?,Happy to help with your question. We will look into this and get back to you within the next 48 hours.,Provided step-by-step instructions and relevant documentation.,66.71,0,positive,0,0,desktop_app,EU
TCKT_026789,2023-03-12 20:44:34,CUST_04087,small_business,phone_transcript,billing,bug,low,resolved,standard,The billing feature is not saving my changes.,Thanks for reporting this bug. We will look into this and get back to you within the next 48 hours.,Patched the bug and deployed a fix to production.,13.38,0,positive,0,1,desktop_app,MEA
TCKT_026800,2023-03-01 23:51:49,CUST_09269,education,phone_transcript,billing,account_access,low,in_progress,standard,My 2FA code is not working when I try to sign in.,Sorry to hear you're having trouble accessing your account. We will look into this and get back to you within the next 48 hours.,,,0,very_positive,0,0,api_client,APAC
TCKT_026834,2023-03-25 21:45:26,CUST_08491,enterprise,chat,notifications,performance,medium,open,platinum,Queries in the notifications module are timing out.,We understand performance issues can be frustrating. Our team is reviewing this and will follow up within 24 hours.,,,0,neutral,3,1,api_client,
TCKT_026869,2023-03-03 12:35:37,CUST_09336,education,in_app,mobile_app,other,medium,resolved,gold,"Something seems off, can you please check my workspace?",Thanks for contacting support. Our team is reviewing this and will follow up within 24 hours.,Provided general guidance and confirmed the issue was resolved.,38.95,0,neutral,0,0,desktop_app,APAC
TCKT_026955,2023-03-25 15:37:39,CUST_09326,education,in_app,data_export,bug,low,in_progress,gold,The data export feature is not saving my changes.,Thanks for reporting this bug. We will look into this and get back to you within the next 48 hours.,,,0,neutral,3,0,desktop_app,APAC
TCKT_027161,2023-03-16 00:05:00,CUST_06752,individual,chat,api_integration,how_to,medium,resolved,standard,Can you explain how to configure api integration properly?,Happy to help with your question. Our team is reviewing this and will follow up within 24 hours.,Provided step-by-step instructions and relevant documentation.,27.21,0,neutral,4,1,desktop_app,
TCKT_027183,2023-03-16 20:39:31,CUST_00249,small_business,chat,api_integration,feature_request,low,in_progress,gold,It would be great to have api integration support in your product.,Thanks for your feature suggestion. We will look into this and get back to you within the next 48 hours.,,,0,negative,2,0,ios,LATAM
TCKT_027188,2023-03-11 14:06:45,CUST_01413,small_business,chat,api_integration,other,low,resolved,standard,I have a general question about my account.,Thanks for contacting support. We will look into this and get back to you within the next 48 hours.,Provided general guidance and confirmed the issue was resolved.,18.39,0,very_negative,1,1,desktop_app,EU
TCKT_027257,2023-03-30 17:40:57,CUST_08946,individual,web_form,notifications,other,low,closed_no_action,gold,I need help but I'm not sure which category this fits in.,Thanks for contacting support. We will look into this and get back to you within the next 48 hours.,Ticket closed without further action after no response from the customer.,147.88,0,neutral,3,1,web,APAC
TCKT_027435,2023-03-13 04:20:02,CUST_04936,enterprise,phone_transcript,analytics_dashboard,how_to,urgent,closed_no_action,gold,I need help setting up analytics dashboard for my team.,Happy to help with your question. This has been escalated to our on-call team for immediate attention.,Ticket closed without further action after no response from the customer.,37.75,0,positive,5,1,web,
TCKT_027447,2023-03-22 06:36:25,CUST_08433,individual,chat,notifications,account_access,low,in_progress,standard,I cannot log in; the system says my password is incorrect.,Sorry to hear you're having trouble accessing your account. We will look into this and get back to you within the next 48 hours.,,,0,negative,0,0,ios,
TCKT_027463,2023-03-04 09:00:17,CUST_01103,education,in_app,notifications,billing_problem,high,in_progress,standard,I was charged twice for my subscription this month.,Thanks for reaching out about the billing issue. We are prioritizing this and will update you as soon as possible.,,,0,negative,3,0,ios,
TCKT_027473,2023-03-13 15:01:25,CUST_07532,individual,in_app,billing,security_concern,low,resolved,standard,There seems to be a vulnerability in the billing functionality.,We take security very seriously. We will look into this and get back to you within the next 48 hours.,"Investigated logs, mitigated the issue, and updated security settings.",12.14,0,negative,2,0,api_client,
TCKT_027681,2023-03-30 11:42:42,CUST_08703,education,in_app,notifications,bug,low,closed_no_action,gold,The notifications feature is not saving my changes.,Thanks for reporting this bug. We will look into this and get back to you within the next 48 hours.,Ticket closed without further action after no response from the customer.,54.73,0,very_negative,0,0,api_client,MEA
TCKT_027687,2023-03-01 16:47:23,CUST_02824,enterprise,chat,data_export,bug,low,closed_no_action,standard,The page keeps crashing whenever I try to open the data export section.,Thanks for reporting this bug. We will look into this and get back to you within the next 48 hours.,Ticket closed without further action after no response from the customer.,196.46,0,neutral,3,0,api_client,
TCKT_027693,2023-03-31 13:38:02,CUST_05215,small_business,phone_transcript,notifications,feature_request,high,in_progress,standard,Can you add an option to customize notifications?,Thanks for your feature suggestion. We are prioritizing this and will update you as soon as possible.,,,0,positive,4,1,android,
TCKT_027747,2023-03-11 13:59:22,CUST_08483,individual,web_form,api_integration,security_concern,medium,open,standard,We need details about your data encryption and compliance.,We take security very seriously. Our team is reviewing this and will follow up within 24 hours.,,,0,negative,2,0,ios,APAC
TCKT_027758,2023-03-26 13:19:51,CUST_03035,individual,web_form,login_auth,bug,medium,open,standard,The login auth feature is not saving my changes.,Thanks for reporting this bug. Our team is reviewing this and will follow up within 24 hours.,,,0,negative,0,0,ios,APAC
TCKT_027849,2023-03-23 01:10:57,CUST_09581,small_business,chat,api_integration,account_access,low,resolved,standard,My 2FA code is not working when I try to sign in.,Sorry to hear you're having trouble accessing your account. We will look into this and get back to you within the next 48 hours.,Reset account credentials and confirmed successful login.,70.07,0,negative,3,0,ios,MEA
TCKT_027893,2023-03-31 13:54:46,CUST_05437,individual,in_app,notifications,billing_problem,medium,resolved,standard,I was charged twice for my subscription this month.,Thanks for reaching out about the billing issue. Our team is reviewing this and will follow up within 24 hours.,Adjusted the invoice and issued a refund where applicable.,35.44,0,very_negative,1,1,web,
TCKT_027904,2023-03-10 06:28:40,CUST_02941,non_profit,in_app,mobile_app,how_to,high,in_progress,gold,I need help setting up mobile app for my team.,Happy to help with your question. We are prioritizing this and will update you as soon as possible.,,,0,neutral,4,1,web,APAC
TCKT_027909,2023-03-21 11:49:26,CUST_09914,non_profit,phone_transcript,login_auth,how_to,medium,on_hold,standard,Can you explain how to configure login auth properly?,Happy to help with your question. Our team is reviewing this and will follow up within 24 hours.,,,0,negative,3,0,web,APAC
TCKT_027975,2023-03-30 14:22:11,CUST_01206,education,email,login_auth,performance,medium,closed_no_action,gold,Overall performance has degraded in the last few days.,We understand performance issues can be frustrating. Our team is reviewing this and will follow up within 24 hours.,Ticket closed without further action after no response from the customer.,98.4,0,neutral,3,0,desktop_app,MEA
TCKT_027990,2023-03-06 03:48:59,CUST_03244,individual,web_form,analytics_dashboard,other,medium,in_progress,gold,I have a general question about my account.,Thanks for contacting support. Our team is reviewing this and will follow up within 24 hours.,,,0,neutral,3,1,ios,EU
TCKT_028075,2023-03-11 18:54:53,CUST_07581,small_business,web_form,analytics_dashboard,feature_request,medium,resolved,gold,It would be great to have analytics dashboard support in your product.,Thanks for your feature suggestion. Our team is reviewing this and will follow up within 24 hours.,Captured the request and added it to the product backlog.,5.47,0,neutral,4,0,desktop_app,LATAM
TCKT_028098,2023-03-20 06:50:47,CUST_06725,small_business,chat,data_export,other,low,closed_no_action,gold,I have a general question about my account.,Thanks for contacting support. We will look into this and get back to you within the next 48 hours.,Ticket closed without further action after no response from the customer.,151.06,0,negative,2,0,desktop_app,EU
TCKT_028127,2023-03-12 11:16:41,CUST_05919,non_profit,email,billing,performance,medium,on_hold,standard,Queries in the billing module are timing out.,We understand performance issues can be frustrating. Our team is reviewing this and will follow up within 24 hours.,,,0,negative,2,0,web,LATAM
TCKT_028129,2023-03-24 14:49:00,CUST_00544,individual,email,api_integration,account_access,medium,resolved,platinum,My account was locked after multiple failed login attempts.,Sorry to hear you're having trouble accessing your account. Our team is reviewing this and will follow up within 24 hours.,Reset account credentials and confirmed successful login.,9.64,0,negative,2,1,web,MEA
TCKT_028140,2023-03-07 01:17:15,CUST_04660,enterprise,email,data_export,bug,low,resolved,platinum,The data export feature is not saving my changes.,Thanks for reporting this bug. We will look into this and get back to you within the next 48 hours.,Patched the bug and deployed a fix to production.,29.18,0,neutral,0,0,api_client,EU
TCKT_028146,2023-03-05 15:09:58,CUST_04315,small_business,phone_transcript,api_integration,feature_request,low,resolved,standard,Can you add an option to customize api integration?,Thanks for your feature suggestion. We will look into this and get back to you within the next 48 hours.,Captured the request and added it to the product backlog.,66.58,0,very_positive,5,0,android,
TCKT_028197,2023-03-15 05:50:54,CUST_01912,education,in_app,data_export,how_to,medium,on_hold,standard,Can you explain how to configure data export properly?,Happy to help with your question. Our team is reviewing this and will follow up within 24 hours.,,,0,negative,3,0,desktop_app,MEA
TCKT_028201,2023-03-06 21:41:00,CUST_06226,enterprise,phone_transcript,data_export,how_to,low,on_hold,platinum,How can I export my data from the data export section?,Happy to help with your question. We will look into this and get back to you within the next 48 hours.,,,0,neutral,0,0,android,LATAM
TCKT_028242,2023-03-13 07:16:38,CUST_01042,enterprise,phone_transcript,notifications,performance,low,resolved,gold,Queries in the notifications module are timing out.,We understand performance issues can be frustrating. We will look into this and get back to you within the next 48 hours.,Optimized queries and increased resource allocation.,62.26,0,neutral,0,1,api_client,LATAM
TCKT_028299,2023-03-23 13:27:22,CUST_06339,individual,web_form,login_auth,feature_request,low,resolved,standard,It would be great to have login auth support in your product.,Thanks for your feature suggestion. We will look into this and get back to you within the next 48 hours.,Captured the request and added it to the product backlog.,43.01,0,neutral,0,0,desktop_app,MEA
TCKT_028331,2023-03-03 22:19:19,CUST_09829,non_profit,in_app,data_export,how_to,high,resolved,standard,Can you explain how to configure data export properly?,Happy to help with your question. We are prioritizing this and will update you as soon as possible.,Provided step-by-step instructions and relevant documentation.,23.29,0,positive,4,0,web,APAC
TCKT_028383,2023-03-31 10:27:22,CUST_03128,enterprise,email,notifications,performance,low,resolved,standard,Queries in the notifications module are timing out.,We understand performance issues can be frustrating. We will look into this and get back to you within the next 48 hours.,Optimized queries and increased resource allocation.,41.21,0,very_positive,5,0,desktop_app,
TCKT_028471,2023-03-20 15:33:50,CUST_01239,education,phone_transcript,data_export,security_concern,low,resolved,gold,I noticed a suspicious login on my account.,We take security very seriously. We will look into this and get back to you within the next 48 hours.,"Investigated logs, mitigated the issue, and updated security settings.",9.74,0,negative,0,0,desktop_app,LATAM
TCKT_028486,2023-03-11 12:24:20,CUST_04678,non_profit,in_app,data_export,security_concern,high,resolved,gold,I noticed a suspicious login on my account.,We take security very seriously. We are prioritizing this and will update you as soon as possible.,"Investigated logs, mitigated the issue, and updated security settings.",5.36,0,negative,2,1,desktop_app,APAC
TCKT_028565,2023-03-17 18:49:26,CUST_00045,small_business,chat,mobile_app,billing_problem,medium,in_progress,standard,My invoice amount is incorrect compared to the plan I selected.,Thanks for reaching out about the billing issue. Our team is reviewing this and will follow up within 24 hours.,,,0,very_negative,2,0,ios,APAC
TCKT_028577,2023-03-23 12:00:49,CUST_09255,non_profit,chat,data_export,performance,medium,resolved,standard,The data export page is very slow and takes a long time to load.,We understand performance issues can be frustrating. Our team is reviewing this and will follow up within 24 hours.,Optimized queries and increased resource allocation.,22.91,0,negative,2,1,api_client,MEA
TCKT_028635,2023-03-08 02:49:26,CUST_01227,individual,chat,api_integration,billing_problem,medium,closed_no_action,standard,My invoice amount is incorrect compared to the plan I selected.,Thanks for reaching out about the billing issue. Our team is reviewing this and will follow up within 24 hours.,Ticket closed without further action after no response from the customer.,169.16,0,neutral,4,0,desktop_app,APAC
TCKT_028642,2023-03-11 03:01:01,CUST_09149,education,chat,mobile_app,bug,high,resolved,standard,The mobile app feature is not saving my changes.,Thanks for reporting this bug. We are prioritizing this and will update you as soon as possible.,Patched the bug and deployed a fix to production.,8.64,0,neutral,0,0,ios,MEA
TCKT_028715,2023-03-20 08:20:07,CUST_08386,individual,in_app,notifications,other,high,resolved,gold,I need help but I'm not sure which category this fits in.,Thanks for contacting support. We are prioritizing this and will update you as soon as possible.,Provided general guidance and confirmed the issue was resolved.,19.45,0,very_positive,5,1,desktop_app,EU
TCKT_028747,2023-03-05 15:48:31,CUST_03409,enterprise,in_app,api_integration,account_access,low,on_hold,gold,My 2FA code is not working when I try to sign in.,Sorry to hear you're having trouble accessing your account. We will look into this and get back to you within the next 48 hours.,,,0,very_negative,1,0,ios,EU
TCKT_028765,2023-03-29 13:32:32,CUST_09615,small_business,web_form,notifications,performance,high,closed_no_action,standard,The notifications page is very slow and takes a long time to load.,We understand performance issues can be frustrating. We are prioritizing this and will update you as soon as possible.,Ticket closed without further action after no response from the customer.,77.0,0,negative,2,1,desktop_app,
TCKT_028829,2023-03-25 07:25:25,CUST_01301,education,phone_transcript,notifications,performance,medium,in_progress,platinum,Queries in the notifications module are timing out.,We understand performance issues can be frustrating. Our team is reviewing this and will follow up within 24 hours.,,,0,neutral,0,0,api_client,MEA
TCKT_028889,2023-03-08 22:00:08,CUST_01958,education,email,notifications,security_concern,high,in_progress,gold,There seems to be a vulnerability in the notifications functionality.,We take security very seriously. We are prioritizing this and will update you as soon as possible.,,,0,negative,3,0,android,
TCKT_029107,2023-03-08 19:31:42,CUST_09411,non_profit,chat,analytics_dashboard,account_access,low,in_progress,platinum,My account was locked after multiple failed login attempts.,Sorry to hear you're having trouble accessing your account. We will look into this and get back to you within the next 48 hours.,,,0,neutral,0,0,android,EU
TCKT_029189,2023-03-29 21:47:48,CUST_04546,individual,email,mobile_app,billing_problem,medium,on_hold,standard,My invoice amount is incorrect compared to the plan I selected.,Thanks for reaching out about the billing issue. Our team is reviewing this and will follow up within 24 hours.,,,0,neutral,3,0,ios,LATAM
TCKT_029205,2023-03-08 17:52:33,CUST_09061,individual,email,api_integration,security_concern,medium,resolved,standard,There seems to be a vulnerability in the api integration functionality.,We take security very seriously. Our team is reviewing this and will follow up within 24 hours.,"Investigated logs, mitigated the issue, and updated security settings.",14.38,0,very_negative,1,1,android,
TCKT_029208,2023-03-28 14:08:17,CUST_03609,enterprise,email,analytics_dashboard,security_concern,low,in_progress,standard,We need details about your data encryption and compliance.,We take security very seriously. We will look into this and get back to you within the next 48 hours.,,,0,neutral,3,0,ios,EU
TCKT_029234,2023-03-28 06:21:05,CUST_05033,enterprise,email,data_export,account_access,medium,on_hold,platinum,I cannot log in; the system says my password is incorrect.,Sorry to hear you're having trouble accessing your account. Our team is reviewing this and will follow up within 24 hours.,,,0,very_negative,2,0,ios,APAC
TCKT_029255,2023-03-04 04:28:35,CUST_00303,small_business,chat,billing,how_to,high,resolved,gold,Can you explain how to configure billing properly?,Happy to help with your question. We are prioritizing this and will update you as soon as possible.,Provided step-by-step instructions and relevant documentation.,13.97,0,positive,0,1,web,APAC
TCKT_029263,2023-03-21 22:35:42,CUST_08659,small_business,chat,billing,other,medium,in_progress,gold,"Something seems off, can you please check my workspace?",Thanks for contacting support. Our team is reviewing this and will follow up within 24 hours.,,,0,very_negative,1,0,web,APAC
TCKT_029300,2023-03-22 10:58:18,CUST_07216,non_profit,email,login_auth,bug,medium,in_progress,gold,The login auth feature is not saving my changes.,Thanks for reporting this bug. Our team is reviewing this and will follow up within 24 hours.,,,0,neutral,0,0,api_client,LATAM
TCKT_029397,2023-03-03 11:33:30,CUST_02902,individual,email,login_auth,how_to,high,resolved,standard,I need help setting up login auth for my team.,Happy to help with your question. We are prioritizing this and will update you as soon as possible.,Provided step-by-step instructions and relevant documentation.,16.99,0,neutral,0,0,android,LATAM
TCKT_029410,2023-03-30 03:03:04,CUST_05660,small_business,chat,data_export,bug,high,on_hold,platinum,The data export feature is not saving my changes.,Thanks for reporting this bug. We are prioritizing this and will update you as soon as possible.,,,0,negative,2,0,ios,LATAM
TCKT_029432,2023-03-14 22:13:17,CUST_03637,individual,web_form,data_export,security_concern,medium,resolved,gold,I noticed a suspicious login on my account.,We take security very seriously. Our team is reviewing this and will follow up within 24 hours.,"Investigated logs, mitigated the issue, and updated security settings.",42.98,0,very_negative,1,0,ios,APAC
TCKT_029600,2023-03-15 11:23:43,CUST_04242,small_business,email,api_integration,feature_request,medium,closed_no_action,standard,It would be great to have api integration support in your product.,Thanks for your feature suggestion. Our team is reviewing this and will follow up within 24 hours.,Ticket closed without further action after no response from the customer.,112.01,0,positive,4,1,ios,LATAM
TCKT_029660,2023-03-27 20:17:30,CUST_07565,enterprise,chat,data_export,bug,urgent,resolved,standard,The page keeps crashing whenever I try to open the data export section.,Thanks for reporting this bug. This has been escalated to our on-call team for immediate attention.,Patched the bug and deployed a fix to production.,3.08,0,neutral,4,0,ios,
TCKT_029795,2023-03-22 07:28:24,CUST_05613,individual,in_app,notifications,performance,high,on_hold,platinum,Overall performance has degraded in the last few days.,We understand performance issues can be frustrating. We are prioritizing this and will update you as soon as possible.,,,0,neutral,3,1,api_client,MEA
TCKT_029835,2023-03-22 10:06:43,CUST_03442,education,in_app,analytics_dashboard,billing_problem,medium,open,standard,I was charged twice for my subscription this month.,Thanks for reaching out about the billing issue. Our team is reviewing this and will follow up within 24 hours.,,,0,neutral,4,0,web,APAC
TCKT_029888,2023-03-20 09:11:21,CUST_01207,non_profit,phone_transcript,mobile_app,performance,high,on_hold,standard,The mobile app page is very slow and takes a long time to load.,We understand performance issues can be frustrating. We are prioritizing this and will update you as soon as possible.,,,0,negative,2,0,api_client,MEA
TCKT_029891,2023-03-30 10:20:12,CUST_00570,individual,chat,billing,bug,low,resolved,standard,The billing feature is not saving my changes.,Thanks for reporting this bug. We will look into this and get back to you within the next 48 hours.,Patched the bug and deployed a fix to production.,61.42,0,positive,5,0,web,LATAM
TCKT_029923,2023-03-31 11:16:57,CUST_04516,non_profit,in_app,billing,account_access,medium,closed_no_action,standard,I cannot log in; the system says my password is incorrect.,Sorry to hear you're having trouble accessing your account. Our team is reviewing this and will follow up within 24 hours.,Ticket closed without further action after no response from the customer.,137.76,0,neutral,4,0,web,EU
TCKT_029963,2023-03-26 03:12:29,CUST_09765,individual,in_app,analytics_dashboard,feature_request,medium,resolved,platinum,It would be great to have analytics dashboard support in your product.,Thanks for your feature suggestion. Our team is reviewing this and will follow up within 24 hours.,Captured the request and added it to the product backlog.,13.39,0,neutral,0,1,android,APAC
TCKT_029974,2023-03-25 04:48:41,CUST_05420,education,email,billing,feature_request,medium,resolved,gold,It would be great to have billing support in your product.,Thanks for your feature suggestion. Our team is reviewing this and will follow up within 24 hours.,Captured the request and added it to the product backlog.,29.26,0,neutral,3,0,ios,APAC
TCKT_030001,2023-03-12 13:55:58,CUST_08173,individual,email,login_auth,performance,low,in_progress,gold,Queries in the login auth module are timing out.,We understand performance issues can be frustrating. We will look into this and get back to you within the next 48 hours.,,,0,negative,2,0,desktop_app,EU
TCKT_030004,2023-03-31 08:06:22,CUST_02745,individual,phone_transcript,data_export,billing_problem,urgent,on_hold,gold,My invoice amount is incorrect compared to the plan I selected.,Thanks for reaching out about the billing issue. This has been escalated to our on-call team for immediate attention.,,,0,positive,5,0,android,APAC
TCKT_030012,2023-03-20 09:40:33,CUST_03086,non_profit,chat,notifications,billing_problem,urgent,resolved,standard,I was charged twice for my subscription this month.,Thanks for reaching out about the billing issue. This has been escalated to our on-call team for immediate attention.,Adjusted the invoice and issued a refund where applicable.,4.68,0,very_negative,2,0,desktop_app,MEA
TCKT_030013,2023-03-25 18:31:21,CUST_02302,small_business,in_app,notifications,account_access,medium,closed_no_action,standard,I cannot log in; the system says my password is incorrect.,Sorry to hear you're having trouble accessing your account. Our team is reviewing this and will follow up within 24 hours.,Ticket closed without further action after no response from the customer.,49.36,0,positive,5,0,api_client,
TCKT_030172,2023-03-15 21:14:30,CUST_01611,education,web_form,analytics_dashboard,billing_problem,low,closed_no_action,platinum,I was charged twice for my subscription this month.,Thanks for reaching out about the billing issue. We will look into this and get back to you within the next 48 hours.,Ticket closed without further action after no response from the customer.,130.3,0,neutral,4,1,web,MEA
TCKT_030294,2023-03-07 18:02:54,CUST_05256,education,email,mobile_app,how_to,medium,on_hold,gold,How can I export my data from the mobile app section?,Happy to help with your question. Our team is reviewing this and will follow up within 24 hours.,,,0,negative,3,1,api_client,LATAM
TCKT_030352,2023-03-10 13:30:36,CUST_00982,individual,web_form,data_export,billing_problem,low,resolved,gold,My invoice amount is incorrect compared to the plan I selected.,Thanks for reaching out about the billing issue. We will look into this and get back to you within the next 48 hours.,Adjusted the invoice and issued a refund where applicable.,34.32,0,neutral,4,0,ios,EU
TCKT_030374,2023-03-15 17:13:20,CUST_04082,small_business,chat,billing,security_concern,urgent,open,standard,I noticed a suspicious login on my account.,We take security very seriously. This has been escalated to our on-call team for immediate attention.,,,0,negative,3,1,web,
TCKT_030469,2023-03-01 04:39:04,CUST_07806,education,chat,login_auth,account_access,medium,closed_no_action,standard,My 2FA code is not working when I try to sign in.,Sorry to hear you're having trouble accessing your account. Our team is reviewing this and will follow up within 24 hours.,Ticket closed without further action after no response from the customer.,190.05,0,negative,3,0,ios,APAC
TCKT_030490,2023-03-17 02:35:00,CUST_02121,non_profit,web_form,mobile_app,performance,urgent,on_hold,standard,The mobile app page is very slow and takes a long time to load.,We understand performance issues can be frustrating. This has been escalated to our on-call team for immediate attention.,,,0,very_negative,0,1,web,MEA
TCKT_030574,2023-03-08 12:38:56,CUST_05274,small_business,phone_transcript,analytics_dashboard,performance,low,on_hold,standard,Overall performance has degraded in the last few days.,We understand performance issues can be frustrating. We will look into this and get back to you within the next 48 hours.,,,0,neutral,3,1,android,EU
TCKT_030663,2023-03-19 19:21:50,CUST_01520,individual,chat,billing,other,high,in_progress,gold,"Something seems off, can you please check my workspace?",Thanks for contacting support. We are prioritizing this and will update you as soon as possible.,,,0,negative,2,0,android,APAC
TCKT_030697,2023-03-06 01:35:17,CUST_00699,small_business,web_form,login_auth,bug,medium,open,standard,The page keeps crashing whenever I try to open the login auth section.,Thanks for reporting this bug. Our team is reviewing this and will follow up within 24 hours.,,,0,negative,3,0,api_client,MEA
TCKT_030706,2023-03-13 19:18:26,CUST_09816,enterprise,phone_transcript,billing,account_access,low,resolved,standard,I cannot log in; the system says my password is incorrect.,Sorry to hear you're having trouble accessing your account. We will look into this and get back to you within the next 48 hours.,Reset account credentials and confirmed successful login.,12.38,0,negative,0,0,api_client,
TCKT_030714,2023-03-11 15:22:51,CUST_01341,education,phone_transcript,billing,feature_request,low,resolved,standard,Our team needs more advanced options for billing.,Thanks for your feature suggestion. We will look into this and get back to you within the next 48 hours.,Captured the request and added it to the product backlog.,18.82,0,positive,4,1,api_client,MEA
TCKT_030791,2023-03-29 23:34:41,CUST_08019,non_profit,in_app,data_export,performance,medium,resolved,gold,Queries in the data export module are timing out.,We understand performance issues can be frustrating. Our team is reviewing this and will follow up within 24 hours.,Optimized queries and increased resource allocation.,32.68,0,neutral,3,0,api_client,APAC
TCKT_030851,2023-03-14 22:36:11,CUST_09755,small_business,phone_transcript,mobile_app,security_concern,low,resolved,standard,We need details about your data encryption and compliance.,We take security very seriously. We will look into this and get back to you within the next 48 hours.,"Investigated logs, mitigated the issue, and updated security settings.",55.49,0,neutral,0,0,api_client,MEA
TCKT_030889,2023-03-01 05:46:00,CUST_07761,education,web_form,notifications,security_concern,medium,resolved,standard,I noticed a suspicious login on my account.,We take security very seriously. Our team is reviewing this and will follow up within 24 hours.,"Investigated logs, mitigated the issue, and updated security settings.",25.54,0,neutral,3,0,ios,APAC
TCKT_030893,2023-03-01 14:27:49,CUST_03433,small_business,chat,analytics_dashboard,feature_request,medium,resolved,standard,It would be great to have analytics dashboard support in your product.,Thanks for your feature suggestion. Our team is reviewing this and will follow up within 24 hours.,Captured the request and added it to the product backlog.,28.72,0,neutral,0,0,android,MEA
TCKT_030895,2023-03-10 16:15:16,CUST_01428,education,phone_transcript,analytics_dashboard,other,high,resolved,gold,"Something seems off, can you please check my workspace?",Thanks for contacting support. We are prioritizing this and will update you as soon as possible.,Provided general guidance and confirmed the issue was resolved.,1.61,0,neutral,3,0,ios,MEA
TCKT_030900,2023-03-11 04:29:38,CUST_05776,individual,web_form,analytics_dashboard,account_access,medium,resolved,gold,My 2FA code is not working when I try to sign in.,Sorry to hear you're having trouble accessing your account. Our team is reviewing this and will follow up within 24 hours.,Reset account credentials and confirmed successful login.,24.14,0,neutral,4,1,web,APAC
TCKT_030986,2023-03-03 16:54:01,CUST_02096,education,in_app,analytics_dashboard,billing_problem,low,on_hold,gold,I downgraded my plan but I am still being billed for the higher tier.,Thanks for reaching out about the billing issue. We will look into this and get back to you within the next 48 hours.,,,0,very_negative,0,0,api_client,MEA
TCKT_030988,2023-03-19 13:14:30,CUST_06375,enterprise,phone_transcript,notifications,how_to,medium,resolved,standard,How can I export my data from the notifications section?,Happy to help with your question. Our team is reviewing this and will follow up within 24 hours.,Provided step-by-step instructions and relevant documentation.,20.62,0,negative,0,0,desktop_app,LATAM
TCKT_030993,2023-03-17 15:07:03,CUST_00559,individual,web_form,analytics_dashboard,performance,low,in_progress,standard,Queries in the analytics dashboard module are timing out.,We understand performance issues can be frustrating. We will look into this and get back to you within the next 48 hours.,,,1,negative,2,0,desktop_app,
TCKT_030994,2023-03-18 06:02:27,CUST_07553,individual,in_app,mobile_app,performance,low,in_progress,gold,Queries in the mobile app module are timing out.,We understand performance issues can be frustrating. We will look into this and get back to you within the next 48 hours.,,,0,positive,4,0,ios,EU
TCKT_031029,2023-03-21 04:51:45,CUST_04290,individual,email,data_export,account_access,low,in_progress,standard,My 2FA code is not working when I try to sign in.,Sorry to hear you're having trouble accessing your account. We will look into this and get back to you within the next 48 hours.,,,0,very_positive,0,0,web,
TCKT_031220,2023-03-02 08:16:20,CUST_08753,individual,email,login_auth,bug,low,on_hold,gold,The page keeps crashing whenever I try to open the login auth section.,Thanks for reporting this bug. We will look into this and get back to you within the next 48 hours.,,,0,negative,0,0,desktop_app,
TCKT_031227,2023-03-20 12:12:50,CUST_03822,non_profit,phone_transcript,analytics_dashboard,billing_problem,medium,resolved,standard,I downgraded my plan but I am still being billed for the higher tier.,Thanks for reaching out about the billing issue. Our team is reviewing this and will follow up within 24 hours.,Adjusted the invoice and issued a refund where applicable.,16.58,0,negative,2,0,android,
TCKT_031230,2023-03-14 09:54:28,CUST_02172,education,email,notifications,performance,medium,resolved,standard,Queries in the notifications module are timing out.,We understand performance issues can be frustrating. Our team is reviewing this and will follow up within 24 hours.,Optimized queries and increased resource allocation.,39.64,0,negative,3,0,android,
TCKT_031255,2023-03-06 10:51:41,CUST_02684,non_profit,chat,data_export,security_concern,medium,in_progress,standard,There seems to be a vulnerability in the data export functionality.,We take security very seriously. Our team is reviewing this and will follow up within 24 hours.,,,0,negative,0,1,desktop_app,EU
TCKT_031369,2023-03-16 10:58:18,CUST_06538,enterprise,chat,data_export,security_concern,high,resolved,standard,We need details about your data encryption and compliance.,We take security very seriously. We are prioritizing this and will update you as soon as possible.,"Investigated logs, mitigated the issue, and updated security settings.",17.59,0,neutral,4,0,desktop_app,APAC
TCKT_031436,2023-03-21 09:36:22,CUST_00367,education,email,notifications,billing_problem,low,closed_no_action,standard,I downgraded my plan but I am still being billed for the higher tier.,Thanks for reaching out about the billing issue. We will look into this and get back to you within the next 48 hours.,Ticket closed without further action after no response from the customer.,85.75,0,neutral,4,0,android,APAC
TCKT_031444,2023-03-01 21:07:00,CUST_05972,enterprise,chat,notifications,performance,high,in_progress,platinum,Overall performance has degraded in the last few days.,We understand performance issues can be frustrating. We are prioritizing this and will update you as soon as possible.,,,0,neutral,4,0,ios,APAC
TCKT_031475,2023-03-16 17:47:53,CUST_08429,small_business,phone_transcript,analytics_dashboard,account_access,high,on_hold,standard,My 2FA code is not working when I try to sign in.,Sorry to hear you're having trouble accessing your account. We are prioritizing this and will update you as soon as possible.,,,0,positive,4,0,api_client,LATAM
TCKT_031534,2023-03-28 09:48:45,CUST_00158,small_business,email,api_integration,account_access,low,resolved,platinum,My account was locked after multiple failed login attempts.,Sorry to hear you're having trouble accessing your account. We will look into this and get back to you within the next 48 hours.,Reset account credentials and confirmed successful login.,41.11,0,very_negative,0,1,desktop_app,APAC
TCKT_031561,2023-03-28 11:56:53,CUST_02377,education,chat,login_auth,how_to,high,resolved,standard,How can I export my data from the login auth section?,Happy to help with your question. We are prioritizing this and will update you as soon as possible.,Provided step-by-step instructions and relevant documentation.,11.3,0,neutral,4,0,ios,LATAM
TCKT_031563,2023-03-13 08:20:27,CUST_08742,non_profit,phone_transcript,api_integration,other,medium,resolved,standard,I have a general question about my account.,Thanks for contacting support. Our team is reviewing this and will follow up within 24 hours.,Provided general guidance and confirmed the issue was resolved.,47.31,0,neutral,0,0,android,APAC
TCKT_031731,2023-03-11 04:00:56,CUST_06432,non_profit,email,data_export,other,low,resolved,platinum,I need help but I'm not sure which category this fits in.,Thanks for contacting support. We will look into this and get back to you within the next 48 hours.,Provided general guidance and confirmed the issue was resolved.,54.96,0,neutral,4,0,android,
TCKT_031736,2023-03-27 23:47:05,CUST_03917,enterprise,web_form,analytics_dashboard,account_access,medium,in_progress,gold,I cannot log in; the system says my password is incorrect.,Sorry to hear you're having trouble accessing your account. Our team is reviewing this and will follow up within 24 hours.,,,0,neutral,0,0,ios,
TCKT_031821,2023-03-26 14:32:31,CUST_05355,enterprise,email,notifications,billing_problem,medium,resolved,gold,I downgraded my plan but I am still being billed for the higher tier.,Thanks for reaching out about the billing issue. Our team is reviewing this and will follow up within 24 hours.,Adjusted the invoice and issued a refund where applicable.,38.86,0,positive,4,1,android,MEA
TCKT_031874,2023-03-04 13:03:53,CUST_05588,individual,email,notifications,performance,low,resolved,standard,Queries in the notifications module are timing out.,We understand performance issues can be frustrating. We will look into this and get back to you within the next 48 hours.,Optimized queries and increased resource allocation.,32.55,0,positive,5,1,api_client,EU
TCKT_031935,2023-03-19 11:03:20,CUST_01453,education,email,login_auth,other,medium,on_hold,platinum,I need help but I'm not sure which category this fits in.,Thanks for contacting support. Our team is reviewing this and will follow up within 24 hours.,,,0,neutral,4,0,android,
TCKT_031949,2023-03-09 07:24:15,CUST_06060,enterprise,in_app,data_export,performance,low,on_hold,platinum,Queries in the data export module are timing out.,We understand performance issues can be frustrating. We will look into this and get back to you within the next 48 hours.,,,0,negative,3,0,api_client,MEA
TCKT_031972,2023-03-30 14:06:15,CUST_03764,small_business,web_form,data_export,account_access,medium,resolved,gold,My 2FA code is not working when I try to sign in.,Sorry to hear you're having trouble accessing your account. Our team is reviewing this and will follow up within 24 hours.,Reset account credentials and confirmed successful login.,36.51,1,negative,3,0,desktop_app,MEA
TCKT_032013,2023-03-20 12:43:54,CUST_03766,small_business,email,api_integration,performance,urgent,resolved,standard,The api integration page is very slow and takes a long time to load.,We understand performance issues can be frustrating. This has been escalated to our on-call team for immediate attention.,Optimized queries and increased resource allocation.,0.25,1,very_negative,1,0,android,MEA
TCKT_032086,2023-03-17 05:44:48,CUST_06290,enterprise,chat,notifications,feature_request,low,closed_no_action,standard,Can you add an option to customize notifications?,Thanks for your feature suggestion. We will look into this and get back to you within the next 48 hours.,Ticket closed without further action after no response from the customer.,170.9,0,very_positive,5,0,desktop_app,APAC
TCKT_032120,2023-03-17 08:33:38,CUST_06487,enterprise,in_app,data_export,performance,high,resolved,gold,The data export page is very slow and takes a long time to load.,We understand performance issues can be frustrating. We are prioritizing this and will update you as soon as possible.,Optimized queries and increased resource allocation.,13.69,0,positive,5,1,desktop_app,APAC
TCKT_032188,2023-03-15 13:44:36,CUST_06560,individual,web_form,login_auth,bug,high,open,standard,The login auth feature is not saving my changes.,Thanks for reporting this bug. We are prioritizing this and will update you as soon as possible.,,,0,negative,0,0,ios,EU
TCKT_032287,2023-03-30 11:35:14,CUST_04218,small_business,in_app,notifications,billing_problem,low,open,gold,My invoice amount is incorrect compared to the plan I selected.,Thanks for reaching out about the billing issue. We will look into this and get back to you within the next 48 hours.,,,0,very_negative,2,1,android,APAC
TCKT_032292,2023-03-31 11:54:42,CUST_02043,individual,email,notifications,bug,low,in_progress,platinum,The notifications feature is not saving my changes.,Thanks for reporting this bug. We will look into this and get back to you within the next 48 hours.,,,0,neutral,0,0,desktop_app,APAC
TCKT_032401,2023-03-25 03:32:44,CUST_03950,non_profit,phone_transcript,billing,bug,low,resolved,platinum,The billing feature is not saving my changes.,Thanks for reporting this bug. We will look into this and get back to you within the next 48 hours.,Patched the bug and deployed a fix to production.,12.1,0,positive,4,0,ios,LATAM
TCKT_032407,2023-03-23 22:29:11,CUST_02941,non_profit,phone_transcript,notifications,account_access,medium,resolved,standard,My 2FA code is not working when I try to sign in.,Sorry to hear you're having trouble accessing your account. Our team is reviewing this and will follow up within 24 hours.,Reset account credentials and confirmed successful login.,4.73,0,very_negative,1,0,api_client,APAC
TCKT_032409,2023-03-04 10:41:59,CUST_03308,enterprise,phone_transcript,analytics_dashboard,billing_problem,high,resolved,gold,I was charged twice for my subscription this month.,Thanks for reaching out about the billing issue. We are prioritizing this and will update you as soon as possible.,Adjusted the invoice and issued a refund where applicable.,7.8,0,negative,0,0,api_client,LATAM
TCKT_032695,2023-03-20 07:55:26,CUST_08685,non_profit,phone_transcript,login_auth,other,low,in_progress,standard,"Something seems off, can you please check my workspace?",Thanks for contacting support. We will look into this and get back to you within the next 48 hours.,,,0,negative,2,0,web,MEA
TCKT_032704,2023-03-29 00:32:27,CUST_05406,small_business,phone_transcript,login_auth,account_access,medium,closed_no_action,gold,My 2FA code is not working when I try to sign in.,Sorry to hear you're having trouble accessing your account. Our team is reviewing this and will follow up within 24 hours.,Ticket closed without further action after no response from the customer.,24.12,0,positive,0,0,desktop_app,MEA
TCKT_032708,2023-03-18 14:34:38,CUST_09471,non_profit,phone_transcript,data_export,security_concern,high,resolved,standard,I noticed a suspicious login on my account.,We take security very seriously. We are prioritizing this and will update you as soon as possible.,"Investigated logs, mitigated the issue, and updated security settings.",18.51,0,neutral,4,0,android,
TCKT_032712,2023-03-28 15:04:52,CUST_01939,non_profit,in_app,data_export,billing_problem,medium,resolved,standard,My invoice amount is incorrect compared to the plan I selected.,Thanks for reaching out about the billing issue. Our team is reviewing this and will follow up within 24 hours.,Adjusted the invoice and issued a refund where applicable.,33.45,0,negative,2,0,android,MEA
TCKT_032856,2023-03-26 11:49:26,CUST_00473,small_business,email,data_export,bug,low,on_hold,standard,The data export feature is not saving my changes.,Thanks for reporting this bug. We will look into this and get back to you within the next 48 hours.,,,0,neutral,0,0,desktop_app,LATAM
TCKT_032877,2023-03-13 18:27:48,CUST_03418,education,phone_transcript,api_integration,security_concern,low,resolved,standard,We need details about your data encryption and compliance.,We take security very seriously. We will look into this and get back to you within the next 48 hours.,"Investigated logs, mitigated the issue, and updated security settings.",20.88,0,negative,3,1,ios,LATAM
TCKT_032884,2023-03-04 12:56:58,CUST_09769,non_profit,chat,api_integration,performance,low,resolved,standard,Overall performance has degraded in the last few days.,We understand performance issues can be frustrating. We will look into this and get back to you within the next 48 hours.,Optimized queries and increased resource allocation.,69.94,0,negative,3,0,desktop_app,
TCKT_032935,2023-03-22 06:42:57,CUST_08137,education,web_form,notifications,security_concern,low,resolved,standard,There seems to be a vulnerability in the notifications functionality.,We take security very seriously. We will look into this and get back to you within the next 48 hours.,"Investigated logs, mitigated the issue, and updated security settings.",33.08,0,very_negative,2,0,android,MEA
TCKT_032995,2023-03-22 21:09:30,CUST_03097,enterprise,phone_transcript,login_auth,account_access,low,resolved,gold,I cannot log in; the system says my password is incorrect.,Sorry to hear you're having trouble accessing your account. We will look into this and get back to you within the next 48 hours.,Reset account credentials and confirmed successful login.,9.91,0,positive,0,0,web,
TCKT_033008,2023-03-19 15:04:03,CUST_06130,education,web_form,notifications,feature_request,low,resolved,gold,Our team needs more advanced options for notifications.,Thanks for your feature suggestion. We will look into this and get back to you within the next 48 hours.,Captured the request and added it to the product backlog.,68.38,0,negative,0,0,api_client,EU
TCKT_033072,2023-03-10 21:52:28,CUST_07759,non_profit,email,login_auth,how_to,medium,in_progress,standard,I need help setting up login auth for my team.,Happy to help with your question. Our team is reviewing this and will follow up within 24 hours.,,,0,positive,5,0,desktop_app,MEA
TCKT_033104,2023-03-12 01:15:44,CUST_03732,small_business,email,analytics_dashboard,how_to,high,resolved,standard,I need help setting up analytics dashboard for my team.,Happy to help with your question. We are prioritizing this and will update you as soon as possible.,Provided step-by-step instructions and relevant documentation.,15.85,0,neutral,0,1,api_client,APAC
TCKT_033108,2023-03-07 05:29:42,CUST_07422,small_business,email,notifications,security_concern,low,in_progress,standard,I noticed a suspicious login on my account.,We take security very seriously. We will look into this and get back to you within the next 48 hours.,,,0,very_negative,1,1,ios,MEA
TCKT_033117,2023-03-19 06:11:12,CUST_07697,individual,in_app,billing,feature_request,low,closed_no_action,gold,Can you add an option to customize billing?,Thanks for your feature suggestion. We will look into this and get back to you within the next 48 hours.,Ticket closed without further action after no response from the customer.,239.69,1,neutral,3,1,ios,LATAM
TCKT_033173,2023-03-06 21:49:42,CUST_06053,education,web_form,notifications,bug,medium,resolved,gold,I am seeing an error message when I click on notifications.,Thanks for reporting this bug. Our team is reviewing this and will follow up within 24 hours.,Patched the bug and deployed a fix to production.,23.3,0,positive,0,1,ios,MEA
TCKT_033194,2023-03-16 18:59:36,CUST_04919,education,phone_transcript,billing,billing_problem,high,on_hold,standard,I was charged twice for my subscription this month.,Thanks for reaching out about the billing issue. We are prioritizing this and will update you as soon as possible.,,,0,very_negative,1,0,api_client,MEA
TCKT_033209,2023-03-26 18:58:37,CUST_04909,non_profit,in_app,analytics_dashboard,billing_problem,medium,on_hold,standard,I was charged twice for my subscription this month.,Thanks for reaching out about the billing issue. Our team is reviewing this and will follow up within 24 hours.,,,0,very_negative,0,0,android,MEA
TCKT_033322,2023-03-23 09:49:00,CUST_00404,education,in_app,analytics_dashboard,security_concern,high,closed_no_action,standard,There seems to be a vulnerability in the analytics dashboard functionality.,We take security very seriously. We are prioritizing this and will update you as soon as possible.,Ticket closed without further action after no response from the customer.,33.19,0,negative,0,0,ios,
TCKT_033343,2023-03-19 23:16:24,CUST_09583,education,chat,billing,how_to,medium,on_hold,gold,I need help setting up billing for my team.,Happy to help with your question. Our team is reviewing this and will follow up within 24 hours.,,,0,neutral,0,0,desktop_app,MEA
TCKT_033466,2023-03-08 02:05:21,CUST_05296,small_business,in_app,login_auth,security_concern,high,resolved,standard,We need details about your data encryption and compliance.,We take security very seriously. We are prioritizing this and will update you as soon as possible.,"Investigated logs, mitigated the issue, and updated security settings.",3.99,0,positive,4,1,web,
TCKT_033508,2023-03-01 23:19:34,CUST_03300,enterprise,in_app,login_auth,other,medium,resolved,standard,I need help but I'm not sure which category this fits in.,Thanks for contacting support. Our team is reviewing this and will follow up within 24 hours.,Provided general guidance and confirmed the issue was resolved.,4.54,0,neutral,4,0,web,APAC
TCKT_033531,2023-03-15 23:16:38,CUST_04241,individual,email,mobile_app,billing_problem,medium,resolved,gold,My invoice amount is incorrect compared to the plan I selected.,Thanks for reaching out about the billing issue. Our team is reviewing this and will follow up within 24 hours.,Adjusted the invoice and issued a refund where applicable.,4.98,0,very_negative,0,0,ios,LATAM
TCKT_033533,2023-03-19 10:36:28,CUST_04010,enterprise,email,api_integration,account_access,low,resolved,standard,My account was locked after multiple failed login attempts.,Sorry to hear you're having trouble accessing your account. We will look into this and get back to you within the next 48 hours.,Reset account credentials and confirmed successful login.,58.13,0,neutral,0,0,desktop_app,MEA
TCKT_033549,2023-03-21 02:14:00,CUST_02803,education,in_app,api_integration,feature_request,high,resolved,standard,Our team needs more advanced options for api integration.,Thanks for your feature suggestion. We are prioritizing this and will update you as soon as possible.,Captured the request and added it to the product backlog.,17.36,0,very_positive,5,1,api_client,EU
TCKT_033599,2023-03-24 17:42:50,CUST_06747,enterprise,chat,login_auth,performance,medium,resolved,gold,The login auth page is very slow and takes a long time to load.,We understand performance issues can be frustrating. Our team is reviewing this and will follow up within 24 hours.,Optimized queries and increased resource allocation.,20.58,0,neutral,0,0,android,MEA
TCKT_033616,2023-03-22 01:01:42,CUST_00800,non_profit,email,analytics_dashboard,how_to,low,resolved,standard,How can I export my data from the analytics dashboard section?,Happy to help with your question. We will look into this and get back to you within the next 48 hours.,Provided step-by-step instructions and relevant documentation.,34.62,0,negative,2,0,desktop_app,
TCKT_033656,2023-03-03 15:41:45,CUST_03615,education,in_app,api_integration,security_concern,medium,resolved,gold,We need details about your data encryption and compliance.,We take security very seriously. Our team is reviewing this and will follow up within 24 hours.,"Investigated logs, mitigated the issue, and updated security settings.",45.16,0,negative,2,0,ios,EU
TCKT_033771,2023-03-08 05:13:53,CUST_03922,small_business,phone_transcript,billing,security_concern,high,open,gold,I noticed a suspicious login on my account.,We take security very seriously. We are prioritizing this and will update you as soon as possible.,,,1,very_negative,1,1,desktop_app,LATAM
TCKT_033785,2023-03-19 03:41:04,CUST_05731,enterprise,phone_transcript,billing,performance,medium,in_progress,standard,Overall performance has degraded in the last few days.,We understand performance issues can be frustrating. Our team is reviewing this and will follow up within 24 hours.,,,0,negative,3,0,web,APAC
TCKT_033846,2023-03-22 12:10:01,CUST_01059,individual,in_app,billing,bug,low,resolved,standard,I am seeing an error message when I click on billing.,Thanks for reporting this bug. We will look into this and get back to you within the next 48 hours.,Patched the bug and deployed a fix to production.,60.41,0,neutral,3,1,ios,LATAM
TCKT_033862,2023-03-30 17:00:31,CUST_09832,individual,email,analytics_dashboard,other,medium,on_hold,gold,"Something seems off, can you please check my workspace?",Thanks for contacting support. Our team is reviewing this and will follow up within 24 hours.,,,0,very_negative,0,0,desktop_app,APAC
TCKT_033869,2023-03-08 09:44:53,CUST_02731,individual,phone_transcript,mobile_app,how_to,medium,on_hold,standard,Can you explain how to configure mobile app properly?,Happy to help with your question. Our team is reviewing this and will follow up within 24 hours.,,,0,neutral,4,0,desktop_app,EU
TCKT_033875,2023-03-24 02:02:37,CUST_04296,non_profit,phone_transcript,notifications,bug,urgent,in_progress,standard,The notifications feature is not saving my changes.,Thanks for reporting this bug. This has been escalated to our on-call team for immediate attention.,,,0,neutral,3,0,android,
TCKT_033891,2023-03-05 07:14:04,CUST_00066,non_profit,email,notifications,bug,high,closed_no_action,gold,The notifications feature is not saving my changes.,Thanks for reporting this bug. We are prioritizing this and will update you as soon as possible.,Ticket closed without further action after no response from the customer.,75.23,1,positive,4,0,ios,
TCKT_033892,2023-03-13 12:22:08,CUST_09871,individual,email,billing,feature_request,medium,in_progress,standard,Our team needs more advanced options for billing.,Thanks for your feature suggestion. Our team is reviewing this and will follow up within 24 hours.,,,0,neutral,4,1,desktop_app,LATAM
TCKT_033982,2023-03-30 12:22:14,CUST_09447,individual,in_app,login_auth,feature_request,high,resolved,gold,Can you add an option to customize login auth?,Thanks for your feature suggestion. We are prioritizing this and will update you as soon as possible.,Captured the request and added it to the product backlog.,17.93,1,neutral,0,0,api_client,APAC
TCKT_034026,2023-03-03 07:13:04,CUST_08437,small_business,email,notifications,feature_request,medium,resolved,standard,Can you add an option to customize notifications?,Thanks for your feature suggestion. Our team is reviewing this and will follow up within 24 hours.,Captured the request and added it to the product backlog.,45.65,0,positive,5,0,android,APAC
TCKT_034027,2023-03-02 19:41:41,CUST_00206,individual,phone_transcript,api_integration,security_concern,medium,resolved,gold,There seems to be a vulnerability in the api integration functionality.,We take security very seriously. Our team is reviewing this and will follow up within 24 hours.,"Investigated logs, mitigated the issue, and updated security settings.",35.76,0,very_negative,0,0,api_client,
TCKT_034435,2023-03-25 08:34:31,CUST_00002,non_profit,in_app,mobile_app,other,urgent,on_hold,standard,"Something seems off, can you please check my workspace?",Thanks for contacting support. This has been escalated to our on-call team for immediate attention.,,,0,negative,2,0,android,LATAM
TCKT_034514,2023-03-20 17:20:59,CUST_07463,small_business,email,billing,bug,medium,in_progress,standard,The billing feature is not saving my changes.,Thanks for reporting this bug. Our team is reviewing this and will follow up within 24 hours.,,,1,very_negative,2,0,web,EU
TCKT_034548,2023-03-26 16:02:33,CUST_04990,small_business,email,notifications,feature_request,low,on_hold,gold,Our team needs more advanced options for notifications.,Thanks for your feature suggestion. We will look into this and get back to you within the next 48 hours.,,,0,neutral,3,0,desktop_app,
TCKT_034562,2023-03-15 22:45:38,CUST_00690,non_profit,phone_transcript,mobile_app,security_concern,low,on_hold,standard,There seems to be a vulnerability in the mobile app functionality.,We take security very seriously. We will look into this and get back to you within the next 48 hours.,,,0,very_negative,1,0,api_client,APAC
TCKT_034586,2023-03-26 07:54:31,CUST_04531,non_profit,web_form,api_integration,feature_request,high,in_progress,gold,Our team needs more advanced options for api integration.,Thanks for your feature suggestion. We are prioritizing this and will update you as soon as possible.,,,0,very_negative,0,0,ios,MEA
TCKT_034601,2023-03-23 03:26:05,CUST_07894,non_profit,web_form,billing,billing_problem,low,open,gold,I downgraded my plan but I am still being billed for the higher tier.,Thanks for reaching out about the billing issue. We will look into this and get back to you within the next 48 hours.,,,0,neutral,0,0,api_client,EU
TCKT_034615,2023-03-25 00:20:48,CUST_01297,non_profit,phone_transcript,login_auth,security_concern,medium,resolved,standard,We need details about your data encryption and compliance.,We take security very seriously. Our team is reviewing this and will follow up within 24 hours.,"Investigated logs, mitigated the issue, and updated security settings.",7.89,0,positive,4,0,ios,
TCKT_034644,2023-03-24 21:11:44,CUST_04611,individual,phone_transcript,analytics_dashboard,security_concern,low,resolved,gold,We need details about your data encryption and compliance.,We take security very seriously. We will look into this and get back to you within the next 48 hours.,"Investigated logs, mitigated the issue, and updated security settings.",42.48,0,negative,0,0,web,
TCKT_034684,2023-03-09 02:18:01,CUST_05651,small_business,email,login_auth,account_access,low,open,gold,My 2FA code is not working when I try to sign in.,Sorry to hear you're having trouble accessing your account. We will look into this and get back to you within the next 48 hours.,,,0,positive,0,0,android,
TCKT_034742,2023-03-14 17:11:22,CUST_03722,individual,email,billing,other,medium,resolved,standard,"Something seems off, can you please check my workspace?",Thanks for contacting support. Our team is reviewing this and will follow up within 24 hours.,Provided general guidance and confirmed the issue was resolved.,12.05,0,very_positive,0,0,web,MEA
TCKT_034743,2023-03-04 01:28:40,CUST_05445,small_business,phone_transcript,login_auth,security_concern,low,open,platinum,I noticed a suspicious login on my account.,We take security very seriously. We will look into this and get back to you within the next 48 hours.,,,0,negative,3,0,api_client,EU
TCKT_034824,2023-03-11 13:05:35,CUST_08163,education,phone_transcript,billing,performance,medium,open,standard,Queries in the billing module are timing out.,We understand performance issues can be frustrating. Our team is reviewing this and will follow up within 24 hours.,,,0,very_negative,1,1,android,EU
TCKT_034837,2023-03-22 03:39:29,CUST_02401,non_profit,in_app,billing,feature_request,low,closed_no_action,gold,Our team needs more advanced options for billing.,Thanks for your feature suggestion. We will look into this and get back to you within the next 48 hours.,Ticket closed without further action after no response from the customer.,102.24,0,neutral,4,0,ios,APAC
TCKT_034841,2023-03-16 18:24:40,CUST_09427,enterprise,phone_transcript,analytics_dashboard,billing_problem,high,resolved,gold,My invoice amount is incorrect compared to the plan I selected.,Thanks for reaching out about the billing issue. We are prioritizing this and will update you as soon as possible.,Adjusted the invoice and issued a refund where applicable.,20.66,0,neutral,4,0,web,EU
TCKT_034896,2023-03-12 17:28:52,CUST_01223,non_profit,web_form,billing,how_to,low,resolved,platinum,How can I export my data from the billing section?,Happy to help with your question. We will look into this and get back to you within the next 48 hours.,Provided step-by-step instructions and relevant documentation.,41.69,0,very_positive,0,0,ios,
TCKT_034899,2023-03-02 20:58:16,CUST_02858,education,in_app,mobile_app,account_access,high,resolved,gold,My 2FA code is not working when I try to sign in.,Sorry to hear you're having trouble accessing your account. We are prioritizing this and will update you as soon as possible.,Reset account credentials and confirmed successful login.,10.7,0,negative,0,0,ios,LATAM
TCKT_034941,2023-03-17 23:03:40,CUST_03934,non_profit,chat,login_auth,security_concern,low,resolved,standard,I noticed a suspicious login on my account.,We take security very seriously. We will look into this and get back to you within the next 48 hours.,"Investigated logs, mitigated the issue, and updated security settings.",21.02,0,neutral,3,0,api_client,APAC
TCKT_035017,2023-03-21 18:24:22,CUST_03431,education,in_app,notifications,account_access,urgent,resolved,gold,My account was locked after multiple failed login attempts.,Sorry to hear you're having trouble accessing your account. This has been escalated to our on-call team for immediate attention.,Reset account credentials and confirmed successful login.,5.95,1,very_negative,1,1,ios,
TCKT_035181,2023-03-03 06:28:01,CUST_02779,non_profit,email,data_export,other,urgent,on_hold,standard,"Something seems off, can you please check my workspace?",Thanks for contacting support. This has been escalated to our on-call team for immediate attention.,,,0,very_negative,1,0,android,APAC
TCKT_035216,2023-03-09 20:24:19,CUST_07834,enterprise,web_form,mobile_app,account_access,high,resolved,standard,I cannot log in; the system says my password is incorrect.,Sorry to hear you're having trouble accessing your account. We are prioritizing this and will update you as soon as possible.,Reset account credentials and confirmed successful login.,8.56,0,neutral,0,0,android,LATAM
TCKT_035234,2023-03-19 19:53:16,CUST_02960,education,phone_transcript,mobile_app,bug,high,in_progress,standard,I am seeing an error message when I click on mobile app.,Thanks for reporting this bug. We are prioritizing this and will update you as soon as possible.,,,0,very_negative,2,0,ios,MEA
TCKT_035240,2023-03-12 07:20:44,CUST_05894,education,email,notifications,other,low,resolved,standard,"Something seems off, can you please check my workspace?",Thanks for contacting support. We will look into this and get back to you within the next 48 hours.,Provided general guidance and confirmed the issue was resolved.,44.95,0,neutral,0,0,android,
TCKT_035272,2023-03-27 14:54:43,CUST_08575,small_business,web_form,notifications,how_to,urgent,in_progress,standard,I need help setting up notifications for my team.,Happy to help with your question. This has been escalated to our on-call team for immediate attention.,,,0,negative,3,1,ios,MEA
TCKT_035295,2023-03-30 03:07:26,CUST_07140,small_business,phone_transcript,notifications,billing_problem,low,resolved,standard,I downgraded my plan but I am still being billed for the higher tier.,Thanks for reaching out about the billing issue. We will look into this and get back to you within the next 48 hours.,Adjusted the invoice and issued a refund where applicable.,69.13,0,negative,3,0,android,LATAM
TCKT_035297,2023-03-14 12:42:06,CUST_04919,individual,chat,data_export,other,medium,in_progress,standard,I have a general question about my account.,Thanks for contacting support. Our team is reviewing this and will follow up within 24 hours.,,,0,neutral,4,1,web,APAC
TCKT_035388,2023-03-23 08:16:38,CUST_07088,education,phone_transcript,data_export,how_to,urgent,on_hold,platinum,I need help setting up data export for my team.,Happy to help with your question. This has been escalated to our on-call team for immediate attention.,,,0,very_negative,0,1,web,
TCKT_035419,2023-03-27 19:53:29,CUST_09776,education,phone_transcript,login_auth,other,medium,resolved,standard,I need help but I'm not sure which category this fits in.,Thanks for contacting support. Our team is reviewing this and will follow up within 24 hours.,Provided general guidance and confirmed the issue was resolved.,36.71,0,very_negative,0,1,android,
TCKT_035511,2023-03-21 22:42:22,CUST_02464,enterprise,web_form,mobile_app,feature_request,high,resolved,standard,It would be great to have mobile app support in your product.,Thanks for your feature suggestion. We are prioritizing this and will update you as soon as possible.,Captured the request and added it to the product backlog.,13.76,0,negative,2,0,desktop_app,LATAM
TCKT_035525,2023-03-20 23:17:36,CUST_05621,individual,web_form,analytics_dashboard,feature_request,low,on_hold,standard,Can you add an option to customize analytics dashboard?,Thanks for your feature suggestion. We will look into this and get back to you within the next 48 hours.,,,0,very_positive,5,0,desktop_app,LATAM
TCKT_035537,2023-03-04 13:27:53,CUST_00775,education,email,login_auth,performance,low,resolved,gold,Queries in the login auth module are timing out.,We understand performance issues can be frustrating. We will look into this and get back to you within the next 48 hours.,Optimized queries and increased resource allocation.,70.31,0,very_negative,2,1,web,LATAM
TCKT_035559,2023-03-14 09:37:23,CUST_04234,education,in_app,api_integration,feature_request,medium,resolved,gold,Our team needs more advanced options for api integration.,Thanks for your feature suggestion. Our team is reviewing this and will follow up within 24 hours.,Captured the request and added it to the product backlog.,8.05,0,neutral,4,0,web,
TCKT_035576,2023-03-05 03:39:42,CUST_02551,enterprise,email,data_export,other,low,resolved,standard,I have a general question about my account.,Thanks for contacting support. We will look into this and get back to you within the next 48 hours.,Provided general guidance and confirmed the issue was resolved.,36.37,0,negative,0,0,android,MEA
TCKT_035601,2023-03-19 07:50:32,CUST_09348,non_profit,phone_transcript,data_export,feature_request,high,closed_no_action,gold,Our team needs more advanced options for data export.,Thanks for your feature suggestion. We are prioritizing this and will update you as soon as possible.,Ticket closed without further action after no response from the customer.,118.66,0,neutral,0,0,web,
TCKT_035611,2023-03-22 19:36:15,CUST_02943,small_business,web_form,login_auth,other,medium,resolved,gold,I need help but I'm not sure which category this fits in.,Thanks for contacting support. Our team is reviewing this and will follow up within 24 hours.,Provided general guidance and confirmed the issue was resolved.,29.33,0,very_positive,5,1,android,LATAM
TCKT_035657,2023-03-29 06:52:38,CUST_05796,education,chat,login_auth,how_to,low,resolved,standard,Can you explain how to configure login auth properly?,Happy to help with your question. We will look into this and get back to you within the next 48 hours.,Provided step-by-step instructions and relevant documentation.,38.11,0,neutral,0,0,android,LATAM
TCKT_035711,2023-03-05 04:12:48,CUST_05422,education,phone_transcript,notifications,bug,low,closed_no_action,standard,The notifications feature is not saving my changes.,Thanks for reporting this bug. We will look into this and get back to you within the next 48 hours.,Ticket closed without further action after no response from the customer.,120.15,0,neutral,0,1,ios,EU
TCKT_035802,2023-03-23 14:43:22,CUST_07046,individual,email,notifications,performance,low,in_progress,standard,Overall performance has degraded in the last few days.,We understand performance issues can be frustrating. We will look into this and get back to you within the next 48 hours.,,,0,negative,0,0,web,
TCKT_035816,2023-03-10 17:41:09,CUST_03274,small_business,web_form,notifications,billing_problem,medium,resolved,gold,My invoice amount is incorrect compared to the plan I selected.,Thanks for reaching out about the billing issue. Our team is reviewing this and will follow up within 24 hours.,Adjusted the invoice and issued a refund where applicable.,18.87,0,negative,3,1,web,MEA
TCKT_035982,2023-03-19 02:32:55,CUST_01498,education,web_form,login_auth,bug,low,resolved,standard,The login auth feature is not saving my changes.,Thanks for reporting this bug. We will look into this and get back to you within the next 48 hours.,Patched the bug and deployed a fix to production.,26.39,0,positive,0,1,api_client,MEA
TCKT_036061,2023-03-31 10:50:30,CUST_06243,education,in_app,analytics_dashboard,how_to,high,on_hold,standard,I need help setting up analytics dashboard for my team.,Happy to help with your question. We are prioritizing this and will update you as soon as possible.,,,0,neutral,4,1,desktop_app,EU
TCKT_036148,2023-03-26 11:43:58,CUST_01687,enterprise,web_form,api_integration,feature_request,medium,on_hold,standard,It would be great to have api integration support in your product.,Thanks for your feature suggestion. Our team is reviewing this and will follow up within 24 hours.,,,0,positive,5,0,desktop_app,MEA
TCKT_036195,2023-03-18 17:00:09,CUST_09849,education,email,api_integration,performance,low,resolved,standard,Queries in the api integration module are timing out.,We understand performance issues can be frustrating. We will look into this and get back to you within the next 48 hours.,Optimized queries and increased resource allocation.,61.15,0,positive,4,1,ios,
TCKT_036215,2023-03-24 20:08:09,CUST_09320,non_profit,web_form,data_export,performance,medium,resolved,gold,The data export page is very slow and takes a long time to load.,We understand performance issues can be frustrating. Our team is reviewing this and will follow up within 24 hours.,Optimized queries and increased resource allocation.,15.43,0,negative,0,0,android,LATAM
TCKT_036336,2023-03-12 03:14:20,CUST_04999,education,in_app,billing,billing_problem,urgent,closed_no_action,gold,I downgraded my plan but I am still being billed for the higher tier.,Thanks for reaching out about the billing issue. This has been escalated to our on-call team for immediate attention.,Ticket closed without further action after no response from the customer.,66.6,0,very_negative,2,0,android,APAC
TCKT_036400,2023-03-18 09:19:49,CUST_06386,individual,in_app,analytics_dashboard,security_concern,medium,in_progress,platinum,We need details about your data encryption and compliance.,We take security very seriously. Our team is reviewing this and will follow up within 24 hours.,,,0,positive,5,1,web,LATAM
TCKT_036405,2023-03-21 09:27:52,CUST_00150,non_profit,web_form,billing,performance,high,resolved,standard,Queries in the billing module are timing out.,We understand performance issues can be frustrating. We are prioritizing this and will update you as soon as possible.,Optimized queries and increased resource allocation.,12.14,0,neutral,3,0,android,EU
TCKT_036449,2023-03-12 04:57:44,CUST_07619,small_business,in_app,login_auth,security_concern,low,resolved,standard,We need details about your data encryption and compliance.,We take security very seriously. We will look into this and get back to you within the next 48 hours.,"Investigated logs, mitigated the issue, and updated security settings.",63.65,0,negative,2,0,web,LATAM
TCKT_036479,2023-03-19 06:32:00,CUST_06843,small_business,in_app,mobile_app,security_concern,high,resolved,standard,I noticed a suspicious login on my account.,We take security very seriously. We are prioritizing this and will update you as soon as possible.,"Investigated logs, mitigated the issue, and updated security settings.",12.55,0,neutral,4,0,web,LATAM
TCKT_036605,2023-03-14 11:23:44,CUST_06839,small_business,chat,api_integration,account_access,high,resolved,gold,My 2FA code is not working when I try to sign in.,Sorry to hear you're having trouble accessing your account. We are prioritizing this and will update you as soon as possible.,Reset account credentials and confirmed successful login.,19.38,0,positive,0,0,desktop_app,
TCKT_036661,2023-03-15 02:31:53,CUST_09469,non_profit,chat,api_integration,feature_request,medium,in_progress,gold,Can you add an option to customize api integration?,Thanks for your feature suggestion. Our team is reviewing this and will follow up within 24 hours.,,,0,very_positive,5,0,desktop_app,EU
TCKT_036677,2023-03-18 04:13:17,CUST_00875,non_profit,web_form,billing,account_access,medium,closed_no_action,standard,My 2FA code is not working when I try to sign in.,Sorry to hear you're having trouble accessing your account. Our team is reviewing this and will follow up within 24 hours.,Ticket closed without further action after no response from the customer.,232.19,0,negative,2,1,web,APAC
TCKT_036788,2023-03-09 21:10:21,CUST_01493,non_profit,web_form,api_integration,how_to,low,resolved,standard,How can I export my data from the api integration section?,Happy to help with your question. We will look into this and get back to you within the next 48 hours.,Provided step-by-step instructions and relevant documentation.,54.64,0,negative,2,0,web,MEA
TCKT_036805,2023-03-12 07:35:17,CUST_04093,enterprise,web_form,billing,security_concern,medium,resolved,standard,I noticed a suspicious login on my account.,We take security very seriously. Our team is reviewing this and will follow up within 24 hours.,"Investigated logs, mitigated the issue, and updated security settings.",14.52,0,neutral,4,0,web,MEA
TCKT_036889,2023-03-25 07:12:25,CUST_00405,non_profit,phone_transcript,analytics_dashboard,performance,low,in_progress,standard,The analytics dashboard page is very slow and takes a long time to load.,We understand performance issues can be frustrating. We will look into this and get back to you within the next 48 hours.,,,0,negative,2,1,api_client,MEA
TCKT_036910,2023-03-30 22:34:53,CUST_08198,small_business,email,mobile_app,account_access,medium,closed_no_action,standard,My account was locked after multiple failed login attempts.,Sorry to hear you're having trouble accessing your account. Our team is reviewing this and will follow up within 24 hours.,Ticket closed without further action after no response from the customer.,74.58,0,positive,5,0,web,MEA
TCKT_037006,2023-03-08 15:46:09,CUST_06576,small_business,email,billing,billing_problem,low,on_hold,gold,I was charged twice for my subscription this month.,Thanks for reaching out about the billing issue. We will look into this and get back to you within the next 48 hours.,,,0,neutral,4,0,ios,APAC
TCKT_037012,2023-03-15 02:48:33,CUST_05229,enterprise,chat,mobile_app,how_to,medium,resolved,standard,I need help setting up mobile app for my team.,Happy to help with your question. Our team is reviewing this and will follow up within 24 hours.,Provided step-by-step instructions and relevant documentation.,21.76,0,very_positive,5,0,android,MEA
TCKT_037084,2023-03-06 23:46:19,CUST_01007,individual,web_form,api_integration,performance,medium,on_hold,standard,Queries in the api integration module are timing out.,We understand performance issues can be frustrating. Our team is reviewing this and will follow up within 24 hours.,,,0,negative,0,0,api_client,APAC
TCKT_037172,2023-03-06 11:35:56,CUST_04176,enterprise,phone_transcript,data_export,account_access,low,resolved,platinum,My account was locked after multiple failed login attempts.,Sorry to hear you're having trouble accessing your account. We will look into this and get back to you within the next 48 hours.,Reset account credentials and confirmed successful login.,58.71,0,negative,2,1,web,LATAM
TCKT_037179,2023-03-16 15:05:02,CUST_03506,education,in_app,api_integration,account_access,low,closed_no_action,standard,My 2FA code is not working when I try to sign in.,Sorry to hear you're having trouble accessing your account. We will look into this and get back to you within the next 48 hours.,Ticket closed without further action after no response from the customer.,168.51,0,negative,0,1,web,APAC
TCKT_037198,2023-03-07 14:42:55,CUST_06765,education,phone_transcript,notifications,how_to,low,resolved,platinum,I need help setting up notifications for my team.,Happy to help with your question. We will look into this and get back to you within the next 48 hours.,Provided step-by-step instructions and relevant documentation.,55.46,0,positive,4,1,web,LATAM
TCKT_037285,2023-03-20 14:22:16,CUST_04188,non_profit,chat,data_export,other,low,in_progress,platinum,"Something seems off, can you please check my workspace?",Thanks for contacting support. We will look into this and get back to you within the next 48 hours.,,,0,negative,3,0,web,EU
TCKT_037312,2023-03-17 16:09:10,CUST_09839,enterprise,in_app,notifications,bug,medium,resolved,standard,I am seeing an error message when I click on notifications.,Thanks for reporting this bug. Our team is reviewing this and will follow up within 24 hours.,Patched the bug and deployed a fix to production.,4.19,0,very_negative,1,0,desktop_app,EU
TCKT_037374,2023-03-06 01:26:42,CUST_04539,non_profit,in_app,billing,performance,medium,closed_no_action,standard,Queries in the billing module are timing out.,We understand performance issues can be frustrating. Our team is reviewing this and will follow up within 24 hours.,Ticket closed without further action after no response from the customer.,62.01,1,negative,3,0,android,LATAM
TCKT_037434,2023-03-24 21:21:07,CUST_00820,enterprise,phone_transcript,api_integration,performance,low,on_hold,gold,Overall performance has degraded in the last few days.,We understand performance issues can be frustrating. We will look into this and get back to you within the next 48 hours.,,,0,neutral,4,0,desktop_app,MEA
TCKT_037568,2023-03-11 03:10:30,CUST_05392,non_profit,email,analytics_dashboard,account_access,medium,resolved,standard,My account was locked after multiple failed login attempts.,Sorry to hear you're having trouble accessing your account. Our team is reviewing this and will follow up within 24 hours.,Reset account credentials and confirmed successful login.,18.51,0,very_negative,2,0,web,EU
TCKT_037587,2023-03-11 23:03:54,CUST_04209,enterprise,in_app,analytics_dashboard,other,high,resolved,standard,"Something seems off, can you please check my workspace?",Thanks for contacting support. We are prioritizing this and will update you as soon as possible.,Provided general guidance and confirmed the issue was resolved.,11.25,0,very_negative,0,0,android,EU
TCKT_037705,2023-03-26 02:14:27,CUST_03871,individual,in_app,billing,bug,high,resolved,gold,The billing feature is not saving my changes.,Thanks for reporting this bug. We are prioritizing this and will update you as soon as possible.,Patched the bug and deployed a fix to production.,23.96,0,neutral,4,0,web,LATAM
TCKT_037906,2023-03-19 00:17:23,CUST_03771,small_business,chat,notifications,how_to,high,on_hold,standard,Can you explain how to configure notifications properly?,Happy to help with your question. We are prioritizing this and will update you as soon as possible.,,,0,neutral,3,0,desktop_app,LATAM
TCKT_037908,2023-03-07 05:49:36,CUST_08898,individual,web_form,billing,performance,low,resolved,standard,Overall performance has degraded in the last few days.,We understand performance issues can be frustrating. We will look into this and get back to you within the next 48 hours.,Optimized queries and increased resource allocation.,68.11,0,negative,0,0,web,
TCKT_037936,2023-03-30 20:10:09,CUST_09994,non_profit,in_app,api_integration,billing_problem,urgent,in_progress,standard,I was charged twice for my subscription this month.,Thanks for reaching out about the billing issue. This has been escalated to our on-call team for immediate attention.,,,0,very_positive,5,0,api_client,MEA
TCKT_037942,2023-03-10 04:03:55,CUST_06698,small_business,phone_transcript,billing,account_access,low,in_progress,gold,My account was locked after multiple failed login attempts.,Sorry to hear you're having trouble accessing your account. We will look into this and get back to you within the next 48 hours.,,,0,neutral,0,0,desktop_app,APAC
TCKT_037990,2023-03-08 16:53:05,CUST_09483,education,web_form,analytics_dashboard,other,low,in_progress,standard,"Something seems off, can you please check my workspace?",Thanks for contacting support. We will look into this and get back to you within the next 48 hours.,,,0,very_negative,1,1,desktop_app,MEA
TCKT_038010,2023-03-09 11:28:43,CUST_05047,enterprise,email,analytics_dashboard,account_access,low,closed_no_action,standard,My account was locked after multiple failed login attempts.,Sorry to hear you're having trouble accessing your account. We will look into this and get back to you within the next 48 hours.,Ticket closed without further action after no response from the customer.,219.16,0,neutral,0,0,ios,LATAM
TCKT_038014,2023-03-22 07:09:17,CUST_07785,education,email,analytics_dashboard,performance,urgent,resolved,standard,Overall performance has degraded in the last few days.,We understand performance issues can be frustrating. This has been escalated to our on-call team for immediate attention.,Optimized queries and increased resource allocation.,2.23,0,negative,2,0,android,APAC
TCKT_038016,2023-03-13 09:01:43,CUST_02188,non_profit,web_form,notifications,account_access,medium,resolved,standard,My 2FA code is not working when I try to sign in.,Sorry to hear you're having trouble accessing your account. Our team is reviewing this and will follow up within 24 hours.,Reset account credentials and confirmed successful login.,12.39,0,negative,3,0,desktop_app,MEA
TCKT_038054,2023-03-22 21:38:59,CUST_07634,non_profit,web_form,login_auth,account_access,urgent,open,standard,My 2FA code is not working when I try to sign in.,Sorry to hear you're having trouble accessing your account. This has been escalated to our on-call team for immediate attention.,,,0,negative,0,1,api_client,EU
TCKT_038095,2023-03-18 01:11:09,CUST_06664,enterprise,in_app,mobile_app,how_to,low,in_progress,standard,How can I export my data from the mobile app section?,Happy to help with your question. We will look into this and get back to you within the next 48 hours.,,,0,positive,5,1,api_client,APAC
TCKT_038242,2023-03-25 22:41:26,CUST_07238,non_profit,web_form,api_integration,how_to,high,resolved,standard,I need help setting up api integration for my team.,Happy to help with your question. We are prioritizing this and will update you as soon as possible.,Provided step-by-step instructions and relevant documentation.,13.71,0,neutral,3,0,ios,
TCKT_038384,2023-03-17 10:55:13,CUST_04440,education,web_form,data_export,bug,low,in_progress,gold,I am seeing an error message when I click on data export.,Thanks for reporting this bug. We will look into this and get back to you within the next 48 hours.,,,0,positive,5,0,desktop_app,LATAM
TCKT_038409,2023-03-28 10:26:16,CUST_09761,enterprise,chat,login_auth,other,low,in_progress,standard,"Something seems off, can you please check my workspace?",Thanks for contacting support. We will look into this and get back to you within the next 48 hours.,,,0,neutral,4,0,web,
TCKT_038484,2023-03-16 19:59:46,CUST_08019,education,chat,mobile_app,security_concern,high,resolved,standard,There seems to be a vulnerability in the mobile app functionality.,We take security very seriously. We are prioritizing this and will update you as soon as possible.,"Investigated logs, mitigated the issue, and updated security settings.",19.97,0,very_negative,1,1,web,EU
TCKT_038495,2023-03-04 18:31:27,CUST_07794,non_profit,chat,notifications,billing_problem,high,on_hold,gold,I downgraded my plan but I am still being billed for the higher tier.,Thanks for reaching out about the billing issue. We are prioritizing this and will update you as soon as possible.,,,0,neutral,3,0,desktop_app,EU
TCKT_038594,2023-03-08 13:33:17,CUST_08868,non_profit,phone_transcript,login_auth,performance,low,resolved,standard,Overall performance has degraded in the last few days.,We understand performance issues can be frustrating. We will look into this and get back to you within the next 48 hours.,Optimized queries and increased resource allocation.,48.12,0,negative,3,0,api_client,
TCKT_038705,2023-03-12 19:08:47,CUST_08579,enterprise,in_app,api_integration,performance,low,resolved,standard,The api integration page is very slow and takes a long time to load.,We understand performance issues can be frustrating. We will look into this and get back to you within the next 48 hours.,Optimized queries and increased resource allocation.,65.03,0,positive,5,0,desktop_app,LATAM
TCKT_038781,2023-03-30 11:13:23,CUST_09554,non_profit,email,login_auth,how_to,medium,resolved,platinum,I need help setting up login auth for my team.,Happy to help with your question. Our team is reviewing this and will follow up within 24 hours.,Provided step-by-step instructions and relevant documentation.,22.9,0,neutral,4,1,ios,LATAM
TCKT_038785,2023-03-07 09:27:56,CUST_09535,enterprise,phone_transcript,billing,security_concern,low,resolved,standard,There seems to be a vulnerability in the billing functionality.,We take security very seriously. We will look into this and get back to you within the next 48 hours.,"Investigated logs, mitigated the issue, and updated security settings.",29.46,0,negative,2,0,android,APAC
TCKT_038794,2023-03-12 15:54:07,CUST_02386,education,in_app,mobile_app,feature_request,medium,resolved,standard,Our team needs more advanced options for mobile app.,Thanks for your feature suggestion. Our team is reviewing this and will follow up within 24 hours.,Captured the request and added it to the product backlog.,18.01,0,negative,3,0,ios,LATAM
TCKT_038821,2023-03-10 20:34:45,CUST_06454,individual,chat,mobile_app,security_concern,high,resolved,standard,There seems to be a vulnerability in the mobile app functionality.,We take security very seriously. We are prioritizing this and will update you as soon as possible.,"Investigated logs, mitigated the issue, and updated security settings.",10.01,0,neutral,3,1,ios,APAC
TCKT_038831,2023-03-18 20:58:12,CUST_08918,small_business,phone_transcript,data_export,security_concern,medium,on_hold,gold,I noticed a suspicious login on my account.,We take security very seriously. Our team is reviewing this and will follow up within 24 hours.,,,0,neutral,3,0,api_client,MEA
TCKT_038839,2023-03-18 19:16:35,CUST_03827,education,chat,notifications,performance,medium,resolved,standard,Overall performance has degraded in the last few days.,We understand performance issues can be frustrating. Our team is reviewing this and will follow up within 24 hours.,Optimized queries and increased resource allocation.,25.42,0,very_negative,0,0,web,MEA
TCKT_038854,2023-03-31 14:15:55,CUST_03159,non_profit,email,analytics_dashboard,bug,medium,resolved,platinum,I am seeing an error message when I click on analytics dashboard.,Thanks for reporting this bug. Our team is reviewing this and will follow up within 24 hours.,Patched the bug and deployed a fix to production.,19.0,0,negative,0,0,web,
TCKT_038997,2023-03-06 10:13:30,CUST_07630,small_business,email,notifications,security_concern,low,resolved,standard,There seems to be a vulnerability in the notifications functionality.,We take security very seriously. We will look into this and get back to you within the next 48 hours.,"Investigated logs, mitigated the issue, and updated security settings.",59.32,0,neutral,3,1,desktop_app,MEA
TCKT_039013,2023-03-05 13:02:57,CUST_06609,enterprise,chat,billing,bug,low,in_progress,standard,The page keeps crashing whenever I try to open the billing section.,Thanks for reporting this bug. We will look into this and get back to you within the next 48 hours.,,,0,neutral,3,0,api_client,MEA
TCKT_039042,2023-03-17 08:09:09,CUST_06247,individual,phone_transcript,data_export,feature_request,low,in_progress,standard,Our team needs more advanced options for data export.,Thanks for your feature suggestion. We will look into this and get back to you within the next 48 hours.,,,0,negative,0,0,ios,APAC
TCKT_039127,2023-03-20 09:31:17,CUST_02901,education,phone_transcript,api_integration,how_to,high,resolved,standard,I need help setting up api integration for my team.,Happy to help with your question. We are prioritizing this and will update you as soon as possible.,Provided step-by-step instructions and relevant documentation.,9.82,0,neutral,3,1,api_client,EU
TCKT_039165,2023-03-01 11:29:13,CUST_00580,non_profit,in_app,mobile_app,feature_request,low,on_hold,standard,It would be great to have mobile app support in your product.,Thanks for your feature suggestion. We will look into this and get back to you within the next 48 hours.,,,0,neutral,3,0,api_client,MEA
TCKT_039202,2023-03-05 11:51:49,CUST_03798,individual,in_app,api_integration,bug,medium,on_hold,standard,The page keeps crashing whenever I try to open the api integration section.,Thanks for reporting this bug. Our team is reviewing this and will follow up within 24 hours.,,,1,neutral,3,0,ios,
TCKT_039272,2023-03-24 16:45:54,CUST_09767,education,email,billing,other,medium,in_progress,gold,"Something seems off, can you please check my workspace?",Thanks for contacting support. Our team is reviewing this and will follow up within 24 hours.,,,0,neutral,3,0,desktop_app,LATAM
TCKT_039300,2023-03-28 00:39:43,CUST_07042,education,email,api_integration,how_to,high,resolved,gold,Can you explain how to configure api integration properly?,Happy to help with your question. We are prioritizing this and will update you as soon as possible.,Provided step-by-step instructions and relevant documentation.,17.65,0,neutral,3,0,desktop_app,MEA
TCKT_039363,2023-03-12 15:22:15,CUST_06201,enterprise,web_form,billing,account_access,medium,in_progress,standard,My 2FA code is not working when I try to sign in.,Sorry to hear you're having trouble accessing your account. Our team is reviewing this and will follow up within 24 hours.,,,0,negative,2,0,desktop_app,LATAM
TCKT_039401,2023-03-12 13:40:44,CUST_02235,non_profit,chat,billing,feature_request,high,resolved,gold,It would be great to have billing support in your product.,Thanks for your feature suggestion. We are prioritizing this and will update you as soon as possible.,Captured the request and added it to the product backlog.,2.52,0,very_positive,0,0,desktop_app,APAC
TCKT_039468,2023-03-05 00:56:50,CUST_06148,small_business,web_form,billing,other,medium,on_hold,platinum,I need help but I'm not sure which category this fits in.,Thanks for contacting support. Our team is reviewing this and will follow up within 24 hours.,,,0,negative,2,1,desktop_app,LATAM
TCKT_039511,2023-03-13 01:59:40,CUST_06749,small_business,email,analytics_dashboard,other,high,on_hold,standard,"Something seems off, can you please check my workspace?",Thanks for contacting support. We are prioritizing this and will update you as soon as possible.,,,0,neutral,0,0,android,EU
TCKT_039582,2023-03-01 06:30:01,CUST_04515,enterprise,phone_transcript,notifications,how_to,low,in_progress,standard,I need help setting up notifications for my team.,Happy to help with your question. We will look into this and get back to you within the next 48 hours.,,,0,very_positive,5,1,desktop_app,APAC
TCKT_039628,2023-03-27 14:38:31,CUST_03352,education,in_app,analytics_dashboard,other,low,resolved,gold,"Something seems off, can you please check my workspace?",Thanks for contacting support. We will look into this and get back to you within the next 48 hours.,Provided general guidance and confirmed the issue was resolved.,46.17,0,very_negative,2,0,api_client,
TCKT_039664,2023-03-11 06:33:30,CUST_04412,individual,email,analytics_dashboard,billing_problem,medium,resolved,standard,I downgraded my plan but I am still being billed for the higher tier.,Thanks for reaching out about the billing issue. Our team is reviewing this and will follow up within 24 hours.,Adjusted the invoice and issued a refund where applicable.,12.25,0,very_negative,2,0,desktop_app,APAC
TCKT_039730,2023-03-17 22:35:54,CUST_00194,non_profit,phone_transcript,billing,account_access,medium,on_hold,standard,My account was locked after multiple failed login attempts.,Sorry to hear you're having trouble accessing your account. Our team is reviewing this and will follow up within 24 hours.,,,0,very_positive,5,1,android,APAC
TCKT_039773,2023-03-07 05:48:32,CUST_06796,non_profit,email,api_integration,security_concern,medium,resolved,standard,There seems to be a vulnerability in the api integration functionality.,We take security very seriously. Our team is reviewing this and will follow up within 24 hours.,"Investigated logs, mitigated the issue, and updated security settings.",25.29,0,negative,0,0,desktop_app,MEA
TCKT_039873,2023-03-26 17:12:37,CUST_02083,enterprise,phone_transcript,billing,other,high,open,gold,I need help but I'm not sure which category this fits in.,Thanks for contacting support. We are prioritizing this and will update you as soon as possible.,,,0,positive,4,1,api_client,MEA
TCKT_039893,2023-03-04 14:49:01,CUST_08228,small_business,email,login_auth,billing_problem,urgent,resolved,standard,I was charged twice for my subscription this month.,Thanks for reaching out about the billing issue. This has been escalated to our on-call team for immediate attention.,Adjusted the invoice and issued a refund where applicable.,6.29,0,negative,2,1,ios,LATAM
TCKT_039899,2023-03-09 15:53:53,CUST_03814,non_profit,chat,data_export,other,medium,in_progress,standard,"Something seems off, can you please check my workspace?",Thanks for contacting support. Our team is reviewing this and will follow up within 24 hours.,,,0,positive,5,1,ios,APAC
TCKT_039905,2023-03-23 00:20:57,CUST_02381,education,chat,login_auth,account_access,high,closed_no_action,standard,My account was locked after multiple failed login attempts.,Sorry to hear you're having trouble accessing your account. We are prioritizing this and will update you as soon as possible.,Ticket closed without further action after no response from the customer.,188.22,0,very_negative,1,0,web,MEA
TCKT_039931,2023-03-15 00:17:18,CUST_08557,enterprise,chat,billing,how_to,high,on_hold,gold,I need help setting up billing for my team.,Happy to help with your question. We are prioritizing this and will update you as soon as possible.,,,0,neutral,0,0,desktop_app,MEA
TCKT_039938,2023-03-26 09:00:49,CUST_09232,small_business,in_app,analytics_dashboard,performance,medium,on_hold,standard,Queries in the analytics dashboard module are timing out.,We understand performance issues can be frustrating. Our team is reviewing this and will follow up within 24 hours.,,,0,very_negative,0,0,android,EU
TCKT_039954,2023-03-02 07:03:43,CUST_00130,education,phone_transcript,data_export,bug,low,resolved,gold,The data export feature is not saving my changes.,Thanks for reporting this bug. We will look into this and get back to you within the next 48 hours.,Patched the bug and deployed a fix to production.,11.09,0,positive,4,0,desktop_app,MEA
TCKT_039989,2023-03-25 18:21:29,CUST_04366,enterprise,chat,login_auth,other,high,resolved,standard,I need help but I'm not sure which category this fits in.,Thanks for contacting support. We are prioritizing this and will update you as soon as possible.,Provided general guidance and confirmed the issue was resolved.,10.42,0,very_positive,5,0,android,APAC
TCKT_040029,2023-03-17 22:41:20,CUST_08625,individual,phone_transcript,data_export,billing_problem,low,resolved,standard,I downgraded my plan but I am still being billed for the higher tier.,Thanks for reaching out about the billing issue. We will look into this and get back to you within the next 48 hours.,Adjusted the invoice and issued a refund where applicable.,40.29,0,neutral,0,1,ios,EU
TCKT_040084,2023-03-22 05:38:44,CUST_02955,education,web_form,api_integration,account_access,medium,resolved,standard,My 2FA code is not working when I try to sign in.,Sorry to hear you're having trouble accessing your account. Our team is reviewing this and will follow up within 24 hours.,Reset account credentials and confirmed successful login.,30.92,0,negative,3,0,web,APAC
TCKT_040096,2023-03-21 13:45:29,CUST_02953,enterprise,phone_transcript,login_auth,billing_problem,low,resolved,standard,I was charged twice for my subscription this month.,Thanks for reaching out about the billing issue. We will look into this and get back to you within the next 48 hours.,Adjusted the invoice and issued a refund where applicable.,44.08,0,neutral,4,0,desktop_app,EU
TCKT_040127,2023-03-25 00:46:38,CUST_07479,enterprise,phone_transcript,billing,security_concern,low,resolved,platinum,We need details about your data encryption and compliance.,We take security very seriously. We will look into this and get back to you within the next 48 hours.,"Investigated logs, mitigated the issue, and updated security settings.",63.27,0,neutral,3,0,api_client,EU
TCKT_040376,2023-03-19 10:25:50,CUST_08520,non_profit,email,login_auth,security_concern,low,resolved,gold,I noticed a suspicious login on my account.,We take security very seriously. We will look into this and get back to you within the next 48 hours.,"Investigated logs, mitigated the issue, and updated security settings.",36.82,0,neutral,4,0,android,
TCKT_040448,2023-03-24 10:01:46,CUST_08394,enterprise,in_app,api_integration,performance,high,resolved,gold,Overall performance has degraded in the last few days.,We understand performance issues can be frustrating. We are prioritizing this and will update you as soon as possible.,Optimized queries and increased resource allocation.,19.74,0,very_negative,0,0,ios,LATAM
TCKT_040484,2023-03-31 16:47:58,CUST_00374,non_profit,email,login_auth,other,low,in_progress,standard,I have a general question about my account.,Thanks for contacting support. We will look into this and get back to you within the next 48 hours.,,,0,neutral,4,0,api_client,MEA
TCKT_040581,2023-03-25 09:33:11,CUST_02387,individual,phone_transcript,mobile_app,other,low,on_hold,standard,"Something seems off, can you please check my workspace?",Thanks for contacting support. We will look into this and get back to you within the next 48 hours.,,,0,negative,2,0,desktop_app,EU
TCKT_040582,2023-03-26 18:03:44,CUST_04414,enterprise,web_form,login_auth,security_concern,low,resolved,platinum,There seems to be a vulnerability in the login auth functionality.,We take security very seriously. We will look into this and get back to you within the next 48 hours.,"Investigated logs, mitigated the issue, and updated security settings.",19.19,0,negative,2,1,desktop_app,
TCKT_040631,2023-03-22 00:45:34,CUST_00933,education,phone_transcript,api_integration,feature_request,medium,resolved,standard,Our team needs more advanced options for api integration.,Thanks for your feature suggestion. Our team is reviewing this and will follow up within 24 hours.,Captured the request and added it to the product backlog.,11.23,1,very_positive,5,0,desktop_app,APAC
TCKT_040661,2023-03-22 09:06:51,CUST_00172,small_business,email,api_integration,feature_request,medium,resolved,standard,It would be great to have api integration support in your product.,Thanks for your feature suggestion. Our team is reviewing this and will follow up within 24 hours.,Captured the request and added it to the product backlog.,20.48,0,neutral,3,0,desktop_app,MEA
TCKT_040712,2023-03-05 17:23:48,CUST_00190,enterprise,in_app,billing,bug,low,resolved,standard,I am seeing an error message when I click on billing.,Thanks for reporting this bug. We will look into this and get back to you within the next 48 hours.,Patched the bug and deployed a fix to production.,38.11,0,neutral,3,0,ios,
TCKT_040724,2023-03-06 07:34:18,CUST_02406,enterprise,phone_transcript,api_integration,other,high,resolved,standard,"Something seems off, can you please check my workspace?",Thanks for contacting support. We are prioritizing this and will update you as soon as possible.,Provided general guidance and confirmed the issue was resolved.,20.02,0,neutral,4,0,android,EU
TCKT_040738,2023-03-18 04:35:24,CUST_05811,individual,chat,notifications,other,low,resolved,standard,I have a general question about my account.,Thanks for contacting support. We will look into this and get back to you within the next 48 hours.,Provided general guidance and confirmed the issue was resolved.,13.5,0,neutral,4,1,api_client,
TCKT_040845,2023-03-27 07:54:27,CUST_04553,individual,phone_transcript,notifications,bug,urgent,resolved,gold,I am seeing an error message when I click on notifications.,Thanks for reporting this bug. This has been escalated to our on-call team for immediate attention.,Patched the bug and deployed a fix to production.,6.7,0,negative,2,0,android,APAC
TCKT_041021,2023-03-16 05:19:06,CUST_02358,non_profit,email,login_auth,feature_request,medium,resolved,standard,It would be great to have login auth support in your product.,Thanks for your feature suggestion. Our team is reviewing this and will follow up within 24 hours.,Captured the request and added it to the product backlog.,29.5,0,neutral,0,0,android,
TCKT_041023,2023-03-20 05:26:37,CUST_08512,education,web_form,data_export,how_to,low,in_progress,standard,I need help setting up data export for my team.,Happy to help with your question. We will look into this and get back to you within the next 48 hours.,,,0,positive,5,0,android,EU
TCKT_041156,2023-03-19 18:57:18,CUST_03043,individual,in_app,login_auth,bug,high,resolved,gold,The login auth feature is not saving my changes.,Thanks for reporting this bug. We are prioritizing this and will update you as soon as possible.,Patched the bug and deployed a fix to production.,7.86,0,negative,0,0,android,APAC
TCKT_041293,2023-03-24 09:14:54,CUST_05311,education,phone_transcript,data_export,feature_request,high,open,gold,Can you add an option to customize data export?,Thanks for your feature suggestion. We are prioritizing this and will update you as soon as possible.,,,0,positive,4,0,api_client,
TCKT_041335,2023-03-17 01:34:21,CUST_01906,individual,email,api_integration,feature_request,low,open,standard,Our team needs more advanced options for api integration.,Thanks for your feature suggestion. We will look into this and get back to you within the next 48 hours.,,,0,positive,4,0,web,EU
TCKT_041367,2023-03-25 16:27:36,CUST_05055,individual,email,data_export,feature_request,medium,closed_no_action,platinum,Our team needs more advanced options for data export.,Thanks for your feature suggestion. Our team is reviewing this and will follow up within 24 hours.,Ticket closed without further action after no response from the customer.,212.64,1,neutral,3,1,api_client,EU
TCKT_041463,2023-03-03 22:19:38,CUST_05372,enterprise,phone_transcript,api_integration,performance,medium,closed_no_action,standard,The api integration page is very slow and takes a long time to load.,We understand performance issues can be frustrating. Our team is reviewing this and will follow up within 24 hours.,Ticket closed without further action after no response from the customer.,219.71,0,negative,2,1,desktop_app,APAC
TCKT_041464,2023-03-07 01:24:06,CUST_08838,small_business,phone_transcript,mobile_app,bug,medium,resolved,standard,The mobile app feature is not saving my changes.,Thanks for reporting this bug. Our team is reviewing this and will follow up within 24 hours.,Patched the bug and deployed a fix to production.,16.98,0,neutral,0,0,web,MEA
TCKT_041467,2023-03-24 00:02:51,CUST_02939,non_profit,email,notifications,how_to,medium,resolved,gold,Can you explain how to configure notifications properly?,Happy to help with your question. Our team is reviewing this and will follow up within 24 hours.,Provided step-by-step instructions and relevant documentation.,13.73,0,very_positive,5,0,ios,MEA
TCKT_041614,2023-03-31 07:40:41,CUST_04969,small_business,in_app,analytics_dashboard,other,medium,closed_no_action,standard,I have a general question about my account.,Thanks for contacting support. Our team is reviewing this and will follow up within 24 hours.,Ticket closed without further action after no response from the customer.,107.67,0,negative,0,1,ios,EU
TCKT_041723,2023-03-16 10:52:59,CUST_08698,individual,phone_transcript,api_integration,performance,high,resolved,gold,The api integration page is very slow and takes a long time to load.,We understand performance issues can be frustrating. We are prioritizing this and will update you as soon as possible.,Optimized queries and increased resource allocation.,13.34,0,very_negative,1,0,web,MEA
TCKT_041820,2023-03-29 11:49:19,CUST_01937,non_profit,email,billing,performance,low,in_progress,standard,Queries in the billing module are timing out.,We understand performance issues can be frustrating. We will look into this and get back to you within the next 48 hours.,,,0,negative,2,0,web,EU
TCKT_041847,2023-03-15 11:27:20,CUST_06064,non_profit,chat,api_integration,how_to,high,on_hold,gold,How can I export my data from the api integration section?,Happy to help with your question. We are prioritizing this and will update you as soon as possible.,,,0,very_positive,5,1,web,EU
TCKT_041893,2023-03-13 09:22:56,CUST_04043,education,phone_transcript,data_export,bug,medium,resolved,gold,The data export feature is not saving my changes.,Thanks for reporting this bug. Our team is reviewing this and will follow up within 24 hours.,Patched the bug and deployed a fix to production.,24.68,0,neutral,0,0,ios,MEA
TCKT_041901,2023-03-10 14:40:22,CUST_03708,education,chat,api_integration,bug,medium,on_hold,platinum,The api integration feature is not saving my changes.,Thanks for reporting this bug. Our team is reviewing this and will follow up within 24 hours.,,,0,negative,2,0,api_client,MEA
TCKT_041942,2023-03-26 14:42:34,CUST_01849,individual,phone_transcript,analytics_dashboard,how_to,low,resolved,standard,Can you explain how to configure analytics dashboard properly?,Happy to help with your question. We will look into this and get back to you within the next 48 hours.,Provided step-by-step instructions and relevant documentation.,61.29,0,very_positive,5,0,android,APAC
TCKT_041999,2023-03-20 19:47:25,CUST_06964,small_business,chat,mobile_app,security_concern,low,open,standard,We need details about your data encryption and compliance.,We take security very seriously. We will look into this and get back to you within the next 48 hours.,,,0,neutral,0,1,ios,LATAM
TCKT_042035,2023-03-25 03:16:05,CUST_04048,enterprise,email,api_integration,bug,low,resolved,standard,I am seeing an error message when I click on api integration.,Thanks for reporting this bug. We will look into this and get back to you within the next 48 hours.,Patched the bug and deployed a fix to production.,63.83,0,negative,2,0,api_client,MEA
TCKT_042057,2023-03-17 03:24:11,CUST_07846,non_profit,phone_transcript,notifications,performance,medium,open,gold,Queries in the notifications module are timing out.,We understand performance issues can be frustrating. Our team is reviewing this and will follow up within 24 hours.,,,1,positive,5,0,ios,MEA
TCKT_042075,2023-03-13 22:12:41,CUST_05930,education,phone_transcript,api_integration,how_to,low,resolved,platinum,I need help setting up api integration for my team.,Happy to help with your question. We will look into this and get back to you within the next 48 hours.,Provided step-by-step instructions and relevant documentation.,25.16,0,neutral,4,0,desktop_app,LATAM
TCKT_042114,2023-03-22 13:18:18,CUST_06725,enterprise,email,mobile_app,account_access,low,closed_no_action,gold,My 2FA code is not working when I try to sign in.,Sorry to hear you're having trouble accessing your account. We will look into this and get back to you within the next 48 hours.,Ticket closed without further action after no response from the customer.,142.36,0,negative,3,1,desktop_app,
TCKT_042124,2023-03-07 22:32:10,CUST_05279,non_profit,email,analytics_dashboard,billing_problem,high,in_progress,standard,I downgraded my plan but I am still being billed for the higher tier.,Thanks for reaching out about the billing issue. We are prioritizing this and will update you as soon as possible.,,,0,very_negative,0,1,android,APAC
TCKT_042140,2023-03-01 00:40:34,CUST_09579,education,email,mobile_app,feature_request,high,in_progress,platinum,Our team needs more advanced options for mobile app.,Thanks for your feature suggestion. We are prioritizing this and will update you as soon as possible.,,,0,neutral,4,0,android,MEA
TCKT_042229,2023-03-20 07:21:37,CUST_09641,enterprise,web_form,analytics_dashboard,other,high,resolved,standard,I have a general question about my account.,Thanks for contacting support. We are prioritizing this and will update you as soon as possible.,Provided general guidance and confirmed the issue was resolved.,15.8,0,neutral,3,0,web,
TCKT_042236,2023-03-26 23:52:34,CUST_07797,non_profit,phone_transcript,notifications,other,low,resolved,standard,I have a general question about my account.,Thanks for contacting support. We will look into this and get back to you within the next 48 hours.,Provided general guidance and confirmed the issue was resolved.,35.28,0,very_positive,0,0,api_client,MEA
TCKT_042376,2023-03-02 16:53:03,CUST_08787,non_profit,in_app,api_integration,performance,low,open,gold,The api integration page is very slow and takes a long time to load.,We understand performance issues can be frustrating. We will look into this and get back to you within the next 48 hours.,,,0,neutral,3,0,android,EU
TCKT_042392,2023-03-07 17:55:33,CUST_04148,enterprise,in_app,api_integration,security_concern,low,resolved,platinum,There seems to be a vulnerability in the api integration functionality.,We take security very seriously. We will look into this and get back to you within the next 48 hours.,"Investigated logs, mitigated the issue, and updated security settings.",30.26,0,very_negative,1,1,ios,EU
TCKT_042417,2023-03-19 03:25:47,CUST_01718,individual,phone_transcript,login_auth,billing_problem,low,on_hold,platinum,I was charged twice for my subscription this month.,Thanks for reaching out about the billing issue. We will look into this and get back to you within the next 48 hours.,,,0,negative,0,1,api_client,EU
TCKT_042468,2023-03-13 18:00:42,CUST_03869,education,phone_transcript,analytics_dashboard,how_to,medium,in_progress,standard,Can you explain how to configure analytics dashboard properly?,Happy to help with your question. Our team is reviewing this and will follow up within 24 hours.,,,0,neutral,0,1,web,LATAM
TCKT_042504,2023-03-02 17:47:53,CUST_05902,non_profit,web_form,login_auth,other,low,in_progress,standard,I have a general question about my account.,Thanks for contacting support. We will look into this and get back to you within the next 48 hours.,,,0,negative,3,0,api_client,
TCKT_042530,2023-03-05 13:03:08,CUST_06610,non_profit,web_form,notifications,other,high,resolved,standard,"Something seems off, can you please check my workspace?",Thanks for contacting support. We are prioritizing this and will update you as soon as possible.,Provided general guidance and confirmed the issue was resolved.,19.8,0,negative,2,0,desktop_app,EU
TCKT_042610,2023-03-17 08:41:49,CUST_04026,education,phone_transcript,mobile_app,how_to,low,closed_no_action,gold,How can I export my data from the mobile app section?,Happy to help with your question. We will look into this and get back to you within the next 48 hours.,Ticket closed without further action after no response from the customer.,185.15,0,very_negative,1,0,api_client,LATAM
TCKT_042617,2023-03-21 05:11:00,CUST_01746,small_business,web_form,notifications,how_to,medium,closed_no_action,gold,I need help setting up notifications for my team.,Happy to help with your question. Our team is reviewing this and will follow up within 24 hours.,Ticket closed without further action after no response from the customer.,189.51,0,neutral,4,1,android,MEA
TCKT_042626,2023-03-01 04:04:25,CUST_00526,non_profit,chat,analytics_dashboard,account_access,medium,closed_no_action,platinum,My 2FA code is not working when I try to sign in.,Sorry to hear you're having trouble accessing your account. Our team is reviewing this and will follow up within 24 hours.,Ticket closed without further action after no response from the customer.,221.61,0,very_negative,2,0,desktop_app,APAC
TCKT_042631,2023-03-19 13:55:18,CUST_04235,education,web_form,mobile_app,bug,medium,resolved,gold,The mobile app feature is not saving my changes.,Thanks for reporting this bug. Our team is reviewing this and will follow up within 24 hours.,Patched the bug and deployed a fix to production.,38.15,0,negative,3,1,api_client,MEA
TCKT_042657,2023-03-26 14:07:25,CUST_00404,individual,chat,mobile_app,how_to,medium,on_hold,gold,Can you explain how to configure mobile app properly?,Happy to help with your question. Our team is reviewing this and will follow up within 24 hours.,,,0,positive,5,0,desktop_app,EU
TCKT_042663,2023-03-21 15:19:41,CUST_09948,education,chat,mobile_app,feature_request,medium,on_hold,standard,It would be great to have mobile app support in your product.,Thanks for your feature suggestion. Our team is reviewing this and will follow up within 24 hours.,,,0,negative,0,0,api_client,
TCKT_042786,2023-03-16 09:14:01,CUST_06420,non_profit,in_app,analytics_dashboard,performance,medium,in_progress,standard,The analytics dashboard page is very slow and takes a long time to load.,We understand performance issues can be frustrating. Our team is reviewing this and will follow up within 24 hours.,,,0,neutral,4,0,api_client,APAC
TCKT_042824,2023-03-18 08:48:55,CUST_02532,enterprise,email,notifications,billing_problem,low,open,gold,My invoice amount is incorrect compared to the plan I selected.,Thanks for reaching out about the billing issue. We will look into this and get back to you within the next 48 hours.,,,0,positive,5,0,desktop_app,MEA
TCKT_042942,2023-03-01 17:21:23,CUST_07600,enterprise,web_form,mobile_app,other,high,resolved,gold,"Something seems off, can you please check my workspace?",Thanks for contacting support. We are prioritizing this and will update you as soon as possible.,Provided general guidance and confirmed the issue was resolved.,8.64,0,neutral,0,1,api_client,
TCKT_042964,2023-03-09 01:33:09,CUST_04352,individual,email,mobile_app,performance,low,resolved,standard,Overall performance has degraded in the last few days.,We understand performance issues can be frustrating. We will look into this and get back to you within the next 48 hours.,Optimized queries and increased resource allocation.,57.72,0,negative,0,0,desktop_app,LATAM
TCKT_042987,2023-03-21 01:35:34,CUST_01400,education,email,billing,billing_problem,high,on_hold,gold,I downgraded my plan but I am still being billed for the higher tier.,Thanks for reaching out about the billing issue. We are prioritizing this and will update you as soon as possible.,,,0,very_negative,1,0,android,APAC
TCKT_043001,2023-03-19 05:27:04,CUST_05524,non_profit,in_app,billing,how_to,high,resolved,standard,How can I export my data from the billing section?,Happy to help with your question. We are prioritizing this and will update you as soon as possible.,Provided step-by-step instructions and relevant documentation.,15.29,0,negative,2,0,android,MEA
TCKT_043027,2023-03-11 00:01:33,CUST_07271,enterprise,email,data_export,security_concern,low,on_hold,standard,There seems to be a vulnerability in the data export functionality.,We take security very seriously. We will look into this and get back to you within the next 48 hours.,,,0,very_negative,1,1,web,EU
TCKT_043060,2023-03-17 11:09:57,CUST_01901,small_business,web_form,login_auth,account_access,high,resolved,gold,My account was locked after multiple failed login attempts.,Sorry to hear you're having trouble accessing your account. We are prioritizing this and will update you as soon as possible.,Reset account credentials and confirmed successful login.,4.08,0,negative,2,0,android,LATAM
TCKT_043074,2023-03-09 15:10:24,CUST_05793,small_business,email,login_auth,security_concern,low,resolved,standard,We need details about your data encryption and compliance.,We take security very seriously. We will look into this and get back to you within the next 48 hours.,"Investigated logs, mitigated the issue, and updated security settings.",26.01,0,negative,0,1,desktop_app,EU
TCKT_043077,2023-03-13 04:37:50,CUST_07795,non_profit,phone_transcript,notifications,security_concern,high,resolved,gold,I noticed a suspicious login on my account.,We take security very seriously. We are prioritizing this and will update you as soon as possible.,"Investigated logs, mitigated the issue, and updated security settings.",6.39,0,positive,5,0,desktop_app,EU
TCKT_043085,2023-03-29 00:30:54,CUST_08598,individual,chat,billing,other,medium,closed_no_action,standard,I need help but I'm not sure which category this fits in.,Thanks for contacting support. Our team is reviewing this and will follow up within 24 hours.,Ticket closed without further action after no response from the customer.,204.49,0,neutral,4,1,desktop_app,
TCKT_043093,2023-03-12 19:38:14,CUST_02079,enterprise,phone_transcript,billing,bug,low,in_progress,standard,I am seeing an error message when I click on billing.,Thanks for reporting this bug. We will look into this and get back to you within the next 48 hours.,,,0,very_positive,5,0,android,
TCKT_043111,2023-03-13 12:24:40,CUST_06023,small_business,in_app,analytics_dashboard,billing_problem,medium,closed_no_action,standard,My invoice amount is incorrect compared to the plan I selected.,Thanks for reaching out about the billing issue. Our team is reviewing this and will follow up within 24 hours.,Ticket closed without further action after no response from the customer.,152.58,0,negative,2,1,web,MEA
TCKT_043125,2023-03-09 09:06:15,CUST_04671,individual,in_app,billing,feature_request,low,resolved,platinum,Our team needs more advanced options for billing.,Thanks for your feature suggestion. We will look into this and get back to you within the next 48 hours.,Captured the request and added it to the product backlog.,38.54,0,neutral,4,0,android,EU
TCKT_043166,2023-03-08 10:52:28,CUST_00877,non_profit,email,billing,billing_problem,high,resolved,gold,I downgraded my plan but I am still being billed for the higher tier.,Thanks for reaching out about the billing issue. We are prioritizing this and will update you as soon as possible.,Adjusted the invoice and issued a refund where applicable.,15.0,0,very_negative,2,1,desktop_app,
TCKT_043187,2023-03-15 23:09:38,CUST_02385,small_business,in_app,login_auth,security_concern,medium,open,gold,I noticed a suspicious login on my account.,We take security very seriously. Our team is reviewing this and will follow up within 24 hours.,,,0,very_negative,1,0,ios,APAC
TCKT_043188,2023-03-09 03:21:08,CUST_06438,small_business,email,data_export,account_access,medium,in_progress,gold,My 2FA code is not working when I try to sign in.,Sorry to hear you're having trouble accessing your account. Our team is reviewing this and will follow up within 24 hours.,,,0,neutral,0,0,desktop_app,LATAM
TCKT_043197,2023-03-18 16:38:17,CUST_06174,enterprise,email,api_integration,account_access,medium,resolved,platinum,My 2FA code is not working when I try to sign in.,Sorry to hear you're having trouble accessing your account. Our team is reviewing this and will follow up within 24 hours.,Reset account credentials and confirmed successful login.,13.27,0,negative,3,0,android,APAC
TCKT_043222,2023-03-25 17:57:18,CUST_06055,non_profit,chat,billing,how_to,low,closed_no_action,platinum,I need help setting up billing for my team.,Happy to help with your question. We will look into this and get back to you within the next 48 hours.,Ticket closed without further action after no response from the customer.,95.53,0,neutral,0,0,web,LATAM
TCKT_043266,2023-03-23 00:38:57,CUST_02773,small_business,in_app,login_auth,security_concern,medium,resolved,gold,I noticed a suspicious login on my account.,We take security very seriously. Our team is reviewing this and will follow up within 24 hours.,"Investigated logs, mitigated the issue, and updated security settings.",20.09,0,neutral,4,1,api_client,
TCKT_043351,2023-03-18 02:51:26,CUST_01173,enterprise,web_form,login_auth,billing_problem,low,resolved,standard,My invoice amount is incorrect compared to the plan I selected.,Thanks for reaching out about the billing issue. We will look into this and get back to you within the next 48 hours.,Adjusted the invoice and issued a refund where applicable.,9.34,0,positive,0,0,ios,MEA
TCKT_043369,2023-03-29 03:24:15,CUST_04800,small_business,web_form,login_auth,billing_problem,high,on_hold,gold,I downgraded my plan but I am still being billed for the higher tier.,Thanks for reaching out about the billing issue. We are prioritizing this and will update you as soon as possible.,,,0,very_negative,0,0,android,APAC
TCKT_043375,2023-03-14 11:41:03,CUST_07711,non_profit,chat,notifications,security_concern,medium,resolved,standard,I noticed a suspicious login on my account.,We take security very seriously. Our team is reviewing this and will follow up within 24 hours.,"Investigated logs, mitigated the issue, and updated security settings.",30.26,0,negative,3,0,web,APAC
TCKT_043377,2023-03-03 06:02:22,CUST_06870,individual,email,login_auth,feature_request,low,in_progress,standard,It would be great to have login auth support in your product.,Thanks for your feature suggestion. We will look into this and get back to you within the next 48 hours.,,,1,negative,3,1,desktop_app,MEA
TCKT_043488,2023-03-23 18:49:49,CUST_03650,non_profit,in_app,data_export,bug,low,open,gold,The page keeps crashing whenever I try to open the data export section.,Thanks for reporting this bug. We will look into this and get back to you within the next 48 hours.,,,0,negative,0,0,web,LATAM
TCKT_043521,2023-03-01 19:32:51,CUST_02980,non_profit,web_form,data_export,feature_request,low,open,gold,Our team needs more advanced options for data export.,Thanks for your feature suggestion. We will look into this and get back to you within the next 48 hours.,,,1,positive,4,0,api_client,APAC
TCKT_043543,2023-03-22 23:36:09,CUST_01410,individual,email,notifications,performance,low,resolved,gold,Queries in the notifications module are timing out.,We understand performance issues can be frustrating. We will look into this and get back to you within the next 48 hours.,Optimized queries and increased resource allocation.,29.09,1,positive,5,0,api_client,MEA
TCKT_043568,2023-03-13 03:51:58,CUST_02909,education,in_app,data_export,account_access,low,closed_no_action,standard,My account was locked after multiple failed login attempts.,Sorry to hear you're having trouble accessing your account. We will look into this and get back to you within the next 48 hours.,Ticket closed without further action after no response from the customer.,181.31,0,negative,0,0,web,MEA
TCKT_043597,2023-03-29 10:59:14,CUST_06615,small_business,web_form,mobile_app,billing_problem,high,resolved,standard,My invoice amount is incorrect compared to the plan I selected.,Thanks for reaching out about the billing issue. We are prioritizing this and will update you as soon as possible.,Adjusted the invoice and issued a refund where applicable.,6.4,0,positive,4,0,api_client,LATAM
TCKT_043637,2023-03-07 13:10:14,CUST_05468,non_profit,chat,data_export,account_access,low,resolved,gold,My 2FA code is not working when I try to sign in.,Sorry to hear you're having trouble accessing your account. We will look into this and get back to you within the next 48 hours.,Reset account credentials and confirmed successful login.,57.33,0,negative,3,0,web,LATAM
TCKT_043638,2023-03-28 07:02:39,CUST_06961,enterprise,in_app,notifications,other,low,resolved,platinum,I need help but I'm not sure which category this fits in.,Thanks for contacting support. We will look into this and get back to you within the next 48 hours.,Provided general guidance and confirmed the issue was resolved.,14.14,0,neutral,4,0,android,MEA
TCKT_043810,2023-03-17 05:52:51,CUST_02496,small_business,phone_transcript,billing,account_access,low,in_progress,gold,I cannot log in; the system says my password is incorrect.,Sorry to hear you're having trouble accessing your account. We will look into this and get back to you within the next 48 hours.,,,0,very_negative,1,0,desktop_app,MEA
TCKT_043892,2023-03-30 23:51:55,CUST_02140,enterprise,phone_transcript,notifications,security_concern,medium,resolved,standard,We need details about your data encryption and compliance.,We take security very seriously. Our team is reviewing this and will follow up within 24 hours.,"Investigated logs, mitigated the issue, and updated security settings.",27.1,0,negative,3,0,android,EU
TCKT_043964,2023-03-20 10:04:29,CUST_00483,individual,email,mobile_app,security_concern,medium,resolved,standard,I noticed a suspicious login on my account.,We take security very seriously. Our team is reviewing this and will follow up within 24 hours.,"Investigated logs, mitigated the issue, and updated security settings.",13.57,0,negative,2,0,desktop_app,APAC
TCKT_043998,2023-03-11 18:08:43,CUST_01740,small_business,phone_transcript,data_export,billing_problem,low,resolved,standard,I downgraded my plan but I am still being billed for the higher tier.,Thanks for reaching out about the billing issue. We will look into this and get back to you within the next 48 hours.,Adjusted the invoice and issued a refund where applicable.,10.63,0,neutral,0,0,web,EU
TCKT_044033,2023-03-03 21:15:16,CUST_05451,individual,chat,login_auth,security_concern,high,in_progress,standard,There seems to be a vulnerability in the login auth functionality.,We take security very seriously. We are prioritizing this and will update you as soon as possible.,,,0,negative,0,0,android,APAC
TCKT_044064,2023-03-20 13:16:00,CUST_07927,non_profit,chat,mobile_app,billing_problem,low,in_progress,gold,My invoice amount is incorrect compared to the plan I selected.,Thanks for reaching out about the billing issue. We will look into this and get back to you within the next 48 hours.,,,0,neutral,0,0,ios,APAC
TCKT_044120,2023-03-27 05:11:19,CUST_08357,small_business,phone_transcript,data_export,bug,low,on_hold,standard,The data export feature is not saving my changes.,Thanks for reporting this bug. We will look into this and get back to you within the next 48 hours.,,,0,very_positive,0,0,android,
TCKT_044121,2023-03-19 00:13:26,CUST_01348,enterprise,phone_transcript,billing,security_concern,high,resolved,gold,There seems to be a vulnerability in the billing functionality.,We take security very seriously. We are prioritizing this and will update you as soon as possible.,"Investigated logs, mitigated the issue, and updated security settings.",1.93,0,very_negative,0,0,android,MEA
TCKT_044140,2023-03-04 06:52:17,CUST_04998,small_business,phone_transcript,data_export,performance,medium,open,standard,Queries in the data export module are timing out.,We understand performance issues can be frustrating. Our team is reviewing this and will follow up within 24 hours.,,,0,positive,0,0,web,EU
TCKT_044236,2023-03-11 09:00:45,CUST_08214,enterprise,email,mobile_app,feature_request,high,on_hold,standard,Our team needs more advanced options for mobile app.,Thanks for your feature suggestion. We are prioritizing this and will update you as soon as possible.,,,0,very_negative,0,1,web,LATAM
TCKT_044243,2023-03-01 07:38:42,CUST_07351,education,in_app,billing,feature_request,high,in_progress,gold,Our team needs more advanced options for billing.,Thanks for your feature suggestion. We are prioritizing this and will update you as soon as possible.,,,0,negative,0,0,ios,LATAM
TCKT_044253,2023-03-01 17:29:48,CUST_06271,non_profit,email,analytics_dashboard,other,medium,resolved,platinum,I need help but I'm not sure which category this fits in.,Thanks for contacting support. Our team is reviewing this and will follow up within 24 hours.,Provided general guidance and confirmed the issue was resolved.,24.42,0,neutral,0,0,ios,EU
TCKT_044310,2023-03-29 15:58:17,CUST_09243,small_business,phone_transcript,login_auth,performance,high,in_progress,gold,Queries in the login auth module are timing out.,We understand performance issues can be frustrating. We are prioritizing this and will update you as soon as possible.,,,0,negative,0,0,web,MEA
TCKT_044361,2023-03-09 06:00:18,CUST_09113,non_profit,phone_transcript,login_auth,billing_problem,low,resolved,standard,I was charged twice for my subscription this month.,Thanks for reaching out about the billing issue. We will look into this and get back to you within the next 48 hours.,Adjusted the invoice and issued a refund where applicable.,38.87,0,very_negative,2,0,desktop_app,
TCKT_044379,2023-03-03 10:13:36,CUST_03884,enterprise,email,mobile_app,account_access,low,open,standard,My 2FA code is not working when I try to sign in.,Sorry to hear you're having trouble accessing your account. We will look into this and get back to you within the next 48 hours.,,,0,negative,0,0,desktop_app,MEA
TCKT_044414,2023-03-23 12:43:50,CUST_05758,non_profit,email,mobile_app,performance,high,resolved,standard,Queries in the mobile app module are timing out.,We understand performance issues can be frustrating. We are prioritizing this and will update you as soon as possible.,Optimized queries and increased resource allocation.,22.67,0,negative,3,0,web,APAC
TCKT_044448,2023-03-16 19:33:44,CUST_08625,non_profit,phone_transcript,analytics_dashboard,account_access,low,in_progress,standard,My 2FA code is not working when I try to sign in.,Sorry to hear you're having trouble accessing your account. We will look into this and get back to you within the next 48 hours.,,,0,positive,5,0,api_client,EU
TCKT_044474,2023-03-25 23:13:40,CUST_01033,enterprise,email,data_export,account_access,low,on_hold,gold,I cannot log in; the system says my password is incorrect.,Sorry to hear you're having trouble accessing your account. We will look into this and get back to you within the next 48 hours.,,,0,negative,2,0,ios,EU
TCKT_044503,2023-03-31 03:43:38,CUST_01102,non_profit,in_app,mobile_app,performance,medium,on_hold,standard,Queries in the mobile app module are timing out.,We understand performance issues can be frustrating. Our team is reviewing this and will follow up within 24 hours.,,,0,positive,4,0,api_client,LATAM
TCKT_044509,2023-03-24 09:34:22,CUST_02620,individual,chat,billing,billing_problem,medium,resolved,standard,I downgraded my plan but I am still being billed for the higher tier.,Thanks for reaching out about the billing issue. Our team is reviewing this and will follow up within 24 hours.,Adjusted the invoice and issued a refund where applicable.,27.28,0,very_negative,2,1,desktop_app,MEA
TCKT_044523,2023-03-11 12:48:10,CUST_08654,small_business,in_app,notifications,other,urgent,closed_no_action,platinum,I have a general question about my account.,Thanks for contacting support. This has been escalated to our on-call team for immediate attention.,Ticket closed without further action after no response from the customer.,32.94,0,neutral,3,0,api_client,EU
TCKT_044526,2023-03-31 05:06:19,CUST_01788,enterprise,web_form,notifications,account_access,medium,on_hold,standard,My 2FA code is not working when I try to sign in.,Sorry to hear you're having trouble accessing your account. Our team is reviewing this and will follow up within 24 hours.,,,0,very_negative,0,1,desktop_app,
TCKT_044545,2023-03-24 18:24:09,CUST_04044,individual,chat,billing,other,medium,resolved,gold,"Something seems off, can you please check my workspace?",Thanks for contacting support. Our team is reviewing this and will follow up within 24 hours.,Provided general guidance and confirmed the issue was resolved.,45.97,0,positive,5,0,desktop_app,
TCKT_044582,2023-03-01 16:54:14,CUST_08457,small_business,in_app,login_auth,security_concern,medium,resolved,platinum,I noticed a suspicious login on my account.,We take security very seriously. Our team is reviewing this and will follow up within 24 hours.,"Investigated logs, mitigated the issue, and updated security settings.",27.42,0,negative,3,0,desktop_app,APAC
TCKT_044672,2023-03-07 01:30:17,CUST_07313,enterprise,phone_transcript,data_export,security_concern,low,closed_no_action,gold,We need details about your data encryption and compliance.,We take security very seriously. We will look into this and get back to you within the next 48 hours.,Ticket closed without further action after no response from the customer.,191.45,0,negative,2,0,api_client,APAC
TCKT_044681,2023-03-21 04:59:51,CUST_04526,enterprise,web_form,mobile_app,feature_request,medium,resolved,standard,It would be great to have mobile app support in your product.,Thanks for your feature suggestion. Our team is reviewing this and will follow up within 24 hours.,Captured the request and added it to the product backlog.,26.75,0,neutral,3,0,web,EU
TCKT_044682,2023-03-10 21:59:02,CUST_09604,individual,web_form,data_export,feature_request,low,on_hold,standard,Our team needs more advanced options for data export.,Thanks for your feature suggestion. We will look into this and get back to you within the next 48 hours.,,,0,neutral,3,1,api_client,MEA
TCKT_044780,2023-03-25 11:40:39,CUST_05785,small_business,email,login_auth,performance,low,in_progress,gold,The login auth page is very slow and takes a long time to load.,We understand performance issues can be frustrating. We will look into this and get back to you within the next 48 hours.,,,0,very_negative,0,1,desktop_app,APAC
TCKT_044955,2023-03-18 23:04:11,CUST_05883,small_business,web_form,data_export,security_concern,low,in_progress,platinum,There seems to be a vulnerability in the data export functionality.,We take security very seriously. We will look into this and get back to you within the next 48 hours.,,,0,positive,0,0,desktop_app,EU
TCKT_044957,2023-03-22 03:39:18,CUST_07950,individual,web_form,api_integration,how_to,low,in_progress,standard,How can I export my data from the api integration section?,Happy to help with your question. We will look into this and get back to you within the next 48 hours.,,,0,positive,0,1,desktop_app,LATAM
TCKT_045128,2023-03-26 20:49:54,CUST_08045,enterprise,in_app,analytics_dashboard,how_to,high,resolved,gold,How can I export my data from the analytics dashboard section?,Happy to help with your question. We are prioritizing this and will update you as soon as possible.,Provided step-by-step instructions and relevant documentation.,12.51,0,positive,5,1,desktop_app,
TCKT_045150,2023-03-13 14:53:17,CUST_06771,education,web_form,notifications,performance,high,on_hold,standard,Queries in the notifications module are timing out.,We understand performance issues can be frustrating. We are prioritizing this and will update you as soon as possible.,,,0,neutral,3,1,ios,MEA
TCKT_045168,2023-03-28 15:09:15,CUST_07148,small_business,phone_transcript,analytics_dashboard,how_to,medium,closed_no_action,standard,Can you explain how to configure analytics dashboard properly?,Happy to help with your question. Our team is reviewing this and will follow up within 24 hours.,Ticket closed without further action after no response from the customer.,235.14,0,very_positive,5,0,ios,
TCKT_045199,2023-03-03 23:44:24,CUST_07350,education,web_form,login_auth,billing_problem,medium,on_hold,standard,I was charged twice for my subscription this month.,Thanks for reaching out about the billing issue. Our team is reviewing this and will follow up within 24 hours.,,,0,neutral,0,0,api_client,EU
TCKT_045207,2023-03-04 07:20:39,CUST_09719,education,phone_transcript,login_auth,billing_problem,low,on_hold,gold,I downgraded my plan but I am still being billed for the higher tier.,Thanks for reaching out about the billing issue. We will look into this and get back to you within the next 48 hours.,,,0,negative,2,0,ios,EU
TCKT_045301,2023-03-24 08:36:45,CUST_03404,small_business,in_app,mobile_app,other,medium,in_progress,gold,"Something seems off, can you please check my workspace?",Thanks for contacting support. Our team is reviewing this and will follow up within 24 hours.,,,0,positive,5,0,android,EU
TCKT_045388,2023-03-01 01:33:07,CUST_09433,small_business,phone_transcript,billing,feature_request,low,open,standard,Our team needs more advanced options for billing.,Thanks for your feature suggestion. We will look into this and get back to you within the next 48 hours.,,,0,neutral,0,0,ios,APAC
TCKT_045406,2023-03-16 15:51:46,CUST_02310,enterprise,chat,api_integration,bug,medium,open,standard,The api integration feature is not saving my changes.,Thanks for reporting this bug. Our team is reviewing this and will follow up within 24 hours.,,,0,neutral,0,0,web,
TCKT_045411,2023-03-13 14:22:10,CUST_08120,education,chat,analytics_dashboard,account_access,medium,in_progress,standard,I cannot log in; the system says my password is incorrect.,Sorry to hear you're having trouble accessing your account. Our team is reviewing this and will follow up within 24 hours.,,,0,negative,3,0,android,EU
TCKT_045688,2023-03-13 03:38:13,CUST_08549,individual,web_form,billing,how_to,high,in_progress,standard,Can you explain how to configure billing properly?,Happy to help with your question. We are prioritizing this and will update you as soon as possible.,,,0,neutral,4,0,desktop_app,
TCKT_045748,2023-03-10 04:25:51,CUST_06728,enterprise,chat,data_export,other,low,open,standard,I need help but I'm not sure which category this fits in.,Thanks for contacting support. We will look into this and get back to you within the next 48 hours.,,,1,neutral,4,0,desktop_app,APAC
TCKT_045763,2023-03-17 23:40:16,CUST_01410,enterprise,web_form,api_integration,account_access,low,in_progress,gold,My account was locked after multiple failed login attempts.,Sorry to hear you're having trouble accessing your account. We will look into this and get back to you within the next 48 hours.,,,0,neutral,3,0,ios,APAC
TCKT_045773,2023-03-01 16:34:47,CUST_08417,small_business,chat,api_integration,security_concern,medium,on_hold,gold,There seems to be a vulnerability in the api integration functionality.,We take security very seriously. Our team is reviewing this and will follow up within 24 hours.,,,0,negative,0,0,android,LATAM
TCKT_045774,2023-03-23 06:15:46,CUST_00789,individual,in_app,api_integration,feature_request,medium,closed_no_action,standard,Our team needs more advanced options for api integration.,Thanks for your feature suggestion. Our team is reviewing this and will follow up within 24 hours.,Ticket closed without further action after no response from the customer.,96.93,0,neutral,3,0,android,EU
TCKT_045938,2023-03-02 18:21:32,CUST_00071,enterprise,email,login_auth,other,low,on_hold,gold,I need help but I'm not sure which category this fits in.,Thanks for contacting support. We will look into this and get back to you within the next 48 hours.,,,1,negative,0,0,api_client,LATAM
TCKT_045980,2023-03-09 11:06:23,CUST_00433,education,web_form,analytics_dashboard,other,low,resolved,gold,"Something seems off, can you please check my workspace?",Thanks for contacting support. We will look into this and get back to you within the next 48 hours.,Provided general guidance and confirmed the issue was resolved.,13.27,0,neutral,3,1,android,MEA
TCKT_045999,2023-03-01 13:56:37,CUST_09457,non_profit,email,api_integration,security_concern,medium,resolved,standard,There seems to be a vulnerability in the api integration functionality.,We take security very seriously. Our team is reviewing this and will follow up within 24 hours.,"Investigated logs, mitigated the issue, and updated security settings.",26.72,0,very_negative,0,0,ios,MEA
TCKT_046065,2023-03-26 22:09:11,CUST_05015,small_business,email,billing,account_access,medium,resolved,gold,My 2FA code is not working when I try to sign in.,Sorry to hear you're having trouble accessing your account. Our team is reviewing this and will follow up within 24 hours.,Reset account credentials and confirmed successful login.,27.58,0,very_negative,1,1,android,
TCKT_046110,2023-03-04 09:20:50,CUST_09854,education,web_form,api_integration,other,medium,resolved,standard,I need help but I'm not sure which category this fits in.,Thanks for contacting support. Our team is reviewing this and will follow up within 24 hours.,Provided general guidance and confirmed the issue was resolved.,35.78,0,very_negative,1,0,ios,
TCKT_046170,2023-03-20 22:26:46,CUST_07333,individual,in_app,data_export,bug,low,resolved,gold,I am seeing an error message when I click on data export.,Thanks for reporting this bug. We will look into this and get back to you within the next 48 hours.,Patched the bug and deployed a fix to production.,46.8,0,very_negative,2,0,api_client,LATAM
TCKT_046267,2023-03-06 12:48:28,CUST_03177,education,email,notifications,how_to,low,closed_no_action,gold,Can you explain how to configure notifications properly?,Happy to help with your question. We will look into this and get back to you within the next 48 hours.,Ticket closed without further action after no response from the customer.,224.13,0,positive,4,0,web,MEA
TCKT_046379,2023-03-03 20:54:36,CUST_05220,enterprise,chat,data_export,performance,medium,resolved,gold,Overall performance has degraded in the last few days.,We understand performance issues can be frustrating. Our team is reviewing this and will follow up within 24 hours.,Optimized queries and increased resource allocation.,36.05,1,very_negative,2,0,android,LATAM
TCKT_046402,2023-03-21 20:33:52,CUST_06934,individual,in_app,data_export,billing_problem,low,in_progress,gold,I downgraded my plan but I am still being billed for the higher tier.,Thanks for reaching out about the billing issue. We will look into this and get back to you within the next 48 hours.,,,0,negative,3,0,ios,APAC
TCKT_046420,2023-03-29 06:29:14,CUST_01979,enterprise,chat,api_integration,security_concern,medium,resolved,standard,I noticed a suspicious login on my account.,We take security very seriously. Our team is reviewing this and will follow up within 24 hours.,"Investigated logs, mitigated the issue, and updated security settings.",15.94,0,neutral,0,0,desktop_app,LATAM
TCKT_046460,2023-03-05 09:02:52,CUST_05130,non_profit,email,mobile_app,how_to,medium,closed_no_action,gold,I need help setting up mobile app for my team.,Happy to help with your question. Our team is reviewing this and will follow up within 24 hours.,Ticket closed without further action after no response from the customer.,106.46,0,positive,0,0,web,APAC
TCKT_046483,2023-03-25 08:39:24,CUST_01626,non_profit,web_form,analytics_dashboard,billing_problem,low,in_progress,standard,My invoice amount is incorrect compared to the plan I selected.,Thanks for reaching out about the billing issue. We will look into this and get back to you within the next 48 hours.,,,0,negative,3,0,ios,
TCKT_046549,2023-03-17 22:15:36,CUST_01442,enterprise,phone_transcript,billing,how_to,high,open,standard,Can you explain how to configure billing properly?,Happy to help with your question. We are prioritizing this and will update you as soon as possible.,,,0,neutral,3,0,android,MEA
TCKT_046597,2023-03-27 07:57:12,CUST_06726,non_profit,phone_transcript,analytics_dashboard,performance,high,resolved,platinum,Overall performance has degraded in the last few days.,We understand performance issues can be frustrating. We are prioritizing this and will update you as soon as possible.,Optimized queries and increased resource allocation.,20.3,0,neutral,3,0,ios,LATAM
TCKT_046625,2023-03-18 06:54:41,CUST_07722,education,web_form,notifications,security_concern,high,resolved,standard,There seems to be a vulnerability in the notifications functionality.,We take security very seriously. We are prioritizing this and will update you as soon as possible.,"Investigated logs, mitigated the issue, and updated security settings.",1.68,0,neutral,0,0,desktop_app,APAC
TCKT_046663,2023-03-05 09:35:25,CUST_07358,enterprise,web_form,mobile_app,security_concern,low,in_progress,gold,I noticed a suspicious login on my account.,We take security very seriously. We will look into this and get back to you within the next 48 hours.,,,0,neutral,3,0,api_client,APAC
TCKT_046766,2023-03-10 18:07:02,CUST_06266,enterprise,phone_transcript,mobile_app,security_concern,medium,on_hold,gold,There seems to be a vulnerability in the mobile app functionality.,We take security very seriously. Our team is reviewing this and will follow up within 24 hours.,,,1,negative,0,1,web,APAC
TCKT_046831,2023-03-03 11:35:03,CUST_02601,education,chat,analytics_dashboard,performance,urgent,resolved,gold,The analytics dashboard page is very slow and takes a long time to load.,We understand performance issues can be frustrating. This has been escalated to our on-call team for immediate attention.,Optimized queries and increased resource allocation.,7.96,0,negative,0,1,api_client,APAC
TCKT_046921,2023-03-18 05:45:25,CUST_00345,enterprise,phone_transcript,analytics_dashboard,bug,medium,resolved,gold,The analytics dashboard feature is not saving my changes.,Thanks for reporting this bug. Our team is reviewing this and will follow up within 24 hours.,Patched the bug and deployed a fix to production.,17.04,0,very_positive,5,0,api_client,LATAM
TCKT_046932,2023-03-30 21:00:06,CUST_08619,non_profit,phone_transcript,billing,how_to,high,closed_no_action,standard,Can you explain how to configure billing properly?,Happy to help with your question. We are prioritizing this and will update you as soon as possible.,Ticket closed without further action after no response from the customer.,122.42,0,neutral,0,0,ios,
TCKT_046984,2023-03-20 08:03:57,CUST_07445,enterprise,in_app,api_integration,security_concern,low,resolved,gold,There seems to be a vulnerability in the api integration functionality.,We take security very seriously. We will look into this and get back to you within the next 48 hours.,"Investigated logs, mitigated the issue, and updated security settings.",11.97,0,very_negative,2,0,ios,EU
TCKT_047133,2023-03-24 06:06:05,CUST_07293,non_profit,chat,notifications,how_to,high,in_progress,gold,Can you explain how to configure notifications properly?,Happy to help with your question. We are prioritizing this and will update you as soon as possible.,,,1,positive,0,0,web,MEA
TCKT_047139,2023-03-01 13:23:53,CUST_02425,education,web_form,mobile_app,performance,low,closed_no_action,gold,Overall performance has degraded in the last few days.,We understand performance issues can be frustrating. We will look into this and get back to you within the next 48 hours.,Ticket closed without further action after no response from the customer.,101.38,0,very_negative,0,0,web,
TCKT_047158,2023-03-20 10:55:26,CUST_07293,education,in_app,analytics_dashboard,how_to,urgent,in_progress,standard,Can you explain how to configure analytics dashboard properly?,Happy to help with your question. This has been escalated to our on-call team for immediate attention.,,,1,neutral,4,1,web,MEA
TCKT_047166,2023-03-03 18:31:45,CUST_08832,small_business,in_app,analytics_dashboard,bug,medium,resolved,gold,The page keeps crashing whenever I try to open the analytics dashboard section.,Thanks for reporting this bug. Our team is reviewing this and will follow up within 24 hours.,Patched the bug and deployed a fix to production.,41.38,0,neutral,0,1,api_client,EU
TCKT_047167,2023-03-27 23:43:12,CUST_09649,education,phone_transcript,login_auth,performance,medium,resolved,gold,Queries in the login auth module are timing out.,We understand performance issues can be frustrating. Our team is reviewing this and will follow up within 24 hours.,Optimized queries and increased resource allocation.,6.51,0,neutral,3,0,api_client,EU
TCKT_047177,2023-03-07 08:56:12,CUST_04444,enterprise,email,login_auth,account_access,high,open,standard,My account was locked after multiple failed login attempts.,Sorry to hear you're having trouble accessing your account. We are prioritizing this and will update you as soon as possible.,,,0,negative,3,0,api_client,APAC
TCKT_047248,2023-03-10 11:19:36,CUST_08159,individual,in_app,billing,other,medium,resolved,standard,I have a general question about my account.,Thanks for contacting support. Our team is reviewing this and will follow up within 24 hours.,Provided general guidance and confirmed the issue was resolved.,24.37,0,neutral,0,0,ios,
TCKT_047262,2023-03-06 04:35:05,CUST_07535,education,chat,notifications,security_concern,medium,closed_no_action,standard,I noticed a suspicious login on my account.,We take security very seriously. Our team is reviewing this and will follow up within 24 hours.,Ticket closed without further action after no response from the customer.,46.73,0,negative,0,0,android,LATAM
TCKT_047407,2023-03-02 13:34:37,CUST_00949,small_business,phone_transcript,api_integration,account_access,low,closed_no_action,gold,My 2FA code is not working when I try to sign in.,Sorry to hear you're having trouble accessing your account. We will look into this and get back to you within the next 48 hours.,Ticket closed without further action after no response from the customer.,238.09,0,very_positive,5,1,ios,EU
TCKT_047479,2023-03-01 20:53:16,CUST_09599,enterprise,chat,notifications,billing_problem,medium,in_progress,standard,My invoice amount is incorrect compared to the plan I selected.,Thanks for reaching out about the billing issue. Our team is reviewing this and will follow up within 24 hours.,,,0,negative,3,0,web,MEA
TCKT_047495,2023-03-31 09:07:21,CUST_05110,non_profit,in_app,data_export,feature_request,medium,resolved,platinum,Can you add an option to customize data export?,Thanks for your feature suggestion. Our team is reviewing this and will follow up within 24 hours.,Captured the request and added it to the product backlog.,20.73,0,neutral,4,0,ios,
TCKT_047515,2023-03-18 21:55:35,CUST_03763,individual,email,data_export,security_concern,low,closed_no_action,standard,I noticed a suspicious login on my account.,We take security very seriously. We will look into this and get back to you within the next 48 hours.,Ticket closed without further action after no response from the customer.,74.18,0,neutral,4,0,desktop_app,
TCKT_047549,2023-03-22 03:17:02,CUST_04930,non_profit,phone_transcript,login_auth,other,low,resolved,platinum,I have a general question about my account.,Thanks for contacting support. We will look into this and get back to you within the next 48 hours.,Provided general guidance and confirmed the issue was resolved.,35.98,0,neutral,4,0,android,MEA
TCKT_047552,2023-03-15 00:22:01,CUST_07046,enterprise,web_form,api_integration,bug,low,closed_no_action,standard,The api integration feature is not saving my changes.,Thanks for reporting this bug. We will look into this and get back to you within the next 48 hours.,Ticket closed without further action after no response from the customer.,207.59,0,very_negative,2,0,android,APAC
TCKT_047626,2023-03-12 03:49:27,CUST_00745,enterprise,email,data_export,account_access,high,resolved,standard,My account was locked after multiple failed login attempts.,Sorry to hear you're having trouble accessing your account. We are prioritizing this and will update you as soon as possible.,Reset account credentials and confirmed successful login.,3.82,0,neutral,4,0,api_client,APAC
TCKT_047630,2023-03-03 06:27:03,CUST_04506,enterprise,phone_transcript,mobile_app,feature_request,medium,resolved,standard,It would be great to have mobile app support in your product.,Thanks for your feature suggestion. Our team is reviewing this and will follow up within 24 hours.,Captured the request and added it to the product backlog.,38.87,0,neutral,4,0,ios,LATAM
TCKT_047652,2023-03-20 13:37:15,CUST_07438,non_profit,chat,analytics_dashboard,security_concern,high,resolved,standard,We need details about your data encryption and compliance.,We take security very seriously. We are prioritizing this and will update you as soon as possible.,"Investigated logs, mitigated the issue, and updated security settings.",10.02,0,very_negative,0,0,web,EU
TCKT_047656,2023-03-13 02:40:28,CUST_03062,non_profit,email,mobile_app,billing_problem,low,in_progress,gold,My invoice amount is incorrect compared to the plan I selected.,Thanks for reaching out about the billing issue. We will look into this and get back to you within the next 48 hours.,,,0,negative,3,0,android,LATAM
TCKT_047735,2023-03-26 22:03:55,CUST_08033,enterprise,email,billing,security_concern,high,open,standard,We need details about your data encryption and compliance.,We take security very seriously. We are prioritizing this and will update you as soon as possible.,,,0,very_negative,1,0,web,EU
TCKT_047819,2023-03-14 08:39:27,CUST_06476,non_profit,chat,analytics_dashboard,feature_request,high,resolved,standard,Can you add an option to customize analytics dashboard?,Thanks for your feature suggestion. We are prioritizing this and will update you as soon as possible.,Captured the request and added it to the product backlog.,21.33,0,neutral,0,1,desktop_app,
TCKT_047821,2023-03-29 16:37:30,CUST_04232,individual,web_form,billing,other,urgent,in_progress,standard,I have a general question about my account.,Thanks for contacting support. This has been escalated to our on-call team for immediate attention.,,,0,neutral,0,0,desktop_app,EU
TCKT_047860,2023-03-20 11:52:17,CUST_04673,small_business,chat,login_auth,other,high,resolved,standard,I have a general question about my account.,Thanks for contacting support. We are prioritizing this and will update you as soon as possible.,Provided general guidance and confirmed the issue was resolved.,7.18,0,neutral,4,0,api_client,EU
TCKT_047900,2023-03-31 18:57:15,CUST_00103,non_profit,in_app,data_export,security_concern,urgent,in_progress,gold,There seems to be a vulnerability in the data export functionality.,We take security very seriously. This has been escalated to our on-call team for immediate attention.,,,0,very_negative,1,0,web,LATAM
TCKT_047909,2023-03-02 20:24:42,CUST_01571,small_business,chat,data_export,feature_request,low,resolved,gold,Our team needs more advanced options for data export.,Thanks for your feature suggestion. We will look into this and get back to you within the next 48 hours.,Captured the request and added it to the product backlog.,37.95,0,neutral,4,0,ios,EU
TCKT_047913,2023-03-05 21:14:28,CUST_03313,enterprise,phone_transcript,billing,performance,high,resolved,standard,Queries in the billing module are timing out.,We understand performance issues can be frustrating. We are prioritizing this and will update you as soon as possible.,Optimized queries and increased resource allocation.,9.72,0,very_negative,0,0,api_client,MEA
TCKT_047987,2023-03-11 02:46:29,CUST_08609,individual,in_app,login_auth,bug,high,resolved,standard,The login auth feature is not saving my changes.,Thanks for reporting this bug. We are prioritizing this and will update you as soon as possible.,Patched the bug and deployed a fix to production.,18.57,0,very_positive,5,0,api_client,MEA
TCKT_048015,2023-03-11 14:28:16,CUST_09005,enterprise,email,mobile_app,security_concern,medium,resolved,standard,There seems to be a vulnerability in the mobile app functionality.,We take security very seriously. Our team is reviewing this and will follow up within 24 hours.,"Investigated logs, mitigated the issue, and updated security settings.",42.77,0,positive,0,0,android,MEA
TCKT_048067,2023-03-10 03:27:22,CUST_08262,education,email,billing,feature_request,high,resolved,gold,Our team needs more advanced options for billing.,Thanks for your feature suggestion. We are prioritizing this and will update you as soon as possible.,Captured the request and added it to the product backlog.,15.67,0,negative,2,0,android,LATAM
TCKT_048089,2023-03-25 01:18:25,CUST_00910,non_profit,phone_transcript,analytics_dashboard,account_access,low,resolved,standard,My account was locked after multiple failed login attempts.,Sorry to hear you're having trouble accessing your account. We will look into this and get back to you within the next 48 hours.,Reset account credentials and confirmed successful login.,56.83,0,very_negative,0,0,android,EU
TCKT_048103,2023-03-07 10:59:06,CUST_05670,education,email,billing,account_access,medium,resolved,platinum,I cannot log in; the system says my password is incorrect.,Sorry to hear you're having trouble accessing your account. Our team is reviewing this and will follow up within 24 hours.,Reset account credentials and confirmed successful login.,39.66,0,neutral,3,0,android,LATAM
TCKT_048252,2023-03-12 15:01:26,CUST_02626,enterprise,phone_transcript,notifications,other,high,closed_no_action,gold,"Something seems off, can you please check my workspace?",Thanks for contacting support. We are prioritizing this and will update you as soon as possible.,Ticket closed without further action after no response from the customer.,220.67,0,neutral,4,0,web,EU
TCKT_048270,2023-03-30 06:53:40,CUST_02850,non_profit,email,notifications,security_concern,low,closed_no_action,standard,There seems to be a vulnerability in the notifications functionality.,We take security very seriously. We will look into this and get back to you within the next 48 hours.,Ticket closed without further action after no response from the customer.,86.8,0,negative,2,0,ios,
TCKT_048273,2023-03-13 23:37:15,CUST_04988,enterprise,chat,mobile_app,how_to,low,resolved,standard,Can you explain how to configure mobile app properly?,Happy to help with your question. We will look into this and get back to you within the next 48 hours.,Provided step-by-step instructions and relevant documentation.,63.66,0,negative,0,0,android,EU
TCKT_048350,2023-03-20 07:04:07,CUST_04742,enterprise,phone_transcript,data_export,security_concern,high,resolved,standard,We need details about your data encryption and compliance.,We take security very seriously. We are prioritizing this and will update you as soon as possible.,"Investigated logs, mitigated the issue, and updated security settings.",22.05,0,very_positive,5,0,api_client,LATAM
TCKT_048400,2023-03-23 09:21:58,CUST_03917,individual,chat,login_auth,security_concern,medium,in_progress,platinum,There seems to be a vulnerability in the login auth functionality.,We take security very seriously. Our team is reviewing this and will follow up within 24 hours.,,,0,negative,2,0,desktop_app,
TCKT_048471,2023-03-11 04:35:45,CUST_04307,individual,in_app,analytics_dashboard,account_access,low,resolved,gold,My 2FA code is not working when I try to sign in.,Sorry to hear you're having trouble accessing your account. We will look into this and get back to you within the next 48 hours.,Reset account credentials and confirmed successful login.,69.8,0,neutral,0,0,ios,LATAM
TCKT_048474,2023-03-24 11:57:42,CUST_06194,education,web_form,mobile_app,billing_problem,medium,resolved,platinum,My invoice amount is incorrect compared to the plan I selected.,Thanks for reaching out about the billing issue. Our team is reviewing this and will follow up within 24 hours.,Adjusted the invoice and issued a refund where applicable.,25.11,0,neutral,4,1,android,EU
TCKT_048587,2023-03-27 04:25:09,CUST_02489,enterprise,email,analytics_dashboard,bug,low,in_progress,standard,I am seeing an error message when I click on analytics dashboard.,Thanks for reporting this bug. We will look into this and get back to you within the next 48 hours.,,,0,neutral,3,1,desktop_app,
TCKT_048617,2023-03-06 14:00:17,CUST_04822,non_profit,in_app,api_integration,bug,medium,on_hold,gold,I am seeing an error message when I click on api integration.,Thanks for reporting this bug. Our team is reviewing this and will follow up within 24 hours.,,,0,positive,4,1,api_client,LATAM
TCKT_048644,2023-03-18 11:06:19,CUST_03692,education,phone_transcript,notifications,performance,low,resolved,standard,Queries in the notifications module are timing out.,We understand performance issues can be frustrating. We will look into this and get back to you within the next 48 hours.,Optimized queries and increased resource allocation.,10.35,0,negative,0,0,desktop_app,
TCKT_048682,2023-03-30 22:35:49,CUST_00466,education,chat,notifications,account_access,high,in_progress,standard,My account was locked after multiple failed login attempts.,Sorry to hear you're having trouble accessing your account. We are prioritizing this and will update you as soon as possible.,,,0,very_negative,2,0,android,
TCKT_048711,2023-03-09 06:51:10,CUST_02943,education,email,api_integration,feature_request,low,in_progress,standard,Our team needs more advanced options for api integration.,Thanks for your feature suggestion. We will look into this and get back to you within the next 48 hours.,,,0,neutral,0,0,desktop_app,EU
TCKT_048768,2023-03-28 21:18:44,CUST_06109,education,phone_transcript,billing,account_access,medium,resolved,standard,I cannot log in; the system says my password is incorrect.,Sorry to hear you're having trouble accessing your account. Our team is reviewing this and will follow up within 24 hours.,Reset account credentials and confirmed successful login.,6.5,0,negative,3,1,ios,LATAM
TCKT_048788,2023-03-22 06:53:20,CUST_01568,education,in_app,notifications,billing_problem,medium,resolved,gold,My invoice amount is incorrect compared to the plan I selected.,Thanks for reaching out about the billing issue. Our team is reviewing this and will follow up within 24 hours.,Adjusted the invoice and issued a refund where applicable.,21.87,0,very_negative,2,0,desktop_app,
TCKT_048842,2023-03-14 11:41:58,CUST_04887,education,email,api_integration,account_access,high,resolved,gold,I cannot log in; the system says my password is incorrect.,Sorry to hear you're having trouble accessing your account. We are prioritizing this and will update you as soon as possible.,Reset account credentials and confirmed successful login.,7.49,0,very_positive,5,0,desktop_app,
TCKT_049057,2023-03-24 15:28:03,CUST_09531,enterprise,web_form,notifications,account_access,urgent,in_progress,standard,I cannot log in; the system says my password is incorrect.,Sorry to hear you're having trouble accessing your account. This has been escalated to our on-call team for immediate attention.,,,0,negative,3,0,web,EU
TCKT_049090,2023-03-12 18:08:08,CUST_00120,small_business,chat,notifications,performance,high,resolved,standard,The notifications page is very slow and takes a long time to load.,We understand performance issues can be frustrating. We are prioritizing this and will update you as soon as possible.,Optimized queries and increased resource allocation.,1.14,0,very_negative,0,0,ios,APAC
TCKT_049125,2023-03-19 18:23:27,CUST_05530,education,web_form,analytics_dashboard,account_access,high,resolved,gold,My account was locked after multiple failed login attempts.,Sorry to hear you're having trouble accessing your account. We are prioritizing this and will update you as soon as possible.,Reset account credentials and confirmed successful login.,8.57,0,neutral,3,0,android,APAC
TCKT_049186,2023-03-31 04:58:37,CUST_06877,individual,web_form,api_integration,performance,medium,in_progress,standard,The api integration page is very slow and takes a long time to load.,We understand performance issues can be frustrating. Our team is reviewing this and will follow up within 24 hours.,,,0,negative,2,0,api_client,LATAM
TCKT_049250,2023-03-05 04:44:46,CUST_03249,individual,web_form,notifications,billing_problem,high,resolved,platinum,My invoice amount is incorrect compared to the plan I selected.,Thanks for reaching out about the billing issue. We are prioritizing this and will update you as soon as possible.,Adjusted the invoice and issued a refund where applicable.,1.48,0,negative,2,0,ios,MEA
TCKT_049253,2023-03-07 10:36:27,CUST_08554,small_business,email,billing,how_to,low,in_progress,standard,I need help setting up billing for my team.,Happy to help with your question. We will look into this and get back to you within the next 48 hours.,,,0,very_positive,0,0,ios,
TCKT_049289,2023-03-05 19:23:43,CUST_07281,enterprise,in_app,mobile_app,other,low,resolved,platinum,I have a general question about my account.,Thanks for contacting support. We will look into this and get back to you within the next 48 hours.,Provided general guidance and confirmed the issue was resolved.,26.52,0,neutral,3,0,desktop_app,EU
TCKT_049349,2023-03-09 06:47:59,CUST_03338,non_profit,in_app,api_integration,account_access,medium,resolved,standard,My 2FA code is not working when I try to sign in.,Sorry to hear you're having trouble accessing your account. Our team is reviewing this and will follow up within 24 hours.,Reset account credentials and confirmed successful login.,42.8,0,negative,2,1,api_client,APAC
TCKT_049446,2023-03-07 21:37:10,CUST_02897,enterprise,chat,login_auth,billing_problem,low,resolved,standard,I downgraded my plan but I am still being billed for the higher tier.,Thanks for reaching out about the billing issue. We will look into this and get back to you within the next 48 hours.,Adjusted the invoice and issued a refund where applicable.,22.58,0,neutral,0,0,desktop_app,EU
TCKT_049511,2023-03-05 15:23:00,CUST_00565,enterprise,phone_transcript,login_auth,feature_request,low,on_hold,platinum,Can you add an option to customize login auth?,Thanks for your feature suggestion. We will look into this and get back to you within the next 48 hours.,,,0,very_positive,0,0,android,
TCKT_049572,2023-03-19 16:32:09,CUST_08036,enterprise,web_form,analytics_dashboard,other,low,on_hold,standard,I have a general question about my account.,Thanks for contacting support. We will look into this and get back to you within the next 48 hours.,,,0,negative,2,0,api_client,LATAM
TCKT_049606,2023-03-21 00:46:38,CUST_07197,non_profit,web_form,mobile_app,how_to,medium,resolved,platinum,How can I export my data from the mobile app section?,Happy to help with your question. Our team is reviewing this and will follow up within 24 hours.,Provided step-by-step instructions and relevant documentation.,20.03,0,neutral,4,1,android,APAC
TCKT_049790,2023-03-18 17:31:32,CUST_05131,small_business,chat,data_export,security_concern,medium,in_progress,standard,I noticed a suspicious login on my account.,We take security very seriously. Our team is reviewing this and will follow up within 24 hours.,,,0,very_negative,1,0,api_client,EU
TCKT_049839,2023-03-14 05:51:04,CUST_04905,education,chat,data_export,security_concern,high,resolved,standard,There seems to be a vulnerability in the data export functionality.,We take security very seriously. We are prioritizing this and will update you as soon as possible.,"Investigated logs, mitigated the issue, and updated security settings.",5.51,0,negative,3,1,ios,LATAM
TCKT_049852,2023-03-18 06:35:25,CUST_05784,education,chat,analytics_dashboard,account_access,low,resolved,standard,My account was locked after multiple failed login attempts.,Sorry to hear you're having trouble accessing your account. We will look into this and get back to you within the next 48 hours.,Reset account credentials and confirmed successful login.,38.31,0,positive,0,0,web,LATAM
TCKT_049917,2023-03-25 07:03:12,CUST_01466,education,phone_transcript,notifications,how_to,high,on_hold,standard,Can you explain how to configure notifications properly?,Happy to help with your question. We are prioritizing this and will update you as soon as possible.,,,0,neutral,4,0,ios,
TCKT_049969,2023-03-31 06:08:12,CUST_04464,individual,web_form,analytics_dashboard,security_concern,medium,resolved,gold,I noticed a suspicious login on my account.,We take security very seriously. Our team is reviewing this and will follow up within 24 hours.,"Investigated logs, mitigated the issue, and updated security settings.",28.55,0,very_negative,0,0,ios,LATAM
TCKT_050038,2023-03-03 01:05:41,CUST_04961,small_business,phone_transcript,login_auth,feature_request,low,resolved,standard,It would be great to have login auth support in your product.,Thanks for your feature suggestion. We will look into this and get back to you within the next 48 hours.,Captured the request and added it to the product backlog.,70.22,0,positive,4,0,api_client,MEA
TCKT_050046,2023-03-13 11:48:53,CUST_04148,individual,email,notifications,other,low,resolved,standard,"Something seems off, can you please check my workspace?",Thanks for contacting support. We will look into this and get back to you within the next 48 hours.,Provided general guidance and confirmed the issue was resolved.,32.39,0,neutral,4,1,api_client,LATAM
TCKT_050070,2023-03-13 06:51:56,CUST_07379,individual,chat,data_export,feature_request,low,resolved,standard,It would be great to have data export support in your product.,Thanks for your feature suggestion. We will look into this and get back to you within the next 48 hours.,Captured the request and added it to the product backlog.,27.74,0,neutral,0,0,web,LATAM
TCKT_050076,2023-03-03 21:02:00,CUST_03134,non_profit,in_app,analytics_dashboard,performance,low,resolved,standard,Queries in the analytics dashboard module are timing out.,We understand performance issues can be frustrating. We will look into this and get back to you within the next 48 hours.,Optimized queries and increased resource allocation.,24.53,0,positive,4,0,android,APAC
TCKT_050144,2023-03-26 23:54:19,CUST_05354,education,web_form,login_auth,bug,high,resolved,standard,I am seeing an error message when I click on login auth.,Thanks for reporting this bug. We are prioritizing this and will update you as soon as possible.,Patched the bug and deployed a fix to production.,12.28,0,neutral,0,1,android,MEA
TCKT_050165,2023-03-24 09:21:33,CUST_01522,individual,web_form,notifications,how_to,medium,in_progress,gold,I need help setting up notifications for my team.,Happy to help with your question. Our team is reviewing this and will follow up within 24 hours.,,,0,neutral,0,0,android,MEA
TCKT_050293,2023-03-07 17:47:56,CUST_01267,enterprise,chat,mobile_app,account_access,medium,resolved,standard,My 2FA code is not working when I try to sign in.,Sorry to hear you're having trouble accessing your account. Our team is reviewing this and will follow up within 24 hours.,Reset account credentials and confirmed successful login.,21.66,0,positive,5,1,web,MEA
TCKT_050298,2023-03-12 15:08:56,CUST_01252,enterprise,chat,notifications,how_to,low,resolved,gold,Can you explain how to configure notifications properly?,Happy to help with your question. We will look into this and get back to you within the next 48 hours.,Provided step-by-step instructions and relevant documentation.,59.35,0,neutral,4,0,web,
TCKT_050346,2023-03-17 20:06:39,CUST_06540,education,in_app,notifications,other,low,closed_no_action,gold,I need help but I'm not sure which category this fits in.,Thanks for contacting support. We will look into this and get back to you within the next 48 hours.,Ticket closed without further action after no response from the customer.,25.23,0,neutral,4,1,api_client,EU
TCKT_050358,2023-03-27 19:45:23,CUST_07754,non_profit,in_app,billing,billing_problem,low,open,gold,I downgraded my plan but I am still being billed for the higher tier.,Thanks for reaching out about the billing issue. We will look into this and get back to you within the next 48 hours.,,,0,very_negative,0,0,desktop_app,MEA
TCKT_050451,2023-03-03 12:50:59,CUST_04896,small_business,chat,api_integration,security_concern,medium,resolved,gold,I noticed a suspicious login on my account.,We take security very seriously. Our team is reviewing this and will follow up within 24 hours.,"Investigated logs, mitigated the issue, and updated security settings.",31.02,1,very_negative,0,0,android,
TCKT_050647,2023-03-06 15:23:29,CUST_07488,education,chat,billing,performance,low,in_progress,standard,The billing page is very slow and takes a long time to load.,We understand performance issues can be frustrating. We will look into this and get back to you within the next 48 hours.,,,0,neutral,4,0,desktop_app,EU
TCKT_050703,2023-03-28 06:50:04,CUST_09838,non_profit,email,login_auth,feature_request,high,resolved,standard,It would be great to have login auth support in your product.,Thanks for your feature suggestion. We are prioritizing this and will update you as soon as possible.,Captured the request and added it to the product backlog.,14.81,0,neutral,4,0,android,EU
TCKT_050782,2023-03-10 06:21:39,CUST_05206,enterprise,web_form,data_export,feature_request,high,in_progress,standard,Our team needs more advanced options for data export.,Thanks for your feature suggestion. We are prioritizing this and will update you as soon as possible.,,,0,neutral,4,0,api_client,MEA
TCKT_050838,2023-03-30 07:05:22,CUST_05842,individual,email,analytics_dashboard,billing_problem,medium,in_progress,standard,I was charged twice for my subscription this month.,Thanks for reaching out about the billing issue. Our team is reviewing this and will follow up within 24 hours.,,,0,negative,3,1,android,MEA
TCKT_050857,2023-03-02 22:34:43,CUST_00614,education,phone_transcript,analytics_dashboard,other,low,on_hold,standard,I need help but I'm not sure which category this fits in.,Thanks for contacting support. We will look into this and get back to you within the next 48 hours.,,,0,very_negative,0,0,android,EU
TCKT_050870,2023-03-28 10:55:06,CUST_08216,individual,phone_transcript,mobile_app,how_to,medium,resolved,standard,Can you explain how to configure mobile app properly?,Happy to help with your question. Our team is reviewing this and will follow up within 24 hours.,Provided step-by-step instructions and relevant documentation.,19.2,0,negative,3,0,android,MEA
TCKT_050918,2023-03-01 15:42:58,CUST_04380,education,email,api_integration,performance,high,resolved,standard,The api integration page is very slow and takes a long time to load.,We understand performance issues can be frustrating. We are prioritizing this and will update you as soon as possible.,Optimized queries and increased resource allocation.,2.94,0,very_positive,5,0,web,
TCKT_050947,2023-03-14 16:39:29,CUST_01603,small_business,phone_transcript,api_integration,security_concern,low,resolved,platinum,There seems to be a vulnerability in the api integration functionality.,We take security very seriously. We will look into this and get back to you within the next 48 hours.,"Investigated logs, mitigated the issue, and updated security settings.",67.37,0,positive,5,0,ios,MEA
TCKT_050980,2023-03-29 12:06:49,CUST_04285,small_business,chat,login_auth,account_access,medium,on_hold,gold,My 2FA code is not working when I try to sign in.,Sorry to hear you're having trouble accessing your account. Our team is reviewing this and will follow up within 24 hours.,,,0,very_positive,0,0,desktop_app,LATAM
TCKT_051036,2023-03-23 14:37:54,CUST_04666,small_business,web_form,mobile_app,feature_request,low,open,standard,It would be great to have mobile app support in your product.,Thanks for your feature suggestion. We will look into this and get back to you within the next 48 hours.,,,0,neutral,4,1,desktop_app,EU
TCKT_051149,2023-03-19 15:21:29,CUST_08537,small_business,email,data_export,other,low,resolved,standard,I have a general question about my account.,Thanks for contacting support. We will look into this and get back to you within the next 48 hours.,Provided general guidance and confirmed the issue was resolved.,59.0,0,positive,0,1,android,LATAM
TCKT_051155,2023-03-09 18:38:18,CUST_06053,education,phone_transcript,notifications,other,high,closed_no_action,standard,I have a general question about my account.,Thanks for contacting support. We are prioritizing this and will update you as soon as possible.,Ticket closed without further action after no response from the customer.,72.71,0,negative,2,1,api_client,MEA
TCKT_051172,2023-03-22 21:48:32,CUST_01344,non_profit,web_form,billing,account_access,low,resolved,standard,My 2FA code is not working when I try to sign in.,Sorry to hear you're having trouble accessing your account. We will look into this and get back to you within the next 48 hours.,Reset account credentials and confirmed successful login.,33.5,0,neutral,0,1,android,
TCKT_051173,2023-03-25 15:07:20,CUST_01000,enterprise,email,analytics_dashboard,how_to,low,resolved,gold,Can you explain how to configure analytics dashboard properly?,Happy to help with your question. We will look into this and get back to you within the next 48 hours.,Provided step-by-step instructions and relevant documentation.,51.34,0,positive,0,0,desktop_app,MEA
TCKT_051218,2023-03-20 13:46:36,CUST_06372,non_profit,phone_transcript,login_auth,billing_problem,medium,in_progress,standard,My invoice amount is incorrect compared to the plan I selected.,Thanks for reaching out about the billing issue. Our team is reviewing this and will follow up within 24 hours.,,,0,neutral,0,0,desktop_app,MEA
TCKT_051237,2023-03-11 08:12:17,CUST_09284,non_profit,web_form,analytics_dashboard,other,low,closed_no_action,gold,I need help but I'm not sure which category this fits in.,Thanks for contacting support. We will look into this and get back to you within the next 48 hours.,Ticket closed without further action after no response from the customer.,227.16,0,very_negative,0,0,ios,APAC
TCKT_051264,2023-03-04 06:40:15,CUST_03702,individual,email,api_integration,bug,medium,resolved,standard,I am seeing an error message when I click on api integration.,Thanks for reporting this bug. Our team is reviewing this and will follow up within 24 hours.,Patched the bug and deployed a fix to production.,39.99,0,positive,4,0,ios,MEA
TCKT_051270,2023-03-16 01:01:19,CUST_05244,small_business,chat,data_export,other,low,resolved,standard,I need help but I'm not sure which category this fits in.,Thanks for contacting support. We will look into this and get back to you within the next 48 hours.,Provided general guidance and confirmed the issue was resolved.,13.65,0,very_negative,1,0,android,APAC
TCKT_051273,2023-03-22 15:51:41,CUST_06307,education,chat,billing,other,high,resolved,gold,"Something seems off, can you please check my workspace?",Thanks for contacting support. We are prioritizing this and will update you as soon as possible.,Provided general guidance and confirmed the issue was resolved.,21.68,0,negative,0,0,web,APAC
TCKT_051395,2023-03-09 20:43:25,CUST_05296,small_business,email,billing,billing_problem,urgent,resolved,standard,I was charged twice for my subscription this month.,Thanks for reaching out about the billing issue. This has been escalated to our on-call team for immediate attention.,Adjusted the invoice and issued a refund where applicable.,5.88,0,negative,0,0,android,APAC
TCKT_051399,2023-03-29 15:41:06,CUST_05546,enterprise,chat,login_auth,performance,low,in_progress,standard,Overall performance has degraded in the last few days.,We understand performance issues can be frustrating. We will look into this and get back to you within the next 48 hours.,,,0,positive,5,0,android,MEA
TCKT_051435,2023-03-01 12:54:02,CUST_04982,non_profit,in_app,login_auth,security_concern,medium,resolved,gold,I noticed a suspicious login on my account.,We take security very seriously. Our team is reviewing this and will follow up within 24 hours.,"Investigated logs, mitigated the issue, and updated security settings.",11.9,0,very_negative,0,0,ios,LATAM
TCKT_051454,2023-03-10 09:15:21,CUST_07405,non_profit,chat,api_integration,other,low,resolved,gold,I have a general question about my account.,Thanks for contacting support. We will look into this and get back to you within the next 48 hours.,Provided general guidance and confirmed the issue was resolved.,60.29,0,positive,5,0,ios,MEA
TCKT_051479,2023-03-04 22:37:54,CUST_06213,education,email,data_export,performance,low,resolved,gold,Queries in the data export module are timing out.,We understand performance issues can be frustrating. We will look into this and get back to you within the next 48 hours.,Optimized queries and increased resource allocation.,62.33,0,very_negative,0,0,web,APAC
TCKT_051627,2023-03-08 04:02:17,CUST_01349,small_business,web_form,notifications,how_to,high,resolved,standard,How can I export my data from the notifications section?,Happy to help with your question. We are prioritizing this and will update you as soon as possible.,Provided step-by-step instructions and relevant documentation.,3.64,0,neutral,3,0,desktop_app,APAC
TCKT_051672,2023-03-11 12:49:40,CUST_04253,small_business,email,analytics_dashboard,account_access,low,resolved,gold,My account was locked after multiple failed login attempts.,Sorry to hear you're having trouble accessing your account. We will look into this and get back to you within the next 48 hours.,Reset account credentials and confirmed successful login.,16.16,0,very_negative,1,0,desktop_app,EU
TCKT_051694,2023-03-22 07:32:29,CUST_02026,individual,web_form,api_integration,billing_problem,high,resolved,platinum,I downgraded my plan but I am still being billed for the higher tier.,Thanks for reaching out about the billing issue. We are prioritizing this and will update you as soon as possible.,Adjusted the invoice and issued a refund where applicable.,6.6,0,positive,4,0,desktop_app,EU
TCKT_051711,2023-03-25 06:16:33,CUST_02320,small_business,phone_transcript,data_export,bug,urgent,resolved,gold,The data export feature is not saving my changes.,Thanks for reporting this bug. This has been escalated to our on-call team for immediate attention.,Patched the bug and deployed a fix to production.,3.55,0,very_positive,5,0,ios,
TCKT_051743,2023-03-03 01:30:15,CUST_06069,education,email,notifications,other,high,resolved,standard,I have a general question about my account.,Thanks for contacting support. We are prioritizing this and will update you as soon as possible.,Provided general guidance and confirmed the issue was resolved.,14.87,1,negative,0,1,android,APAC
TCKT_051758,2023-03-03 12:41:30,CUST_09851,individual,phone_transcript,mobile_app,account_access,low,open,standard,My 2FA code is not working when I try to sign in.,Sorry to hear you're having trouble accessing your account. We will look into this and get back to you within the next 48 hours.,,,0,negative,3,0,api_client,APAC
TCKT_051765,2023-03-30 22:57:48,CUST_06912,non_profit,email,billing,security_concern,medium,resolved,gold,I noticed a suspicious login on my account.,We take security very seriously. Our team is reviewing this and will follow up within 24 hours.,"Investigated logs, mitigated the issue, and updated security settings.",11.37,0,negative,0,0,desktop_app,EU
TCKT_051803,2023-03-25 07:15:27,CUST_04207,small_business,web_form,mobile_app,billing_problem,medium,resolved,gold,I was charged twice for my subscription this month.,Thanks for reaching out about the billing issue. Our team is reviewing this and will follow up within 24 hours.,Adjusted the invoice and issued a refund where applicable.,27.24,0,very_negative,0,1,ios,
TCKT_051895,2023-03-07 18:10:50,CUST_01866,small_business,chat,billing,billing_problem,medium,resolved,standard,I downgraded my plan but I am still being billed for the higher tier.,Thanks for reaching out about the billing issue. Our team is reviewing this and will follow up within 24 hours.,Adjusted the invoice and issued a refund where applicable.,12.33,0,negative,3,1,ios,MEA
TCKT_052038,2023-03-08 23:53:15,CUST_01434,education,web_form,login_auth,bug,high,open,standard,I am seeing an error message when I click on login auth.,Thanks for reporting this bug. We are prioritizing this and will update you as soon as possible.,,,0,very_negative,2,0,desktop_app,APAC
TCKT_052053,2023-03-05 04:24:52,CUST_02956,non_profit,in_app,mobile_app,bug,medium,on_hold,gold,The mobile app feature is not saving my changes.,Thanks for reporting this bug. Our team is reviewing this and will follow up within 24 hours.,,,0,neutral,0,0,api_client,EU
TCKT_052069,2023-03-26 01:06:50,CUST_08985,non_profit,phone_transcript,data_export,security_concern,low,resolved,standard,There seems to be a vulnerability in the data export functionality.,We take security very seriously. We will look into this and get back to you within the next 48 hours.,"Investigated logs, mitigated the issue, and updated security settings.",55.05,0,neutral,0,0,ios,MEA
TCKT_052113,2023-03-24 23:43:20,CUST_02491,education,web_form,analytics_dashboard,security_concern,low,closed_no_action,standard,We need details about your data encryption and compliance.,We take security very seriously. We will look into this and get back to you within the next 48 hours.,Ticket closed without further action after no response from the customer.,77.01,0,very_negative,2,0,ios,MEA
TCKT_052126,2023-03-24 12:48:50,CUST_08599,non_profit,email,mobile_app,performance,low,resolved,standard,Queries in the mobile app module are timing out.,We understand performance issues can be frustrating. We will look into this and get back to you within the next 48 hours.,Optimized queries and increased resource allocation.,36.04,0,negative,3,0,ios,EU
TCKT_052186,2023-03-26 10:20:24,CUST_05818,small_business,in_app,api_integration,other,medium,on_hold,standard,"Something seems off, can you please check my workspace?",Thanks for contacting support. Our team is reviewing this and will follow up within 24 hours.,,,0,neutral,4,0,web,MEA
TCKT_052193,2023-03-10 06:48:20,CUST_06500,individual,in_app,api_integration,how_to,low,resolved,gold,How can I export my data from the api integration section?,Happy to help with your question. We will look into this and get back to you within the next 48 hours.,Provided step-by-step instructions and relevant documentation.,51.38,0,negative,3,1,android,EU
TCKT_052210,2023-03-31 11:27:42,CUST_01467,individual,phone_transcript,analytics_dashboard,billing_problem,high,resolved,gold,My invoice amount is incorrect compared to the plan I selected.,Thanks for reaching out about the billing issue. We are prioritizing this and will update you as soon as possible.,Adjusted the invoice and issued a refund where applicable.,5.04,0,very_negative,1,0,desktop_app,MEA
TCKT_052223,2023-03-12 09:09:31,CUST_01633,non_profit,chat,mobile_app,billing_problem,high,closed_no_action,standard,I was charged twice for my subscription this month.,Thanks for reaching out about the billing issue. We are prioritizing this and will update you as soon as possible.,Ticket closed without further action after no response from the customer.,166.7,0,very_negative,2,0,api_client,EU
TCKT_052305,2023-03-20 17:24:48,CUST_07154,small_business,email,analytics_dashboard,feature_request,low,resolved,gold,It would be great to have analytics dashboard support in your product.,Thanks for your feature suggestion. We will look into this and get back to you within the next 48 hours.,Captured the request and added it to the product backlog.,62.47,1,very_negative,2,0,api_client,LATAM
TCKT_052343,2023-03-10 16:35:39,CUST_06305,non_profit,in_app,login_auth,billing_problem,low,resolved,standard,I downgraded my plan but I am still being billed for the higher tier.,Thanks for reaching out about the billing issue. We will look into this and get back to you within the next 48 hours.,Adjusted the invoice and issued a refund where applicable.,68.33,0,negative,3,0,ios,
TCKT_052361,2023-03-05 10:55:36,CUST_09195,enterprise,in_app,api_integration,security_concern,high,resolved,standard,We need details about your data encryption and compliance.,We take security very seriously. We are prioritizing this and will update you as soon as possible.,"Investigated logs, mitigated the issue, and updated security settings.",16.42,0,very_positive,5,0,ios,MEA
TCKT_052392,2023-03-13 15:12:30,CUST_07035,non_profit,email,billing,performance,urgent,open,gold,Queries in the billing module are timing out.,We understand performance issues can be frustrating. This has been escalated to our on-call team for immediate attention.,,,0,negative,0,0,android,
TCKT_052427,2023-03-22 05:04:50,CUST_07959,small_business,in_app,api_integration,bug,low,on_hold,standard,The api integration feature is not saving my changes.,Thanks for reporting this bug. We will look into this and get back to you within the next 48 hours.,,,0,positive,0,0,web,APAC
TCKT_052446,2023-03-24 20:42:31,CUST_09801,small_business,web_form,data_export,security_concern,medium,resolved,standard,We need details about your data encryption and compliance.,We take security very seriously. Our team is reviewing this and will follow up within 24 hours.,"Investigated logs, mitigated the issue, and updated security settings.",7.77,0,negative,0,1,ios,LATAM
TCKT_052454,2023-03-30 06:40:33,CUST_01305,education,in_app,data_export,feature_request,low,closed_no_action,gold,Our team needs more advanced options for data export.,Thanks for your feature suggestion. We will look into this and get back to you within the next 48 hours.,Ticket closed without further action after no response from the customer.,107.56,0,neutral,3,0,web,
TCKT_052519,2023-03-21 13:35:10,CUST_07647,small_business,email,api_integration,bug,low,resolved,standard,I am seeing an error message when I click on api integration.,Thanks for reporting this bug. We will look into this and get back to you within the next 48 hours.,Patched the bug and deployed a fix to production.,52.07,0,neutral,4,0,web,MEA
TCKT_052549,2023-03-15 12:03:14,CUST_02595,individual,email,login_auth,account_access,low,in_progress,standard,I cannot log in; the system says my password is incorrect.,Sorry to hear you're having trouble accessing your account. We will look into this and get back to you within the next 48 hours.,,,0,neutral,0,0,android,EU
TCKT_052576,2023-03-18 06:44:47,CUST_00804,small_business,in_app,notifications,feature_request,medium,in_progress,standard,It would be great to have notifications support in your product.,Thanks for your feature suggestion. Our team is reviewing this and will follow up within 24 hours.,,,0,very_positive,5,0,desktop_app,MEA
TCKT_052635,2023-03-03 21:44:21,CUST_04175,individual,chat,api_integration,performance,high,resolved,gold,Overall performance has degraded in the last few days.,We understand performance issues can be frustrating. We are prioritizing this and will update you as soon as possible.,Optimized queries and increased resource allocation.,4.12,0,negative,3,0,desktop_app,LATAM
TCKT_052644,2023-03-13 05:44:15,CUST_03316,individual,web_form,notifications,account_access,low,resolved,standard,I cannot log in; the system says my password is incorrect.,Sorry to hear you're having trouble accessing your account. We will look into this and get back to you within the next 48 hours.,Reset account credentials and confirmed successful login.,32.2,0,negative,3,0,desktop_app,EU
TCKT_052804,2023-03-19 04:28:53,CUST_07167,individual,email,login_auth,billing_problem,high,resolved,standard,I downgraded my plan but I am still being billed for the higher tier.,Thanks for reaching out about the billing issue. We are prioritizing this and will update you as soon as possible.,Adjusted the invoice and issued a refund where applicable.,3.64,0,neutral,4,0,web,LATAM
TCKT_052829,2023-03-13 02:05:05,CUST_02303,enterprise,email,api_integration,feature_request,high,on_hold,platinum,Our team needs more advanced options for api integration.,Thanks for your feature suggestion. We are prioritizing this and will update you as soon as possible.,,,0,neutral,3,0,api_client,LATAM
TCKT_052849,2023-03-31 00:48:53,CUST_01256,individual,phone_transcript,mobile_app,bug,low,resolved,platinum,I am seeing an error message when I click on mobile app.,Thanks for reporting this bug. We will look into this and get back to you within the next 48 hours.,Patched the bug and deployed a fix to production.,63.0,0,very_positive,5,0,web,MEA
TCKT_052855,2023-03-09 07:44:16,CUST_08681,education,phone_transcript,api_integration,account_access,low,resolved,gold,My account was locked after multiple failed login attempts.,Sorry to hear you're having trouble accessing your account. We will look into this and get back to you within the next 48 hours.,Reset account credentials and confirmed successful login.,24.27,0,very_negative,0,0,ios,EU
TCKT_052944,2023-03-19 10:29:30,CUST_06296,non_profit,phone_transcript,api_integration,feature_request,low,resolved,gold,It would be great to have api integration support in your product.,Thanks for your feature suggestion. We will look into this and get back to you within the next 48 hours.,Captured the request and added it to the product backlog.,40.04,0,positive,4,1,api_client,MEA
TCKT_052982,2023-03-02 08:12:41,CUST_06688,non_profit,in_app,analytics_dashboard,account_access,low,in_progress,gold,My account was locked after multiple failed login attempts.,Sorry to hear you're having trouble accessing your account. We will look into this and get back to you within the next 48 hours.,,,0,very_negative,2,0,api_client,EU
TCKT_052987,2023-03-08 22:37:52,CUST_05339,education,chat,billing,security_concern,low,resolved,standard,We need details about your data encryption and compliance.,We take security very seriously. We will look into this and get back to you within the next 48 hours.,"Investigated logs, mitigated the issue, and updated security settings.",53.63,1,neutral,3,0,desktop_app,MEA
TCKT_053061,2023-03-28 02:38:50,CUST_09610,enterprise,phone_transcript,analytics_dashboard,billing_problem,high,in_progress,standard,I downgraded my plan but I am still being billed for the higher tier.,Thanks for reaching out about the billing issue. We are prioritizing this and will update you as soon as possible.,,,0,negative,2,0,desktop_app,EU
TCKT_053095,2023-03-14 15:19:54,CUST_07210,enterprise,in_app,mobile_app,performance,high,resolved,gold,The mobile app page is very slow and takes a long time to load.,We understand performance issues can be frustrating. We are prioritizing this and will update you as soon as possible.,Optimized queries and increased resource allocation.,17.92,0,negative,3,0,android,MEA
TCKT_053128,2023-03-30 04:28:19,CUST_02675,enterprise,email,mobile_app,account_access,medium,in_progress,platinum,My account was locked after multiple failed login attempts.,Sorry to hear you're having trouble accessing your account. Our team is reviewing this and will follow up within 24 hours.,,,0,neutral,4,0,api_client,LATAM
TCKT_053321,2023-03-28 17:57:00,CUST_04780,education,chat,login_auth,account_access,medium,resolved,platinum,My 2FA code is not working when I try to sign in.,Sorry to hear you're having trouble accessing your account. Our team is reviewing this and will follow up within 24 hours.,Reset account credentials and confirmed successful login.,30.97,0,very_negative,1,0,android,MEA
TCKT_053353,2023-03-22 02:55:45,CUST_08225,small_business,in_app,mobile_app,feature_request,low,closed_no_action,gold,It would be great to have mobile app support in your product.,Thanks for your feature suggestion. We will look into this and get back to you within the next 48 hours.,Ticket closed without further action after no response from the customer.,29.93,0,positive,5,0,api_client,MEA
TCKT_053381,2023-03-02 07:02:24,CUST_05382,small_business,chat,notifications,billing_problem,urgent,resolved,gold,I was charged twice for my subscription this month.,Thanks for reaching out about the billing issue. This has been escalated to our on-call team for immediate attention.,Adjusted the invoice and issued a refund where applicable.,0.25,0,neutral,4,0,ios,EU
TCKT_053386,2023-03-18 04:22:44,CUST_00544,education,email,notifications,billing_problem,high,resolved,standard,My invoice amount is incorrect compared to the plan I selected.,Thanks for reaching out about the billing issue. We are prioritizing this and will update you as soon as possible.,Adjusted the invoice and issued a refund where applicable.,6.7,0,very_negative,2,0,android,EU
TCKT_053421,2023-03-28 03:17:37,CUST_04776,education,phone_transcript,billing,billing_problem,low,resolved,gold,My invoice amount is incorrect compared to the plan I selected.,Thanks for reaching out about the billing issue. We will look into this and get back to you within the next 48 hours.,Adjusted the invoice and issued a refund where applicable.,32.27,0,very_negative,2,0,android,MEA
TCKT_053440,2023-03-08 12:23:32,CUST_08756,enterprise,phone_transcript,api_integration,performance,high,resolved,gold,Queries in the api integration module are timing out.,We understand performance issues can be frustrating. We are prioritizing this and will update you as soon as possible.,Optimized queries and increased resource allocation.,22.42,0,positive,5,0,android,EU
TCKT_053634,2023-03-30 12:03:15,CUST_05738,individual,chat,billing,bug,high,resolved,standard,The page keeps crashing whenever I try to open the billing section.,Thanks for reporting this bug. We are prioritizing this and will update you as soon as possible.,Patched the bug and deployed a fix to production.,4.74,0,neutral,3,1,ios,MEA
TCKT_053681,2023-03-29 00:57:17,CUST_08251,small_business,in_app,login_auth,other,high,resolved,gold,I have a general question about my account.,Thanks for contacting support. We are prioritizing this and will update you as soon as possible.,Provided general guidance and confirmed the issue was resolved.,9.16,0,neutral,3,0,web,MEA
TCKT_053696,2023-03-13 11:28:21,CUST_00107,non_profit,in_app,analytics_dashboard,other,medium,in_progress,standard,"Something seems off, can you please check my workspace?",Thanks for contacting support. Our team is reviewing this and will follow up within 24 hours.,,,0,very_negative,0,0,android,APAC
TCKT_053714,2023-03-31 03:03:33,CUST_08727,individual,chat,api_integration,bug,low,resolved,standard,I am seeing an error message when I click on api integration.,Thanks for reporting this bug. We will look into this and get back to you within the next 48 hours.,Patched the bug and deployed a fix to production.,62.63,0,neutral,4,0,android,MEA
TCKT_053895,2023-03-31 18:14:54,CUST_06193,non_profit,web_form,analytics_dashboard,performance,low,in_progress,gold,Queries in the analytics dashboard module are timing out.,We understand performance issues can be frustrating. We will look into this and get back to you within the next 48 hours.,,,0,negative,3,0,api_client,EU
TCKT_053933,2023-03-09 05:38:58,CUST_05987,non_profit,phone_transcript,login_auth,how_to,medium,resolved,standard,How can I export my data from the login auth section?,Happy to help with your question. Our team is reviewing this and will follow up within 24 hours.,Provided step-by-step instructions and relevant documentation.,4.76,0,neutral,4,0,android,EU
TCKT_053996,2023-03-16 15:19:05,CUST_09658,non_profit,phone_transcript,login_auth,bug,low,resolved,gold,The login auth feature is not saving my changes.,Thanks for reporting this bug. We will look into this and get back to you within the next 48 hours.,Patched the bug and deployed a fix to production.,16.19,0,negative,3,0,desktop_app,LATAM
TCKT_054038,2023-03-30 20:39:49,CUST_09967,non_profit,email,api_integration,other,medium,resolved,gold,I have a general question about my account.,Thanks for contacting support. Our team is reviewing this and will follow up within 24 hours.,Provided general guidance and confirmed the issue was resolved.,33.23,1,neutral,3,0,ios,
TCKT_054050,2023-03-04 13:29:48,CUST_02185,education,email,mobile_app,performance,low,resolved,standard,The mobile app page is very slow and takes a long time to load.,We understand performance issues can be frustrating. We will look into this and get back to you within the next 48 hours.,Optimized queries and increased resource allocation.,10.12,0,negative,0,0,android,APAC
TCKT_054079,2023-03-31 00:11:30,CUST_06129,education,email,api_integration,account_access,low,resolved,standard,I cannot log in; the system says my password is incorrect.,Sorry to hear you're having trouble accessing your account. We will look into this and get back to you within the next 48 hours.,Reset account credentials and confirmed successful login.,31.88,0,very_positive,0,1,ios,LATAM
TCKT_054137,2023-03-04 00:58:25,CUST_05001,enterprise,chat,api_integration,how_to,high,in_progress,gold,How can I export my data from the api integration section?,Happy to help with your question. We are prioritizing this and will update you as soon as possible.,,,0,positive,5,0,desktop_app,
TCKT_054246,2023-03-13 11:04:36,CUST_02454,enterprise,email,api_integration,billing_problem,medium,closed_no_action,standard,My invoice amount is incorrect compared to the plan I selected.,Thanks for reaching out about the billing issue. Our team is reviewing this and will follow up within 24 hours.,Ticket closed without further action after no response from the customer.,120.99,0,neutral,4,1,api_client,MEA
TCKT_054347,2023-03-29 20:13:16,CUST_09132,small_business,phone_transcript,analytics_dashboard,how_to,medium,resolved,gold,I need help setting up analytics dashboard for my team.,Happy to help with your question. Our team is reviewing this and will follow up within 24 hours.,Provided step-by-step instructions and relevant documentation.,28.17,0,neutral,0,0,ios,MEA
TCKT_054357,2023-03-25 20:24:52,CUST_05388,individual,phone_transcript,mobile_app,security_concern,low,on_hold,gold,I noticed a suspicious login on my account.,We take security very seriously. We will look into this and get back to you within the next 48 hours.,,,0,negative,2,0,android,EU
TCKT_054510,2023-03-10 20:45:22,CUST_09232,education,in_app,login_auth,bug,low,resolved,gold,The page keeps crashing whenever I try to open the login auth section.,Thanks for reporting this bug. We will look into this and get back to you within the next 48 hours.,Patched the bug and deployed a fix to production.,14.27,0,neutral,0,1,ios,
TCKT_054680,2023-03-07 08:33:19,CUST_04954,individual,web_form,billing,billing_problem,low,open,gold,My invoice amount is incorrect compared to the plan I selected.,Thanks for reaching out about the billing issue. We will look into this and get back to you within the next 48 hours.,,,0,negative,3,0,web,
TCKT_054687,2023-03-19 18:55:32,CUST_03567,education,web_form,notifications,security_concern,medium,in_progress,standard,I noticed a suspicious login on my account.,We take security very seriously. Our team is reviewing this and will follow up within 24 hours.,,,0,neutral,0,0,android,MEA
TCKT_054701,2023-03-16 01:54:26,CUST_06519,non_profit,phone_transcript,analytics_dashboard,performance,low,on_hold,platinum,The analytics dashboard page is very slow and takes a long time to load.,We understand performance issues can be frustrating. We will look into this and get back to you within the next 48 hours.,,,0,very_negative,0,0,web,MEA
TCKT_054709,2023-03-15 15:23:07,CUST_03088,individual,email,billing,feature_request,low,in_progress,standard,Our team needs more advanced options for billing.,Thanks for your feature suggestion. We will look into this and get back to you within the next 48 hours.,,,0,negative,0,1,desktop_app,EU
TCKT_054767,2023-03-13 22:48:11,CUST_01831,non_profit,chat,data_export,account_access,medium,on_hold,gold,My 2FA code is not working when I try to sign in.,Sorry to hear you're having trouble accessing your account. Our team is reviewing this and will follow up within 24 hours.,,,0,negative,2,0,ios,EU
TCKT_054770,2023-03-26 07:21:20,CUST_05200,individual,in_app,mobile_app,bug,low,closed_no_action,gold,The mobile app feature is not saving my changes.,Thanks for reporting this bug. We will look into this and get back to you within the next 48 hours.,Ticket closed without further action after no response from the customer.,93.59,0,negative,3,0,android,MEA
TCKT_054865,2023-03-01 17:49:17,CUST_08513,education,email,data_export,other,low,on_hold,gold,I need help but I'm not sure which category this fits in.,Thanks for contacting support. We will look into this and get back to you within the next 48 hours.,,,0,neutral,3,1,ios,MEA
TCKT_054919,2023-03-08 17:48:02,CUST_05098,enterprise,web_form,analytics_dashboard,account_access,medium,open,standard,I cannot log in; the system says my password is incorrect.,Sorry to hear you're having trouble accessing your account. Our team is reviewing this and will follow up within 24 hours.,,,0,positive,0,1,android,MEA
TCKT_055006,2023-03-31 05:09:29,CUST_08842,small_business,email,mobile_app,performance,high,resolved,standard,Queries in the mobile app module are timing out.,We understand performance issues can be frustrating. We are prioritizing this and will update you as soon as possible.,Optimized queries and increased resource allocation.,14.86,0,neutral,0,0,desktop_app,MEA
TCKT_055049,2023-03-15 13:39:43,CUST_07639,non_profit,phone_transcript,mobile_app,other,high,resolved,standard,I need help but I'm not sure which category this fits in.,Thanks for contacting support. We are prioritizing this and will update you as soon as possible.,Provided general guidance and confirmed the issue was resolved.,23.98,0,very_negative,0,0,web,LATAM
TCKT_055110,2023-03-03 17:17:10,CUST_05418,small_business,web_form,notifications,how_to,high,closed_no_action,platinum,I need help setting up notifications for my team.,Happy to help with your question. We are prioritizing this and will update you as soon as possible.,Ticket closed without further action after no response from the customer.,35.16,0,negative,3,0,android,
TCKT_055127,2023-03-02 23:02:14,CUST_00272,non_profit,web_form,notifications,bug,low,in_progress,standard,The page keeps crashing whenever I try to open the notifications section.,Thanks for reporting this bug. We will look into this and get back to you within the next 48 hours.,,,0,neutral,0,0,api_client,APAC
TCKT_055141,2023-03-25 03:52:28,CUST_03155,non_profit,web_form,billing,feature_request,urgent,resolved,standard,It would be great to have billing support in your product.,Thanks for your feature suggestion. This has been escalated to our on-call team for immediate attention.,Captured the request and added it to the product backlog.,7.26,0,positive,0,0,ios,APAC
TCKT_055183,2023-03-19 23:51:54,CUST_08765,individual,web_form,api_integration,performance,low,open,platinum,Overall performance has degraded in the last few days.,We understand performance issues can be frustrating. We will look into this and get back to you within the next 48 hours.,,,0,very_negative,1,0,api_client,
TCKT_055284,2023-03-09 13:06:43,CUST_00467,non_profit,email,data_export,how_to,low,open,standard,I need help setting up data export for my team.,Happy to help with your question. We will look into this and get back to you within the next 48 hours.,,,0,neutral,4,0,android,
TCKT_055317,2023-03-21 22:11:01,CUST_01521,education,chat,data_export,billing_problem,low,in_progress,standard,I downgraded my plan but I am still being billed for the higher tier.,Thanks for reaching out about the billing issue. We will look into this and get back to you within the next 48 hours.,,,0,positive,0,0,ios,EU
TCKT_055353,2023-03-16 23:24:05,CUST_05784,individual,email,billing,account_access,low,resolved,gold,My account was locked after multiple failed login attempts.,Sorry to hear you're having trouble accessing your account. We will look into this and get back to you within the next 48 hours.,Reset account credentials and confirmed successful login.,49.83,0,negative,0,0,api_client,MEA
TCKT_055379,2023-03-21 04:40:29,CUST_06879,enterprise,chat,analytics_dashboard,feature_request,low,in_progress,standard,It would be great to have analytics dashboard support in your product.,Thanks for your feature suggestion. We will look into this and get back to you within the next 48 hours.,,,0,very_positive,0,1,ios,APAC
TCKT_055545,2023-03-13 22:07:46,CUST_03106,individual,web_form,login_auth,billing_problem,medium,in_progress,standard,My invoice amount is incorrect compared to the plan I selected.,Thanks for reaching out about the billing issue. Our team is reviewing this and will follow up within 24 hours.,,,0,negative,2,0,desktop_app,MEA
TCKT_055583,2023-03-24 21:11:44,CUST_05273,non_profit,email,analytics_dashboard,how_to,medium,resolved,standard,I need help setting up analytics dashboard for my team.,Happy to help with your question. Our team is reviewing this and will follow up within 24 hours.,Provided step-by-step instructions and relevant documentation.,34.08,0,negative,3,0,api_client,EU
TCKT_055585,2023-03-19 07:45:48,CUST_06962,education,phone_transcript,data_export,feature_request,high,resolved,gold,Our team needs more advanced options for data export.,Thanks for your feature suggestion. We are prioritizing this and will update you as soon as possible.,Captured the request and added it to the product backlog.,14.91,0,negative,0,1,ios,EU
TCKT_055596,2023-03-28 14:43:26,CUST_06077,small_business,phone_transcript,billing,how_to,low,resolved,standard,How can I export my data from the billing section?,Happy to help with your question. We will look into this and get back to you within the next 48 hours.,Provided step-by-step instructions and relevant documentation.,36.54,0,positive,5,1,web,
TCKT_055747,2023-03-26 20:03:40,CUST_01764,enterprise,email,api_integration,account_access,low,resolved,platinum,I cannot log in; the system says my password is incorrect.,Sorry to hear you're having trouble accessing your account. We will look into this and get back to you within the next 48 hours.,Reset account credentials and confirmed successful login.,31.57,0,neutral,3,0,api_client,MEA
TCKT_055831,2023-03-16 13:26:16,CUST_07379,non_profit,web_form,billing,billing_problem,urgent,in_progress,gold,My invoice amount is incorrect compared to the plan I selected.,Thanks for reaching out about the billing issue. This has been escalated to our on-call team for immediate attention.,,,0,negative,3,0,android,
TCKT_055882,2023-03-29 20:57:22,CUST_09078,individual,email,login_auth,feature_request,medium,in_progress,standard,Our team needs more advanced options for login auth.,Thanks for your feature suggestion. Our team is reviewing this and will follow up within 24 hours.,,,0,very_negative,2,0,web,LATAM
TCKT_056019,2023-03-12 21:20:07,CUST_03403,non_profit,phone_transcript,mobile_app,billing_problem,medium,closed_no_action,standard,I downgraded my plan but I am still being billed for the higher tier.,Thanks for reaching out about the billing issue. Our team is reviewing this and will follow up within 24 hours.,Ticket closed without further action after no response from the customer.,50.66,0,very_negative,1,0,desktop_app,APAC
TCKT_056050,2023-03-23 06:08:04,CUST_09298,individual,in_app,login_auth,other,high,in_progress,standard,I need help but I'm not sure which category this fits in.,Thanks for contacting support. We are prioritizing this and will update you as soon as possible.,,,0,negative,3,0,desktop_app,EU
TCKT_056058,2023-03-28 06:53:10,CUST_05192,enterprise,in_app,analytics_dashboard,how_to,medium,resolved,standard,How can I export my data from the analytics dashboard section?,Happy to help with your question. Our team is reviewing this and will follow up within 24 hours.,Provided step-by-step instructions and relevant documentation.,46.92,0,positive,5,1,android,APAC
TCKT_056145,2023-03-28 17:44:22,CUST_00499,non_profit,web_form,billing,billing_problem,low,on_hold,gold,I downgraded my plan but I am still being billed for the higher tier.,Thanks for reaching out about the billing issue. We will look into this and get back to you within the next 48 hours.,,,0,neutral,0,0,ios,LATAM
TCKT_056148,2023-03-28 10:20:49,CUST_05775,individual,web_form,notifications,security_concern,low,closed_no_action,gold,I noticed a suspicious login on my account.,We take security very seriously. We will look into this and get back to you within the next 48 hours.,Ticket closed without further action after no response from the customer.,100.61,0,neutral,3,1,ios,LATAM
TCKT_056166,2023-03-02 07:43:12,CUST_08239,education,email,billing,other,high,resolved,standard,I have a general question about my account.,Thanks for contacting support. We are prioritizing this and will update you as soon as possible.,Provided general guidance and confirmed the issue was resolved.,22.05,0,neutral,3,0,web,EU
TCKT_056198,2023-03-07 01:38:22,CUST_09257,education,chat,mobile_app,billing_problem,medium,resolved,standard,My invoice amount is incorrect compared to the plan I selected.,Thanks for reaching out about the billing issue. Our team is reviewing this and will follow up within 24 hours.,Adjusted the invoice and issued a refund where applicable.,34.9,0,very_negative,2,0,desktop_app,MEA
TCKT_056217,2023-03-02 22:08:57,CUST_02580,education,email,data_export,bug,low,resolved,standard,The data export feature is not saving my changes.,Thanks for reporting this bug. We will look into this and get back to you within the next 48 hours.,Patched the bug and deployed a fix to production.,49.72,1,positive,4,0,desktop_app,APAC
TCKT_056242,2023-03-01 21:30:55,CUST_02877,small_business,email,analytics_dashboard,how_to,low,open,platinum,How can I export my data from the analytics dashboard section?,Happy to help with your question. We will look into this and get back to you within the next 48 hours.,,,0,very_positive,5,1,ios,APAC
TCKT_056292,2023-03-30 20:23:20,CUST_01419,enterprise,chat,analytics_dashboard,security_concern,medium,resolved,standard,I noticed a suspicious login on my account.,We take security very seriously. Our team is reviewing this and will follow up within 24 hours.,"Investigated logs, mitigated the issue, and updated security settings.",6.5,0,very_negative,2,0,api_client,
TCKT_056308,2023-03-10 14:50:02,CUST_04852,small_business,email,analytics_dashboard,feature_request,low,closed_no_action,gold,Can you add an option to customize analytics dashboard?,Thanks for your feature suggestion. We will look into this and get back to you within the next 48 hours.,Ticket closed without further action after no response from the customer.,111.75,0,very_negative,1,0,android,LATAM
TCKT_056346,2023-03-05 08:44:18,CUST_05969,individual,phone_transcript,analytics_dashboard,how_to,medium,in_progress,standard,Can you explain how to configure analytics dashboard properly?,Happy to help with your question. Our team is reviewing this and will follow up within 24 hours.,,,0,positive,5,1,ios,
TCKT_056364,2023-03-07 11:26:25,CUST_05318,enterprise,in_app,billing,performance,low,resolved,gold,The billing page is very slow and takes a long time to load.,We understand performance issues can be frustrating. We will look into this and get back to you within the next 48 hours.,Optimized queries and increased resource allocation.,49.77,0,neutral,0,0,web,LATAM
TCKT_056416,2023-03-13 00:19:17,CUST_00463,small_business,web_form,analytics_dashboard,security_concern,low,resolved,gold,We need details about your data encryption and compliance.,We take security very seriously. We will look into this and get back to you within the next 48 hours.,"Investigated logs, mitigated the issue, and updated security settings.",43.03,0,neutral,4,0,ios,APAC
TCKT_056539,2023-03-01 07:02:05,CUST_06548,small_business,web_form,notifications,account_access,medium,on_hold,gold,My 2FA code is not working when I try to sign in.,Sorry to hear you're having trouble accessing your account. Our team is reviewing this and will follow up within 24 hours.,,,0,very_negative,0,0,desktop_app,LATAM
TCKT_056553,2023-03-31 01:32:31,CUST_02245,non_profit,chat,notifications,billing_problem,urgent,in_progress,standard,I downgraded my plan but I am still being billed for the higher tier.,Thanks for reaching out about the billing issue. This has been escalated to our on-call team for immediate attention.,,,0,very_negative,1,0,android,APAC
TCKT_056558,2023-03-12 01:49:16,CUST_04936,small_business,in_app,mobile_app,bug,high,in_progress,standard,The page keeps crashing whenever I try to open the mobile app section.,Thanks for reporting this bug. We are prioritizing this and will update you as soon as possible.,,,0,very_positive,5,0,desktop_app,
TCKT_056560,2023-03-14 02:18:55,CUST_09668,education,email,mobile_app,security_concern,high,resolved,standard,We need details about your data encryption and compliance.,We take security very seriously. We are prioritizing this and will update you as soon as possible.,"Investigated logs, mitigated the issue, and updated security settings.",13.46,0,negative,0,0,web,
TCKT_056581,2023-03-28 23:48:45,CUST_06095,enterprise,email,analytics_dashboard,performance,medium,in_progress,gold,The analytics dashboard page is very slow and takes a long time to load.,We understand performance issues can be frustrating. Our team is reviewing this and will follow up within 24 hours.,,,0,positive,5,1,web,LATAM
TCKT_056632,2023-03-20 22:34:12,CUST_07050,education,phone_transcript,billing,bug,medium,on_hold,standard,The billing feature is not saving my changes.,Thanks for reporting this bug. Our team is reviewing this and will follow up within 24 hours.,,,0,very_negative,2,0,web,EU
TCKT_056641,2023-03-17 12:27:29,CUST_04279,small_business,phone_transcript,notifications,account_access,high,resolved,platinum,I cannot log in; the system says my password is incorrect.,Sorry to hear you're having trouble accessing your account. We are prioritizing this and will update you as soon as possible.,Reset account credentials and confirmed successful login.,14.05,0,very_negative,1,1,web,LATAM
TCKT_056712,2023-03-05 17:53:26,CUST_02695,individual,in_app,data_export,account_access,low,closed_no_action,gold,My 2FA code is not working when I try to sign in.,Sorry to hear you're having trouble accessing your account. We will look into this and get back to you within the next 48 hours.,Ticket closed without further action after no response from the customer.,147.81,0,neutral,4,1,android,EU
TCKT_056727,2023-03-07 23:59:40,CUST_09073,education,web_form,notifications,performance,low,in_progress,standard,Queries in the notifications module are timing out.,We understand performance issues can be frustrating. We will look into this and get back to you within the next 48 hours.,,,0,neutral,3,1,web,LATAM
TCKT_056731,2023-03-18 13:47:04,CUST_02846,individual,phone_transcript,mobile_app,bug,high,in_progress,standard,The page keeps crashing whenever I try to open the mobile app section.,Thanks for reporting this bug. We are prioritizing this and will update you as soon as possible.,,,0,neutral,4,0,desktop_app,MEA
TCKT_056761,2023-03-29 14:32:43,CUST_04287,individual,web_form,analytics_dashboard,bug,medium,resolved,standard,The analytics dashboard feature is not saving my changes.,Thanks for reporting this bug. Our team is reviewing this and will follow up within 24 hours.,Patched the bug and deployed a fix to production.,33.56,0,neutral,0,0,web,APAC
TCKT_056841,2023-03-06 23:27:59,CUST_06301,non_profit,phone_transcript,mobile_app,feature_request,low,open,platinum,It would be great to have mobile app support in your product.,Thanks for your feature suggestion. We will look into this and get back to you within the next 48 hours.,,,0,negative,0,1,api_client,MEA
TCKT_056880,2023-03-20 05:11:56,CUST_06373,small_business,email,login_auth,how_to,medium,closed_no_action,gold,How can I export my data from the login auth section?,Happy to help with your question. Our team is reviewing this and will follow up within 24 hours.,Ticket closed without further action after no response from the customer.,85.65,0,negative,3,0,ios,EU
TCKT_056910,2023-03-14 01:50:24,CUST_04071,individual,chat,data_export,account_access,low,open,standard,I cannot log in; the system says my password is incorrect.,Sorry to hear you're having trouble accessing your account. We will look into this and get back to you within the next 48 hours.,,,1,negative,3,0,ios,
TCKT_057024,2023-03-28 23:37:01,CUST_02370,non_profit,phone_transcript,mobile_app,how_to,low,on_hold,standard,I need help setting up mobile app for my team.,Happy to help with your question. We will look into this and get back to you within the next 48 hours.,,,0,neutral,0,0,ios,EU
TCKT_057063,2023-03-22 13:59:49,CUST_00316,enterprise,chat,login_auth,security_concern,medium,resolved,standard,There seems to be a vulnerability in the login auth functionality.,We take security very seriously. Our team is reviewing this and will follow up within 24 hours.,"Investigated logs, mitigated the issue, and updated security settings.",27.6,0,neutral,0,0,ios,APAC
TCKT_057160,2023-03-05 12:39:35,CUST_09213,non_profit,in_app,data_export,feature_request,high,resolved,standard,Our team needs more advanced options for data export.,Thanks for your feature suggestion. We are prioritizing this and will update you as soon as possible.,Captured the request and added it to the product backlog.,17.25,0,neutral,0,0,web,APAC
TCKT_057167,2023-03-15 00:06:23,CUST_03770,enterprise,in_app,analytics_dashboard,feature_request,medium,in_progress,standard,Can you add an option to customize analytics dashboard?,Thanks for your feature suggestion. Our team is reviewing this and will follow up within 24 hours.,,,0,neutral,3,1,desktop_app,APAC
TCKT_057251,2023-03-01 16:35:41,CUST_01398,individual,email,api_integration,performance,medium,open,gold,Queries in the api integration module are timing out.,We understand performance issues can be frustrating. Our team is reviewing this and will follow up within 24 hours.,,,0,neutral,4,0,web,LATAM
TCKT_057263,2023-03-16 10:05:02,CUST_04817,individual,phone_transcript,api_integration,feature_request,medium,resolved,standard,Can you add an option to customize api integration?,Thanks for your feature suggestion. Our team is reviewing this and will follow up within 24 hours.,Captured the request and added it to the product backlog.,4.59,0,negative,2,1,ios,LATAM
TCKT_057285,2023-03-17 09:30:31,CUST_08789,non_profit,phone_transcript,notifications,security_concern,low,resolved,standard,There seems to be a vulnerability in the notifications functionality.,We take security very seriously. We will look into this and get back to you within the next 48 hours.,"Investigated logs, mitigated the issue, and updated security settings.",66.43,0,very_negative,1,0,desktop_app,EU
TCKT_057353,2023-03-20 22:19:43,CUST_00796,small_business,email,mobile_app,account_access,low,resolved,standard,I cannot log in; the system says my password is incorrect.,Sorry to hear you're having trouble accessing your account. We will look into this and get back to you within the next 48 hours.,Reset account credentials and confirmed successful login.,23.79,0,neutral,3,0,web,
TCKT_057360,2023-03-15 04:53:17,CUST_08363,non_profit,web_form,data_export,how_to,high,open,standard,Can you explain how to configure data export properly?,Happy to help with your question. We are prioritizing this and will update you as soon as possible.,,,0,positive,4,0,android,MEA
TCKT_057477,2023-03-09 02:27:25,CUST_05770,small_business,web_form,mobile_app,account_access,medium,resolved,standard,I cannot log in; the system says my password is incorrect.,Sorry to hear you're having trouble accessing your account. Our team is reviewing this and will follow up within 24 hours.,Reset account credentials and confirmed successful login.,38.04,1,neutral,3,0,ios,MEA
TCKT_057693,2023-03-07 02:31:04,CUST_01667,small_business,phone_transcript,api_integration,feature_request,low,resolved,standard,Our team needs more advanced options for api integration.,Thanks for your feature suggestion. We will look into this and get back to you within the next 48 hours.,Captured the request and added it to the product backlog.,60.96,0,positive,5,0,ios,EU
TCKT_057717,2023-03-28 09:35:22,CUST_03605,non_profit,chat,login_auth,bug,high,resolved,standard,I am seeing an error message when I click on login auth.,Thanks for reporting this bug. We are prioritizing this and will update you as soon as possible.,Patched the bug and deployed a fix to production.,13.99,0,very_positive,5,1,android,EU
TCKT_057785,2023-03-25 15:37:35,CUST_06834,enterprise,email,data_export,how_to,urgent,resolved,platinum,I need help setting up data export for my team.,Happy to help with your question. This has been escalated to our on-call team for immediate attention.,Provided step-by-step instructions and relevant documentation.,0.99,0,negative,3,0,web,
TCKT_057808,2023-03-24 19:06:00,CUST_09264,small_business,chat,data_export,how_to,low,resolved,gold,I need help setting up data export for my team.,Happy to help with your question. We will look into this and get back to you within the next 48 hours.,Provided step-by-step instructions and relevant documentation.,59.15,0,positive,5,0,web,EU
TCKT_057897,2023-03-23 17:03:20,CUST_04693,small_business,in_app,mobile_app,how_to,medium,open,standard,Can you explain how to configure mobile app properly?,Happy to help with your question. Our team is reviewing this and will follow up within 24 hours.,,,0,very_positive,5,1,desktop_app,LATAM
TCKT_057924,2023-03-14 15:17:33,CUST_02740,individual,email,mobile_app,security_concern,low,resolved,gold,I noticed a suspicious login on my account.,We take security very seriously. We will look into this and get back to you within the next 48 hours.,"Investigated logs, mitigated the issue, and updated security settings.",30.26,0,negative,0,0,api_client,APAC
TCKT_058000,2023-03-10 21:10:49,CUST_02439,individual,in_app,billing,account_access,high,resolved,gold,I cannot log in; the system says my password is incorrect.,Sorry to hear you're having trouble accessing your account. We are prioritizing this and will update you as soon as possible.,Reset account credentials and confirmed successful login.,11.52,0,positive,4,0,ios,APAC
TCKT_058017,2023-03-03 07:21:18,CUST_05693,enterprise,email,mobile_app,other,low,resolved,gold,I have a general question about my account.,Thanks for contacting support. We will look into this and get back to you within the next 48 hours.,Provided general guidance and confirmed the issue was resolved.,69.24,0,negative,2,0,web,LATAM
TCKT_058061,2023-03-17 00:04:38,CUST_00266,enterprise,web_form,login_auth,billing_problem,medium,in_progress,standard,I downgraded my plan but I am still being billed for the higher tier.,Thanks for reaching out about the billing issue. Our team is reviewing this and will follow up within 24 hours.,,,0,negative,2,0,desktop_app,
TCKT_058065,2023-03-28 15:12:06,CUST_09660,small_business,chat,api_integration,feature_request,medium,resolved,gold,Can you add an option to customize api integration?,Thanks for your feature suggestion. Our team is reviewing this and will follow up within 24 hours.,Captured the request and added it to the product backlog.,23.3,0,neutral,4,0,api_client,LATAM
TCKT_058085,2023-03-07 02:59:19,CUST_08625,non_profit,web_form,data_export,security_concern,low,in_progress,standard,There seems to be a vulnerability in the data export functionality.,We take security very seriously. We will look into this and get back to you within the next 48 hours.,,,0,negative,0,1,desktop_app,APAC
TCKT_058113,2023-03-28 06:12:47,CUST_05367,small_business,chat,analytics_dashboard,how_to,low,closed_no_action,gold,How can I export my data from the analytics dashboard section?,Happy to help with your question. We will look into this and get back to you within the next 48 hours.,Ticket closed without further action after no response from the customer.,228.03,0,very_positive,5,0,android,LATAM
TCKT_058172,2023-03-14 17:59:28,CUST_07717,non_profit,chat,login_auth,billing_problem,medium,resolved,standard,I was charged twice for my subscription this month.,Thanks for reaching out about the billing issue. Our team is reviewing this and will follow up within 24 hours.,Adjusted the invoice and issued a refund where applicable.,26.2,0,negative,0,0,api_client,EU
TCKT_058178,2023-03-04 19:11:18,CUST_09345,individual,web_form,notifications,account_access,low,resolved,standard,I cannot log in; the system says my password is incorrect.,Sorry to hear you're having trouble accessing your account. We will look into this and get back to you within the next 48 hours.,Reset account credentials and confirmed successful login.,37.71,0,negative,3,0,api_client,MEA
TCKT_058192,2023-03-29 10:18:19,CUST_05547,enterprise,chat,notifications,feature_request,low,closed_no_action,gold,Can you add an option to customize notifications?,Thanks for your feature suggestion. We will look into this and get back to you within the next 48 hours.,Ticket closed without further action after no response from the customer.,119.4,0,positive,5,0,android,MEA
TCKT_058284,2023-03-03 05:26:49,CUST_03557,enterprise,chat,login_auth,security_concern,medium,resolved,standard,We need details about your data encryption and compliance.,We take security very seriously. Our team is reviewing this and will follow up within 24 hours.,"Investigated logs, mitigated the issue, and updated security settings.",6.6,0,neutral,4,0,api_client,EU
TCKT_058339,2023-03-24 02:46:40,CUST_02758,education,web_form,login_auth,account_access,medium,resolved,standard,My 2FA code is not working when I try to sign in.,Sorry to hear you're having trouble accessing your account. Our team is reviewing this and will follow up within 24 hours.,Reset account credentials and confirmed successful login.,8.92,0,negative,0,0,api_client,
TCKT_058400,2023-03-23 16:57:22,CUST_03771,small_business,chat,billing,feature_request,high,on_hold,gold,Our team needs more advanced options for billing.,Thanks for your feature suggestion. We are prioritizing this and will update you as soon as possible.,,,0,neutral,4,0,web,MEA
TCKT_058445,2023-03-08 07:39:58,CUST_07180,education,phone_transcript,billing,other,high,resolved,gold,"Something seems off, can you please check my workspace?",Thanks for contacting support. We are prioritizing this and will update you as soon as possible.,Provided general guidance and confirmed the issue was resolved.,8.13,0,very_negative,1,0,desktop_app,MEA
TCKT_058539,2023-03-25 14:19:03,CUST_01536,enterprise,in_app,billing,performance,low,in_progress,standard,Queries in the billing module are timing out.,We understand performance issues can be frustrating. We will look into this and get back to you within the next 48 hours.,,,0,negative,3,0,android,
TCKT_058575,2023-03-17 14:12:24,CUST_00318,non_profit,web_form,analytics_dashboard,other,low,closed_no_action,gold,I have a general question about my account.,Thanks for contacting support. We will look into this and get back to you within the next 48 hours.,Ticket closed without further action after no response from the customer.,147.68,0,very_negative,1,0,ios,EU
TCKT_058624,2023-03-25 16:28:44,CUST_09780,non_profit,web_form,api_integration,bug,low,resolved,gold,I am seeing an error message when I click on api integration.,Thanks for reporting this bug. We will look into this and get back to you within the next 48 hours.,Patched the bug and deployed a fix to production.,40.24,0,neutral,4,0,desktop_app,APAC
TCKT_058641,2023-03-07 20:07:32,CUST_00105,individual,chat,analytics_dashboard,other,medium,resolved,standard,"Something seems off, can you please check my workspace?",Thanks for contacting support. Our team is reviewing this and will follow up within 24 hours.,Provided general guidance and confirmed the issue was resolved.,33.72,0,neutral,0,0,web,LATAM
TCKT_058667,2023-03-13 05:18:00,CUST_08571,enterprise,email,data_export,billing_problem,low,resolved,gold,My invoice amount is incorrect compared to the plan I selected.,Thanks for reaching out about the billing issue. We will look into this and get back to you within the next 48 hours.,Adjusted the invoice and issued a refund where applicable.,71.26,0,negative,0,1,api_client,MEA
TCKT_058704,2023-03-13 15:08:50,CUST_07167,small_business,in_app,api_integration,how_to,low,in_progress,standard,I need help setting up api integration for my team.,Happy to help with your question. We will look into this and get back to you within the next 48 hours.,,,0,neutral,0,1,android,EU
TCKT_058728,2023-03-23 05:58:42,CUST_05426,small_business,in_app,analytics_dashboard,other,medium,in_progress,standard,I need help but I'm not sure which category this fits in.,Thanks for contacting support. Our team is reviewing this and will follow up within 24 hours.,,,0,neutral,4,1,ios,
TCKT_058745,2023-03-11 14:14:26,CUST_03686,small_business,phone_transcript,billing,account_access,low,resolved,standard,My account was locked after multiple failed login attempts.,Sorry to hear you're having trouble accessing your account. We will look into this and get back to you within the next 48 hours.,Reset account credentials and confirmed successful login.,53.3,0,negative,0,0,api_client,
TCKT_058755,2023-03-22 14:48:16,CUST_03014,non_profit,email,mobile_app,other,medium,resolved,standard,I need help but I'm not sure which category this fits in.,Thanks for contacting support. Our team is reviewing this and will follow up within 24 hours.,Provided general guidance and confirmed the issue was resolved.,42.4,0,neutral,3,1,api_client,EU
TCKT_058808,2023-03-23 20:12:40,CUST_03557,enterprise,chat,api_integration,performance,high,resolved,standard,Queries in the api integration module are timing out.,We understand performance issues can be frustrating. We are prioritizing this and will update you as soon as possible.,Optimized queries and increased resource allocation.,20.13,0,negative,2,0,ios,MEA
TCKT_058812,2023-03-11 21:02:50,CUST_01328,non_profit,in_app,data_export,how_to,low,resolved,standard,I need help setting up data export for my team.,Happy to help with your question. We will look into this and get back to you within the next 48 hours.,Provided step-by-step instructions and relevant documentation.,70.93,0,neutral,3,0,api_client,APAC
TCKT_058852,2023-03-27 18:50:51,CUST_06527,non_profit,in_app,login_auth,performance,low,in_progress,standard,The login auth page is very slow and takes a long time to load.,We understand performance issues can be frustrating. We will look into this and get back to you within the next 48 hours.,,,0,negative,2,0,api_client,EU
TCKT_058855,2023-03-21 15:58:34,CUST_02057,education,chat,login_auth,performance,urgent,resolved,gold,Overall performance has degraded in the last few days.,We understand performance issues can be frustrating. This has been escalated to our on-call team for immediate attention.,Optimized queries and increased resource allocation.,3.9,0,negative,3,0,android,EU
TCKT_058902,2023-03-22 09:58:57,CUST_03817,individual,in_app,billing,billing_problem,low,in_progress,gold,I was charged twice for my subscription this month.,Thanks for reaching out about the billing issue. We will look into this and get back to you within the next 48 hours.,,,0,negative,3,0,api_client,MEA
TCKT_058905,2023-03-29 10:21:38,CUST_01633,enterprise,web_form,billing,feature_request,high,closed_no_action,standard,It would be great to have billing support in your product.,Thanks for your feature suggestion. We are prioritizing this and will update you as soon as possible.,Ticket closed without further action after no response from the customer.,64.81,0,neutral,3,0,desktop_app,
TCKT_059172,2023-03-15 00:14:03,CUST_09893,education,chat,notifications,feature_request,high,resolved,standard,Our team needs more advanced options for notifications.,Thanks for your feature suggestion. We are prioritizing this and will update you as soon as possible.,Captured the request and added it to the product backlog.,14.31,0,positive,0,0,ios,
TCKT_059193,2023-03-21 22:52:25,CUST_06236,individual,web_form,analytics_dashboard,feature_request,high,in_progress,standard,Can you add an option to customize analytics dashboard?,Thanks for your feature suggestion. We are prioritizing this and will update you as soon as possible.,,,0,positive,5,1,ios,LATAM
TCKT_059249,2023-03-13 04:24:05,CUST_00112,non_profit,in_app,mobile_app,other,medium,resolved,standard,"Something seems off, can you please check my workspace?",Thanks for contacting support. Our team is reviewing this and will follow up within 24 hours.,Provided general guidance and confirmed the issue was resolved.,45.28,0,negative,0,0,web,LATAM
TCKT_059309,2023-03-21 02:41:13,CUST_05824,small_business,email,login_auth,billing_problem,medium,resolved,gold,I was charged twice for my subscription this month.,Thanks for reaching out about the billing issue. Our team is reviewing this and will follow up within 24 hours.,Adjusted the invoice and issued a refund where applicable.,42.01,0,positive,5,1,android,
TCKT_059328,2023-03-15 11:18:42,CUST_07594,individual,web_form,data_export,other,high,closed_no_action,standard,I need help but I'm not sure which category this fits in.,Thanks for contacting support. We are prioritizing this and will update you as soon as possible.,Ticket closed without further action after no response from the customer.,40.56,0,very_negative,2,0,web,
TCKT_059358,2023-03-10 19:22:44,CUST_01583,non_profit,chat,login_auth,performance,medium,resolved,gold,The login auth page is very slow and takes a long time to load.,We understand performance issues can be frustrating. Our team is reviewing this and will follow up within 24 hours.,Optimized queries and increased resource allocation.,11.64,0,neutral,4,0,android,LATAM
TCKT_059372,2023-03-31 22:00:19,CUST_08251,education,web_form,notifications,performance,high,resolved,standard,The notifications page is very slow and takes a long time to load.,We understand performance issues can be frustrating. We are prioritizing this and will update you as soon as possible.,Optimized queries and increased resource allocation.,7.72,0,negative,2,1,web,
TCKT_059389,2023-03-13 02:24:20,CUST_08308,non_profit,web_form,login_auth,billing_problem,low,on_hold,standard,I downgraded my plan but I am still being billed for the higher tier.,Thanks for reaching out about the billing issue. We will look into this and get back to you within the next 48 hours.,,,0,negative,2,1,api_client,EU
TCKT_059415,2023-03-19 02:42:15,CUST_02064,individual,phone_transcript,mobile_app,account_access,medium,on_hold,standard,I cannot log in; the system says my password is incorrect.,Sorry to hear you're having trouble accessing your account. Our team is reviewing this and will follow up within 24 hours.,,,0,very_negative,0,0,web,LATAM
TCKT_059423,2023-03-07 04:33:08,CUST_00371,non_profit,phone_transcript,billing,billing_problem,low,closed_no_action,standard,I downgraded my plan but I am still being billed for the higher tier.,Thanks for reaching out about the billing issue. We will look into this and get back to you within the next 48 hours.,Ticket closed without further action after no response from the customer.,184.08,0,very_negative,0,0,android,MEA
TCKT_059553,2023-03-22 21:13:12,CUST_03406,education,phone_transcript,analytics_dashboard,performance,low,in_progress,standard,Queries in the analytics dashboard module are timing out.,We understand performance issues can be frustrating. We will look into this and get back to you within the next 48 hours.,,,0,neutral,0,0,ios,LATAM
TCKT_059561,2023-03-16 08:25:52,CUST_03674,non_profit,chat,mobile_app,feature_request,low,in_progress,standard,It would be great to have mobile app support in your product.,Thanks for your feature suggestion. We will look into this and get back to you within the next 48 hours.,,,0,positive,4,0,desktop_app,MEA
TCKT_059603,2023-03-03 10:50:50,CUST_05037,non_profit,web_form,data_export,billing_problem,low,open,standard,I was charged twice for my subscription this month.,Thanks for reaching out about the billing issue. We will look into this and get back to you within the next 48 hours.,,,0,positive,4,1,desktop_app,LATAM
TCKT_059608,2023-03-29 23:20:00,CUST_02359,education,chat,mobile_app,account_access,medium,closed_no_action,standard,I cannot log in; the system says my password is incorrect.,Sorry to hear you're having trouble accessing your account. Our team is reviewing this and will follow up within 24 hours.,Ticket closed without further action after no response from the customer.,202.61,1,positive,0,1,api_client,
TCKT_059612,2023-03-01 16:51:06,CUST_00625,enterprise,web_form,mobile_app,billing_problem,low,in_progress,standard,My invoice amount is incorrect compared to the plan I selected.,Thanks for reaching out about the billing issue. We will look into this and get back to you within the next 48 hours.,,,1,neutral,0,0,web,MEA
TCKT_059623,2023-03-15 20:34:59,CUST_05648,education,email,data_export,security_concern,high,resolved,gold,There seems to be a vulnerability in the data export functionality.,We take security very seriously. We are prioritizing this and will update you as soon as possible.,"Investigated logs, mitigated the issue, and updated security settings.",7.61,0,positive,4,0,desktop_app,LATAM
TCKT_059655,2023-03-05 10:05:34,CUST_09224,enterprise,web_form,mobile_app,billing_problem,low,open,standard,I downgraded my plan but I am still being billed for the higher tier.,Thanks for reaching out about the billing issue. We will look into this and get back to you within the next 48 hours.,,,0,negative,0,0,android,MEA
TCKT_059675,2023-03-21 07:52:31,CUST_08878,small_business,email,api_integration,other,high,closed_no_action,standard,"Something seems off, can you please check my workspace?",Thanks for contacting support. We are prioritizing this and will update you as soon as possible.,Ticket closed without further action after no response from the customer.,216.62,0,very_positive,5,0,android,LATAM
TCKT_059682,2023-03-03 07:11:52,CUST_03465,small_business,in_app,mobile_app,other,high,resolved,platinum,I have a general question about my account.,Thanks for contacting support. We are prioritizing this and will update you as soon as possible.,Provided general guidance and confirmed the issue was resolved.,4.77,0,positive,4,0,android,
TCKT_059698,2023-03-07 04:12:18,CUST_08476,non_profit,web_form,api_integration,how_to,low,open,standard,I need help setting up api integration for my team.,Happy to help with your question. We will look into this and get back to you within the next 48 hours.,,,1,negative,2,0,android,EU
TCKT_059703,2023-03-22 19:47:33,CUST_08045,individual,web_form,data_export,account_access,low,in_progress,standard,My account was locked after multiple failed login attempts.,Sorry to hear you're having trouble accessing your account. We will look into this and get back to you within the next 48 hours.,,,0,negative,3,0,ios,EU
TCKT_059723,2023-03-05 21:07:22,CUST_09775,enterprise,phone_transcript,api_integration,other,medium,in_progress,standard,"Something seems off, can you please check my workspace?",Thanks for contacting support. Our team is reviewing this and will follow up within 24 hours.,,,0,very_negative,0,0,android,EU
TCKT_059729,2023-03-04 04:22:27,CUST_04082,small_business,email,notifications,account_access,low,resolved,gold,I cannot log in; the system says my password is incorrect.,Sorry to hear you're having trouble accessing your account. We will look into this and get back to you within the next 48 hours.,Reset account credentials and confirmed successful login.,9.67,0,very_negative,0,0,api_client,MEA
TCKT_059790,2023-03-14 10:07:22,CUST_02562,education,phone_transcript,login_auth,billing_problem,low,resolved,gold,I was charged twice for my subscription this month.,Thanks for reaching out about the billing issue. We will look into this and get back to you within the next 48 hours.,Adjusted the invoice and issued a refund where applicable.,41.32,0,negative,2,0,web,LATAM
TCKT_059820,2023-03-31 20:13:24,CUST_08192,enterprise,in_app,billing,bug,low,closed_no_action,gold,The page keeps crashing whenever I try to open the billing section.,Thanks for reporting this bug. We will look into this and get back to you within the next 48 hours.,Ticket closed without further action after no response from the customer.,230.14,0,neutral,3,0,api_client,EU
TCKT_059824,2023-03-15 11:57:56,CUST_06537,individual,chat,login_auth,security_concern,medium,resolved,gold,We need details about your data encryption and compliance.,We take security very seriously. Our team is reviewing this and will follow up within 24 hours.,"Investigated logs, mitigated the issue, and updated security settings.",36.35,0,very_negative,0,1,ios,APAC
TCKT_059836,2023-03-14 13:42:36,CUST_04723,enterprise,phone_transcript,login_auth,account_access,low,resolved,standard,My account was locked after multiple failed login attempts.,Sorry to hear you're having trouble accessing your account. We will look into this and get back to you within the next 48 hours.,Reset account credentials and confirmed successful login.,35.9,0,neutral,0,0,web,LATAM
TCKT_059843,2023-03-19 13:14:15,CUST_07775,small_business,chat,notifications,security_concern,urgent,in_progress,standard,There seems to be a vulnerability in the notifications functionality.,We take security very seriously. This has been escalated to our on-call team for immediate attention.,,,1,very_negative,1,0,desktop_app,EU
TCKT_060058,2023-03-26 10:37:30,CUST_03585,non_profit,chat,mobile_app,bug,medium,on_hold,standard,The mobile app feature is not saving my changes.,Thanks for reporting this bug. Our team is reviewing this and will follow up within 24 hours.,,,0,negative,3,0,api_client,EU
TCKT_060064,2023-03-29 22:29:40,CUST_08437,non_profit,web_form,api_integration,billing_problem,high,resolved,platinum,I was charged twice for my subscription this month.,Thanks for reaching out about the billing issue. We are prioritizing this and will update you as soon as possible.,Adjusted the invoice and issued a refund where applicable.,20.9,0,positive,5,1,api_client,APAC
TCKT_060120,2023-03-31 19:55:25,CUST_09118,individual,web_form,billing,feature_request,medium,resolved,standard,Can you add an option to customize billing?,Thanks for your feature suggestion. Our team is reviewing this and will follow up within 24 hours.,Captured the request and added it to the product backlog.,20.56,0,negative,2,0,android,APAC
TCKT_060138,2023-03-23 09:27:49,CUST_07125,individual,web_form,mobile_app,account_access,low,in_progress,gold,I cannot log in; the system says my password is incorrect.,Sorry to hear you're having trouble accessing your account. We will look into this and get back to you within the next 48 hours.,,,0,neutral,4,0,ios,LATAM
TCKT_060193,2023-03-27 15:48:11,CUST_01203,small_business,chat,login_auth,bug,low,on_hold,standard,The page keeps crashing whenever I try to open the login auth section.,Thanks for reporting this bug. We will look into this and get back to you within the next 48 hours.,,,0,positive,5,0,api_client,
TCKT_060211,2023-03-03 12:26:45,CUST_02068,non_profit,phone_transcript,billing,security_concern,high,in_progress,standard,We need details about your data encryption and compliance.,We take security very seriously. We are prioritizing this and will update you as soon as possible.,,,0,neutral,3,0,web,LATAM
TCKT_060214,2023-03-12 04:30:00,CUST_09027,individual,chat,notifications,bug,low,on_hold,gold,The page keeps crashing whenever I try to open the notifications section.,Thanks for reporting this bug. We will look into this and get back to you within the next 48 hours.,,,0,neutral,0,0,ios,LATAM
TCKT_060227,2023-03-23 05:54:16,CUST_01907,non_profit,email,notifications,account_access,medium,resolved,standard,My 2FA code is not working when I try to sign in.,Sorry to hear you're having trouble accessing your account. Our team is reviewing this and will follow up within 24 hours.,Reset account credentials and confirmed successful login.,26.26,0,positive,5,0,ios,MEA
TCKT_060261,2023-03-29 15:09:20,CUST_05824,enterprise,web_form,analytics_dashboard,security_concern,low,resolved,standard,I noticed a suspicious login on my account.,We take security very seriously. We will look into this and get back to you within the next 48 hours.,"Investigated logs, mitigated the issue, and updated security settings.",67.07,0,very_negative,2,0,web,LATAM
TCKT_060314,2023-03-03 01:49:37,CUST_06152,small_business,email,data_export,billing_problem,medium,in_progress,standard,I downgraded my plan but I am still being billed for the higher tier.,Thanks for reaching out about the billing issue. Our team is reviewing this and will follow up within 24 hours.,,,0,negative,2,0,web,EU
TCKT_060319,2023-03-29 06:45:58,CUST_04572,small_business,chat,data_export,other,low,closed_no_action,gold,I have a general question about my account.,Thanks for contacting support. We will look into this and get back to you within the next 48 hours.,Ticket closed without further action after no response from the customer.,108.94,0,very_negative,0,0,android,APAC
TCKT_060350,2023-03-15 07:49:58,CUST_04287,individual,chat,data_export,bug,low,resolved,standard,The page keeps crashing whenever I try to open the data export section.,Thanks for reporting this bug. We will look into this and get back to you within the next 48 hours.,Patched the bug and deployed a fix to production.,22.97,0,very_negative,0,0,android,
TCKT_060355,2023-03-28 09:41:23,CUST_07282,small_business,chat,mobile_app,security_concern,low,on_hold,platinum,I noticed a suspicious login on my account.,We take security very seriously. We will look into this and get back to you within the next 48 hours.,,,0,negative,3,1,api_client,MEA
TCKT_060368,2023-03-09 20:51:32,CUST_05097,enterprise,email,login_auth,security_concern,low,in_progress,gold,We need details about your data encryption and compliance.,We take security very seriously. We will look into this and get back to you within the next 48 hours.,,,0,neutral,4,0,desktop_app,LATAM
TCKT_060436,2023-03-03 08:31:54,CUST_09659,non_profit,chat,billing,how_to,high,resolved,gold,I need help setting up billing for my team.,Happy to help with your question. We are prioritizing this and will update you as soon as possible.,Provided step-by-step instructions and relevant documentation.,16.55,0,very_positive,5,0,desktop_app,
TCKT_060447,2023-03-06 16:33:24,CUST_00299,non_profit,web_form,mobile_app,bug,medium,resolved,standard,The mobile app feature is not saving my changes.,Thanks for reporting this bug. Our team is reviewing this and will follow up within 24 hours.,Patched the bug and deployed a fix to production.,37.19,0,neutral,4,1,desktop_app,APAC
TCKT_060495,2023-03-09 13:58:35,CUST_03709,non_profit,phone_transcript,login_auth,security_concern,high,resolved,platinum,I noticed a suspicious login on my account.,We take security very seriously. We are prioritizing this and will update you as soon as possible.,"Investigated logs, mitigated the issue, and updated security settings.",14.54,0,negative,2,1,api_client,MEA
TCKT_060497,2023-03-28 07:06:54,CUST_02444,non_profit,phone_transcript,analytics_dashboard,bug,low,resolved,gold,The analytics dashboard feature is not saving my changes.,Thanks for reporting this bug. We will look into this and get back to you within the next 48 hours.,Patched the bug and deployed a fix to production.,30.25,0,negative,2,1,android,LATAM
TCKT_060521,2023-03-25 04:31:07,CUST_04628,education,chat,mobile_app,security_concern,low,open,gold,We need details about your data encryption and compliance.,We take security very seriously. We will look into this and get back to you within the next 48 hours.,,,0,negative,2,0,desktop_app,EU
TCKT_060532,2023-03-23 19:29:14,CUST_03834,individual,in_app,mobile_app,other,low,resolved,gold,I need help but I'm not sure which category this fits in.,Thanks for contacting support. We will look into this and get back to you within the next 48 hours.,Provided general guidance and confirmed the issue was resolved.,49.7,0,neutral,0,0,desktop_app,APAC
TCKT_060604,2023-03-26 16:38:43,CUST_01691,non_profit,in_app,billing,other,medium,closed_no_action,gold,I have a general question about my account.,Thanks for contacting support. Our team is reviewing this and will follow up within 24 hours.,Ticket closed without further action after no response from the customer.,144.83,0,neutral,0,0,desktop_app,APAC
TCKT_060610,2023-03-16 05:55:05,CUST_07489,small_business,chat,login_auth,billing_problem,low,resolved,standard,I downgraded my plan but I am still being billed for the higher tier.,Thanks for reaching out about the billing issue. We will look into this and get back to you within the next 48 hours.,Adjusted the invoice and issued a refund where applicable.,29.54,0,very_negative,1,1,web,EU
TCKT_060926,2023-03-28 19:55:29,CUST_06030,small_business,email,notifications,security_concern,low,open,gold,There seems to be a vulnerability in the notifications functionality.,We take security very seriously. We will look into this and get back to you within the next 48 hours.,,,0,negative,0,1,web,LATAM
TCKT_060928,2023-03-01 19:53:25,CUST_00274,individual,email,notifications,security_concern,low,resolved,platinum,There seems to be a vulnerability in the notifications functionality.,We take security very seriously. We will look into this and get back to you within the next 48 hours.,"Investigated logs, mitigated the issue, and updated security settings.",33.11,0,positive,0,0,api_client,APAC
TCKT_060940,2023-03-26 16:45:52,CUST_03482,individual,web_form,mobile_app,other,urgent,closed_no_action,platinum,I have a general question about my account.,Thanks for contacting support. This has been escalated to our on-call team for immediate attention.,Ticket closed without further action after no response from the customer.,30.49,0,neutral,3,0,api_client,APAC
TCKT_060966,2023-03-17 18:40:16,CUST_00460,education,in_app,data_export,feature_request,medium,resolved,standard,Our team needs more advanced options for data export.,Thanks for your feature suggestion. Our team is reviewing this and will follow up within 24 hours.,Captured the request and added it to the product backlog.,30.26,0,very_negative,2,1,desktop_app,
TCKT_061009,2023-03-21 05:00:25,CUST_04761,individual,chat,notifications,feature_request,medium,resolved,standard,It would be great to have notifications support in your product.,Thanks for your feature suggestion. Our team is reviewing this and will follow up within 24 hours.,Captured the request and added it to the product backlog.,9.94,0,positive,4,1,api_client,EU
TCKT_061012,2023-03-30 19:26:59,CUST_05898,small_business,in_app,notifications,security_concern,low,resolved,gold,We need details about your data encryption and compliance.,We take security very seriously. We will look into this and get back to you within the next 48 hours.,"Investigated logs, mitigated the issue, and updated security settings.",34.03,0,negative,3,0,android,
TCKT_061094,2023-03-16 10:14:24,CUST_02544,individual,web_form,api_integration,account_access,low,resolved,platinum,I cannot log in; the system says my password is incorrect.,Sorry to hear you're having trouble accessing your account. We will look into this and get back to you within the next 48 hours.,Reset account credentials and confirmed successful login.,31.14,0,neutral,4,0,android,APAC
TCKT_061117,2023-03-10 20:02:54,CUST_01069,non_profit,chat,api_integration,account_access,medium,resolved,standard,I cannot log in; the system says my password is incorrect.,Sorry to hear you're having trouble accessing your account. Our team is reviewing this and will follow up within 24 hours.,Reset account credentials and confirmed successful login.,21.41,0,very_negative,2,0,android,LATAM
TCKT_061154,2023-03-26 03:13:57,CUST_04629,individual,in_app,billing,how_to,high,closed_no_action,standard,I need help setting up billing for my team.,Happy to help with your question. We are prioritizing this and will update you as soon as possible.,Ticket closed without further action after no response from the customer.,49.85,0,positive,5,0,android,MEA
TCKT_061166,2023-03-22 08:11:02,CUST_02122,education,in_app,analytics_dashboard,billing_problem,medium,resolved,gold,I downgraded my plan but I am still being billed for the higher tier.,Thanks for reaching out about the billing issue. Our team is reviewing this and will follow up within 24 hours.,Adjusted the invoice and issued a refund where applicable.,41.93,0,negative,0,0,web,LATAM
TCKT_061178,2023-03-26 16:54:30,CUST_04547,individual,chat,data_export,security_concern,medium,resolved,standard,I noticed a suspicious login on my account.,We take security very seriously. Our team is reviewing this and will follow up within 24 hours.,"Investigated logs, mitigated the issue, and updated security settings.",23.11,0,negative,0,0,ios,APAC
TCKT_061203,2023-03-28 12:42:34,CUST_08508,education,chat,mobile_app,other,medium,resolved,gold,I need help but I'm not sure which category this fits in.,Thanks for contacting support. Our team is reviewing this and will follow up within 24 hours.,Provided general guidance and confirmed the issue was resolved.,24.92,0,neutral,0,0,desktop_app,MEA
TCKT_061263,2023-03-05 01:22:36,CUST_05366,non_profit,email,mobile_app,billing_problem,medium,resolved,platinum,I downgraded my plan but I am still being billed for the higher tier.,Thanks for reaching out about the billing issue. Our team is reviewing this and will follow up within 24 hours.,Adjusted the invoice and issued a refund where applicable.,43.8,0,very_negative,0,0,web,EU
TCKT_061307,2023-03-26 13:19:06,CUST_08450,non_profit,email,api_integration,security_concern,medium,resolved,platinum,I noticed a suspicious login on my account.,We take security very seriously. Our team is reviewing this and will follow up within 24 hours.,"Investigated logs, mitigated the issue, and updated security settings.",15.63,0,neutral,4,0,android,
TCKT_061321,2023-03-04 20:21:35,CUST_03828,education,chat,api_integration,bug,high,resolved,standard,The api integration feature is not saving my changes.,Thanks for reporting this bug. We are prioritizing this and will update you as soon as possible.,Patched the bug and deployed a fix to production.,19.78,0,neutral,4,0,web,EU
TCKT_061352,2023-03-06 15:18:41,CUST_05400,education,chat,billing,how_to,high,in_progress,gold,How can I export my data from the billing section?,Happy to help with your question. We are prioritizing this and will update you as soon as possible.,,,0,negative,2,0,api_client,EU
TCKT_061357,2023-03-16 18:21:19,CUST_09922,small_business,email,login_auth,bug,low,resolved,gold,I am seeing an error message when I click on login auth.,Thanks for reporting this bug. We will look into this and get back to you within the next 48 hours.,Patched the bug and deployed a fix to production.,59.73,0,neutral,3,0,android,EU
TCKT_061370,2023-03-18 21:24:22,CUST_00636,education,email,billing,other,high,in_progress,standard,"Something seems off, can you please check my workspace?",Thanks for contacting support. We are prioritizing this and will update you as soon as possible.,,,0,neutral,3,0,desktop_app,MEA
TCKT_061424,2023-03-13 14:59:29,CUST_02948,enterprise,chat,analytics_dashboard,account_access,medium,closed_no_action,standard,My 2FA code is not working when I try to sign in.,Sorry to hear you're having trouble accessing your account. Our team is reviewing this and will follow up within 24 hours.,Ticket closed without further action after no response from the customer.,219.85,0,positive,4,0,android,LATAM
TCKT_061443,2023-03-22 11:39:58,CUST_05914,non_profit,chat,analytics_dashboard,how_to,low,open,gold,How can I export my data from the analytics dashboard section?,Happy to help with your question. We will look into this and get back to you within the next 48 hours.,,,0,very_negative,2,0,web,LATAM
TCKT_061505,2023-03-08 07:10:51,CUST_00438,enterprise,chat,api_integration,security_concern,low,resolved,standard,I noticed a suspicious login on my account.,We take security very seriously. We will look into this and get back to you within the next 48 hours.,"Investigated logs, mitigated the issue, and updated security settings.",56.73,0,negative,2,0,api_client,
TCKT_061564,2023-03-13 07:19:25,CUST_02830,enterprise,in_app,notifications,billing_problem,medium,open,gold,I was charged twice for my subscription this month.,Thanks for reaching out about the billing issue. Our team is reviewing this and will follow up within 24 hours.,,,0,neutral,4,0,web,MEA
TCKT_061574,2023-03-22 06:24:36,CUST_07406,education,phone_transcript,api_integration,other,urgent,resolved,standard,I need help but I'm not sure which category this fits in.,Thanks for contacting support. This has been escalated to our on-call team for immediate attention.,Provided general guidance and confirmed the issue was resolved.,1.39,0,neutral,0,0,ios,
TCKT_061631,2023-03-25 18:52:33,CUST_09553,enterprise,phone_transcript,billing,other,low,resolved,standard,I have a general question about my account.,Thanks for contacting support. We will look into this and get back to you within the next 48 hours.,Provided general guidance and confirmed the issue was resolved.,60.37,0,negative,0,0,desktop_app,LATAM
TCKT_061650,2023-03-07 13:39:58,CUST_06689,non_profit,email,mobile_app,account_access,high,on_hold,gold,My account was locked after multiple failed login attempts.,Sorry to hear you're having trouble accessing your account. We are prioritizing this and will update you as soon as possible.,,,0,positive,4,0,api_client,MEA
TCKT_061794,2023-03-03 01:20:33,CUST_08609,education,phone_transcript,billing,how_to,low,on_hold,standard,Can you explain how to configure billing properly?,Happy to help with your question. We will look into this and get back to you within the next 48 hours.,,,0,neutral,4,1,web,
TCKT_062028,2023-03-15 16:16:21,CUST_06069,enterprise,web_form,billing,performance,high,open,standard,Queries in the billing module are timing out.,We understand performance issues can be frustrating. We are prioritizing this and will update you as soon as possible.,,,0,very_negative,0,0,web,MEA
TCKT_062029,2023-03-22 12:52:52,CUST_07902,enterprise,phone_transcript,billing,billing_problem,low,resolved,standard,I downgraded my plan but I am still being billed for the higher tier.,Thanks for reaching out about the billing issue. We will look into this and get back to you within the next 48 hours.,Adjusted the invoice and issued a refund where applicable.,64.74,0,neutral,0,1,desktop_app,EU
TCKT_062136,2023-03-07 10:31:55,CUST_01997,individual,web_form,mobile_app,feature_request,medium,resolved,gold,Can you add an option to customize mobile app?,Thanks for your feature suggestion. Our team is reviewing this and will follow up within 24 hours.,Captured the request and added it to the product backlog.,36.54,0,positive,4,0,ios,EU
TCKT_062215,2023-03-05 15:43:38,CUST_04451,small_business,web_form,data_export,feature_request,medium,resolved,standard,Can you add an option to customize data export?,Thanks for your feature suggestion. Our team is reviewing this and will follow up within 24 hours.,Captured the request and added it to the product backlog.,27.85,0,very_positive,5,0,web,EU
TCKT_062218,2023-03-20 14:43:51,CUST_09409,enterprise,chat,billing,feature_request,high,resolved,standard,Can you add an option to customize billing?,Thanks for your feature suggestion. We are prioritizing this and will update you as soon as possible.,Captured the request and added it to the product backlog.,21.6,0,positive,0,0,desktop_app,LATAM
TCKT_062243,2023-03-13 22:28:45,CUST_01961,enterprise,in_app,notifications,performance,high,in_progress,standard,Queries in the notifications module are timing out.,We understand performance issues can be frustrating. We are prioritizing this and will update you as soon as possible.,,,1,very_negative,2,0,desktop_app,
TCKT_062320,2023-03-28 00:05:13,CUST_05576,enterprise,chat,billing,billing_problem,urgent,resolved,platinum,I downgraded my plan but I am still being billed for the higher tier.,Thanks for reaching out about the billing issue. This has been escalated to our on-call team for immediate attention.,Adjusted the invoice and issued a refund where applicable.,4.28,0,very_positive,0,1,ios,LATAM
TCKT_062328,2023-03-16 00:40:00,CUST_07688,small_business,chat,login_auth,security_concern,low,closed_no_action,gold,I noticed a suspicious login on my account.,We take security very seriously. We will look into this and get back to you within the next 48 hours.,Ticket closed without further action after no response from the customer.,191.01,0,very_negative,2,1,api_client,
TCKT_062476,2023-03-28 08:36:34,CUST_03831,non_profit,email,analytics_dashboard,performance,urgent,resolved,standard,Overall performance has degraded in the last few days.,We understand performance issues can be frustrating. This has been escalated to our on-call team for immediate attention.,Optimized queries and increased resource allocation.,1.41,0,neutral,0,0,ios,EU
TCKT_062535,2023-03-17 19:56:56,CUST_07425,non_profit,in_app,login_auth,how_to,urgent,resolved,standard,How can I export my data from the login auth section?,Happy to help with your question. This has been escalated to our on-call team for immediate attention.,Provided step-by-step instructions and relevant documentation.,2.25,0,neutral,3,0,api_client,
TCKT_062614,2023-03-14 19:31:14,CUST_03897,non_profit,web_form,billing,feature_request,low,in_progress,standard,It would be great to have billing support in your product.,Thanks for your feature suggestion. We will look into this and get back to you within the next 48 hours.,,,1,very_positive,5,1,api_client,MEA
TCKT_062656,2023-03-12 05:06:22,CUST_09846,non_profit,phone_transcript,notifications,account_access,medium,closed_no_action,gold,My 2FA code is not working when I try to sign in.,Sorry to hear you're having trouble accessing your account. Our team is reviewing this and will follow up within 24 hours.,Ticket closed without further action after no response from the customer.,186.1,0,negative,0,1,api_client,MEA
TCKT_062670,2023-03-13 14:21:40,CUST_06993,education,web_form,data_export,security_concern,high,closed_no_action,platinum,I noticed a suspicious login on my account.,We take security very seriously. We are prioritizing this and will update you as soon as possible.,Ticket closed without further action after no response from the customer.,104.33,0,neutral,3,0,web,LATAM
TCKT_062794,2023-03-10 20:51:42,CUST_03368,non_profit,web_form,login_auth,billing_problem,low,resolved,standard,My invoice amount is incorrect compared to the plan I selected.,Thanks for reaching out about the billing issue. We will look into this and get back to you within the next 48 hours.,Adjusted the invoice and issued a refund where applicable.,17.56,0,very_positive,5,1,web,APAC
TCKT_062887,2023-03-19 12:21:12,CUST_08774,individual,phone_transcript,api_integration,how_to,low,resolved,gold,Can you explain how to configure api integration properly?,Happy to help with your question. We will look into this and get back to you within the next 48 hours.,Provided step-by-step instructions and relevant documentation.,19.48,0,neutral,3,0,web,MEA
TCKT_062936,2023-03-08 10:19:01,CUST_06823,education,email,data_export,how_to,medium,on_hold,standard,Can you explain how to configure data export properly?,Happy to help with your question. Our team is reviewing this and will follow up within 24 hours.,,,0,neutral,3,1,ios,LATAM
TCKT_062963,2023-03-05 22:06:50,CUST_03136,enterprise,web_form,api_integration,security_concern,high,closed_no_action,standard,We need details about your data encryption and compliance.,We take security very seriously. We are prioritizing this and will update you as soon as possible.,Ticket closed without further action after no response from the customer.,160.16,0,negative,2,0,api_client,
TCKT_062964,2023-03-30 21:15:01,CUST_02715,non_profit,chat,analytics_dashboard,performance,medium,open,platinum,The analytics dashboard page is very slow and takes a long time to load.,We understand performance issues can be frustrating. Our team is reviewing this and will follow up within 24 hours.,,,0,positive,5,1,android,MEA
TCKT_062997,2023-03-12 14:06:54,CUST_06088,non_profit,web_form,billing,bug,low,resolved,platinum,I am seeing an error message when I click on billing.,Thanks for reporting this bug. We will look into this and get back to you within the next 48 hours.,Patched the bug and deployed a fix to production.,47.36,0,very_negative,0,1,android,EU
TCKT_063000,2023-03-18 07:29:07,CUST_04142,education,email,login_auth,feature_request,low,in_progress,standard,Our team needs more advanced options for login auth.,Thanks for your feature suggestion. We will look into this and get back to you within the next 48 hours.,,,0,negative,0,0,api_client,
TCKT_063035,2023-03-22 03:06:51,CUST_07363,enterprise,in_app,login_auth,security_concern,medium,closed_no_action,gold,I noticed a suspicious login on my account.,We take security very seriously. Our team is reviewing this and will follow up within 24 hours.,Ticket closed without further action after no response from the customer.,146.99,0,negative,2,0,desktop_app,APAC
TCKT_063126,2023-03-05 22:12:42,CUST_02220,non_profit,chat,notifications,account_access,medium,closed_no_action,gold,I cannot log in; the system says my password is incorrect.,Sorry to hear you're having trouble accessing your account. Our team is reviewing this and will follow up within 24 hours.,Ticket closed without further action after no response from the customer.,156.54,0,very_negative,1,0,desktop_app,EU
TCKT_063150,2023-03-23 12:53:22,CUST_05302,enterprise,phone_transcript,api_integration,how_to,low,resolved,standard,How can I export my data from the api integration section?,Happy to help with your question. We will look into this and get back to you within the next 48 hours.,Provided step-by-step instructions and relevant documentation.,67.43,0,positive,4,0,android,LATAM
TCKT_063187,2023-03-30 23:17:42,CUST_02405,small_business,email,notifications,feature_request,low,in_progress,standard,Our team needs more advanced options for notifications.,Thanks for your feature suggestion. We will look into this and get back to you within the next 48 hours.,,,0,negative,3,0,ios,APAC
TCKT_063190,2023-03-28 11:10:48,CUST_09718,education,chat,mobile_app,billing_problem,low,on_hold,standard,I downgraded my plan but I am still being billed for the higher tier.,Thanks for reaching out about the billing issue. We will look into this and get back to you within the next 48 hours.,,,0,positive,4,0,desktop_app,MEA
TCKT_063221,2023-03-13 09:51:34,CUST_07575,education,email,mobile_app,bug,low,resolved,gold,The page keeps crashing whenever I try to open the mobile app section.,Thanks for reporting this bug. We will look into this and get back to you within the next 48 hours.,Patched the bug and deployed a fix to production.,22.25,0,positive,5,0,desktop_app,LATAM
TCKT_063225,2023-03-11 19:10:45,CUST_08264,non_profit,phone_transcript,notifications,other,medium,on_hold,platinum,I have a general question about my account.,Thanks for contacting support. Our team is reviewing this and will follow up within 24 hours.,,,0,neutral,4,1,desktop_app,
TCKT_063238,2023-03-06 11:16:41,CUST_05326,education,web_form,login_auth,account_access,low,on_hold,standard,My 2FA code is not working when I try to sign in.,Sorry to hear you're having trouble accessing your account. We will look into this and get back to you within the next 48 hours.,,,0,negative,2,1,android,APAC
TCKT_063330,2023-03-02 14:57:06,CUST_09046,non_profit,chat,login_auth,how_to,low,resolved,platinum,How can I export my data from the login auth section?,Happy to help with your question. We will look into this and get back to you within the next 48 hours.,Provided step-by-step instructions and relevant documentation.,22.15,0,neutral,4,0,desktop_app,
TCKT_063451,2023-03-29 01:23:27,CUST_00636,enterprise,in_app,data_export,security_concern,low,open,standard,I noticed a suspicious login on my account.,We take security very seriously. We will look into this and get back to you within the next 48 hours.,,,0,very_negative,2,0,android,APAC
TCKT_063457,2023-03-26 03:32:39,CUST_06849,individual,web_form,data_export,bug,low,resolved,gold,The page keeps crashing whenever I try to open the data export section.,Thanks for reporting this bug. We will look into this and get back to you within the next 48 hours.,Patched the bug and deployed a fix to production.,57.4,0,positive,5,1,ios,LATAM
TCKT_063468,2023-03-10 04:10:01,CUST_02891,education,chat,mobile_app,security_concern,low,in_progress,gold,We need details about your data encryption and compliance.,We take security very seriously. We will look into this and get back to you within the next 48 hours.,,,0,neutral,3,0,android,APAC
TCKT_063484,2023-03-21 06:21:32,CUST_07750,education,web_form,notifications,security_concern,low,resolved,standard,We need details about your data encryption and compliance.,We take security very seriously. We will look into this and get back to you within the next 48 hours.,"Investigated logs, mitigated the issue, and updated security settings.",44.12,0,very_negative,1,0,android,LATAM
TCKT_063553,2023-03-11 00:45:11,CUST_06728,individual,in_app,data_export,security_concern,medium,resolved,gold,We need details about your data encryption and compliance.,We take security very seriously. Our team is reviewing this and will follow up within 24 hours.,"Investigated logs, mitigated the issue, and updated security settings.",34.07,0,very_negative,0,0,ios,MEA
TCKT_063567,2023-03-12 06:35:43,CUST_04596,individual,web_form,data_export,how_to,medium,resolved,standard,Can you explain how to configure data export properly?,Happy to help with your question. Our team is reviewing this and will follow up within 24 hours.,Provided step-by-step instructions and relevant documentation.,13.77,0,neutral,0,0,api_client,APAC
TCKT_063580,2023-03-23 05:29:00,CUST_06558,non_profit,phone_transcript,api_integration,performance,high,in_progress,gold,Overall performance has degraded in the last few days.,We understand performance issues can be frustrating. We are prioritizing this and will update you as soon as possible.,,,0,negative,3,1,android,MEA
TCKT_063682,2023-03-25 08:11:57,CUST_09294,enterprise,web_form,analytics_dashboard,account_access,low,on_hold,standard,My account was locked after multiple failed login attempts.,Sorry to hear you're having trouble accessing your account. We will look into this and get back to you within the next 48 hours.,,,0,neutral,4,0,desktop_app,EU
TCKT_063742,2023-03-05 13:54:12,CUST_02687,enterprise,web_form,billing,account_access,low,resolved,standard,My 2FA code is not working when I try to sign in.,Sorry to hear you're having trouble accessing your account. We will look into this and get back to you within the next 48 hours.,Reset account credentials and confirmed successful login.,43.97,0,neutral,3,0,android,MEA
TCKT_063874,2023-03-05 23:38:11,CUST_04750,individual,email,data_export,security_concern,low,resolved,standard,We need details about your data encryption and compliance.,We take security very seriously. We will look into this and get back to you within the next 48 hours.,"Investigated logs, mitigated the issue, and updated security settings.",31.73,0,negative,3,1,desktop_app,MEA
TCKT_063909,2023-03-11 10:25:52,CUST_08729,small_business,chat,notifications,bug,high,resolved,standard,I am seeing an error message when I click on notifications.,Thanks for reporting this bug. We are prioritizing this and will update you as soon as possible.,Patched the bug and deployed a fix to production.,12.17,0,neutral,4,0,api_client,
TCKT_063978,2023-03-02 13:48:36,CUST_04642,non_profit,email,mobile_app,feature_request,low,in_progress,standard,It would be great to have mobile app support in your product.,Thanks for your feature suggestion. We will look into this and get back to you within the next 48 hours.,,,0,negative,3,0,android,
TCKT_064026,2023-03-10 10:08:12,CUST_02165,non_profit,email,billing,bug,medium,closed_no_action,standard,The page keeps crashing whenever I try to open the billing section.,Thanks for reporting this bug. Our team is reviewing this and will follow up within 24 hours.,Ticket closed without further action after no response from the customer.,154.48,0,negative,0,0,web,LATAM
TCKT_064044,2023-03-14 14:20:52,CUST_04719,small_business,phone_transcript,api_integration,how_to,high,resolved,standard,Can you explain how to configure api integration properly?,Happy to help with your question. We are prioritizing this and will update you as soon as possible.,Provided step-by-step instructions and relevant documentation.,14.39,1,negative,0,0,ios,MEA
TCKT_064107,2023-03-31 10:52:04,CUST_07793,education,email,analytics_dashboard,performance,medium,in_progress,standard,The analytics dashboard page is very slow and takes a long time to load.,We understand performance issues can be frustrating. Our team is reviewing this and will follow up within 24 hours.,,,0,neutral,3,0,web,LATAM
TCKT_064172,2023-03-10 01:01:46,CUST_03751,enterprise,web_form,notifications,performance,low,closed_no_action,standard,Overall performance has degraded in the last few days.,We understand performance issues can be frustrating. We will look into this and get back to you within the next 48 hours.,Ticket closed without further action after no response from the customer.,111.56,0,negative,0,0,api_client,LATAM
TCKT_064203,2023-03-21 18:49:11,CUST_04649,education,in_app,data_export,bug,high,in_progress,gold,The data export feature is not saving my changes.,Thanks for reporting this bug. We are prioritizing this and will update you as soon as possible.,,,0,neutral,0,0,desktop_app,MEA
TCKT_064209,2023-03-15 02:35:46,CUST_07136,enterprise,phone_transcript,data_export,account_access,high,resolved,gold,I cannot log in; the system says my password is incorrect.,Sorry to hear you're having trouble accessing your account. We are prioritizing this and will update you as soon as possible.,Reset account credentials and confirmed successful login.,16.51,0,neutral,3,1,android,EU
TCKT_064314,2023-03-28 02:13:21,CUST_01525,education,web_form,data_export,other,low,in_progress,platinum,I have a general question about my account.,Thanks for contacting support. We will look into this and get back to you within the next 48 hours.,,,0,negative,0,0,web,MEA
TCKT_064369,2023-03-04 03:46:28,CUST_05916,non_profit,email,data_export,bug,low,closed_no_action,standard,The page keeps crashing whenever I try to open the data export section.,Thanks for reporting this bug. We will look into this and get back to you within the next 48 hours.,Ticket closed without further action after no response from the customer.,99.18,0,neutral,4,0,desktop_app,LATAM
TCKT_064424,2023-03-17 05:56:11,CUST_06967,small_business,in_app,api_integration,performance,urgent,resolved,standard,The api integration page is very slow and takes a long time to load.,We understand performance issues can be frustrating. This has been escalated to our on-call team for immediate attention.,Optimized queries and increased resource allocation.,1.74,0,negative,0,0,web,LATAM
TCKT_064439,2023-03-23 22:59:11,CUST_01786,non_profit,phone_transcript,mobile_app,other,low,closed_no_action,standard,"Something seems off, can you please check my workspace?",Thanks for contacting support. We will look into this and get back to you within the next 48 hours.,Ticket closed without further action after no response from the customer.,149.9,0,positive,4,0,web,APAC
TCKT_064463,2023-03-01 19:02:34,CUST_09282,non_profit,chat,notifications,account_access,medium,open,gold,I cannot log in; the system says my password is incorrect.,Sorry to hear you're having trouble accessing your account. Our team is reviewing this and will follow up within 24 hours.,,,0,neutral,0,0,web,EU
TCKT_064485,2023-03-05 13:50:42,CUST_02422,small_business,chat,mobile_app,security_concern,urgent,resolved,gold,There seems to be a vulnerability in the mobile app functionality.,We take security very seriously. This has been escalated to our on-call team for immediate attention.,"Investigated logs, mitigated the issue, and updated security settings.",5.92,0,neutral,0,0,android,MEA
TCKT_064509,2023-03-11 18:50:44,CUST_09498,non_profit,phone_transcript,notifications,bug,low,resolved,gold,I am seeing an error message when I click on notifications.,Thanks for reporting this bug. We will look into this and get back to you within the next 48 hours.,Patched the bug and deployed a fix to production.,22.78,1,neutral,0,0,android,EU
TCKT_064553,2023-03-16 08:04:47,CUST_01013,non_profit,in_app,notifications,bug,medium,in_progress,gold,I am seeing an error message when I click on notifications.,Thanks for reporting this bug. Our team is reviewing this and will follow up within 24 hours.,,,0,negative,3,0,ios,APAC
TCKT_064569,2023-03-03 05:20:05,CUST_05610,education,chat,api_integration,how_to,high,closed_no_action,gold,Can you explain how to configure api integration properly?,Happy to help with your question. We are prioritizing this and will update you as soon as possible.,Ticket closed without further action after no response from the customer.,59.46,0,negative,2,0,ios,
TCKT_064594,2023-03-30 00:06:51,CUST_06524,individual,phone_transcript,notifications,account_access,low,in_progress,standard,My 2FA code is not working when I try to sign in.,Sorry to hear you're having trouble accessing your account. We will look into this and get back to you within the next 48 hours.,,,0,negative,0,0,web,
TCKT_064602,2023-03-22 05:53:53,CUST_08508,enterprise,phone_transcript,data_export,how_to,medium,resolved,gold,Can you explain how to configure data export properly?,Happy to help with your question. Our team is reviewing this and will follow up within 24 hours.,Provided step-by-step instructions and relevant documentation.,36.61,0,very_positive,5,0,desktop_app,LATAM
TCKT_064644,2023-03-03 03:03:35,CUST_03172,enterprise,web_form,analytics_dashboard,security_concern,high,on_hold,gold,We need details about your data encryption and compliance.,We take security very seriously. We are prioritizing this and will update you as soon as possible.,,,0,negative,2,0,api_client,LATAM
TCKT_064684,2023-03-13 00:05:08,CUST_06993,enterprise,email,analytics_dashboard,other,medium,in_progress,platinum,I have a general question about my account.,Thanks for contacting support. Our team is reviewing this and will follow up within 24 hours.,,,0,negative,3,0,android,MEA
TCKT_064703,2023-03-26 11:24:01,CUST_03298,enterprise,web_form,notifications,feature_request,high,resolved,gold,It would be great to have notifications support in your product.,Thanks for your feature suggestion. We are prioritizing this and will update you as soon as possible.,Captured the request and added it to the product backlog.,7.44,0,neutral,4,0,api_client,APAC
TCKT_064734,2023-03-09 12:06:34,CUST_07102,education,email,billing,feature_request,medium,resolved,standard,Our team needs more advanced options for billing.,Thanks for your feature suggestion. Our team is reviewing this and will follow up within 24 hours.,Captured the request and added it to the product backlog.,41.39,0,neutral,0,1,android,
TCKT_064746,2023-03-11 16:08:59,CUST_05956,enterprise,phone_transcript,data_export,performance,medium,resolved,gold,Overall performance has degraded in the last few days.,We understand performance issues can be frustrating. Our team is reviewing this and will follow up within 24 hours.,Optimized queries and increased resource allocation.,16.89,0,negative,2,0,ios,APAC
TCKT_064756,2023-03-12 18:05:56,CUST_07441,education,web_form,mobile_app,security_concern,medium,resolved,standard,We need details about your data encryption and compliance.,We take security very seriously. Our team is reviewing this and will follow up within 24 hours.,"Investigated logs, mitigated the issue, and updated security settings.",17.48,0,negative,2,0,ios,MEA
TCKT_064769,2023-03-19 06:19:43,CUST_06044,enterprise,email,analytics_dashboard,bug,medium,resolved,standard,The page keeps crashing whenever I try to open the analytics dashboard section.,Thanks for reporting this bug. Our team is reviewing this and will follow up within 24 hours.,Patched the bug and deployed a fix to production.,13.76,0,very_negative,2,0,desktop_app,APAC
TCKT_064878,2023-03-31 22:03:08,CUST_00288,education,email,api_integration,security_concern,medium,resolved,platinum,There seems to be a vulnerability in the api integration functionality.,We take security very seriously. Our team is reviewing this and will follow up within 24 hours.,"Investigated logs, mitigated the issue, and updated security settings.",18.66,0,very_positive,5,1,ios,APAC
TCKT_065012,2023-03-15 00:33:17,CUST_00009,non_profit,email,login_auth,how_to,low,resolved,platinum,I need help setting up login auth for my team.,Happy to help with your question. We will look into this and get back to you within the next 48 hours.,Provided step-by-step instructions and relevant documentation.,27.96,0,neutral,4,0,desktop_app,EU
TCKT_065096,2023-03-10 01:47:55,CUST_09798,small_business,in_app,mobile_app,how_to,high,resolved,standard,How can I export my data from the mobile app section?,Happy to help with your question. We are prioritizing this and will update you as soon as possible.,Provided step-by-step instructions and relevant documentation.,21.19,0,very_positive,0,0,api_client,APAC
TCKT_065180,2023-03-14 11:56:58,CUST_00703,non_profit,web_form,data_export,security_concern,low,open,standard,I noticed a suspicious login on my account.,We take security very seriously. We will look into this and get back to you within the next 48 hours.,,,0,very_negative,0,0,ios,LATAM
TCKT_065181,2023-03-11 07:30:54,CUST_03203,individual,in_app,data_export,performance,high,in_progress,gold,Overall performance has degraded in the last few days.,We understand performance issues can be frustrating. We are prioritizing this and will update you as soon as possible.,,,0,negative,3,0,web,LATAM
TCKT_065238,2023-03-25 00:19:11,CUST_08192,education,chat,billing,how_to,medium,closed_no_action,platinum,Can you explain how to configure billing properly?,Happy to help with your question. Our team is reviewing this and will follow up within 24 hours.,Ticket closed without further action after no response from the customer.,92.9,0,very_positive,5,0,api_client,LATAM
TCKT_065319,2023-03-05 17:03:11,CUST_07343,small_business,web_form,billing,security_concern,low,in_progress,gold,There seems to be a vulnerability in the billing functionality.,We take security very seriously. We will look into this and get back to you within the next 48 hours.,,,0,negative,2,0,web,MEA
TCKT_065347,2023-03-25 15:17:54,CUST_02610,non_profit,email,api_integration,other,low,resolved,gold,I need help but I'm not sure which category this fits in.,Thanks for contacting support. We will look into this and get back to you within the next 48 hours.,Provided general guidance and confirmed the issue was resolved.,66.69,0,negative,2,1,ios,MEA
TCKT_065676,2023-03-21 14:07:26,CUST_01004,enterprise,phone_transcript,notifications,billing_problem,medium,resolved,standard,I was charged twice for my subscription this month.,Thanks for reaching out about the billing issue. Our team is reviewing this and will follow up within 24 hours.,Adjusted the invoice and issued a refund where applicable.,40.27,0,negative,3,1,api_client,MEA
TCKT_065713,2023-03-13 06:43:48,CUST_09996,non_profit,chat,analytics_dashboard,other,low,resolved,gold,"Something seems off, can you please check my workspace?",Thanks for contacting support. We will look into this and get back to you within the next 48 hours.,Provided general guidance and confirmed the issue was resolved.,57.4,0,very_positive,0,1,desktop_app,LATAM
TCKT_065722,2023-03-03 14:06:45,CUST_04121,individual,web_form,billing,feature_request,low,in_progress,gold,Our team needs more advanced options for billing.,Thanks for your feature suggestion. We will look into this and get back to you within the next 48 hours.,,,0,neutral,0,0,android,APAC
TCKT_065767,2023-03-15 09:53:58,CUST_04731,education,web_form,login_auth,other,medium,resolved,standard,I have a general question about my account.,Thanks for contacting support. Our team is reviewing this and will follow up within 24 hours.,Provided general guidance and confirmed the issue was resolved.,26.39,0,very_negative,1,0,web,MEA
TCKT_065797,2023-03-23 00:44:34,CUST_08293,non_profit,phone_transcript,mobile_app,account_access,medium,resolved,platinum,My account was locked after multiple failed login attempts.,Sorry to hear you're having trouble accessing your account. Our team is reviewing this and will follow up within 24 hours.,Reset account credentials and confirmed successful login.,14.96,0,very_negative,2,0,web,EU
TCKT_065801,2023-03-14 13:39:22,CUST_08117,non_profit,chat,billing,security_concern,medium,resolved,standard,We need details about your data encryption and compliance.,We take security very seriously. Our team is reviewing this and will follow up within 24 hours.,"Investigated logs, mitigated the issue, and updated security settings.",39.83,0,very_negative,1,0,ios,LATAM
TCKT_065816,2023-03-13 21:15:09,CUST_03120,small_business,in_app,mobile_app,billing_problem,low,in_progress,gold,I was charged twice for my subscription this month.,Thanks for reaching out about the billing issue. We will look into this and get back to you within the next 48 hours.,,,0,neutral,0,0,desktop_app,LATAM
TCKT_065935,2023-03-26 16:09:54,CUST_02297,non_profit,in_app,analytics_dashboard,bug,medium,in_progress,gold,The analytics dashboard feature is not saving my changes.,Thanks for reporting this bug. Our team is reviewing this and will follow up within 24 hours.,,,0,positive,0,1,web,
TCKT_065960,2023-03-31 09:28:45,CUST_00997,individual,in_app,data_export,billing_problem,medium,resolved,platinum,I downgraded my plan but I am still being billed for the higher tier.,Thanks for reaching out about the billing issue. Our team is reviewing this and will follow up within 24 hours.,Adjusted the invoice and issued a refund where applicable.,41.47,0,very_negative,2,1,desktop_app,
TCKT_066009,2023-03-01 23:15:16,CUST_08199,enterprise,chat,api_integration,performance,low,resolved,standard,The api integration page is very slow and takes a long time to load.,We understand performance issues can be frustrating. We will look into this and get back to you within the next 48 hours.,Optimized queries and increased resource allocation.,71.96,0,very_negative,2,0,android,LATAM
TCKT_066072,2023-03-21 11:57:02,CUST_04413,enterprise,in_app,notifications,performance,low,closed_no_action,standard,Overall performance has degraded in the last few days.,We understand performance issues can be frustrating. We will look into this and get back to you within the next 48 hours.,Ticket closed without further action after no response from the customer.,208.84,0,neutral,0,0,ios,EU
TCKT_066179,2023-03-20 10:06:24,CUST_04429,education,in_app,login_auth,account_access,medium,resolved,gold,I cannot log in; the system says my password is incorrect.,Sorry to hear you're having trouble accessing your account. Our team is reviewing this and will follow up within 24 hours.,Reset account credentials and confirmed successful login.,25.27,1,very_positive,5,0,api_client,LATAM
TCKT_066182,2023-03-28 08:41:21,CUST_06849,individual,email,login_auth,account_access,high,in_progress,platinum,I cannot log in; the system says my password is incorrect.,Sorry to hear you're having trouble accessing your account. We are prioritizing this and will update you as soon as possible.,,,0,neutral,3,0,desktop_app,APAC
TCKT_066225,2023-03-14 12:15:17,CUST_07600,small_business,web_form,api_integration,security_concern,low,resolved,standard,I noticed a suspicious login on my account.,We take security very seriously. We will look into this and get back to you within the next 48 hours.,"Investigated logs, mitigated the issue, and updated security settings.",24.02,1,neutral,0,0,api_client,LATAM
TCKT_066267,2023-03-26 05:03:27,CUST_00430,small_business,web_form,notifications,how_to,medium,resolved,gold,Can you explain how to configure notifications properly?,Happy to help with your question. Our team is reviewing this and will follow up within 24 hours.,Provided step-by-step instructions and relevant documentation.,22.64,0,negative,0,0,android,
TCKT_066271,2023-03-31 08:48:42,CUST_00946,enterprise,phone_transcript,analytics_dashboard,other,low,resolved,standard,I have a general question about my account.,Thanks for contacting support. We will look into this and get back to you within the next 48 hours.,Provided general guidance and confirmed the issue was resolved.,46.97,0,neutral,0,0,android,APAC
TCKT_066311,2023-03-15 18:40:59,CUST_03717,small_business,phone_transcript,login_auth,other,low,in_progress,standard,I need help but I'm not sure which category this fits in.,Thanks for contacting support. We will look into this and get back to you within the next 48 hours.,,,0,negative,3,1,desktop_app,
TCKT_066385,2023-03-21 02:59:00,CUST_03108,enterprise,chat,notifications,performance,medium,resolved,gold,The notifications page is very slow and takes a long time to load.,We understand performance issues can be frustrating. Our team is reviewing this and will follow up within 24 hours.,Optimized queries and increased resource allocation.,31.9,1,very_negative,2,0,desktop_app,APAC
TCKT_066446,2023-03-26 22:53:30,CUST_04791,education,email,notifications,billing_problem,low,open,gold,I was charged twice for my subscription this month.,Thanks for reaching out about the billing issue. We will look into this and get back to you within the next 48 hours.,,,0,negative,2,1,android,APAC
TCKT_066456,2023-03-27 16:45:56,CUST_08497,individual,chat,billing,account_access,medium,in_progress,standard,My account was locked after multiple failed login attempts.,Sorry to hear you're having trouble accessing your account. Our team is reviewing this and will follow up within 24 hours.,,,0,positive,0,1,android,EU
TCKT_066472,2023-03-27 02:02:45,CUST_07978,education,web_form,login_auth,performance,high,resolved,standard,Queries in the login auth module are timing out.,We understand performance issues can be frustrating. We are prioritizing this and will update you as soon as possible.,Optimized queries and increased resource allocation.,8.13,1,very_negative,1,0,desktop_app,
TCKT_066511,2023-03-04 13:02:48,CUST_02624,enterprise,email,mobile_app,security_concern,low,closed_no_action,standard,There seems to be a vulnerability in the mobile app functionality.,We take security very seriously. We will look into this and get back to you within the next 48 hours.,Ticket closed without further action after no response from the customer.,136.97,0,neutral,0,1,api_client,MEA
TCKT_066529,2023-03-16 11:21:49,CUST_03754,individual,in_app,login_auth,account_access,urgent,in_progress,gold,My 2FA code is not working when I try to sign in.,Sorry to hear you're having trouble accessing your account. This has been escalated to our on-call team for immediate attention.,,,0,negative,3,0,api_client,EU
TCKT_066530,2023-03-03 23:23:06,CUST_05532,non_profit,in_app,notifications,performance,medium,resolved,standard,The notifications page is very slow and takes a long time to load.,We understand performance issues can be frustrating. Our team is reviewing this and will follow up within 24 hours.,Optimized queries and increased resource allocation.,21.8,0,positive,0,0,web,
TCKT_066567,2023-03-06 19:23:37,CUST_04181,education,chat,data_export,account_access,low,in_progress,standard,My account was locked after multiple failed login attempts.,Sorry to hear you're having trouble accessing your account. We will look into this and get back to you within the next 48 hours.,,,0,negative,2,1,api_client,MEA
TCKT_066795,2023-03-14 21:41:16,CUST_06111,education,email,mobile_app,feature_request,low,resolved,platinum,Our team needs more advanced options for mobile app.,Thanks for your feature suggestion. We will look into this and get back to you within the next 48 hours.,Captured the request and added it to the product backlog.,30.8,0,negative,0,0,desktop_app,
TCKT_066849,2023-03-27 06:54:45,CUST_08629,education,in_app,billing,account_access,medium,closed_no_action,standard,I cannot log in; the system says my password is incorrect.,Sorry to hear you're having trouble accessing your account. Our team is reviewing this and will follow up within 24 hours.,Ticket closed without further action after no response from the customer.,214.76,0,negative,2,1,android,LATAM
TCKT_066944,2023-03-06 03:06:46,CUST_01772,enterprise,email,login_auth,how_to,medium,closed_no_action,standard,How can I export my data from the login auth section?,Happy to help with your question. Our team is reviewing this and will follow up within 24 hours.,Ticket closed without further action after no response from the customer.,226.48,0,positive,0,1,ios,MEA
TCKT_066949,2023-03-16 09:57:53,CUST_06786,non_profit,in_app,api_integration,other,high,resolved,standard,I have a general question about my account.,Thanks for contacting support. We are prioritizing this and will update you as soon as possible.,Provided general guidance and confirmed the issue was resolved.,17.15,0,neutral,0,0,api_client,APAC
TCKT_066963,2023-03-24 12:22:04,CUST_01545,small_business,email,login_auth,how_to,high,in_progress,gold,How can I export my data from the login auth section?,Happy to help with your question. We are prioritizing this and will update you as soon as possible.,,,0,neutral,0,0,android,EU
TCKT_066978,2023-03-28 02:06:00,CUST_05190,small_business,phone_transcript,api_integration,other,low,resolved,gold,I have a general question about my account.,Thanks for contacting support. We will look into this and get back to you within the next 48 hours.,Provided general guidance and confirmed the issue was resolved.,18.91,0,negative,3,1,desktop_app,MEA
TCKT_066997,2023-03-17 01:20:02,CUST_00081,non_profit,chat,data_export,security_concern,high,resolved,standard,I noticed a suspicious login on my account.,We take security very seriously. We are prioritizing this and will update you as soon as possible.,"Investigated logs, mitigated the issue, and updated security settings.",11.35,0,very_negative,0,0,ios,
TCKT_067132,2023-03-12 08:50:58,CUST_04401,individual,email,api_integration,how_to,urgent,closed_no_action,platinum,How can I export my data from the api integration section?,Happy to help with your question. This has been escalated to our on-call team for immediate attention.,Ticket closed without further action after no response from the customer.,220.38,0,neutral,3,0,api_client,EU
TCKT_067182,2023-03-06 16:35:48,CUST_01305,small_business,phone_transcript,notifications,billing_problem,medium,closed_no_action,standard,My invoice amount is incorrect compared to the plan I selected.,Thanks for reaching out about the billing issue. Our team is reviewing this and will follow up within 24 hours.,Ticket closed without further action after no response from the customer.,109.43,0,negative,2,0,ios,APAC
TCKT_067218,2023-03-08 11:05:26,CUST_09008,individual,web_form,login_auth,feature_request,medium,resolved,standard,It would be great to have login auth support in your product.,Thanks for your feature suggestion. Our team is reviewing this and will follow up within 24 hours.,Captured the request and added it to the product backlog.,42.44,0,positive,5,1,desktop_app,EU
TCKT_067279,2023-03-28 11:10:05,CUST_09125,small_business,phone_transcript,login_auth,account_access,low,resolved,gold,My 2FA code is not working when I try to sign in.,Sorry to hear you're having trouble accessing your account. We will look into this and get back to you within the next 48 hours.,Reset account credentials and confirmed successful login.,53.47,0,negative,2,0,desktop_app,APAC
TCKT_067311,2023-03-13 10:32:17,CUST_08892,education,chat,mobile_app,other,high,resolved,platinum,"Something seems off, can you please check my workspace?",Thanks for contacting support. We are prioritizing this and will update you as soon as possible.,Provided general guidance and confirmed the issue was resolved.,11.0,0,positive,5,0,android,APAC
TCKT_067352,2023-03-19 10:38:48,CUST_04323,small_business,email,billing,other,high,open,standard,"Something seems off, can you please check my workspace?",Thanks for contacting support. We are prioritizing this and will update you as soon as possible.,,,0,neutral,4,0,api_client,MEA
TCKT_067547,2023-03-29 03:31:27,CUST_04483,small_business,in_app,billing,feature_request,low,closed_no_action,gold,Can you add an option to customize billing?,Thanks for your feature suggestion. We will look into this and get back to you within the next 48 hours.,Ticket closed without further action after no response from the customer.,134.87,0,very_positive,5,0,web,LATAM
TCKT_067559,2023-03-30 20:05:12,CUST_07110,enterprise,phone_transcript,notifications,performance,high,resolved,gold,Queries in the notifications module are timing out.,We understand performance issues can be frustrating. We are prioritizing this and will update you as soon as possible.,Optimized queries and increased resource allocation.,5.87,0,neutral,4,1,desktop_app,APAC
TCKT_067587,2023-03-09 10:31:59,CUST_02265,non_profit,phone_transcript,api_integration,other,medium,resolved,gold,I need help but I'm not sure which category this fits in.,Thanks for contacting support. Our team is reviewing this and will follow up within 24 hours.,Provided general guidance and confirmed the issue was resolved.,44.49,0,neutral,0,0,desktop_app,MEA
TCKT_067588,2023-03-28 06:31:54,CUST_02949,education,chat,notifications,bug,medium,on_hold,standard,I am seeing an error message when I click on notifications.,Thanks for reporting this bug. Our team is reviewing this and will follow up within 24 hours.,,,1,positive,5,1,web,APAC
TCKT_067673,2023-03-15 00:58:18,CUST_01938,small_business,phone_transcript,analytics_dashboard,account_access,medium,resolved,gold,I cannot log in; the system says my password is incorrect.,Sorry to hear you're having trouble accessing your account. Our team is reviewing this and will follow up within 24 hours.,Reset account credentials and confirmed successful login.,36.66,0,very_negative,1,1,desktop_app,
TCKT_067697,2023-03-02 23:20:41,CUST_04638,individual,phone_transcript,mobile_app,account_access,medium,in_progress,gold,My account was locked after multiple failed login attempts.,Sorry to hear you're having trouble accessing your account. Our team is reviewing this and will follow up within 24 hours.,,,0,very_negative,2,0,android,EU
TCKT_067722,2023-03-22 02:53:40,CUST_05170,education,in_app,data_export,how_to,medium,resolved,gold,Can you explain how to configure data export properly?,Happy to help with your question. Our team is reviewing this and will follow up within 24 hours.,Provided step-by-step instructions and relevant documentation.,20.87,0,neutral,3,0,ios,APAC
TCKT_067888,2023-03-29 09:51:06,CUST_08968,enterprise,phone_transcript,data_export,performance,medium,resolved,gold,Overall performance has degraded in the last few days.,We understand performance issues can be frustrating. Our team is reviewing this and will follow up within 24 hours.,Optimized queries and increased resource allocation.,5.66,0,negative,2,1,api_client,MEA
TCKT_067897,2023-03-22 10:36:45,CUST_03630,education,email,notifications,bug,low,in_progress,standard,I am seeing an error message when I click on notifications.,Thanks for reporting this bug. We will look into this and get back to you within the next 48 hours.,,,0,very_negative,1,0,desktop_app,
TCKT_067926,2023-03-03 13:49:18,CUST_09297,small_business,web_form,billing,how_to,medium,resolved,gold,I need help setting up billing for my team.,Happy to help with your question. Our team is reviewing this and will follow up within 24 hours.,Provided step-by-step instructions and relevant documentation.,26.44,0,very_positive,0,0,web,MEA
TCKT_067990,2023-03-21 07:46:12,CUST_06885,enterprise,phone_transcript,analytics_dashboard,how_to,low,resolved,gold,How can I export my data from the analytics dashboard section?,Happy to help with your question. We will look into this and get back to you within the next 48 hours.,Provided step-by-step instructions and relevant documentation.,46.84,0,positive,4,0,api_client,
TCKT_068006,2023-03-26 11:50:34,CUST_01791,individual,phone_transcript,billing,billing_problem,low,resolved,gold,My invoice amount is incorrect compared to the plan I selected.,Thanks for reaching out about the billing issue. We will look into this and get back to you within the next 48 hours.,Adjusted the invoice and issued a refund where applicable.,28.05,0,very_positive,5,0,android,APAC
TCKT_068020,2023-03-16 09:58:45,CUST_09358,enterprise,web_form,billing,account_access,high,in_progress,standard,My 2FA code is not working when I try to sign in.,Sorry to hear you're having trouble accessing your account. We are prioritizing this and will update you as soon as possible.,,,0,very_negative,2,0,web,
TCKT_068129,2023-03-19 04:28:38,CUST_06935,education,phone_transcript,data_export,account_access,low,in_progress,standard,My 2FA code is not working when I try to sign in.,Sorry to hear you're having trouble accessing your account. We will look into this and get back to you within the next 48 hours.,,,0,neutral,0,0,ios,LATAM
TCKT_068231,2023-03-20 02:26:23,CUST_09784,education,phone_transcript,api_integration,how_to,urgent,closed_no_action,gold,How can I export my data from the api integration section?,Happy to help with your question. This has been escalated to our on-call team for immediate attention.,Ticket closed without further action after no response from the customer.,139.58,0,positive,5,0,ios,LATAM
TCKT_068241,2023-03-02 03:00:56,CUST_01446,education,web_form,notifications,how_to,low,resolved,standard,I need help setting up notifications for my team.,Happy to help with your question. We will look into this and get back to you within the next 48 hours.,Provided step-by-step instructions and relevant documentation.,54.29,0,neutral,3,0,android,
TCKT_068330,2023-03-10 13:17:47,CUST_01912,education,email,data_export,account_access,medium,in_progress,standard,I cannot log in; the system says my password is incorrect.,Sorry to hear you're having trouble accessing your account. Our team is reviewing this and will follow up within 24 hours.,,,0,neutral,3,0,web,MEA
TCKT_068411,2023-03-22 14:39:19,CUST_08450,non_profit,in_app,billing,security_concern,low,resolved,standard,There seems to be a vulnerability in the billing functionality.,We take security very seriously. We will look into this and get back to you within the next 48 hours.,"Investigated logs, mitigated the issue, and updated security settings.",70.47,0,neutral,0,0,api_client,
TCKT_068419,2023-03-22 14:50:20,CUST_01144,small_business,in_app,mobile_app,account_access,high,closed_no_action,gold,I cannot log in; the system says my password is incorrect.,Sorry to hear you're having trouble accessing your account. We are prioritizing this and will update you as soon as possible.,Ticket closed without further action after no response from the customer.,210.54,0,very_negative,1,0,api_client,APAC
TCKT_068453,2023-03-14 09:47:00,CUST_08827,non_profit,chat,login_auth,security_concern,medium,resolved,standard,There seems to be a vulnerability in the login auth functionality.,We take security very seriously. Our team is reviewing this and will follow up within 24 hours.,"Investigated logs, mitigated the issue, and updated security settings.",40.34,0,positive,5,0,api_client,
TCKT_068464,2023-03-18 11:05:35,CUST_02391,enterprise,phone_transcript,notifications,security_concern,medium,resolved,platinum,We need details about your data encryption and compliance.,We take security very seriously. Our team is reviewing this and will follow up within 24 hours.,"Investigated logs, mitigated the issue, and updated security settings.",45.31,0,very_negative,1,0,ios,
TCKT_068506,2023-03-06 19:21:34,CUST_09879,enterprise,web_form,analytics_dashboard,other,medium,resolved,standard,I have a general question about my account.,Thanks for contacting support. Our team is reviewing this and will follow up within 24 hours.,Provided general guidance and confirmed the issue was resolved.,21.51,0,very_positive,5,1,desktop_app,LATAM
TCKT_068570,2023-03-02 22:02:59,CUST_05811,enterprise,chat,notifications,how_to,low,open,standard,Can you explain how to configure notifications properly?,Happy to help with your question. We will look into this and get back to you within the next 48 hours.,,,0,very_negative,1,0,api_client,EU
TCKT_068623,2023-03-05 01:33:20,CUST_06165,education,web_form,analytics_dashboard,bug,high,resolved,standard,The analytics dashboard feature is not saving my changes.,Thanks for reporting this bug. We are prioritizing this and will update you as soon as possible.,Patched the bug and deployed a fix to production.,2.95,0,negative,2,0,web,LATAM
TCKT_068671,2023-03-20 02:46:58,CUST_04327,education,phone_transcript,mobile_app,other,low,resolved,gold,I need help but I'm not sure which category this fits in.,Thanks for contacting support. We will look into this and get back to you within the next 48 hours.,Provided general guidance and confirmed the issue was resolved.,35.13,0,neutral,3,0,desktop_app,
TCKT_068749,2023-03-14 08:30:36,CUST_00032,individual,chat,billing,performance,medium,on_hold,gold,Queries in the billing module are timing out.,We understand performance issues can be frustrating. Our team is reviewing this and will follow up within 24 hours.,,,0,neutral,0,1,desktop_app,EU
TCKT_068783,2023-03-23 08:17:27,CUST_08168,enterprise,in_app,data_export,bug,medium,resolved,standard,The page keeps crashing whenever I try to open the data export section.,Thanks for reporting this bug. Our team is reviewing this and will follow up within 24 hours.,Patched the bug and deployed a fix to production.,31.28,0,neutral,3,0,ios,MEA
TCKT_068810,2023-03-21 06:24:50,CUST_08082,small_business,email,api_integration,account_access,low,resolved,gold,I cannot log in; the system says my password is incorrect.,Sorry to hear you're having trouble accessing your account. We will look into this and get back to you within the next 48 hours.,Reset account credentials and confirmed successful login.,40.85,0,very_negative,2,1,ios,APAC
TCKT_068835,2023-03-26 12:20:29,CUST_08888,enterprise,chat,login_auth,security_concern,low,in_progress,standard,We need details about your data encryption and compliance.,We take security very seriously. We will look into this and get back to you within the next 48 hours.,,,0,negative,3,1,ios,
TCKT_068871,2023-03-04 07:11:29,CUST_01973,education,email,analytics_dashboard,performance,urgent,open,gold,Overall performance has degraded in the last few days.,We understand performance issues can be frustrating. This has been escalated to our on-call team for immediate attention.,,,1,very_negative,2,0,android,
TCKT_068878,2023-03-17 13:10:51,CUST_01137,education,web_form,login_auth,account_access,low,resolved,standard,My account was locked after multiple failed login attempts.,Sorry to hear you're having trouble accessing your account. We will look into this and get back to you within the next 48 hours.,Reset account credentials and confirmed successful login.,67.66,0,negative,3,1,android,APAC
TCKT_068932,2023-03-14 08:32:18,CUST_07149,individual,email,mobile_app,other,medium,resolved,gold,I need help but I'm not sure which category this fits in.,Thanks for contacting support. Our team is reviewing this and will follow up within 24 hours.,Provided general guidance and confirmed the issue was resolved.,4.87,1,negative,2,1,android,APAC
TCKT_068965,2023-03-01 20:27:55,CUST_02243,enterprise,email,notifications,how_to,low,on_hold,standard,How can I export my data from the notifications section?,Happy to help with your question. We will look into this and get back to you within the next 48 hours.,,,0,negative,0,0,ios,
TCKT_069093,2023-03-04 06:02:23,CUST_04786,enterprise,phone_transcript,billing,bug,low,resolved,standard,The billing feature is not saving my changes.,Thanks for reporting this bug. We will look into this and get back to you within the next 48 hours.,Patched the bug and deployed a fix to production.,59.27,0,positive,5,1,web,LATAM
TCKT_069102,2023-03-10 03:56:40,CUST_01632,non_profit,in_app,notifications,performance,low,resolved,standard,The notifications page is very slow and takes a long time to load.,We understand performance issues can be frustrating. We will look into this and get back to you within the next 48 hours.,Optimized queries and increased resource allocation.,9.14,0,negative,0,0,web,APAC
TCKT_069184,2023-03-17 12:47:39,CUST_05839,education,chat,data_export,billing_problem,low,resolved,platinum,I downgraded my plan but I am still being billed for the higher tier.,Thanks for reaching out about the billing issue. We will look into this and get back to you within the next 48 hours.,Adjusted the invoice and issued a refund where applicable.,26.04,0,very_positive,5,0,web,
TCKT_069267,2023-03-24 10:05:49,CUST_04723,enterprise,phone_transcript,data_export,bug,low,closed_no_action,standard,The data export feature is not saving my changes.,Thanks for reporting this bug. We will look into this and get back to you within the next 48 hours.,Ticket closed without further action after no response from the customer.,134.45,0,neutral,3,0,android,APAC
TCKT_069322,2023-03-02 11:18:45,CUST_02768,individual,web_form,analytics_dashboard,account_access,urgent,open,standard,My 2FA code is not working when I try to sign in.,Sorry to hear you're having trouble accessing your account. This has been escalated to our on-call team for immediate attention.,,,0,positive,0,0,web,LATAM
TCKT_069346,2023-03-07 01:00:24,CUST_07535,small_business,web_form,api_integration,other,medium,resolved,standard,I have a general question about my account.,Thanks for contacting support. Our team is reviewing this and will follow up within 24 hours.,Provided general guidance and confirmed the issue was resolved.,20.76,0,positive,0,1,ios,MEA
TCKT_069605,2023-03-15 19:36:19,CUST_07764,non_profit,web_form,notifications,other,low,on_hold,standard,I need help but I'm not sure which category this fits in.,Thanks for contacting support. We will look into this and get back to you within the next 48 hours.,,,0,positive,4,0,api_client,MEA
TCKT_069607,2023-03-20 08:48:07,CUST_08027,individual,chat,login_auth,performance,medium,resolved,standard,The login auth page is very slow and takes a long time to load.,We understand performance issues can be frustrating. Our team is reviewing this and will follow up within 24 hours.,Optimized queries and increased resource allocation.,32.51,0,negative,2,0,desktop_app,LATAM
TCKT_069624,2023-03-22 22:55:58,CUST_05122,enterprise,email,analytics_dashboard,account_access,medium,resolved,standard,My account was locked after multiple failed login attempts.,Sorry to hear you're having trouble accessing your account. Our team is reviewing this and will follow up within 24 hours.,Reset account credentials and confirmed successful login.,24.02,0,positive,0,1,desktop_app,
TCKT_069680,2023-03-03 22:43:25,CUST_01991,non_profit,web_form,mobile_app,how_to,low,resolved,standard,I need help setting up mobile app for my team.,Happy to help with your question. We will look into this and get back to you within the next 48 hours.,Provided step-by-step instructions and relevant documentation.,11.67,0,negative,0,1,android,APAC
TCKT_069719,2023-03-14 12:20:22,CUST_00517,enterprise,email,login_auth,security_concern,low,in_progress,gold,We need details about your data encryption and compliance.,We take security very seriously. We will look into this and get back to you within the next 48 hours.,,,0,positive,5,0,api_client,APAC
TCKT_069735,2023-03-06 23:32:21,CUST_04103,education,in_app,api_integration,security_concern,high,resolved,standard,We need details about your data encryption and compliance.,We take security very seriously. We are prioritizing this and will update you as soon as possible.,"Investigated logs, mitigated the issue, and updated security settings.",22.34,0,neutral,3,0,web,LATAM
TCKT_069744,2023-03-04 17:35:56,CUST_02489,education,email,billing,how_to,low,resolved,platinum,I need help setting up billing for my team.,Happy to help with your question. We will look into this and get back to you within the next 48 hours.,Provided step-by-step instructions and relevant documentation.,49.46,0,positive,5,1,ios,
TCKT_069791,2023-03-07 23:35:22,CUST_05739,small_business,web_form,billing,bug,medium,resolved,gold,The page keeps crashing whenever I try to open the billing section.,Thanks for reporting this bug. Our team is reviewing this and will follow up within 24 hours.,Patched the bug and deployed a fix to production.,19.13,0,neutral,3,0,desktop_app,MEA
TCKT_069798,2023-03-20 18:14:04,CUST_01214,individual,in_app,data_export,performance,low,in_progress,standard,Overall performance has degraded in the last few days.,We understand performance issues can be frustrating. We will look into this and get back to you within the next 48 hours.,,,0,positive,5,0,desktop_app,APAC
TCKT_069882,2023-03-06 23:03:48,CUST_04302,non_profit,email,api_integration,performance,high,resolved,standard,The api integration page is very slow and takes a long time to load.,We understand performance issues can be frustrating. We are prioritizing this and will update you as soon as possible.,Optimized queries and increased resource allocation.,11.11,0,very_negative,1,1,android,
TCKT_069893,2023-03-14 02:08:35,CUST_07078,individual,phone_transcript,analytics_dashboard,feature_request,low,in_progress,platinum,It would be great to have analytics dashboard support in your product.,Thanks for your feature suggestion. We will look into this and get back to you within the next 48 hours.,,,0,positive,5,0,desktop_app,MEA
TCKT_069959,2023-03-02 20:14:40,CUST_06023,small_business,web_form,login_auth,performance,low,open,standard,Queries in the login auth module are timing out.,We understand performance issues can be frustrating. We will look into this and get back to you within the next 48 hours.,,,0,negative,3,1,web,MEA
TCKT_070030,2023-03-02 00:39:30,CUST_00889,small_business,chat,billing,how_to,high,open,platinum,I need help setting up billing for my team.,Happy to help with your question. We are prioritizing this and will update you as soon as possible.,,,0,very_positive,5,0,android,APAC
TCKT_070060,2023-03-01 09:21:04,CUST_08869,non_profit,phone_transcript,api_integration,feature_request,medium,resolved,standard,Can you add an option to customize api integration?,Thanks for your feature suggestion. Our team is reviewing this and will follow up within 24 hours.,Captured the request and added it to the product backlog.,22.86,0,positive,5,0,android,APAC
TCKT_070073,2023-03-01 15:49:06,CUST_08400,non_profit,email,login_auth,billing_problem,high,open,standard,My invoice amount is incorrect compared to the plan I selected.,Thanks for reaching out about the billing issue. We are prioritizing this and will update you as soon as possible.,,,0,very_negative,1,0,web,MEA
TCKT_070076,2023-03-18 18:26:57,CUST_08134,small_business,phone_transcript,analytics_dashboard,how_to,low,closed_no_action,platinum,How can I export my data from the analytics dashboard section?,Happy to help with your question. We will look into this and get back to you within the next 48 hours.,Ticket closed without further action after no response from the customer.,226.97,0,neutral,4,1,android,
TCKT_070089,2023-03-24 00:26:43,CUST_01821,education,email,analytics_dashboard,feature_request,medium,open,standard,It would be great to have analytics dashboard support in your product.,Thanks for your feature suggestion. Our team is reviewing this and will follow up within 24 hours.,,,0,positive,0,0,api_client,APAC
TCKT_070147,2023-03-18 03:22:37,CUST_00223,enterprise,phone_transcript,login_auth,other,low,in_progress,standard,I need help but I'm not sure which category this fits in.,Thanks for contacting support. We will look into this and get back to you within the next 48 hours.,,,0,neutral,4,0,desktop_app,
TCKT_070161,2023-03-23 16:08:16,CUST_00574,enterprise,chat,data_export,performance,medium,in_progress,gold,Queries in the data export module are timing out.,We understand performance issues can be frustrating. Our team is reviewing this and will follow up within 24 hours.,,,0,very_negative,1,0,web,MEA
TCKT_070179,2023-03-10 14:19:30,CUST_07468,education,in_app,notifications,security_concern,high,in_progress,standard,There seems to be a vulnerability in the notifications functionality.,We take security very seriously. We are prioritizing this and will update you as soon as possible.,,,0,negative,2,0,api_client,APAC
TCKT_070252,2023-03-13 16:26:38,CUST_01872,non_profit,phone_transcript,login_auth,how_to,medium,open,standard,Can you explain how to configure login auth properly?,Happy to help with your question. Our team is reviewing this and will follow up within 24 hours.,,,1,neutral,0,0,ios,EU
TCKT_070297,2023-03-13 17:37:27,CUST_08527,education,chat,analytics_dashboard,billing_problem,medium,on_hold,standard,My invoice amount is incorrect compared to the plan I selected.,Thanks for reaching out about the billing issue. Our team is reviewing this and will follow up within 24 hours.,,,0,very_negative,0,0,api_client,APAC
TCKT_070321,2023-03-13 06:37:18,CUST_06626,education,email,analytics_dashboard,feature_request,low,in_progress,standard,It would be great to have analytics dashboard support in your product.,Thanks for your feature suggestion. We will look into this and get back to you within the next 48 hours.,,,0,neutral,0,0,ios,
TCKT_070326,2023-03-30 09:49:10,CUST_02800,enterprise,web_form,login_auth,feature_request,medium,resolved,platinum,Can you add an option to customize login auth?,Thanks for your feature suggestion. Our team is reviewing this and will follow up within 24 hours.,Captured the request and added it to the product backlog.,36.4,0,neutral,3,0,ios,MEA
TCKT_070394,2023-03-05 17:02:19,CUST_08517,individual,phone_transcript,login_auth,security_concern,urgent,open,standard,I noticed a suspicious login on my account.,We take security very seriously. This has been escalated to our on-call team for immediate attention.,,,0,negative,0,0,android,LATAM
TCKT_070424,2023-03-15 04:53:09,CUST_02876,enterprise,web_form,notifications,billing_problem,high,on_hold,gold,I was charged twice for my subscription this month.,Thanks for reaching out about the billing issue. We are prioritizing this and will update you as soon as possible.,,,0,negative,3,0,ios,APAC
TCKT_070489,2023-03-04 00:05:34,CUST_08833,education,in_app,mobile_app,billing_problem,medium,resolved,standard,I was charged twice for my subscription this month.,Thanks for reaching out about the billing issue. Our team is reviewing this and will follow up within 24 hours.,Adjusted the invoice and issued a refund where applicable.,30.45,0,negative,0,1,api_client,
TCKT_070519,2023-03-22 01:01:47,CUST_04766,enterprise,phone_transcript,notifications,other,medium,in_progress,gold,I have a general question about my account.,Thanks for contacting support. Our team is reviewing this and will follow up within 24 hours.,,,1,positive,4,0,ios,EU
TCKT_070582,2023-03-22 02:47:49,CUST_01975,enterprise,chat,api_integration,bug,medium,closed_no_action,platinum,The page keeps crashing whenever I try to open the api integration section.,Thanks for reporting this bug. Our team is reviewing this and will follow up within 24 hours.,Ticket closed without further action after no response from the customer.,33.95,0,very_negative,1,0,web,
TCKT_070622,2023-03-14 12:41:59,CUST_09698,enterprise,email,login_auth,performance,medium,in_progress,standard,Queries in the login auth module are timing out.,We understand performance issues can be frustrating. Our team is reviewing this and will follow up within 24 hours.,,,0,very_negative,0,1,desktop_app,APAC
TCKT_070627,2023-03-16 08:55:18,CUST_07414,small_business,chat,mobile_app,how_to,low,resolved,platinum,How can I export my data from the mobile app section?,Happy to help with your question. We will look into this and get back to you within the next 48 hours.,Provided step-by-step instructions and relevant documentation.,21.41,0,positive,4,1,ios,LATAM
TCKT_070631,2023-03-14 10:06:39,CUST_05687,education,chat,billing,performance,low,resolved,gold,Queries in the billing module are timing out.,We understand performance issues can be frustrating. We will look into this and get back to you within the next 48 hours.,Optimized queries and increased resource allocation.,65.42,0,neutral,3,0,ios,
TCKT_070684,2023-03-17 01:22:40,CUST_04791,education,chat,billing,how_to,low,resolved,gold,How can I export my data from the billing section?,Happy to help with your question. We will look into this and get back to you within the next 48 hours.,Provided step-by-step instructions and relevant documentation.,37.36,0,neutral,0,0,desktop_app,
TCKT_070688,2023-03-08 12:57:26,CUST_07931,non_profit,web_form,mobile_app,security_concern,medium,resolved,standard,There seems to be a vulnerability in the mobile app functionality.,We take security very seriously. Our team is reviewing this and will follow up within 24 hours.,"Investigated logs, mitigated the issue, and updated security settings.",19.11,0,negative,2,0,desktop_app,MEA
TCKT_070704,2023-03-26 19:32:05,CUST_01015,education,chat,login_auth,other,high,in_progress,standard,I have a general question about my account.,Thanks for contacting support. We are prioritizing this and will update you as soon as possible.,,,0,neutral,0,0,android,EU
TCKT_070709,2023-03-26 15:00:53,CUST_08771,education,phone_transcript,billing,account_access,low,in_progress,standard,My account was locked after multiple failed login attempts.,Sorry to hear you're having trouble accessing your account. We will look into this and get back to you within the next 48 hours.,,,0,positive,4,0,ios,EU
TCKT_070746,2023-03-09 08:52:42,CUST_08648,enterprise,chat,billing,performance,high,resolved,standard,The billing page is very slow and takes a long time to load.,We understand performance issues can be frustrating. We are prioritizing this and will update you as soon as possible.,Optimized queries and increased resource allocation.,3.59,0,negative,3,0,android,MEA
TCKT_070804,2023-03-04 20:06:05,CUST_05522,education,web_form,mobile_app,feature_request,high,resolved,standard,Our team needs more advanced options for mobile app.,Thanks for your feature suggestion. We are prioritizing this and will update you as soon as possible.,Captured the request and added it to the product backlog.,23.63,0,very_positive,5,1,api_client,
TCKT_070813,2023-03-28 11:09:27,CUST_01115,enterprise,phone_transcript,billing,other,low,resolved,gold,I have a general question about my account.,Thanks for contacting support. We will look into this and get back to you within the next 48 hours.,Provided general guidance and confirmed the issue was resolved.,40.61,0,positive,0,0,desktop_app,EU
TCKT_070853,2023-03-20 23:40:35,CUST_05960,individual,phone_transcript,notifications,performance,low,resolved,gold,The notifications page is very slow and takes a long time to load.,We understand performance issues can be frustrating. We will look into this and get back to you within the next 48 hours.,Optimized queries and increased resource allocation.,38.36,0,very_negative,2,0,ios,MEA
TCKT_070884,2023-03-25 19:21:52,CUST_05608,individual,chat,mobile_app,performance,urgent,in_progress,standard,Overall performance has degraded in the last few days.,We understand performance issues can be frustrating. This has been escalated to our on-call team for immediate attention.,,,0,negative,3,0,android,EU
TCKT_070922,2023-03-30 09:47:25,CUST_03469,small_business,web_form,login_auth,security_concern,low,resolved,gold,There seems to be a vulnerability in the login auth functionality.,We take security very seriously. We will look into this and get back to you within the next 48 hours.,"Investigated logs, mitigated the issue, and updated security settings.",46.29,0,positive,0,0,web,
TCKT_071082,2023-03-11 10:58:57,CUST_04208,education,chat,mobile_app,how_to,medium,closed_no_action,platinum,How can I export my data from the mobile app section?,Happy to help with your question. Our team is reviewing this and will follow up within 24 hours.,Ticket closed without further action after no response from the customer.,223.44,0,very_positive,0,0,desktop_app,EU
TCKT_071164,2023-03-26 16:10:10,CUST_09444,individual,phone_transcript,api_integration,feature_request,high,open,gold,Our team needs more advanced options for api integration.,Thanks for your feature suggestion. We are prioritizing this and will update you as soon as possible.,,,0,neutral,4,0,desktop_app,
TCKT_071229,2023-03-01 19:07:00,CUST_08008,education,web_form,data_export,performance,high,in_progress,gold,Overall performance has degraded in the last few days.,We understand performance issues can be frustrating. We are prioritizing this and will update you as soon as possible.,,,0,negative,0,0,desktop_app,EU
TCKT_071267,2023-03-26 03:16:49,CUST_08232,small_business,email,login_auth,bug,low,resolved,platinum,I am seeing an error message when I click on login auth.,Thanks for reporting this bug. We will look into this and get back to you within the next 48 hours.,Patched the bug and deployed a fix to production.,44.5,0,very_positive,0,0,web,APAC
TCKT_071328,2023-03-25 05:36:42,CUST_07784,small_business,in_app,notifications,performance,medium,resolved,standard,The notifications page is very slow and takes a long time to load.,We understand performance issues can be frustrating. Our team is reviewing this and will follow up within 24 hours.,Optimized queries and increased resource allocation.,5.16,1,very_negative,1,0,ios,MEA
TCKT_071453,2023-03-28 14:08:32,CUST_04689,individual,in_app,mobile_app,bug,medium,closed_no_action,gold,The page keeps crashing whenever I try to open the mobile app section.,Thanks for reporting this bug. Our team is reviewing this and will follow up within 24 hours.,Ticket closed without further action after no response from the customer.,57.58,0,neutral,3,0,web,EU
TCKT_071458,2023-03-15 23:39:58,CUST_00629,non_profit,chat,api_integration,billing_problem,low,resolved,gold,I was charged twice for my subscription this month.,Thanks for reaching out about the billing issue. We will look into this and get back to you within the next 48 hours.,Adjusted the invoice and issued a refund where applicable.,22.4,0,neutral,3,0,android,EU
TCKT_071464,2023-03-14 07:08:33,CUST_03639,individual,phone_transcript,notifications,how_to,medium,in_progress,gold,How can I export my data from the notifications section?,Happy to help with your question. Our team is reviewing this and will follow up within 24 hours.,,,0,positive,0,0,api_client,
TCKT_071484,2023-03-30 03:48:06,CUST_03191,small_business,chat,mobile_app,account_access,low,resolved,standard,My account was locked after multiple failed login attempts.,Sorry to hear you're having trouble accessing your account. We will look into this and get back to you within the next 48 hours.,Reset account credentials and confirmed successful login.,71.6,0,neutral,0,0,android,APAC
TCKT_071520,2023-03-01 22:46:39,CUST_04165,individual,phone_transcript,login_auth,performance,low,open,gold,Overall performance has degraded in the last few days.,We understand performance issues can be frustrating. We will look into this and get back to you within the next 48 hours.,,,0,very_negative,0,0,android,APAC
TCKT_071533,2023-03-26 05:10:48,CUST_05154,non_profit,phone_transcript,notifications,feature_request,high,resolved,platinum,It would be great to have notifications support in your product.,Thanks for your feature suggestion. We are prioritizing this and will update you as soon as possible.,Captured the request and added it to the product backlog.,20.55,0,negative,2,1,ios,MEA
TCKT_071540,2023-03-10 16:05:53,CUST_05834,enterprise,phone_transcript,analytics_dashboard,bug,low,on_hold,platinum,The page keeps crashing whenever I try to open the analytics dashboard section.,Thanks for reporting this bug. We will look into this and get back to you within the next 48 hours.,,,0,neutral,0,0,web,EU
TCKT_071549,2023-03-16 18:03:33,CUST_01169,education,in_app,analytics_dashboard,billing_problem,low,on_hold,gold,I downgraded my plan but I am still being billed for the higher tier.,Thanks for reaching out about the billing issue. We will look into this and get back to you within the next 48 hours.,,,0,very_positive,5,1,desktop_app,EU
TCKT_071595,2023-03-21 08:35:17,CUST_09361,individual,in_app,api_integration,feature_request,medium,closed_no_action,standard,It would be great to have api integration support in your product.,Thanks for your feature suggestion. Our team is reviewing this and will follow up within 24 hours.,Ticket closed without further action after no response from the customer.,29.29,0,neutral,4,1,android,MEA
TCKT_071597,2023-03-29 13:45:53,CUST_02999,non_profit,phone_transcript,api_integration,security_concern,low,resolved,standard,I noticed a suspicious login on my account.,We take security very seriously. We will look into this and get back to you within the next 48 hours.,"Investigated logs, mitigated the issue, and updated security settings.",65.43,0,positive,4,0,desktop_app,APAC
TCKT_071612,2023-03-13 05:03:17,CUST_00799,individual,in_app,api_integration,bug,low,resolved,standard,The page keeps crashing whenever I try to open the api integration section.,Thanks for reporting this bug. We will look into this and get back to you within the next 48 hours.,Patched the bug and deployed a fix to production.,62.01,1,positive,0,1,api_client,MEA
TCKT_071625,2023-03-25 18:11:52,CUST_00785,small_business,chat,api_integration,account_access,medium,in_progress,standard,I cannot log in; the system says my password is incorrect.,Sorry to hear you're having trouble accessing your account. Our team is reviewing this and will follow up within 24 hours.,,,0,neutral,0,0,android,MEA
TCKT_071665,2023-03-02 01:59:42,CUST_05308,enterprise,phone_transcript,login_auth,other,medium,closed_no_action,gold,"Something seems off, can you please check my workspace?",Thanks for contacting support. Our team is reviewing this and will follow up within 24 hours.,Ticket closed without further action after no response from the customer.,174.88,0,neutral,3,0,android,LATAM
TCKT_071862,2023-03-08 08:59:50,CUST_08178,small_business,email,analytics_dashboard,bug,medium,in_progress,standard,I am seeing an error message when I click on analytics dashboard.,Thanks for reporting this bug. Our team is reviewing this and will follow up within 24 hours.,,,1,negative,3,0,desktop_app,LATAM
TCKT_071897,2023-03-02 11:36:42,CUST_05258,individual,chat,analytics_dashboard,feature_request,low,resolved,gold,Our team needs more advanced options for analytics dashboard.,Thanks for your feature suggestion. We will look into this and get back to you within the next 48 hours.,Captured the request and added it to the product backlog.,45.6,0,neutral,0,0,web,
TCKT_071923,2023-03-12 16:30:04,CUST_06787,small_business,email,analytics_dashboard,feature_request,medium,in_progress,standard,Can you add an option to customize analytics dashboard?,Thanks for your feature suggestion. Our team is reviewing this and will follow up within 24 hours.,,,0,negative,3,1,web,MEA
TCKT_072003,2023-03-09 00:13:10,CUST_00648,enterprise,chat,mobile_app,security_concern,medium,resolved,gold,There seems to be a vulnerability in the mobile app functionality.,We take security very seriously. Our team is reviewing this and will follow up within 24 hours.,"Investigated logs, mitigated the issue, and updated security settings.",39.76,0,very_negative,2,1,api_client,
TCKT_072144,2023-03-19 10:11:50,CUST_00742,enterprise,chat,analytics_dashboard,how_to,low,open,gold,How can I export my data from the analytics dashboard section?,Happy to help with your question. We will look into this and get back to you within the next 48 hours.,,,1,positive,4,0,ios,
TCKT_072241,2023-03-16 13:45:52,CUST_09947,enterprise,chat,login_auth,performance,medium,resolved,standard,Overall performance has degraded in the last few days.,We understand performance issues can be frustrating. Our team is reviewing this and will follow up within 24 hours.,Optimized queries and increased resource allocation.,18.79,0,very_positive,5,0,api_client,APAC
TCKT_072323,2023-03-09 18:47:44,CUST_03600,education,phone_transcript,billing,account_access,medium,in_progress,standard,I cannot log in; the system says my password is incorrect.,Sorry to hear you're having trouble accessing your account. Our team is reviewing this and will follow up within 24 hours.,,,0,very_negative,1,0,api_client,APAC
TCKT_072331,2023-03-20 13:15:10,CUST_07091,enterprise,web_form,mobile_app,performance,medium,in_progress,standard,Overall performance has degraded in the last few days.,We understand performance issues can be frustrating. Our team is reviewing this and will follow up within 24 hours.,,,0,very_negative,1,0,desktop_app,MEA
TCKT_072358,2023-03-09 18:54:25,CUST_09020,small_business,phone_transcript,billing,bug,low,in_progress,standard,The billing feature is not saving my changes.,Thanks for reporting this bug. We will look into this and get back to you within the next 48 hours.,,,0,negative,3,0,api_client,
TCKT_072396,2023-03-05 07:58:59,CUST_00925,non_profit,in_app,login_auth,how_to,medium,resolved,standard,How can I export my data from the login auth section?,Happy to help with your question. Our team is reviewing this and will follow up within 24 hours.,Provided step-by-step instructions and relevant documentation.,6.84,0,very_positive,5,0,android,
TCKT_072411,2023-03-29 02:31:53,CUST_02385,education,phone_transcript,login_auth,bug,high,open,platinum,The page keeps crashing whenever I try to open the login auth section.,Thanks for reporting this bug. We are prioritizing this and will update you as soon as possible.,,,0,very_positive,5,1,desktop_app,MEA
TCKT_072428,2023-03-14 12:34:41,CUST_06022,education,in_app,analytics_dashboard,billing_problem,low,resolved,gold,I was charged twice for my subscription this month.,Thanks for reaching out about the billing issue. We will look into this and get back to you within the next 48 hours.,Adjusted the invoice and issued a refund where applicable.,65.98,0,very_negative,1,0,api_client,LATAM
TCKT_072498,2023-03-24 14:35:53,CUST_03887,individual,email,billing,account_access,low,in_progress,gold,My 2FA code is not working when I try to sign in.,Sorry to hear you're having trouble accessing your account. We will look into this and get back to you within the next 48 hours.,,,0,very_positive,0,1,api_client,EU
TCKT_072501,2023-03-11 21:41:08,CUST_07413,small_business,chat,mobile_app,billing_problem,medium,in_progress,standard,I downgraded my plan but I am still being billed for the higher tier.,Thanks for reaching out about the billing issue. Our team is reviewing this and will follow up within 24 hours.,,,0,very_negative,1,0,api_client,LATAM
TCKT_072567,2023-03-06 08:31:49,CUST_00324,individual,in_app,mobile_app,account_access,low,resolved,standard,I cannot log in; the system says my password is incorrect.,Sorry to hear you're having trouble accessing your account. We will look into this and get back to you within the next 48 hours.,Reset account credentials and confirmed successful login.,64.2,0,neutral,4,1,api_client,
TCKT_072573,2023-03-09 06:29:51,CUST_02440,non_profit,chat,mobile_app,account_access,low,in_progress,standard,My account was locked after multiple failed login attempts.,Sorry to hear you're having trouble accessing your account. We will look into this and get back to you within the next 48 hours.,,,0,negative,3,0,ios,MEA
TCKT_072657,2023-03-08 17:33:46,CUST_02276,education,chat,api_integration,how_to,urgent,resolved,gold,How can I export my data from the api integration section?,Happy to help with your question. This has been escalated to our on-call team for immediate attention.,Provided step-by-step instructions and relevant documentation.,1.54,0,very_positive,0,0,android,LATAM
TCKT_072676,2023-03-02 02:17:40,CUST_02566,individual,phone_transcript,login_auth,security_concern,medium,resolved,standard,We need details about your data encryption and compliance.,We take security very seriously. Our team is reviewing this and will follow up within 24 hours.,"Investigated logs, mitigated the issue, and updated security settings.",5.7,0,negative,0,1,desktop_app,LATAM
TCKT_072861,2023-03-18 15:52:18,CUST_07030,enterprise,phone_transcript,api_integration,other,high,closed_no_action,standard,"Something seems off, can you please check my workspace?",Thanks for contacting support. We are prioritizing this and will update you as soon as possible.,Ticket closed without further action after no response from the customer.,197.85,0,neutral,0,0,desktop_app,
TCKT_072883,2023-03-19 22:06:25,CUST_02368,enterprise,email,api_integration,feature_request,low,open,platinum,Our team needs more advanced options for api integration.,Thanks for your feature suggestion. We will look into this and get back to you within the next 48 hours.,,,0,very_positive,5,1,android,EU
TCKT_072887,2023-03-18 16:22:09,CUST_06727,enterprise,email,api_integration,bug,medium,resolved,standard,The api integration feature is not saving my changes.,Thanks for reporting this bug. Our team is reviewing this and will follow up within 24 hours.,Patched the bug and deployed a fix to production.,17.89,0,neutral,3,0,web,MEA
TCKT_072974,2023-03-27 15:18:07,CUST_05659,enterprise,chat,billing,account_access,low,closed_no_action,standard,I cannot log in; the system says my password is incorrect.,Sorry to hear you're having trouble accessing your account. We will look into this and get back to you within the next 48 hours.,Ticket closed without further action after no response from the customer.,24.57,0,neutral,0,0,android,EU
TCKT_073012,2023-03-15 03:58:39,CUST_03234,individual,in_app,data_export,how_to,medium,resolved,gold,I need help setting up data export for my team.,Happy to help with your question. Our team is reviewing this and will follow up within 24 hours.,Provided step-by-step instructions and relevant documentation.,46.95,0,positive,4,0,api_client,MEA
TCKT_073066,2023-03-13 19:15:10,CUST_04749,small_business,phone_transcript,mobile_app,bug,urgent,resolved,platinum,The mobile app feature is not saving my changes.,Thanks for reporting this bug. This has been escalated to our on-call team for immediate attention.,Patched the bug and deployed a fix to production.,3.24,0,neutral,4,1,api_client,APAC
TCKT_073125,2023-03-28 03:22:24,CUST_09202,non_profit,email,api_integration,bug,low,resolved,standard,The api integration feature is not saving my changes.,Thanks for reporting this bug. We will look into this and get back to you within the next 48 hours.,Patched the bug and deployed a fix to production.,26.04,0,neutral,4,0,desktop_app,LATAM
TCKT_073206,2023-03-26 14:06:50,CUST_06304,individual,phone_transcript,api_integration,other,urgent,in_progress,standard,"Something seems off, can you please check my workspace?",Thanks for contacting support. This has been escalated to our on-call team for immediate attention.,,,0,positive,4,0,web,LATAM
TCKT_073214,2023-03-22 05:18:20,CUST_05974,small_business,phone_transcript,mobile_app,security_concern,low,resolved,standard,I noticed a suspicious login on my account.,We take security very seriously. We will look into this and get back to you within the next 48 hours.,"Investigated logs, mitigated the issue, and updated security settings.",53.65,0,neutral,0,0,android,EU
TCKT_073223,2023-03-08 07:30:38,CUST_06828,education,phone_transcript,notifications,performance,medium,open,gold,Overall performance has degraded in the last few days.,We understand performance issues can be frustrating. Our team is reviewing this and will follow up within 24 hours.,,,0,negative,0,0,web,MEA
TCKT_073241,2023-03-18 17:45:16,CUST_06576,small_business,email,mobile_app,other,low,resolved,gold,I need help but I'm not sure which category this fits in.,Thanks for contacting support. We will look into this and get back to you within the next 48 hours.,Provided general guidance and confirmed the issue was resolved.,53.63,0,negative,2,0,api_client,LATAM
TCKT_073246,2023-03-17 06:36:58,CUST_09560,small_business,in_app,api_integration,performance,medium,resolved,standard,Queries in the api integration module are timing out.,We understand performance issues can be frustrating. Our team is reviewing this and will follow up within 24 hours.,Optimized queries and increased resource allocation.,9.02,0,very_negative,0,0,android,MEA
TCKT_073377,2023-03-26 23:06:02,CUST_09353,individual,web_form,mobile_app,feature_request,medium,closed_no_action,gold,Our team needs more advanced options for mobile app.,Thanks for your feature suggestion. Our team is reviewing this and will follow up within 24 hours.,Ticket closed without further action after no response from the customer.,183.07,0,neutral,3,1,ios,EU
TCKT_073430,2023-03-12 11:51:32,CUST_03874,individual,email,api_integration,other,medium,resolved,gold,I need help but I'm not sure which category this fits in.,Thanks for contacting support. Our team is reviewing this and will follow up within 24 hours.,Provided general guidance and confirmed the issue was resolved.,21.44,1,neutral,3,0,ios,EU
TCKT_073488,2023-03-09 17:01:13,CUST_08233,education,in_app,notifications,other,medium,on_hold,standard,I have a general question about my account.,Thanks for contacting support. Our team is reviewing this and will follow up within 24 hours.,,,0,very_positive,5,0,android,LATAM
TCKT_073546,2023-03-27 16:27:04,CUST_03137,non_profit,web_form,mobile_app,billing_problem,low,resolved,standard,My invoice amount is incorrect compared to the plan I selected.,Thanks for reaching out about the billing issue. We will look into this and get back to you within the next 48 hours.,Adjusted the invoice and issued a refund where applicable.,24.47,0,positive,0,0,ios,MEA
TCKT_073549,2023-03-28 13:33:11,CUST_05340,education,email,mobile_app,account_access,medium,on_hold,platinum,My 2FA code is not working when I try to sign in.,Sorry to hear you're having trouble accessing your account. Our team is reviewing this and will follow up within 24 hours.,,,0,very_negative,2,0,android,LATAM
TCKT_073611,2023-03-28 17:47:20,CUST_03682,enterprise,chat,login_auth,security_concern,low,closed_no_action,standard,I noticed a suspicious login on my account.,We take security very seriously. We will look into this and get back to you within the next 48 hours.,Ticket closed without further action after no response from the customer.,101.71,0,neutral,4,0,desktop_app,APAC
TCKT_073724,2023-03-20 08:41:47,CUST_09571,small_business,web_form,api_integration,other,high,closed_no_action,standard,I need help but I'm not sure which category this fits in.,Thanks for contacting support. We are prioritizing this and will update you as soon as possible.,Ticket closed without further action after no response from the customer.,210.3,0,neutral,0,1,android,EU
TCKT_073765,2023-03-14 19:16:32,CUST_06140,enterprise,chat,api_integration,billing_problem,medium,resolved,standard,My invoice amount is incorrect compared to the plan I selected.,Thanks for reaching out about the billing issue. Our team is reviewing this and will follow up within 24 hours.,Adjusted the invoice and issued a refund where applicable.,41.86,0,very_positive,5,0,ios,APAC
TCKT_073807,2023-03-27 09:08:26,CUST_02218,education,in_app,api_integration,other,medium,resolved,standard,I have a general question about my account.,Thanks for contacting support. Our team is reviewing this and will follow up within 24 hours.,Provided general guidance and confirmed the issue was resolved.,7.9,0,negative,0,0,web,MEA
TCKT_073908,2023-03-22 08:24:22,CUST_08128,non_profit,email,login_auth,bug,low,resolved,standard,The page keeps crashing whenever I try to open the login auth section.,Thanks for reporting this bug. We will look into this and get back to you within the next 48 hours.,Patched the bug and deployed a fix to production.,38.25,0,neutral,3,0,web,APAC
TCKT_073929,2023-03-16 21:56:50,CUST_04571,small_business,chat,notifications,billing_problem,medium,in_progress,platinum,I downgraded my plan but I am still being billed for the higher tier.,Thanks for reaching out about the billing issue. Our team is reviewing this and will follow up within 24 hours.,,,0,very_negative,0,0,web,EU
TCKT_074001,2023-03-27 09:15:43,CUST_03759,enterprise,email,login_auth,bug,high,in_progress,gold,The page keeps crashing whenever I try to open the login auth section.,Thanks for reporting this bug. We are prioritizing this and will update you as soon as possible.,,,0,neutral,0,0,web,LATAM
TCKT_074027,2023-03-15 10:38:01,CUST_06729,non_profit,email,mobile_app,bug,low,closed_no_action,standard,I am seeing an error message when I click on mobile app.,Thanks for reporting this bug. We will look into this and get back to you within the next 48 hours.,Ticket closed without further action after no response from the customer.,158.4,0,very_positive,0,0,api_client,APAC
TCKT_074085,2023-03-28 12:16:19,CUST_00774,non_profit,web_form,billing,bug,medium,resolved,standard,The page keeps crashing whenever I try to open the billing section.,Thanks for reporting this bug. Our team is reviewing this and will follow up within 24 hours.,Patched the bug and deployed a fix to production.,35.89,0,neutral,3,0,desktop_app,EU
TCKT_074121,2023-03-11 19:53:05,CUST_06705,individual,web_form,login_auth,bug,high,resolved,gold,I am seeing an error message when I click on login auth.,Thanks for reporting this bug. We are prioritizing this and will update you as soon as possible.,Patched the bug and deployed a fix to production.,21.37,1,neutral,3,0,android,APAC
TCKT_074247,2023-03-18 04:07:22,CUST_05920,non_profit,chat,mobile_app,account_access,medium,resolved,standard,My 2FA code is not working when I try to sign in.,Sorry to hear you're having trouble accessing your account. Our team is reviewing this and will follow up within 24 hours.,Reset account credentials and confirmed successful login.,46.87,0,neutral,3,0,ios,APAC
TCKT_074289,2023-03-21 11:41:04,CUST_09399,non_profit,in_app,data_export,billing_problem,medium,on_hold,standard,My invoice amount is incorrect compared to the plan I selected.,Thanks for reaching out about the billing issue. Our team is reviewing this and will follow up within 24 hours.,,,0,very_negative,0,0,android,
TCKT_074344,2023-03-12 14:19:48,CUST_09289,small_business,web_form,mobile_app,performance,low,in_progress,standard,The mobile app page is very slow and takes a long time to load.,We understand performance issues can be frustrating. We will look into this and get back to you within the next 48 hours.,,,0,very_negative,1,1,android,
TCKT_074359,2023-03-26 04:04:27,CUST_06367,small_business,phone_transcript,billing,how_to,low,resolved,standard,How can I export my data from the billing section?,Happy to help with your question. We will look into this and get back to you within the next 48 hours.,Provided step-by-step instructions and relevant documentation.,10.48,0,negative,2,1,desktop_app,LATAM
TCKT_074405,2023-03-05 01:04:46,CUST_09820,education,in_app,api_integration,account_access,medium,resolved,standard,My 2FA code is not working when I try to sign in.,Sorry to hear you're having trouble accessing your account. Our team is reviewing this and will follow up within 24 hours.,Reset account credentials and confirmed successful login.,28.39,0,negative,2,0,web,
TCKT_074430,2023-03-01 14:02:40,CUST_04808,non_profit,phone_transcript,api_integration,bug,urgent,on_hold,standard,I am seeing an error message when I click on api integration.,Thanks for reporting this bug. This has been escalated to our on-call team for immediate attention.,,,0,positive,0,0,api_client,APAC
TCKT_074608,2023-03-18 02:59:30,CUST_00439,education,chat,login_auth,billing_problem,medium,resolved,platinum,I downgraded my plan but I am still being billed for the higher tier.,Thanks for reaching out about the billing issue. Our team is reviewing this and will follow up within 24 hours.,Adjusted the invoice and issued a refund where applicable.,27.2,0,neutral,3,0,api_client,LATAM
TCKT_074695,2023-03-05 01:09:48,CUST_05988,enterprise,phone_transcript,data_export,performance,low,resolved,standard,Overall performance has degraded in the last few days.,We understand performance issues can be frustrating. We will look into this and get back to you within the next 48 hours.,Optimized queries and increased resource allocation.,65.3,0,neutral,0,1,ios,EU
TCKT_074735,2023-03-22 07:34:44,CUST_04613,non_profit,phone_transcript,data_export,account_access,low,closed_no_action,standard,My 2FA code is not working when I try to sign in.,Sorry to hear you're having trouble accessing your account. We will look into this and get back to you within the next 48 hours.,Ticket closed without further action after no response from the customer.,63.88,0,positive,4,0,api_client,APAC
TCKT_074829,2023-03-03 04:43:20,CUST_00156,non_profit,phone_transcript,notifications,billing_problem,low,in_progress,standard,I downgraded my plan but I am still being billed for the higher tier.,Thanks for reaching out about the billing issue. We will look into this and get back to you within the next 48 hours.,,,0,very_positive,5,0,web,LATAM
TCKT_074838,2023-03-02 20:43:20,CUST_01293,education,phone_transcript,data_export,how_to,high,on_hold,standard,Can you explain how to configure data export properly?,Happy to help with your question. We are prioritizing this and will update you as soon as possible.,,,0,neutral,4,0,api_client,MEA
TCKT_074894,2023-03-03 06:51:55,CUST_08757,non_profit,email,notifications,how_to,low,in_progress,standard,Can you explain how to configure notifications properly?,Happy to help with your question. We will look into this and get back to you within the next 48 hours.,,,0,neutral,3,0,android,MEA
TCKT_074903,2023-03-15 01:26:43,CUST_09677,education,phone_transcript,data_export,feature_request,medium,on_hold,standard,Can you add an option to customize data export?,Thanks for your feature suggestion. Our team is reviewing this and will follow up within 24 hours.,,,0,positive,0,1,desktop_app,LATAM
TCKT_074953,2023-03-17 14:47:00,CUST_06648,non_profit,web_form,api_integration,security_concern,high,resolved,gold,We need details about your data encryption and compliance.,We take security very seriously. We are prioritizing this and will update you as soon as possible.,"Investigated logs, mitigated the issue, and updated security settings.",6.06,0,negative,3,0,web,
TCKT_074980,2023-03-11 12:45:26,CUST_06368,education,in_app,mobile_app,other,low,open,standard,I need help but I'm not sure which category this fits in.,Thanks for contacting support. We will look into this and get back to you within the next 48 hours.,,,0,very_negative,2,1,desktop_app,MEA
TCKT_075037,2023-03-10 16:55:26,CUST_08341,individual,chat,login_auth,how_to,medium,resolved,gold,Can you explain how to configure login auth properly?,Happy to help with your question. Our team is reviewing this and will follow up within 24 hours.,Provided step-by-step instructions and relevant documentation.,35.29,0,positive,0,0,ios,LATAM
TCKT_075205,2023-03-25 10:28:36,CUST_08723,education,chat,data_export,feature_request,medium,in_progress,standard,Can you add an option to customize data export?,Thanks for your feature suggestion. Our team is reviewing this and will follow up within 24 hours.,,,1,positive,0,1,api_client,MEA
TCKT_075238,2023-03-18 09:50:15,CUST_08171,individual,chat,data_export,how_to,low,resolved,standard,I need help setting up data export for my team.,Happy to help with your question. We will look into this and get back to you within the next 48 hours.,Provided step-by-step instructions and relevant documentation.,15.5,0,neutral,4,0,android,LATAM
TCKT_075276,2023-03-12 16:25:29,CUST_08361,individual,web_form,data_export,security_concern,low,in_progress,standard,We need details about your data encryption and compliance.,We take security very seriously. We will look into this and get back to you within the next 48 hours.,,,0,neutral,4,0,android,LATAM
TCKT_075285,2023-03-28 11:57:17,CUST_02032,enterprise,email,mobile_app,billing_problem,high,open,platinum,My invoice amount is incorrect compared to the plan I selected.,Thanks for reaching out about the billing issue. We are prioritizing this and will update you as soon as possible.,,,0,neutral,3,0,ios,
TCKT_075309,2023-03-27 19:15:32,CUST_04418,individual,email,notifications,bug,low,resolved,standard,The page keeps crashing whenever I try to open the notifications section.,Thanks for reporting this bug. We will look into this and get back to you within the next 48 hours.,Patched the bug and deployed a fix to production.,57.41,0,very_negative,1,1,ios,APAC
TCKT_075328,2023-03-28 02:35:54,CUST_05152,non_profit,email,analytics_dashboard,how_to,low,resolved,standard,Can you explain how to configure analytics dashboard properly?,Happy to help with your question. We will look into this and get back to you within the next 48 hours.,Provided step-by-step instructions and relevant documentation.,68.17,0,very_negative,2,1,ios,LATAM
TCKT_075557,2023-03-07 11:56:08,CUST_05570,enterprise,phone_transcript,mobile_app,account_access,low,resolved,standard,My account was locked after multiple failed login attempts.,Sorry to hear you're having trouble accessing your account. We will look into this and get back to you within the next 48 hours.,Reset account credentials and confirmed successful login.,47.51,1,neutral,3,0,web,APAC
TCKT_075578,2023-03-28 07:28:16,CUST_03188,education,chat,mobile_app,feature_request,high,in_progress,standard,Our team needs more advanced options for mobile app.,Thanks for your feature suggestion. We are prioritizing this and will update you as soon as possible.,,,0,negative,2,1,android,MEA
TCKT_075586,2023-03-01 02:12:07,CUST_06780,non_profit,chat,billing,bug,medium,closed_no_action,gold,The billing feature is not saving my changes.,Thanks for reporting this bug. Our team is reviewing this and will follow up within 24 hours.,Ticket closed without further action after no response from the customer.,27.97,0,very_negative,2,0,web,LATAM
TCKT_075647,2023-03-23 16:04:38,CUST_06610,enterprise,email,api_integration,performance,low,on_hold,standard,Queries in the api integration module are timing out.,We understand performance issues can be frustrating. We will look into this and get back to you within the next 48 hours.,,,0,neutral,3,0,android,
TCKT_075677,2023-03-15 18:05:11,CUST_02642,enterprise,in_app,billing,other,high,in_progress,standard,I have a general question about my account.,Thanks for contacting support. We are prioritizing this and will update you as soon as possible.,,,0,very_negative,2,1,android,
TCKT_075813,2023-03-28 01:11:19,CUST_03873,education,web_form,mobile_app,bug,medium,resolved,standard,The page keeps crashing whenever I try to open the mobile app section.,Thanks for reporting this bug. Our team is reviewing this and will follow up within 24 hours.,Patched the bug and deployed a fix to production.,27.27,0,neutral,4,1,web,LATAM
TCKT_075922,2023-03-22 19:51:25,CUST_02377,education,web_form,notifications,feature_request,medium,resolved,platinum,Can you add an option to customize notifications?,Thanks for your feature suggestion. Our team is reviewing this and will follow up within 24 hours.,Captured the request and added it to the product backlog.,36.49,0,neutral,0,1,desktop_app,
TCKT_076076,2023-03-14 21:52:24,CUST_00262,small_business,chat,login_auth,how_to,medium,open,standard,I need help setting up login auth for my team.,Happy to help with your question. Our team is reviewing this and will follow up within 24 hours.,,,0,positive,4,0,ios,LATAM
TCKT_076077,2023-03-09 11:08:35,CUST_06729,non_profit,web_form,login_auth,account_access,low,in_progress,standard,My account was locked after multiple failed login attempts.,Sorry to hear you're having trouble accessing your account. We will look into this and get back to you within the next 48 hours.,,,0,positive,4,0,api_client,LATAM
TCKT_076122,2023-03-13 20:16:29,CUST_08967,education,chat,login_auth,billing_problem,low,resolved,standard,My invoice amount is incorrect compared to the plan I selected.,Thanks for reaching out about the billing issue. We will look into this and get back to you within the next 48 hours.,Adjusted the invoice and issued a refund where applicable.,40.62,0,very_negative,2,0,desktop_app,APAC
TCKT_076131,2023-03-24 21:09:17,CUST_01146,enterprise,in_app,analytics_dashboard,bug,high,open,standard,The analytics dashboard feature is not saving my changes.,Thanks for reporting this bug. We are prioritizing this and will update you as soon as possible.,,,0,very_negative,1,0,api_client,MEA
TCKT_076140,2023-03-05 22:26:42,CUST_09327,small_business,phone_transcript,billing,billing_problem,high,resolved,standard,My invoice amount is incorrect compared to the plan I selected.,Thanks for reaching out about the billing issue. We are prioritizing this and will update you as soon as possible.,Adjusted the invoice and issued a refund where applicable.,17.07,0,negative,2,0,api_client,MEA
TCKT_076191,2023-03-04 00:55:33,CUST_03055,enterprise,in_app,analytics_dashboard,other,medium,resolved,platinum,I have a general question about my account.,Thanks for contacting support. Our team is reviewing this and will follow up within 24 hours.,Provided general guidance and confirmed the issue was resolved.,34.22,0,positive,4,0,web,APAC
TCKT_076242,2023-03-06 20:00:05,CUST_09144,non_profit,phone_transcript,analytics_dashboard,performance,medium,resolved,platinum,The analytics dashboard page is very slow and takes a long time to load.,We understand performance issues can be frustrating. Our team is reviewing this and will follow up within 24 hours.,Optimized queries and increased resource allocation.,44.94,0,positive,4,0,web,MEA
TCKT_076282,2023-03-30 14:38:36,CUST_08112,small_business,chat,billing,security_concern,low,closed_no_action,standard,We need details about your data encryption and compliance.,We take security very seriously. We will look into this and get back to you within the next 48 hours.,Ticket closed without further action after no response from the customer.,185.13,0,negative,3,0,api_client,MEA
TCKT_076328,2023-03-16 17:32:37,CUST_03675,individual,in_app,login_auth,performance,medium,resolved,standard,Queries in the login auth module are timing out.,We understand performance issues can be frustrating. Our team is reviewing this and will follow up within 24 hours.,Optimized queries and increased resource allocation.,21.32,0,negative,3,0,api_client,EU
TCKT_076332,2023-03-12 07:20:15,CUST_04961,small_business,email,data_export,bug,low,resolved,standard,The page keeps crashing whenever I try to open the data export section.,Thanks for reporting this bug. We will look into this and get back to you within the next 48 hours.,Patched the bug and deployed a fix to production.,40.69,0,neutral,4,0,android,LATAM
TCKT_076344,2023-03-08 03:31:13,CUST_03336,individual,email,billing,security_concern,medium,resolved,platinum,There seems to be a vulnerability in the billing functionality.,We take security very seriously. Our team is reviewing this and will follow up within 24 hours.,"Investigated logs, mitigated the issue, and updated security settings.",8.4,0,negative,3,1,ios,MEA
TCKT_076348,2023-03-27 18:57:32,CUST_02861,education,phone_transcript,login_auth,other,high,in_progress,standard,I have a general question about my account.,Thanks for contacting support. We are prioritizing this and will update you as soon as possible.,,,0,negative,0,0,web,MEA
TCKT_076538,2023-03-28 00:47:09,CUST_02135,education,in_app,notifications,security_concern,medium,resolved,gold,There seems to be a vulnerability in the notifications functionality.,We take security very seriously. Our team is reviewing this and will follow up within 24 hours.,"Investigated logs, mitigated the issue, and updated security settings.",30.1,0,very_negative,0,0,web,EU
TCKT_076579,2023-03-27 19:48:54,CUST_03041,enterprise,chat,billing,account_access,high,in_progress,gold,My 2FA code is not working when I try to sign in.,Sorry to hear you're having trouble accessing your account. We are prioritizing this and will update you as soon as possible.,,,0,neutral,4,0,api_client,
TCKT_076587,2023-03-19 19:41:58,CUST_04929,education,in_app,billing,account_access,medium,in_progress,gold,My account was locked after multiple failed login attempts.,Sorry to hear you're having trouble accessing your account. Our team is reviewing this and will follow up within 24 hours.,,,0,negative,3,1,api_client,APAC
TCKT_076621,2023-03-20 05:17:58,CUST_00030,individual,chat,analytics_dashboard,bug,high,resolved,gold,The analytics dashboard feature is not saving my changes.,Thanks for reporting this bug. We are prioritizing this and will update you as soon as possible.,Patched the bug and deployed a fix to production.,7.15,0,neutral,4,0,web,APAC
TCKT_076641,2023-03-19 09:33:56,CUST_07106,individual,web_form,data_export,performance,low,resolved,standard,The data export page is very slow and takes a long time to load.,We understand performance issues can be frustrating. We will look into this and get back to you within the next 48 hours.,Optimized queries and increased resource allocation.,17.32,0,neutral,3,0,desktop_app,APAC
TCKT_076666,2023-03-31 23:48:49,CUST_06965,small_business,chat,notifications,security_concern,low,closed_no_action,standard,There seems to be a vulnerability in the notifications functionality.,We take security very seriously. We will look into this and get back to you within the next 48 hours.,Ticket closed without further action after no response from the customer.,206.02,0,neutral,0,1,ios,APAC
TCKT_076702,2023-03-23 06:49:43,CUST_04051,non_profit,phone_transcript,billing,security_concern,medium,in_progress,gold,We need details about your data encryption and compliance.,We take security very seriously. Our team is reviewing this and will follow up within 24 hours.,,,0,very_negative,2,1,desktop_app,APAC
TCKT_076745,2023-03-07 05:06:37,CUST_04133,non_profit,web_form,analytics_dashboard,feature_request,medium,resolved,gold,Can you add an option to customize analytics dashboard?,Thanks for your feature suggestion. Our team is reviewing this and will follow up within 24 hours.,Captured the request and added it to the product backlog.,45.92,0,neutral,4,0,desktop_app,APAC
TCKT_076867,2023-03-22 20:00:50,CUST_03477,enterprise,email,analytics_dashboard,other,low,resolved,standard,I need help but I'm not sure which category this fits in.,Thanks for contacting support. We will look into this and get back to you within the next 48 hours.,Provided general guidance and confirmed the issue was resolved.,23.71,0,neutral,4,0,web,MEA
TCKT_076895,2023-03-07 14:51:49,CUST_04406,education,web_form,billing,billing_problem,urgent,resolved,standard,I downgraded my plan but I am still being billed for the higher tier.,Thanks for reaching out about the billing issue. This has been escalated to our on-call team for immediate attention.,Adjusted the invoice and issued a refund where applicable.,4.34,0,very_negative,1,0,desktop_app,EU
TCKT_076917,2023-03-05 07:47:24,CUST_07198,non_profit,chat,notifications,account_access,high,open,platinum,My account was locked after multiple failed login attempts.,Sorry to hear you're having trouble accessing your account. We are prioritizing this and will update you as soon as possible.,,,0,neutral,0,0,android,MEA
TCKT_077031,2023-03-02 12:24:28,CUST_05006,education,in_app,analytics_dashboard,other,medium,resolved,standard,"Something seems off, can you please check my workspace?",Thanks for contacting support. Our team is reviewing this and will follow up within 24 hours.,Provided general guidance and confirmed the issue was resolved.,15.35,0,positive,5,0,desktop_app,APAC
TCKT_077076,2023-03-25 13:01:33,CUST_05429,individual,phone_transcript,mobile_app,account_access,low,in_progress,platinum,My 2FA code is not working when I try to sign in.,Sorry to hear you're having trouble accessing your account. We will look into this and get back to you within the next 48 hours.,,,0,neutral,0,0,web,
TCKT_077082,2023-03-03 16:47:37,CUST_04487,individual,email,analytics_dashboard,account_access,high,closed_no_action,gold,My 2FA code is not working when I try to sign in.,Sorry to hear you're having trouble accessing your account. We are prioritizing this and will update you as soon as possible.,Ticket closed without further action after no response from the customer.,221.68,0,negative,2,0,desktop_app,APAC
TCKT_077206,2023-03-07 21:49:17,CUST_03941,enterprise,phone_transcript,notifications,other,medium,resolved,standard,I have a general question about my account.,Thanks for contacting support. Our team is reviewing this and will follow up within 24 hours.,Provided general guidance and confirmed the issue was resolved.,18.07,0,very_negative,2,0,ios,
TCKT_077229,2023-03-29 12:01:32,CUST_08759,individual,in_app,analytics_dashboard,account_access,low,resolved,platinum,My 2FA code is not working when I try to sign in.,Sorry to hear you're having trouble accessing your account. We will look into this and get back to you within the next 48 hours.,Reset account credentials and confirmed successful login.,23.86,0,negative,3,0,api_client,LATAM
TCKT_077275,2023-03-08 14:35:00,CUST_07138,non_profit,phone_transcript,api_integration,bug,low,on_hold,standard,The page keeps crashing whenever I try to open the api integration section.,Thanks for reporting this bug. We will look into this and get back to you within the next 48 hours.,,,0,positive,0,0,web,APAC
TCKT_077522,2023-03-15 03:39:31,CUST_02193,individual,chat,login_auth,feature_request,medium,resolved,standard,Our team needs more advanced options for login auth.,Thanks for your feature suggestion. Our team is reviewing this and will follow up within 24 hours.,Captured the request and added it to the product backlog.,18.55,0,neutral,4,0,api_client,LATAM
TCKT_077543,2023-03-20 10:33:00,CUST_05333,education,chat,login_auth,billing_problem,low,on_hold,standard,I was charged twice for my subscription this month.,Thanks for reaching out about the billing issue. We will look into this and get back to you within the next 48 hours.,,,0,negative,3,0,desktop_app,MEA
TCKT_077551,2023-03-11 12:08:36,CUST_02704,small_business,chat,analytics_dashboard,security_concern,low,in_progress,standard,There seems to be a vulnerability in the analytics dashboard functionality.,We take security very seriously. We will look into this and get back to you within the next 48 hours.,,,0,very_negative,0,0,ios,MEA
TCKT_077560,2023-03-01 19:28:45,CUST_04946,small_business,phone_transcript,api_integration,account_access,low,resolved,standard,My 2FA code is not working when I try to sign in.,Sorry to hear you're having trouble accessing your account. We will look into this and get back to you within the next 48 hours.,Reset account credentials and confirmed successful login.,25.37,0,neutral,3,0,desktop_app,MEA
TCKT_077629,2023-03-09 01:01:44,CUST_09474,small_business,email,mobile_app,account_access,medium,resolved,gold,I cannot log in; the system says my password is incorrect.,Sorry to hear you're having trouble accessing your account. Our team is reviewing this and will follow up within 24 hours.,Reset account credentials and confirmed successful login.,6.87,0,neutral,3,0,api_client,EU
TCKT_077729,2023-03-17 00:06:55,CUST_01648,enterprise,phone_transcript,mobile_app,account_access,high,resolved,standard,My account was locked after multiple failed login attempts.,Sorry to hear you're having trouble accessing your account. We are prioritizing this and will update you as soon as possible.,Reset account credentials and confirmed successful login.,8.4,0,positive,5,0,android,MEA
TCKT_077749,2023-03-25 08:42:58,CUST_09289,individual,in_app,notifications,security_concern,high,resolved,gold,I noticed a suspicious login on my account.,We take security very seriously. We are prioritizing this and will update you as soon as possible.,"Investigated logs, mitigated the issue, and updated security settings.",7.79,0,negative,2,0,desktop_app,EU
TCKT_077799,2023-03-21 13:17:27,CUST_00255,enterprise,chat,billing,account_access,medium,in_progress,gold,I cannot log in; the system says my password is incorrect.,Sorry to hear you're having trouble accessing your account. Our team is reviewing this and will follow up within 24 hours.,,,0,positive,0,1,api_client,
TCKT_077803,2023-03-26 11:02:14,CUST_04058,education,chat,login_auth,security_concern,low,resolved,standard,We need details about your data encryption and compliance.,We take security very seriously. We will look into this and get back to you within the next 48 hours.,"Investigated logs, mitigated the issue, and updated security settings.",32.12,0,negative,3,0,web,MEA
TCKT_077836,2023-03-14 15:02:16,CUST_06250,small_business,phone_transcript,login_auth,how_to,low,resolved,standard,How can I export my data from the login auth section?,Happy to help with your question. We will look into this and get back to you within the next 48 hours.,Provided step-by-step instructions and relevant documentation.,60.23,1,very_negative,2,0,web,LATAM
TCKT_077904,2023-03-15 17:40:32,CUST_06835,small_business,web_form,mobile_app,security_concern,low,in_progress,standard,I noticed a suspicious login on my account.,We take security very seriously. We will look into this and get back to you within the next 48 hours.,,,0,negative,3,0,android,MEA
TCKT_077944,2023-03-08 20:55:11,CUST_00134,enterprise,web_form,mobile_app,security_concern,medium,in_progress,standard,We need details about your data encryption and compliance.,We take security very seriously. Our team is reviewing this and will follow up within 24 hours.,,,0,very_positive,5,0,api_client,MEA
TCKT_077990,2023-03-31 17:26:39,CUST_04340,non_profit,web_form,billing,security_concern,medium,on_hold,platinum,There seems to be a vulnerability in the billing functionality.,We take security very seriously. Our team is reviewing this and will follow up within 24 hours.,,,0,neutral,4,0,android,
TCKT_078121,2023-03-29 19:58:24,CUST_07026,education,in_app,mobile_app,account_access,high,in_progress,standard,My 2FA code is not working when I try to sign in.,Sorry to hear you're having trouble accessing your account. We are prioritizing this and will update you as soon as possible.,,,0,negative,2,0,api_client,LATAM
TCKT_078163,2023-03-26 16:54:31,CUST_02030,small_business,web_form,billing,security_concern,low,resolved,standard,I noticed a suspicious login on my account.,We take security very seriously. We will look into this and get back to you within the next 48 hours.,"Investigated logs, mitigated the issue, and updated security settings.",48.81,0,negative,3,0,api_client,
TCKT_078178,2023-03-20 02:06:11,CUST_08217,education,chat,billing,security_concern,low,in_progress,gold,There seems to be a vulnerability in the billing functionality.,We take security very seriously. We will look into this and get back to you within the next 48 hours.,,,0,neutral,4,0,api_client,LATAM
TCKT_078181,2023-03-18 11:35:57,CUST_04370,small_business,phone_transcript,login_auth,other,medium,resolved,standard,"Something seems off, can you please check my workspace?",Thanks for contacting support. Our team is reviewing this and will follow up within 24 hours.,Provided general guidance and confirmed the issue was resolved.,23.37,0,negative,2,0,api_client,LATAM
TCKT_078247,2023-03-21 22:26:08,CUST_05275,enterprise,phone_transcript,api_integration,bug,medium,resolved,standard,The page keeps crashing whenever I try to open the api integration section.,Thanks for reporting this bug. Our team is reviewing this and will follow up within 24 hours.,Patched the bug and deployed a fix to production.,22.88,0,neutral,4,1,desktop_app,LATAM
TCKT_078297,2023-03-22 21:24:14,CUST_04828,individual,in_app,data_export,bug,medium,resolved,standard,The page keeps crashing whenever I try to open the data export section.,Thanks for reporting this bug. Our team is reviewing this and will follow up within 24 hours.,Patched the bug and deployed a fix to production.,47.07,0,positive,5,0,desktop_app,
TCKT_078306,2023-03-16 09:56:12,CUST_09240,enterprise,phone_transcript,mobile_app,billing_problem,low,in_progress,platinum,My invoice amount is incorrect compared to the plan I selected.,Thanks for reaching out about the billing issue. We will look into this and get back to you within the next 48 hours.,,,0,positive,0,0,web,MEA
TCKT_078331,2023-03-04 15:50:47,CUST_00658,education,in_app,billing,security_concern,low,resolved,platinum,There seems to be a vulnerability in the billing functionality.,We take security very seriously. We will look into this and get back to you within the next 48 hours.,"Investigated logs, mitigated the issue, and updated security settings.",35.32,0,negative,3,1,api_client,
TCKT_078461,2023-03-17 02:29:34,CUST_08746,individual,chat,mobile_app,bug,low,in_progress,gold,I am seeing an error message when I click on mobile app.,Thanks for reporting this bug. We will look into this and get back to you within the next 48 hours.,,,0,neutral,0,0,android,LATAM
TCKT_078499,2023-03-15 05:18:20,CUST_01694,education,chat,api_integration,feature_request,low,resolved,standard,Our team needs more advanced options for api integration.,Thanks for your feature suggestion. We will look into this and get back to you within the next 48 hours.,Captured the request and added it to the product backlog.,36.72,0,negative,3,1,desktop_app,APAC
TCKT_078529,2023-03-03 21:59:14,CUST_07456,individual,email,mobile_app,other,medium,resolved,standard,"Something seems off, can you please check my workspace?",Thanks for contacting support. Our team is reviewing this and will follow up within 24 hours.,Provided general guidance and confirmed the issue was resolved.,5.57,0,very_positive,0,1,web,APAC
TCKT_078553,2023-03-17 16:41:56,CUST_06137,non_profit,phone_transcript,login_auth,how_to,low,in_progress,standard,How can I export my data from the login auth section?,Happy to help with your question. We will look into this and get back to you within the next 48 hours.,,,0,neutral,4,0,api_client,APAC
TCKT_078556,2023-03-24 11:17:01,CUST_08288,individual,chat,login_auth,bug,low,in_progress,platinum,The login auth feature is not saving my changes.,Thanks for reporting this bug. We will look into this and get back to you within the next 48 hours.,,,0,neutral,4,0,web,
TCKT_078589,2023-03-05 04:56:52,CUST_00946,non_profit,email,mobile_app,how_to,medium,in_progress,standard,Can you explain how to configure mobile app properly?,Happy to help with your question. Our team is reviewing this and will follow up within 24 hours.,,,0,positive,4,0,android,EU
TCKT_078602,2023-03-09 06:25:19,CUST_09694,individual,phone_transcript,api_integration,bug,medium,in_progress,standard,I am seeing an error message when I click on api integration.,Thanks for reporting this bug. Our team is reviewing this and will follow up within 24 hours.,,,0,neutral,0,0,android,
TCKT_078642,2023-03-01 01:04:32,CUST_05140,enterprise,chat,data_export,billing_problem,medium,in_progress,standard,I downgraded my plan but I am still being billed for the higher tier.,Thanks for reaching out about the billing issue. Our team is reviewing this and will follow up within 24 hours.,,,0,negative,2,0,api_client,
TCKT_078706,2023-03-14 00:44:14,CUST_00878,non_profit,phone_transcript,mobile_app,performance,low,resolved,standard,Overall performance has degraded in the last few days.,We understand performance issues can be frustrating. We will look into this and get back to you within the next 48 hours.,Optimized queries and increased resource allocation.,44.02,0,neutral,0,1,web,APAC
TCKT_078764,2023-03-28 13:46:48,CUST_03948,non_profit,chat,billing,account_access,low,closed_no_action,standard,My account was locked after multiple failed login attempts.,Sorry to hear you're having trouble accessing your account. We will look into this and get back to you within the next 48 hours.,Ticket closed without further action after no response from the customer.,115.16,0,negative,2,0,ios,
TCKT_078901,2023-03-21 08:29:49,CUST_07962,individual,web_form,data_export,account_access,low,resolved,standard,My 2FA code is not working when I try to sign in.,Sorry to hear you're having trouble accessing your account. We will look into this and get back to you within the next 48 hours.,Reset account credentials and confirmed successful login.,63.58,0,neutral,3,1,android,MEA
TCKT_078963,2023-03-23 15:51:56,CUST_03807,education,chat,login_auth,performance,medium,resolved,standard,Overall performance has degraded in the last few days.,We understand performance issues can be frustrating. Our team is reviewing this and will follow up within 24 hours.,Optimized queries and increased resource allocation.,19.05,0,positive,0,0,api_client,LATAM
TCKT_078987,2023-03-21 18:00:29,CUST_06460,individual,web_form,login_auth,security_concern,urgent,resolved,standard,I noticed a suspicious login on my account.,We take security very seriously. This has been escalated to our on-call team for immediate attention.,"Investigated logs, mitigated the issue, and updated security settings.",5.57,0,positive,5,0,web,EU
TCKT_079008,2023-03-26 13:33:38,CUST_05717,individual,email,login_auth,performance,low,in_progress,platinum,The login auth page is very slow and takes a long time to load.,We understand performance issues can be frustrating. We will look into this and get back to you within the next 48 hours.,,,0,very_negative,2,0,desktop_app,
TCKT_079093,2023-03-14 00:49:16,CUST_04596,non_profit,phone_transcript,analytics_dashboard,performance,high,in_progress,gold,The analytics dashboard page is very slow and takes a long time to load.,We understand performance issues can be frustrating. We are prioritizing this and will update you as soon as possible.,,,0,negative,2,0,android,LATAM
TCKT_079227,2023-03-10 04:16:52,CUST_08856,enterprise,phone_transcript,login_auth,other,medium,in_progress,standard,I have a general question about my account.,Thanks for contacting support. Our team is reviewing this and will follow up within 24 hours.,,,0,positive,4,0,api_client,
TCKT_079230,2023-03-13 10:25:56,CUST_09194,education,in_app,login_auth,performance,medium,resolved,gold,The login auth page is very slow and takes a long time to load.,We understand performance issues can be frustrating. Our team is reviewing this and will follow up within 24 hours.,Optimized queries and increased resource allocation.,27.74,0,positive,4,1,desktop_app,APAC
TCKT_079266,2023-03-20 03:40:43,CUST_01383,education,in_app,analytics_dashboard,account_access,medium,in_progress,standard,I cannot log in; the system says my password is incorrect.,Sorry to hear you're having trouble accessing your account. Our team is reviewing this and will follow up within 24 hours.,,,0,neutral,4,0,api_client,MEA
TCKT_079277,2023-03-07 06:53:34,CUST_07360,non_profit,email,analytics_dashboard,bug,high,on_hold,gold,The page keeps crashing whenever I try to open the analytics dashboard section.,Thanks for reporting this bug. We are prioritizing this and will update you as soon as possible.,,,0,neutral,0,0,web,
TCKT_079361,2023-03-23 12:14:50,CUST_05431,small_business,chat,notifications,security_concern,urgent,resolved,standard,I noticed a suspicious login on my account.,We take security very seriously. This has been escalated to our on-call team for immediate attention.,"Investigated logs, mitigated the issue, and updated security settings.",1.52,0,very_negative,2,0,desktop_app,LATAM
TCKT_079528,2023-03-01 16:19:02,CUST_01212,individual,in_app,analytics_dashboard,performance,low,resolved,standard,The analytics dashboard page is very slow and takes a long time to load.,We understand performance issues can be frustrating. We will look into this and get back to you within the next 48 hours.,Optimized queries and increased resource allocation.,31.25,0,very_negative,0,0,android,MEA
TCKT_079544,2023-03-26 18:25:08,CUST_00037,non_profit,in_app,mobile_app,billing_problem,high,resolved,gold,I downgraded my plan but I am still being billed for the higher tier.,Thanks for reaching out about the billing issue. We are prioritizing this and will update you as soon as possible.,Adjusted the invoice and issued a refund where applicable.,10.06,0,negative,2,1,web,EU
TCKT_079588,2023-03-24 22:56:52,CUST_06031,education,email,analytics_dashboard,other,medium,resolved,gold,I need help but I'm not sure which category this fits in.,Thanks for contacting support. Our team is reviewing this and will follow up within 24 hours.,Provided general guidance and confirmed the issue was resolved.,4.77,0,very_negative,1,0,web,MEA
TCKT_079669,2023-03-18 23:30:42,CUST_01972,small_business,in_app,login_auth,security_concern,low,on_hold,platinum,We need details about your data encryption and compliance.,We take security very seriously. We will look into this and get back to you within the next 48 hours.,,,0,very_negative,0,1,web,
TCKT_079731,2023-03-08 10:30:12,CUST_08524,enterprise,chat,data_export,performance,low,resolved,standard,The data export page is very slow and takes a long time to load.,We understand performance issues can be frustrating. We will look into this and get back to you within the next 48 hours.,Optimized queries and increased resource allocation.,39.87,0,positive,4,0,desktop_app,EU
TCKT_079764,2023-03-21 00:32:14,CUST_09032,small_business,email,notifications,account_access,low,resolved,gold,My account was locked after multiple failed login attempts.,Sorry to hear you're having trouble accessing your account. We will look into this and get back to you within the next 48 hours.,Reset account credentials and confirmed successful login.,47.46,0,very_negative,1,0,desktop_app,APAC
TCKT_079818,2023-03-17 21:00:16,CUST_05292,enterprise,web_form,login_auth,feature_request,medium,open,standard,Can you add an option to customize login auth?,Thanks for your feature suggestion. Our team is reviewing this and will follow up within 24 hours.,,,0,positive,5,0,web,EU
TCKT_079881,2023-03-16 08:45:52,CUST_07690,individual,in_app,analytics_dashboard,feature_request,low,resolved,gold,Can you add an option to customize analytics dashboard?,Thanks for your feature suggestion. We will look into this and get back to you within the next 48 hours.,Captured the request and added it to the product backlog.,63.78,0,positive,4,0,api_client,
TCKT_079904,2023-03-11 00:27:17,CUST_05205,small_business,chat,notifications,feature_request,medium,resolved,gold,Can you add an option to customize notifications?,Thanks for your feature suggestion. Our team is reviewing this and will follow up within 24 hours.,Captured the request and added it to the product backlog.,35.82,1,neutral,3,1,web,MEA
TCKT_079917,2023-03-14 08:28:17,CUST_09226,education,email,data_export,performance,high,resolved,gold,Queries in the data export module are timing out.,We understand performance issues can be frustrating. We are prioritizing this and will update you as soon as possible.,Optimized queries and increased resource allocation.,9.48,0,positive,4,0,ios,
TCKT_079933,2023-03-01 18:37:05,CUST_00935,enterprise,chat,notifications,how_to,low,resolved,standard,How can I export my data from the notifications section?,Happy to help with your question. We will look into this and get back to you within the next 48 hours.,Provided step-by-step instructions and relevant documentation.,63.22,0,very_positive,5,0,android,EU
TCKT_080049,2023-03-29 23:27:17,CUST_02641,education,web_form,mobile_app,feature_request,high,resolved,platinum,Can you add an option to customize mobile app?,Thanks for your feature suggestion. We are prioritizing this and will update you as soon as possible.,Captured the request and added it to the product backlog.,21.68,0,positive,4,0,api_client,LATAM
TCKT_080051,2023-03-13 06:45:56,CUST_01173,enterprise,chat,notifications,security_concern,low,resolved,standard,We need details about your data encryption and compliance.,We take security very seriously. We will look into this and get back to you within the next 48 hours.,"Investigated logs, mitigated the issue, and updated security settings.",21.55,0,negative,2,0,api_client,APAC
TCKT_080067,2023-03-31 12:41:22,CUST_08211,non_profit,in_app,notifications,security_concern,medium,closed_no_action,platinum,We need details about your data encryption and compliance.,We take security very seriously. Our team is reviewing this and will follow up within 24 hours.,Ticket closed without further action after no response from the customer.,167.23,0,very_negative,0,0,ios,EU
TCKT_080084,2023-03-06 08:47:26,CUST_02738,non_profit,web_form,data_export,billing_problem,low,closed_no_action,standard,My invoice amount is incorrect compared to the plan I selected.,Thanks for reaching out about the billing issue. We will look into this and get back to you within the next 48 hours.,Ticket closed without further action after no response from the customer.,210.17,0,negative,2,1,android,MEA
TCKT_080093,2023-03-17 13:06:07,CUST_03943,individual,email,mobile_app,security_concern,high,in_progress,standard,I noticed a suspicious login on my account.,We take security very seriously. We are prioritizing this and will update you as soon as possible.,,,0,neutral,4,0,api_client,EU
TCKT_080112,2023-03-12 13:56:44,CUST_09768,small_business,chat,login_auth,feature_request,high,resolved,gold,Our team needs more advanced options for login auth.,Thanks for your feature suggestion. We are prioritizing this and will update you as soon as possible.,Captured the request and added it to the product backlog.,3.83,0,positive,4,0,web,LATAM
TCKT_080145,2023-03-13 08:12:36,CUST_02465,non_profit,phone_transcript,api_integration,security_concern,medium,resolved,gold,We need details about your data encryption and compliance.,We take security very seriously. Our team is reviewing this and will follow up within 24 hours.,"Investigated logs, mitigated the issue, and updated security settings.",40.98,0,negative,3,0,api_client,EU
TCKT_080212,2023-03-20 23:43:24,CUST_09583,enterprise,email,mobile_app,feature_request,low,in_progress,standard,It would be great to have mobile app support in your product.,Thanks for your feature suggestion. We will look into this and get back to you within the next 48 hours.,,,0,positive,0,0,desktop_app,MEA
TCKT_080214,2023-03-10 16:29:49,CUST_07395,small_business,chat,notifications,bug,medium,closed_no_action,standard,The page keeps crashing whenever I try to open the notifications section.,Thanks for reporting this bug. Our team is reviewing this and will follow up within 24 hours.,Ticket closed without further action after no response from the customer.,163.73,0,neutral,3,0,api_client,APAC
TCKT_080291,2023-03-16 09:11:04,CUST_03610,education,in_app,notifications,other,medium,open,standard,"Something seems off, can you please check my workspace?",Thanks for contacting support. Our team is reviewing this and will follow up within 24 hours.,,,0,negative,3,0,api_client,EU
TCKT_080322,2023-03-22 00:01:04,CUST_07356,individual,email,data_export,other,medium,on_hold,gold,I need help but I'm not sure which category this fits in.,Thanks for contacting support. Our team is reviewing this and will follow up within 24 hours.,,,0,negative,0,0,web,LATAM
TCKT_080343,2023-03-01 23:35:23,CUST_09985,non_profit,email,login_auth,security_concern,medium,resolved,standard,I noticed a suspicious login on my account.,We take security very seriously. Our team is reviewing this and will follow up within 24 hours.,"Investigated logs, mitigated the issue, and updated security settings.",5.76,0,negative,2,0,ios,LATAM
TCKT_080381,2023-03-28 10:56:08,CUST_02944,individual,chat,analytics_dashboard,security_concern,high,resolved,standard,We need details about your data encryption and compliance.,We take security very seriously. We are prioritizing this and will update you as soon as possible.,"Investigated logs, mitigated the issue, and updated security settings.",13.0,0,positive,4,0,api_client,EU
TCKT_080701,2023-03-30 06:03:48,CUST_00418,individual,email,login_auth,security_concern,medium,in_progress,gold,I noticed a suspicious login on my account.,We take security very seriously. Our team is reviewing this and will follow up within 24 hours.,,,0,negative,3,1,web,EU
TCKT_080769,2023-03-17 19:34:37,CUST_04039,enterprise,email,mobile_app,account_access,high,resolved,standard,My 2FA code is not working when I try to sign in.,Sorry to hear you're having trouble accessing your account. We are prioritizing this and will update you as soon as possible.,Reset account credentials and confirmed successful login.,1.73,0,very_negative,1,1,android,APAC
TCKT_080788,2023-03-27 16:24:02,CUST_05720,education,email,login_auth,account_access,low,in_progress,gold,My account was locked after multiple failed login attempts.,Sorry to hear you're having trouble accessing your account. We will look into this and get back to you within the next 48 hours.,,,0,negative,2,1,api_client,MEA
TCKT_080824,2023-03-18 08:52:04,CUST_04280,non_profit,phone_transcript,notifications,how_to,low,resolved,gold,Can you explain how to configure notifications properly?,Happy to help with your question. We will look into this and get back to you within the next 48 hours.,Provided step-by-step instructions and relevant documentation.,42.37,0,positive,0,1,desktop_app,MEA
TCKT_080831,2023-03-25 06:30:15,CUST_08007,enterprise,chat,analytics_dashboard,feature_request,high,resolved,standard,Our team needs more advanced options for analytics dashboard.,Thanks for your feature suggestion. We are prioritizing this and will update you as soon as possible.,Captured the request and added it to the product backlog.,16.1,0,positive,4,0,desktop_app,APAC
TCKT_080855,2023-03-16 10:04:38,CUST_02853,individual,email,data_export,account_access,low,resolved,standard,My 2FA code is not working when I try to sign in.,Sorry to hear you're having trouble accessing your account. We will look into this and get back to you within the next 48 hours.,Reset account credentials and confirmed successful login.,67.64,0,negative,0,1,desktop_app,APAC
TCKT_080900,2023-03-03 11:39:52,CUST_01100,enterprise,chat,analytics_dashboard,feature_request,medium,in_progress,standard,Our team needs more advanced options for analytics dashboard.,Thanks for your feature suggestion. Our team is reviewing this and will follow up within 24 hours.,,,0,negative,0,0,api_client,APAC
TCKT_080917,2023-03-19 06:29:42,CUST_07477,small_business,phone_transcript,data_export,security_concern,medium,in_progress,gold,I noticed a suspicious login on my account.,We take security very seriously. Our team is reviewing this and will follow up within 24 hours.,,,0,positive,5,0,api_client,APAC
TCKT_080972,2023-03-23 16:29:33,CUST_08409,small_business,in_app,api_integration,billing_problem,medium,closed_no_action,gold,I downgraded my plan but I am still being billed for the higher tier.,Thanks for reaching out about the billing issue. Our team is reviewing this and will follow up within 24 hours.,Ticket closed without further action after no response from the customer.,164.81,0,negative,3,0,web,LATAM
TCKT_081094,2023-03-10 09:31:48,CUST_01366,enterprise,chat,api_integration,other,medium,open,gold,I need help but I'm not sure which category this fits in.,Thanks for contacting support. Our team is reviewing this and will follow up within 24 hours.,,,0,neutral,4,0,ios,APAC
TCKT_081132,2023-03-21 17:32:21,CUST_05140,non_profit,web_form,billing,security_concern,low,resolved,standard,I noticed a suspicious login on my account.,We take security very seriously. We will look into this and get back to you within the next 48 hours.,"Investigated logs, mitigated the issue, and updated security settings.",62.65,0,very_negative,0,0,desktop_app,
TCKT_081228,2023-03-19 14:17:35,CUST_08568,individual,email,data_export,bug,low,on_hold,standard,The data export feature is not saving my changes.,Thanks for reporting this bug. We will look into this and get back to you within the next 48 hours.,,,0,very_positive,5,1,desktop_app,APAC
TCKT_081255,2023-03-23 22:26:26,CUST_06325,individual,chat,login_auth,feature_request,low,in_progress,gold,It would be great to have login auth support in your product.,Thanks for your feature suggestion. We will look into this and get back to you within the next 48 hours.,,,0,neutral,3,0,android,EU
TCKT_081302,2023-03-18 13:59:53,CUST_06587,enterprise,phone_transcript,api_integration,bug,medium,resolved,standard,The page keeps crashing whenever I try to open the api integration section.,Thanks for reporting this bug. Our team is reviewing this and will follow up within 24 hours.,Patched the bug and deployed a fix to production.,41.33,0,neutral,3,0,ios,APAC
TCKT_081303,2023-03-01 11:14:36,CUST_08108,non_profit,chat,api_integration,account_access,high,resolved,standard,My 2FA code is not working when I try to sign in.,Sorry to hear you're having trouble accessing your account. We are prioritizing this and will update you as soon as possible.,Reset account credentials and confirmed successful login.,13.55,0,very_negative,2,0,api_client,
TCKT_081455,2023-03-14 07:07:31,CUST_04217,individual,chat,billing,performance,medium,resolved,standard,Overall performance has degraded in the last few days.,We understand performance issues can be frustrating. Our team is reviewing this and will follow up within 24 hours.,Optimized queries and increased resource allocation.,30.45,0,neutral,0,0,web,LATAM
TCKT_081477,2023-03-11 21:05:04,CUST_01422,individual,web_form,billing,other,medium,on_hold,gold,I need help but I'm not sure which category this fits in.,Thanks for contacting support. Our team is reviewing this and will follow up within 24 hours.,,,0,positive,0,0,api_client,
TCKT_081478,2023-03-26 06:52:19,CUST_05243,education,phone_transcript,api_integration,security_concern,medium,resolved,standard,I noticed a suspicious login on my account.,We take security very seriously. Our team is reviewing this and will follow up within 24 hours.,"Investigated logs, mitigated the issue, and updated security settings.",33.27,0,very_negative,1,0,android,APAC
TCKT_081488,2023-03-09 10:13:18,CUST_07231,education,phone_transcript,notifications,billing_problem,high,resolved,gold,I was charged twice for my subscription this month.,Thanks for reaching out about the billing issue. We are prioritizing this and will update you as soon as possible.,Adjusted the invoice and issued a refund where applicable.,10.8,0,very_negative,2,0,ios,APAC
TCKT_081535,2023-03-28 02:42:36,CUST_09833,enterprise,web_form,login_auth,how_to,low,resolved,platinum,Can you explain how to configure login auth properly?,Happy to help with your question. We will look into this and get back to you within the next 48 hours.,Provided step-by-step instructions and relevant documentation.,12.63,0,neutral,3,1,ios,EU
TCKT_081562,2023-03-28 12:09:53,CUST_01888,individual,web_form,billing,security_concern,low,open,standard,We need details about your data encryption and compliance.,We take security very seriously. We will look into this and get back to you within the next 48 hours.,,,0,negative,3,0,ios,
TCKT_081599,2023-03-17 08:02:57,CUST_07723,small_business,chat,mobile_app,account_access,medium,on_hold,gold,My account was locked after multiple failed login attempts.,Sorry to hear you're having trouble accessing your account. Our team is reviewing this and will follow up within 24 hours.,,,0,positive,4,0,api_client,EU
TCKT_081840,2023-03-28 23:12:54,CUST_01501,individual,web_form,mobile_app,account_access,low,in_progress,standard,My 2FA code is not working when I try to sign in.,Sorry to hear you're having trouble accessing your account. We will look into this and get back to you within the next 48 hours.,,,0,negative,2,1,ios,APAC
TCKT_081854,2023-03-27 18:05:38,CUST_03412,individual,web_form,login_auth,security_concern,low,on_hold,gold,There seems to be a vulnerability in the login auth functionality.,We take security very seriously. We will look into this and get back to you within the next 48 hours.,,,0,neutral,4,1,android,LATAM
TCKT_081855,2023-03-09 16:47:07,CUST_04875,small_business,phone_transcript,login_auth,other,urgent,in_progress,standard,I have a general question about my account.,Thanks for contacting support. This has been escalated to our on-call team for immediate attention.,,,0,neutral,4,0,android,
TCKT_081901,2023-03-15 02:21:58,CUST_02855,non_profit,chat,api_integration,performance,low,resolved,standard,The api integration page is very slow and takes a long time to load.,We understand performance issues can be frustrating. We will look into this and get back to you within the next 48 hours.,Optimized queries and increased resource allocation.,46.3,0,positive,5,1,desktop_app,LATAM
TCKT_081945,2023-03-02 16:57:02,CUST_02665,individual,web_form,billing,security_concern,low,resolved,platinum,We need details about your data encryption and compliance.,We take security very seriously. We will look into this and get back to you within the next 48 hours.,"Investigated logs, mitigated the issue, and updated security settings.",29.07,0,negative,2,1,web,LATAM
TCKT_081979,2023-03-02 11:02:12,CUST_00724,non_profit,phone_transcript,mobile_app,bug,high,resolved,gold,I am seeing an error message when I click on mobile app.,Thanks for reporting this bug. We are prioritizing this and will update you as soon as possible.,Patched the bug and deployed a fix to production.,18.61,0,negative,0,0,ios,APAC
TCKT_081980,2023-03-10 16:04:20,CUST_02839,education,chat,data_export,security_concern,medium,in_progress,standard,There seems to be a vulnerability in the data export functionality.,We take security very seriously. Our team is reviewing this and will follow up within 24 hours.,,,0,very_negative,0,0,api_client,APAC
TCKT_082002,2023-03-30 03:16:34,CUST_09052,enterprise,web_form,billing,how_to,high,open,standard,How can I export my data from the billing section?,Happy to help with your question. We are prioritizing this and will update you as soon as possible.,,,0,positive,5,0,android,LATAM
TCKT_082047,2023-03-29 10:37:09,CUST_07499,education,chat,api_integration,account_access,medium,in_progress,standard,I cannot log in; the system says my password is incorrect.,Sorry to hear you're having trouble accessing your account. Our team is reviewing this and will follow up within 24 hours.,,,0,neutral,3,1,web,MEA
TCKT_082059,2023-03-08 22:17:32,CUST_01906,non_profit,phone_transcript,billing,feature_request,low,on_hold,standard,Our team needs more advanced options for billing.,Thanks for your feature suggestion. We will look into this and get back to you within the next 48 hours.,,,0,neutral,0,0,desktop_app,
TCKT_082189,2023-03-13 22:09:06,CUST_07152,individual,phone_transcript,billing,performance,high,on_hold,gold,The billing page is very slow and takes a long time to load.,We understand performance issues can be frustrating. We are prioritizing this and will update you as soon as possible.,,,0,very_negative,2,0,desktop_app,
TCKT_082203,2023-03-23 15:04:12,CUST_05626,small_business,web_form,api_integration,bug,urgent,closed_no_action,gold,I am seeing an error message when I click on api integration.,Thanks for reporting this bug. This has been escalated to our on-call team for immediate attention.,Ticket closed without further action after no response from the customer.,121.63,0,neutral,4,0,android,
TCKT_082275,2023-03-18 20:12:09,CUST_05500,non_profit,email,api_integration,feature_request,low,closed_no_action,gold,Our team needs more advanced options for api integration.,Thanks for your feature suggestion. We will look into this and get back to you within the next 48 hours.,Ticket closed without further action after no response from the customer.,208.25,0,very_positive,5,1,web,APAC
TCKT_082384,2023-03-09 11:51:29,CUST_00675,non_profit,email,analytics_dashboard,bug,urgent,resolved,standard,I am seeing an error message when I click on analytics dashboard.,Thanks for reporting this bug. This has been escalated to our on-call team for immediate attention.,Patched the bug and deployed a fix to production.,1.43,0,negative,0,0,web,EU
TCKT_082386,2023-03-12 19:52:52,CUST_05958,enterprise,web_form,login_auth,other,low,in_progress,gold,I have a general question about my account.,Thanks for contacting support. We will look into this and get back to you within the next 48 hours.,,,0,neutral,4,1,web,
TCKT_082416,2023-03-09 13:20:32,CUST_07846,non_profit,chat,data_export,performance,urgent,open,standard,Queries in the data export module are timing out.,We understand performance issues can be frustrating. This has been escalated to our on-call team for immediate attention.,,,0,neutral,0,0,ios,MEA
TCKT_082478,2023-03-09 21:11:55,CUST_06968,small_business,email,login_auth,performance,low,open,standard,Overall performance has degraded in the last few days.,We understand performance issues can be frustrating. We will look into this and get back to you within the next 48 hours.,,,0,very_positive,5,0,android,APAC
TCKT_082504,2023-03-23 16:48:24,CUST_07236,enterprise,email,billing,how_to,medium,open,standard,How can I export my data from the billing section?,Happy to help with your question. Our team is reviewing this and will follow up within 24 hours.,,,0,positive,5,0,ios,APAC
TCKT_082534,2023-03-18 12:35:31,CUST_03139,non_profit,email,notifications,security_concern,low,on_hold,platinum,There seems to be a vulnerability in the notifications functionality.,We take security very seriously. We will look into this and get back to you within the next 48 hours.,,,0,neutral,4,0,desktop_app,EU
TCKT_082552,2023-03-11 08:07:20,CUST_07675,individual,email,mobile_app,security_concern,low,resolved,standard,I noticed a suspicious login on my account.,We take security very seriously. We will look into this and get back to you within the next 48 hours.,"Investigated logs, mitigated the issue, and updated security settings.",22.64,1,very_negative,2,0,ios,
TCKT_082577,2023-03-04 22:54:33,CUST_03434,individual,phone_transcript,api_integration,bug,medium,resolved,platinum,The page keeps crashing whenever I try to open the api integration section.,Thanks for reporting this bug. Our team is reviewing this and will follow up within 24 hours.,Patched the bug and deployed a fix to production.,27.55,0,positive,4,0,web,EU
TCKT_082590,2023-03-04 19:07:44,CUST_04352,small_business,chat,login_auth,bug,low,resolved,standard,I am seeing an error message when I click on login auth.,Thanks for reporting this bug. We will look into this and get back to you within the next 48 hours.,Patched the bug and deployed a fix to production.,21.93,0,neutral,0,0,android,APAC
TCKT_082614,2023-03-13 18:06:20,CUST_02439,education,chat,login_auth,account_access,medium,resolved,standard,I cannot log in; the system says my password is incorrect.,Sorry to hear you're having trouble accessing your account. Our team is reviewing this and will follow up within 24 hours.,Reset account credentials and confirmed successful login.,23.82,0,negative,0,0,api_client,MEA
TCKT_082630,2023-03-28 09:48:02,CUST_01009,small_business,web_form,api_integration,billing_problem,urgent,closed_no_action,standard,I was charged twice for my subscription this month.,Thanks for reaching out about the billing issue. This has been escalated to our on-call team for immediate attention.,Ticket closed without further action after no response from the customer.,229.68,0,very_negative,0,0,web,LATAM
TCKT_082672,2023-03-27 12:30:59,CUST_03044,small_business,email,notifications,performance,low,open,gold,Overall performance has degraded in the last few days.,We understand performance issues can be frustrating. We will look into this and get back to you within the next 48 hours.,,,0,very_negative,2,0,ios,
TCKT_082707,2023-03-16 05:34:47,CUST_07928,individual,in_app,mobile_app,performance,medium,open,standard,The mobile app page is very slow and takes a long time to load.,We understand performance issues can be frustrating. Our team is reviewing this and will follow up within 24 hours.,,,0,very_negative,1,0,desktop_app,EU
TCKT_082811,2023-03-23 17:03:14,CUST_07649,small_business,email,mobile_app,account_access,medium,in_progress,standard,My 2FA code is not working when I try to sign in.,Sorry to hear you're having trouble accessing your account. Our team is reviewing this and will follow up within 24 hours.,,,0,negative,3,0,ios,
TCKT_082818,2023-03-09 01:56:20,CUST_00821,individual,phone_transcript,mobile_app,how_to,high,in_progress,platinum,How can I export my data from the mobile app section?,Happy to help with your question. We are prioritizing this and will update you as soon as possible.,,,0,positive,4,0,web,MEA
TCKT_082861,2023-03-30 17:03:44,CUST_01168,education,email,notifications,other,low,in_progress,standard,I have a general question about my account.,Thanks for contacting support. We will look into this and get back to you within the next 48 hours.,,,0,negative,0,0,ios,LATAM
TCKT_082880,2023-03-04 12:14:09,CUST_09342,individual,in_app,mobile_app,feature_request,medium,resolved,standard,Can you add an option to customize mobile app?,Thanks for your feature suggestion. Our team is reviewing this and will follow up within 24 hours.,Captured the request and added it to the product backlog.,9.45,0,neutral,3,1,ios,EU
TCKT_082882,2023-03-22 11:49:46,CUST_02061,enterprise,in_app,login_auth,bug,low,resolved,standard,The login auth feature is not saving my changes.,Thanks for reporting this bug. We will look into this and get back to you within the next 48 hours.,Patched the bug and deployed a fix to production.,58.3,0,negative,2,0,web,EU
TCKT_082916,2023-03-13 02:10:56,CUST_01506,individual,chat,notifications,performance,medium,closed_no_action,platinum,Overall performance has degraded in the last few days.,We understand performance issues can be frustrating. Our team is reviewing this and will follow up within 24 hours.,Ticket closed without further action after no response from the customer.,52.84,0,positive,5,0,desktop_app,MEA
TCKT_082918,2023-03-06 11:08:21,CUST_05059,enterprise,web_form,login_auth,performance,low,closed_no_action,standard,Queries in the login auth module are timing out.,We understand performance issues can be frustrating. We will look into this and get back to you within the next 48 hours.,Ticket closed without further action after no response from the customer.,167.6,0,positive,5,0,api_client,EU
TCKT_082921,2023-03-06 21:03:27,CUST_09568,individual,email,api_integration,performance,medium,on_hold,standard,Overall performance has degraded in the last few days.,We understand performance issues can be frustrating. Our team is reviewing this and will follow up within 24 hours.,,,0,neutral,0,0,api_client,MEA
TCKT_083031,2023-03-03 05:53:44,CUST_08951,small_business,email,login_auth,billing_problem,high,closed_no_action,platinum,My invoice amount is incorrect compared to the plan I selected.,Thanks for reaching out about the billing issue. We are prioritizing this and will update you as soon as possible.,Ticket closed without further action after no response from the customer.,131.13,0,very_negative,1,0,desktop_app,APAC
TCKT_083113,2023-03-30 21:42:29,CUST_04276,individual,web_form,billing,account_access,medium,open,standard,I cannot log in; the system says my password is incorrect.,Sorry to hear you're having trouble accessing your account. Our team is reviewing this and will follow up within 24 hours.,,,0,negative,2,0,android,EU
TCKT_083140,2023-03-02 05:26:16,CUST_01482,individual,chat,data_export,account_access,low,resolved,standard,My account was locked after multiple failed login attempts.,Sorry to hear you're having trouble accessing your account. We will look into this and get back to you within the next 48 hours.,Reset account credentials and confirmed successful login.,25.85,0,positive,0,1,android,LATAM
TCKT_083225,2023-03-22 08:54:47,CUST_07795,small_business,email,login_auth,feature_request,urgent,on_hold,gold,Can you add an option to customize login auth?,Thanks for your feature suggestion. This has been escalated to our on-call team for immediate attention.,,,0,neutral,4,0,ios,
TCKT_083240,2023-03-11 10:41:53,CUST_09293,non_profit,in_app,analytics_dashboard,billing_problem,medium,in_progress,standard,I downgraded my plan but I am still being billed for the higher tier.,Thanks for reaching out about the billing issue. Our team is reviewing this and will follow up within 24 hours.,,,0,negative,0,0,api_client,EU
TCKT_083356,2023-03-26 02:02:50,CUST_03253,enterprise,email,api_integration,account_access,high,in_progress,standard,I cannot log in; the system says my password is incorrect.,Sorry to hear you're having trouble accessing your account. We are prioritizing this and will update you as soon as possible.,,,1,neutral,3,0,ios,EU
TCKT_083425,2023-03-26 02:50:02,CUST_02867,individual,web_form,analytics_dashboard,performance,low,resolved,standard,Queries in the analytics dashboard module are timing out.,We understand performance issues can be frustrating. We will look into this and get back to you within the next 48 hours.,Optimized queries and increased resource allocation.,64.91,0,very_negative,0,1,desktop_app,EU
TCKT_083447,2023-03-13 18:59:22,CUST_07786,individual,email,notifications,security_concern,low,resolved,gold,We need details about your data encryption and compliance.,We take security very seriously. We will look into this and get back to you within the next 48 hours.,"Investigated logs, mitigated the issue, and updated security settings.",8.56,0,positive,5,0,android,EU
TCKT_083487,2023-03-31 23:28:05,CUST_02073,enterprise,email,data_export,billing_problem,low,in_progress,platinum,I was charged twice for my subscription this month.,Thanks for reaching out about the billing issue. We will look into this and get back to you within the next 48 hours.,,,0,neutral,4,0,ios,EU
TCKT_083491,2023-03-31 10:06:55,CUST_00533,individual,in_app,billing,feature_request,high,open,standard,Our team needs more advanced options for billing.,Thanks for your feature suggestion. We are prioritizing this and will update you as soon as possible.,,,0,neutral,3,1,desktop_app,APAC
TCKT_083501,2023-03-22 07:57:40,CUST_01494,education,web_form,data_export,other,low,on_hold,gold,"Something seems off, can you please check my workspace?",Thanks for contacting support. We will look into this and get back to you within the next 48 hours.,,,0,neutral,4,0,web,LATAM
TCKT_083543,2023-03-11 18:57:14,CUST_03788,non_profit,chat,api_integration,security_concern,low,on_hold,standard,I noticed a suspicious login on my account.,We take security very seriously. We will look into this and get back to you within the next 48 hours.,,,0,neutral,3,1,web,
TCKT_083559,2023-03-15 15:57:22,CUST_05827,non_profit,web_form,login_auth,security_concern,high,resolved,standard,I noticed a suspicious login on my account.,We take security very seriously. We are prioritizing this and will update you as soon as possible.,"Investigated logs, mitigated the issue, and updated security settings.",14.56,0,very_negative,1,0,android,APAC
TCKT_083623,2023-03-02 00:42:19,CUST_04091,enterprise,chat,analytics_dashboard,how_to,medium,resolved,standard,I need help setting up analytics dashboard for my team.,Happy to help with your question. Our team is reviewing this and will follow up within 24 hours.,Provided step-by-step instructions and relevant documentation.,30.14,0,neutral,4,1,desktop_app,MEA
TCKT_083629,2023-03-20 03:08:51,CUST_09838,education,web_form,login_auth,security_concern,medium,closed_no_action,standard,I noticed a suspicious login on my account.,We take security very seriously. Our team is reviewing this and will follow up within 24 hours.,Ticket closed without further action after no response from the customer.,217.52,0,negative,2,0,api_client,LATAM
TCKT_083697,2023-03-20 12:27:47,CUST_07495,non_profit,email,analytics_dashboard,how_to,medium,closed_no_action,standard,How can I export my data from the analytics dashboard section?,Happy to help with your question. Our team is reviewing this and will follow up within 24 hours.,Ticket closed without further action after no response from the customer.,148.5,0,neutral,3,0,ios,MEA
TCKT_083842,2023-03-23 02:48:20,CUST_07100,education,chat,login_auth,other,low,closed_no_action,platinum,I need help but I'm not sure which category this fits in.,Thanks for contacting support. We will look into this and get back to you within the next 48 hours.,Ticket closed without further action after no response from the customer.,146.45,0,neutral,0,1,android,APAC
TCKT_083922,2023-03-18 17:08:16,CUST_08871,non_profit,phone_transcript,notifications,account_access,urgent,resolved,standard,I cannot log in; the system says my password is incorrect.,Sorry to hear you're having trouble accessing your account. This has been escalated to our on-call team for immediate attention.,Reset account credentials and confirmed successful login.,4.13,0,negative,3,0,desktop_app,EU
TCKT_083934,2023-03-13 22:05:29,CUST_00728,small_business,email,login_auth,feature_request,medium,in_progress,standard,Can you add an option to customize login auth?,Thanks for your feature suggestion. Our team is reviewing this and will follow up within 24 hours.,,,0,negative,2,0,ios,EU
TCKT_084007,2023-03-26 12:39:07,CUST_02434,non_profit,in_app,login_auth,security_concern,low,resolved,standard,I noticed a suspicious login on my account.,We take security very seriously. We will look into this and get back to you within the next 48 hours.,"Investigated logs, mitigated the issue, and updated security settings.",55.71,0,neutral,4,1,ios,EU
TCKT_084019,2023-03-14 22:56:43,CUST_01066,small_business,in_app,notifications,feature_request,high,resolved,standard,Can you add an option to customize notifications?,Thanks for your feature suggestion. We are prioritizing this and will update you as soon as possible.,Captured the request and added it to the product backlog.,15.0,0,very_positive,5,0,desktop_app,APAC
TCKT_084074,2023-03-06 22:01:40,CUST_02813,non_profit,web_form,login_auth,billing_problem,low,open,standard,My invoice amount is incorrect compared to the plan I selected.,Thanks for reaching out about the billing issue. We will look into this and get back to you within the next 48 hours.,,,0,very_negative,2,1,web,APAC
TCKT_084228,2023-03-30 10:54:04,CUST_06378,education,web_form,mobile_app,other,medium,closed_no_action,standard,I have a general question about my account.,Thanks for contacting support. Our team is reviewing this and will follow up within 24 hours.,Ticket closed without further action after no response from the customer.,175.62,1,neutral,4,1,web,EU
TCKT_084239,2023-03-11 06:30:02,CUST_01850,non_profit,web_form,mobile_app,other,low,resolved,standard,"Something seems off, can you please check my workspace?",Thanks for contacting support. We will look into this and get back to you within the next 48 hours.,Provided general guidance and confirmed the issue was resolved.,18.06,0,neutral,3,0,android,LATAM
TCKT_084328,2023-03-07 00:59:36,CUST_06941,non_profit,in_app,data_export,security_concern,high,resolved,standard,There seems to be a vulnerability in the data export functionality.,We take security very seriously. We are prioritizing this and will update you as soon as possible.,"Investigated logs, mitigated the issue, and updated security settings.",8.4,0,neutral,4,0,android,LATAM
TCKT_084391,2023-03-08 10:52:24,CUST_00255,non_profit,in_app,login_auth,other,low,resolved,standard,"Something seems off, can you please check my workspace?",Thanks for contacting support. We will look into this and get back to you within the next 48 hours.,Provided general guidance and confirmed the issue was resolved.,17.43,0,neutral,3,0,android,
TCKT_084475,2023-03-20 02:17:46,CUST_07278,small_business,chat,analytics_dashboard,billing_problem,low,open,standard,I was charged twice for my subscription this month.,Thanks for reaching out about the billing issue. We will look into this and get back to you within the next 48 hours.,,,0,positive,0,0,api_client,APAC
TCKT_084513,2023-03-28 14:20:31,CUST_07537,enterprise,in_app,billing,other,high,in_progress,standard,I need help but I'm not sure which category this fits in.,Thanks for contacting support. We are prioritizing this and will update you as soon as possible.,,,0,neutral,0,0,desktop_app,LATAM
TCKT_084527,2023-03-06 03:43:01,CUST_01342,education,web_form,mobile_app,how_to,high,closed_no_action,standard,Can you explain how to configure mobile app properly?,Happy to help with your question. We are prioritizing this and will update you as soon as possible.,Ticket closed without further action after no response from the customer.,116.62,0,positive,4,0,desktop_app,MEA
TCKT_084568,2023-03-31 15:26:56,CUST_04571,individual,in_app,mobile_app,feature_request,high,resolved,standard,Can you add an option to customize mobile app?,Thanks for your feature suggestion. We are prioritizing this and will update you as soon as possible.,Captured the request and added it to the product backlog.,10.61,0,positive,5,0,ios,LATAM
TCKT_084577,2023-03-06 07:07:12,CUST_02087,individual,chat,billing,billing_problem,low,resolved,standard,I downgraded my plan but I am still being billed for the higher tier.,Thanks for reaching out about the billing issue. We will look into this and get back to you within the next 48 hours.,Adjusted the invoice and issued a refund where applicable.,29.2,0,neutral,3,0,desktop_app,
TCKT_084593,2023-03-24 11:32:17,CUST_05954,small_business,phone_transcript,billing,bug,high,open,standard,The billing feature is not saving my changes.,Thanks for reporting this bug. We are prioritizing this and will update you as soon as possible.,,,0,neutral,0,1,desktop_app,EU
TCKT_084662,2023-03-11 17:17:04,CUST_07613,non_profit,in_app,analytics_dashboard,how_to,low,closed_no_action,standard,I need help setting up analytics dashboard for my team.,Happy to help with your question. We will look into this and get back to you within the next 48 hours.,Ticket closed without further action after no response from the customer.,46.45,0,negative,3,1,api_client,MEA
TCKT_084737,2023-03-02 04:07:18,CUST_01076,non_profit,chat,api_integration,security_concern,high,on_hold,standard,We need details about your data encryption and compliance.,We take security very seriously. We are prioritizing this and will update you as soon as possible.,,,0,neutral,4,0,android,
TCKT_084866,2023-03-28 15:09:24,CUST_02245,individual,chat,billing,feature_request,urgent,resolved,standard,Our team needs more advanced options for billing.,Thanks for your feature suggestion. This has been escalated to our on-call team for immediate attention.,Captured the request and added it to the product backlog.,5.36,0,neutral,3,0,api_client,EU
TCKT_085025,2023-03-10 05:01:33,CUST_09498,small_business,web_form,data_export,other,low,closed_no_action,gold,I have a general question about my account.,Thanks for contacting support. We will look into this and get back to you within the next 48 hours.,Ticket closed without further action after no response from the customer.,166.64,0,neutral,3,0,android,LATAM
TCKT_085058,2023-03-23 09:43:21,CUST_08688,enterprise,web_form,analytics_dashboard,security_concern,low,resolved,standard,We need details about your data encryption and compliance.,We take security very seriously. We will look into this and get back to you within the next 48 hours.,"Investigated logs, mitigated the issue, and updated security settings.",18.81,0,very_negative,1,0,ios,
TCKT_085063,2023-03-22 22:18:52,CUST_06148,enterprise,web_form,api_integration,security_concern,low,in_progress,standard,I noticed a suspicious login on my account.,We take security very seriously. We will look into this and get back to you within the next 48 hours.,,,0,neutral,4,1,android,MEA
TCKT_085100,2023-03-18 20:54:29,CUST_09451,small_business,in_app,mobile_app,security_concern,medium,closed_no_action,standard,I noticed a suspicious login on my account.,We take security very seriously. Our team is reviewing this and will follow up within 24 hours.,Ticket closed without further action after no response from the customer.,42.64,0,neutral,0,0,desktop_app,LATAM
TCKT_085132,2023-03-01 06:01:53,CUST_03181,small_business,phone_transcript,login_auth,feature_request,low,resolved,standard,Our team needs more advanced options for login auth.,Thanks for your feature suggestion. We will look into this and get back to you within the next 48 hours.,Captured the request and added it to the product backlog.,58.74,0,positive,0,1,desktop_app,EU
TCKT_085208,2023-03-16 23:34:56,CUST_07660,enterprise,web_form,login_auth,billing_problem,medium,open,standard,I downgraded my plan but I am still being billed for the higher tier.,Thanks for reaching out about the billing issue. Our team is reviewing this and will follow up within 24 hours.,,,0,negative,0,0,android,
TCKT_085215,2023-03-01 00:47:07,CUST_00308,small_business,web_form,login_auth,how_to,low,resolved,standard,How can I export my data from the login auth section?,Happy to help with your question. We will look into this and get back to you within the next 48 hours.,Provided step-by-step instructions and relevant documentation.,37.78,0,neutral,0,0,api_client,LATAM
TCKT_085247,2023-03-07 11:02:56,CUST_07398,individual,phone_transcript,mobile_app,performance,high,in_progress,standard,Queries in the mobile app module are timing out.,We understand performance issues can be frustrating. We are prioritizing this and will update you as soon as possible.,,,0,neutral,0,0,android,
TCKT_085285,2023-03-17 21:24:06,CUST_08928,non_profit,phone_transcript,login_auth,other,low,closed_no_action,standard,I have a general question about my account.,Thanks for contacting support. We will look into this and get back to you within the next 48 hours.,Ticket closed without further action after no response from the customer.,69.73,0,negative,2,0,android,APAC
TCKT_085301,2023-03-08 20:28:56,CUST_07336,education,in_app,notifications,account_access,low,resolved,standard,My 2FA code is not working when I try to sign in.,Sorry to hear you're having trouble accessing your account. We will look into this and get back to you within the next 48 hours.,Reset account credentials and confirmed successful login.,58.58,0,very_negative,0,0,android,APAC
TCKT_085305,2023-03-14 03:26:40,CUST_06806,small_business,in_app,data_export,feature_request,low,open,gold,Can you add an option to customize data export?,Thanks for your feature suggestion. We will look into this and get back to you within the next 48 hours.,,,0,neutral,3,1,web,
TCKT_085465,2023-03-11 15:21:34,CUST_07693,enterprise,phone_transcript,data_export,other,medium,closed_no_action,standard,I have a general question about my account.,Thanks for contacting support. Our team is reviewing this and will follow up within 24 hours.,Ticket closed without further action after no response from the customer.,173.88,0,very_negative,1,0,web,APAC
TCKT_085493,2023-03-19 02:00:37,CUST_04938,non_profit,email,mobile_app,how_to,medium,in_progress,standard,I need help setting up mobile app for my team.,Happy to help with your question. Our team is reviewing this and will follow up within 24 hours.,,,0,negative,3,0,ios,
TCKT_085507,2023-03-24 09:28:02,CUST_00453,small_business,phone_transcript,notifications,bug,medium,open,standard,The page keeps crashing whenever I try to open the notifications section.,Thanks for reporting this bug. Our team is reviewing this and will follow up within 24 hours.,,,0,positive,5,0,android,MEA
TCKT_085671,2023-03-21 16:03:42,CUST_02329,enterprise,email,billing,feature_request,low,resolved,gold,It would be great to have billing support in your product.,Thanks for your feature suggestion. We will look into this and get back to you within the next 48 hours.,Captured the request and added it to the product backlog.,68.61,0,negative,0,0,desktop_app,EU
TCKT_085677,2023-03-09 03:46:59,CUST_02658,non_profit,web_form,data_export,performance,medium,on_hold,standard,The data export page is very slow and takes a long time to load.,We understand performance issues can be frustrating. Our team is reviewing this and will follow up within 24 hours.,,,0,negative,3,0,api_client,MEA
TCKT_085704,2023-03-15 02:03:14,CUST_02191,individual,web_form,data_export,security_concern,medium,resolved,standard,We need details about your data encryption and compliance.,We take security very seriously. Our team is reviewing this and will follow up within 24 hours.,"Investigated logs, mitigated the issue, and updated security settings.",25.97,1,neutral,4,0,ios,EU
TCKT_085714,2023-03-04 17:17:36,CUST_03482,small_business,in_app,notifications,other,medium,resolved,standard,I have a general question about my account.,Thanks for contacting support. Our team is reviewing this and will follow up within 24 hours.,Provided general guidance and confirmed the issue was resolved.,13.14,0,neutral,0,0,api_client,EU
TCKT_085739,2023-03-29 15:48:31,CUST_05760,non_profit,phone_transcript,mobile_app,feature_request,low,in_progress,standard,Can you add an option to customize mobile app?,Thanks for your feature suggestion. We will look into this and get back to you within the next 48 hours.,,,0,positive,4,0,ios,APAC
TCKT_085788,2023-03-01 19:39:16,CUST_00665,small_business,email,mobile_app,feature_request,medium,in_progress,standard,Our team needs more advanced options for mobile app.,Thanks for your feature suggestion. Our team is reviewing this and will follow up within 24 hours.,,,0,negative,3,1,desktop_app,
TCKT_085796,2023-03-05 07:58:31,CUST_07929,education,chat,billing,other,low,resolved,standard,"Something seems off, can you please check my workspace?",Thanks for contacting support. We will look into this and get back to you within the next 48 hours.,Provided general guidance and confirmed the issue was resolved.,58.82,1,very_positive,5,0,api_client,LATAM
TCKT_085818,2023-03-21 21:31:13,CUST_03639,small_business,email,api_integration,how_to,low,open,standard,Can you explain how to configure api integration properly?,Happy to help with your question. We will look into this and get back to you within the next 48 hours.,,,1,very_positive,5,0,android,LATAM
TCKT_086008,2023-03-29 19:26:48,CUST_04380,enterprise,phone_transcript,mobile_app,bug,low,open,standard,The page keeps crashing whenever I try to open the mobile app section.,Thanks for reporting this bug. We will look into this and get back to you within the next 48 hours.,,,0,very_positive,0,0,ios,EU
TCKT_086054,2023-03-26 22:24:24,CUST_00237,education,in_app,api_integration,security_concern,low,on_hold,gold,We need details about your data encryption and compliance.,We take security very seriously. We will look into this and get back to you within the next 48 hours.,,,0,negative,3,1,desktop_app,EU
TCKT_086057,2023-03-09 23:11:32,CUST_03652,non_profit,phone_transcript,notifications,performance,low,resolved,standard,The notifications page is very slow and takes a long time to load.,We understand performance issues can be frustrating. We will look into this and get back to you within the next 48 hours.,Optimized queries and increased resource allocation.,69.04,0,negative,3,0,web,MEA
TCKT_086100,2023-03-02 11:03:26,CUST_08984,enterprise,phone_transcript,billing,account_access,low,in_progress,standard,My account was locked after multiple failed login attempts.,Sorry to hear you're having trouble accessing your account. We will look into this and get back to you within the next 48 hours.,,,0,negative,3,0,api_client,
TCKT_086131,2023-03-21 02:03:25,CUST_02663,individual,email,api_integration,account_access,medium,closed_no_action,gold,I cannot log in; the system says my password is incorrect.,Sorry to hear you're having trouble accessing your account. Our team is reviewing this and will follow up within 24 hours.,Ticket closed without further action after no response from the customer.,203.44,0,negative,2,1,ios,EU
TCKT_086186,2023-03-22 12:32:48,CUST_02748,small_business,phone_transcript,billing,bug,medium,on_hold,standard,The billing feature is not saving my changes.,Thanks for reporting this bug. Our team is reviewing this and will follow up within 24 hours.,,,0,very_positive,0,0,ios,LATAM
TCKT_086206,2023-03-30 08:12:47,CUST_03410,small_business,web_form,data_export,account_access,low,resolved,standard,I cannot log in; the system says my password is incorrect.,Sorry to hear you're having trouble accessing your account. We will look into this and get back to you within the next 48 hours.,Reset account credentials and confirmed successful login.,28.52,0,negative,2,1,ios,MEA
TCKT_086216,2023-03-13 20:10:58,CUST_05656,enterprise,in_app,billing,account_access,high,resolved,gold,My account was locked after multiple failed login attempts.,Sorry to hear you're having trouble accessing your account. We are prioritizing this and will update you as soon as possible.,Reset account credentials and confirmed successful login.,22.23,0,neutral,4,0,android,LATAM
TCKT_086244,2023-03-15 10:36:02,CUST_09104,education,email,login_auth,security_concern,high,resolved,platinum,We need details about your data encryption and compliance.,We take security very seriously. We are prioritizing this and will update you as soon as possible.,"Investigated logs, mitigated the issue, and updated security settings.",7.99,0,negative,3,0,api_client,EU
TCKT_086296,2023-03-26 20:36:42,CUST_03547,enterprise,email,billing,how_to,high,resolved,standard,Can you explain how to configure billing properly?,Happy to help with your question. We are prioritizing this and will update you as soon as possible.,Provided step-by-step instructions and relevant documentation.,22.53,0,neutral,3,0,ios,
TCKT_086300,2023-03-14 16:48:00,CUST_01251,individual,web_form,notifications,performance,medium,resolved,gold,Overall performance has degraded in the last few days.,We understand performance issues can be frustrating. Our team is reviewing this and will follow up within 24 hours.,Optimized queries and increased resource allocation.,18.35,0,very_negative,1,0,web,
TCKT_086313,2023-03-04 14:55:07,CUST_09438,individual,phone_transcript,analytics_dashboard,account_access,medium,on_hold,standard,My 2FA code is not working when I try to sign in.,Sorry to hear you're having trouble accessing your account. Our team is reviewing this and will follow up within 24 hours.,,,0,very_negative,2,0,android,
TCKT_086317,2023-03-25 18:00:05,CUST_06369,small_business,email,mobile_app,other,medium,in_progress,standard,I need help but I'm not sure which category this fits in.,Thanks for contacting support. Our team is reviewing this and will follow up within 24 hours.,,,0,neutral,3,1,desktop_app,MEA
TCKT_086352,2023-03-04 18:29:37,CUST_01937,individual,phone_transcript,analytics_dashboard,performance,medium,open,standard,Overall performance has degraded in the last few days.,We understand performance issues can be frustrating. Our team is reviewing this and will follow up within 24 hours.,,,0,neutral,4,0,api_client,LATAM
TCKT_086379,2023-03-15 02:12:59,CUST_07511,small_business,phone_transcript,billing,security_concern,high,in_progress,gold,There seems to be a vulnerability in the billing functionality.,We take security very seriously. We are prioritizing this and will update you as soon as possible.,,,0,neutral,3,1,api_client,
TCKT_086426,2023-03-28 21:41:38,CUST_02898,enterprise,chat,api_integration,feature_request,low,closed_no_action,gold,Can you add an option to customize api integration?,Thanks for your feature suggestion. We will look into this and get back to you within the next 48 hours.,Ticket closed without further action after no response from the customer.,117.97,1,very_positive,5,0,web,APAC
TCKT_086452,2023-03-28 01:32:07,CUST_00249,small_business,web_form,api_integration,other,medium,resolved,standard,"Something seems off, can you please check my workspace?",Thanks for contacting support. Our team is reviewing this and will follow up within 24 hours.,Provided general guidance and confirmed the issue was resolved.,18.17,0,neutral,4,0,web,
TCKT_086468,2023-03-08 01:04:49,CUST_01264,individual,in_app,notifications,security_concern,low,in_progress,standard,There seems to be a vulnerability in the notifications functionality.,We take security very seriously. We will look into this and get back to you within the next 48 hours.,,,0,neutral,0,0,android,MEA
TCKT_086533,2023-03-16 08:30:00,CUST_01128,enterprise,chat,api_integration,how_to,medium,resolved,gold,Can you explain how to configure api integration properly?,Happy to help with your question. Our team is reviewing this and will follow up within 24 hours.,Provided step-by-step instructions and relevant documentation.,5.12,0,positive,5,0,web,MEA
TCKT_086544,2023-03-24 05:36:40,CUST_03297,enterprise,chat,analytics_dashboard,billing_problem,low,resolved,gold,My invoice amount is incorrect compared to the plan I selected.,Thanks for reaching out about the billing issue. We will look into this and get back to you within the next 48 hours.,Adjusted the invoice and issued a refund where applicable.,63.22,0,neutral,4,0,desktop_app,MEA
TCKT_086658,2023-03-20 16:27:32,CUST_09722,small_business,email,billing,how_to,urgent,in_progress,gold,I need help setting up billing for my team.,Happy to help with your question. This has been escalated to our on-call team for immediate attention.,,,0,negative,2,0,ios,MEA
TCKT_086664,2023-03-14 20:08:54,CUST_02174,education,web_form,data_export,security_concern,low,resolved,standard,There seems to be a vulnerability in the data export functionality.,We take security very seriously. We will look into this and get back to you within the next 48 hours.,"Investigated logs, mitigated the issue, and updated security settings.",55.59,0,positive,0,0,ios,LATAM
TCKT_086716,2023-03-28 11:08:42,CUST_08425,small_business,web_form,billing,feature_request,low,resolved,platinum,It would be great to have billing support in your product.,Thanks for your feature suggestion. We will look into this and get back to you within the next 48 hours.,Captured the request and added it to the product backlog.,11.68,0,very_positive,5,1,ios,LATAM
TCKT_086863,2023-03-12 07:57:28,CUST_04628,education,chat,notifications,performance,low,open,platinum,The notifications page is very slow and takes a long time to load.,We understand performance issues can be frustrating. We will look into this and get back to you within the next 48 hours.,,,0,very_negative,0,1,api_client,
TCKT_086872,2023-03-08 09:02:49,CUST_05253,small_business,email,mobile_app,billing_problem,low,open,gold,I was charged twice for my subscription this month.,Thanks for reaching out about the billing issue. We will look into this and get back to you within the next 48 hours.,,,0,negative,0,0,api_client,
TCKT_086887,2023-03-17 22:52:46,CUST_07790,small_business,web_form,notifications,account_access,high,closed_no_action,standard,My 2FA code is not working when I try to sign in.,Sorry to hear you're having trouble accessing your account. We are prioritizing this and will update you as soon as possible.,Ticket closed without further action after no response from the customer.,100.06,0,neutral,3,0,api_client,LATAM
TCKT_086900,2023-03-24 12:56:49,CUST_07234,non_profit,phone_transcript,analytics_dashboard,feature_request,high,in_progress,standard,Can you add an option to customize analytics dashboard?,Thanks for your feature suggestion. We are prioritizing this and will update you as soon as possible.,,,0,neutral,4,0,ios,APAC
TCKT_086934,2023-03-09 14:01:56,CUST_02964,enterprise,email,billing,billing_problem,medium,in_progress,gold,My invoice amount is incorrect compared to the plan I selected.,Thanks for reaching out about the billing issue. Our team is reviewing this and will follow up within 24 hours.,,,0,neutral,0,0,desktop_app,EU
TCKT_086972,2023-03-17 13:11:27,CUST_07878,education,in_app,notifications,performance,medium,resolved,standard,Queries in the notifications module are timing out.,We understand performance issues can be frustrating. Our team is reviewing this and will follow up within 24 hours.,Optimized queries and increased resource allocation.,39.49,0,very_positive,5,1,api_client,MEA
TCKT_087079,2023-03-19 02:32:21,CUST_03936,non_profit,chat,analytics_dashboard,other,medium,open,gold,I have a general question about my account.,Thanks for contacting support. Our team is reviewing this and will follow up within 24 hours.,,,0,neutral,4,0,api_client,MEA
TCKT_087086,2023-03-20 12:27:14,CUST_01092,education,phone_transcript,data_export,bug,medium,resolved,standard,I am seeing an error message when I click on data export.,Thanks for reporting this bug. Our team is reviewing this and will follow up within 24 hours.,Patched the bug and deployed a fix to production.,7.37,0,positive,0,0,web,LATAM
TCKT_087090,2023-03-02 00:58:22,CUST_01110,small_business,in_app,data_export,bug,low,resolved,platinum,I am seeing an error message when I click on data export.,Thanks for reporting this bug. We will look into this and get back to you within the next 48 hours.,Patched the bug and deployed a fix to production.,19.95,0,negative,3,0,api_client,EU
TCKT_087094,2023-03-14 00:45:00,CUST_03263,non_profit,chat,api_integration,account_access,low,on_hold,gold,My 2FA code is not working when I try to sign in.,Sorry to hear you're having trouble accessing your account. We will look into this and get back to you within the next 48 hours.,,,0,positive,4,0,web,EU
TCKT_087177,2023-03-28 02:02:22,CUST_02980,education,phone_transcript,api_integration,billing_problem,low,resolved,gold,My invoice amount is incorrect compared to the plan I selected.,Thanks for reaching out about the billing issue. We will look into this and get back to you within the next 48 hours.,Adjusted the invoice and issued a refund where applicable.,9.63,0,negative,0,0,desktop_app,
TCKT_087193,2023-03-11 22:50:24,CUST_03340,enterprise,chat,billing,account_access,low,resolved,standard,I cannot log in; the system says my password is incorrect.,Sorry to hear you're having trouble accessing your account. We will look into this and get back to you within the next 48 hours.,Reset account credentials and confirmed successful login.,8.02,0,positive,4,1,web,APAC
TCKT_087229,2023-03-27 17:53:27,CUST_06185,individual,chat,analytics_dashboard,account_access,low,resolved,standard,My 2FA code is not working when I try to sign in.,Sorry to hear you're having trouble accessing your account. We will look into this and get back to you within the next 48 hours.,Reset account credentials and confirmed successful login.,57.21,0,very_negative,0,0,desktop_app,APAC
TCKT_087452,2023-03-01 09:34:10,CUST_06333,small_business,web_form,analytics_dashboard,feature_request,high,resolved,standard,Can you add an option to customize analytics dashboard?,Thanks for your feature suggestion. We are prioritizing this and will update you as soon as possible.,Captured the request and added it to the product backlog.,16.21,1,neutral,3,1,web,MEA
TCKT_087474,2023-03-29 18:09:07,CUST_04263,individual,web_form,billing,feature_request,low,open,standard,Can you add an option to customize billing?,Thanks for your feature suggestion. We will look into this and get back to you within the next 48 hours.,,,0,neutral,0,0,android,LATAM
TCKT_087504,2023-03-04 06:02:06,CUST_05409,education,web_form,data_export,bug,low,resolved,standard,The data export feature is not saving my changes.,Thanks for reporting this bug. We will look into this and get back to you within the next 48 hours.,Patched the bug and deployed a fix to production.,38.11,0,neutral,3,0,android,EU
TCKT_087522,2023-03-21 10:15:37,CUST_04177,enterprise,email,billing,account_access,low,resolved,gold,My 2FA code is not working when I try to sign in.,Sorry to hear you're having trouble accessing your account. We will look into this and get back to you within the next 48 hours.,Reset account credentials and confirmed successful login.,34.57,0,very_negative,0,0,android,MEA
TCKT_087531,2023-03-24 13:33:18,CUST_07419,education,email,notifications,billing_problem,medium,resolved,standard,I downgraded my plan but I am still being billed for the higher tier.,Thanks for reaching out about the billing issue. Our team is reviewing this and will follow up within 24 hours.,Adjusted the invoice and issued a refund where applicable.,9.28,0,neutral,4,0,api_client,LATAM
TCKT_087640,2023-03-16 16:50:49,CUST_03159,education,email,data_export,bug,low,resolved,standard,The data export feature is not saving my changes.,Thanks for reporting this bug. We will look into this and get back to you within the next 48 hours.,Patched the bug and deployed a fix to production.,54.4,0,neutral,0,0,web,EU
TCKT_087671,2023-03-16 15:56:21,CUST_06081,enterprise,chat,mobile_app,how_to,low,on_hold,standard,I need help setting up mobile app for my team.,Happy to help with your question. We will look into this and get back to you within the next 48 hours.,,,0,negative,3,0,api_client,LATAM
TCKT_087777,2023-03-10 19:36:22,CUST_03911,non_profit,in_app,login_auth,billing_problem,high,on_hold,standard,My invoice amount is incorrect compared to the plan I selected.,Thanks for reaching out about the billing issue. We are prioritizing this and will update you as soon as possible.,,,0,neutral,0,0,web,LATAM
TCKT_087800,2023-03-13 08:42:32,CUST_06986,enterprise,phone_transcript,notifications,other,medium,resolved,standard,I need help but I'm not sure which category this fits in.,Thanks for contacting support. Our team is reviewing this and will follow up within 24 hours.,Provided general guidance and confirmed the issue was resolved.,15.4,0,positive,4,0,android,
TCKT_087820,2023-03-29 20:56:47,CUST_09266,education,phone_transcript,mobile_app,performance,high,open,standard,The mobile app page is very slow and takes a long time to load.,We understand performance issues can be frustrating. We are prioritizing this and will update you as soon as possible.,,,0,negative,2,0,ios,APAC
TCKT_087941,2023-03-15 13:41:41,CUST_00971,non_profit,web_form,analytics_dashboard,other,low,on_hold,standard,"Something seems off, can you please check my workspace?",Thanks for contacting support. We will look into this and get back to you within the next 48 hours.,,,0,negative,3,0,ios,LATAM
TCKT_088057,2023-03-09 04:57:17,CUST_00019,individual,web_form,analytics_dashboard,other,low,resolved,standard,I have a general question about my account.,Thanks for contacting support. We will look into this and get back to you within the next 48 hours.,Provided general guidance and confirmed the issue was resolved.,49.3,0,positive,5,1,android,LATAM
TCKT_088063,2023-03-10 07:37:05,CUST_01205,enterprise,phone_transcript,login_auth,billing_problem,low,resolved,gold,I was charged twice for my subscription this month.,Thanks for reaching out about the billing issue. We will look into this and get back to you within the next 48 hours.,Adjusted the invoice and issued a refund where applicable.,26.59,0,neutral,0,0,web,LATAM
TCKT_088064,2023-03-09 10:17:08,CUST_00762,non_profit,in_app,mobile_app,billing_problem,low,in_progress,standard,I downgraded my plan but I am still being billed for the higher tier.,Thanks for reaching out about the billing issue. We will look into this and get back to you within the next 48 hours.,,,0,neutral,0,0,desktop_app,EU
TCKT_088114,2023-03-24 21:25:16,CUST_02718,non_profit,email,notifications,account_access,urgent,on_hold,gold,I cannot log in; the system says my password is incorrect.,Sorry to hear you're having trouble accessing your account. This has been escalated to our on-call team for immediate attention.,,,0,negative,3,1,api_client,LATAM
TCKT_088128,2023-03-30 11:09:47,CUST_06087,enterprise,web_form,data_export,performance,high,open,platinum,Queries in the data export module are timing out.,We understand performance issues can be frustrating. We are prioritizing this and will update you as soon as possible.,,,0,very_negative,2,0,android,MEA
TCKT_088209,2023-03-18 04:25:41,CUST_09903,individual,email,mobile_app,feature_request,low,on_hold,platinum,Can you add an option to customize mobile app?,Thanks for your feature suggestion. We will look into this and get back to you within the next 48 hours.,,,0,negative,2,0,android,LATAM
TCKT_088273,2023-03-02 21:45:39,CUST_02494,education,phone_transcript,api_integration,billing_problem,high,closed_no_action,standard,I was charged twice for my subscription this month.,Thanks for reaching out about the billing issue. We are prioritizing this and will update you as soon as possible.,Ticket closed without further action after no response from the customer.,58.17,0,positive,4,0,android,EU
TCKT_088279,2023-03-22 11:07:06,CUST_06831,small_business,email,analytics_dashboard,feature_request,medium,resolved,standard,Our team needs more advanced options for analytics dashboard.,Thanks for your feature suggestion. Our team is reviewing this and will follow up within 24 hours.,Captured the request and added it to the product backlog.,8.42,0,very_positive,0,0,ios,LATAM
TCKT_088306,2023-03-22 23:26:52,CUST_05920,small_business,web_form,analytics_dashboard,bug,low,resolved,standard,The page keeps crashing whenever I try to open the analytics dashboard section.,Thanks for reporting this bug. We will look into this and get back to you within the next 48 hours.,Patched the bug and deployed a fix to production.,62.03,0,very_positive,5,0,ios,
TCKT_088333,2023-03-12 22:33:06,CUST_05524,education,in_app,data_export,feature_request,medium,resolved,gold,Can you add an option to customize data export?,Thanks for your feature suggestion. Our team is reviewing this and will follow up within 24 hours.,Captured the request and added it to the product backlog.,9.02,0,neutral,3,0,api_client,MEA
TCKT_088353,2023-03-24 10:42:03,CUST_05161,individual,phone_transcript,api_integration,security_concern,low,resolved,gold,I noticed a suspicious login on my account.,We take security very seriously. We will look into this and get back to you within the next 48 hours.,"Investigated logs, mitigated the issue, and updated security settings.",13.66,0,negative,3,0,web,LATAM
TCKT_088385,2023-03-03 09:30:49,CUST_05500,education,chat,billing,account_access,low,open,standard,My account was locked after multiple failed login attempts.,Sorry to hear you're having trouble accessing your account. We will look into this and get back to you within the next 48 hours.,,,0,neutral,4,0,desktop_app,MEA
TCKT_088542,2023-03-26 05:43:18,CUST_00883,small_business,in_app,mobile_app,security_concern,high,in_progress,standard,I noticed a suspicious login on my account.,We take security very seriously. We are prioritizing this and will update you as soon as possible.,,,0,neutral,3,0,ios,MEA
TCKT_088608,2023-03-24 12:20:24,CUST_07283,education,chat,login_auth,performance,medium,on_hold,standard,Overall performance has degraded in the last few days.,We understand performance issues can be frustrating. Our team is reviewing this and will follow up within 24 hours.,,,0,very_negative,2,0,ios,LATAM
TCKT_088628,2023-03-11 20:17:54,CUST_01580,individual,email,data_export,security_concern,medium,in_progress,gold,I noticed a suspicious login on my account.,We take security very seriously. Our team is reviewing this and will follow up within 24 hours.,,,0,negative,0,0,android,LATAM
TCKT_088715,2023-03-04 08:23:30,CUST_04374,education,chat,analytics_dashboard,feature_request,high,resolved,standard,Can you add an option to customize analytics dashboard?,Thanks for your feature suggestion. We are prioritizing this and will update you as soon as possible.,Captured the request and added it to the product backlog.,15.49,0,neutral,4,0,android,
TCKT_088731,2023-03-04 13:38:48,CUST_02441,enterprise,chat,analytics_dashboard,how_to,high,open,standard,I need help setting up analytics dashboard for my team.,Happy to help with your question. We are prioritizing this and will update you as soon as possible.,,,0,neutral,3,0,android,LATAM
TCKT_088733,2023-03-20 11:22:28,CUST_00994,enterprise,phone_transcript,api_integration,performance,medium,resolved,gold,Queries in the api integration module are timing out.,We understand performance issues can be frustrating. Our team is reviewing this and will follow up within 24 hours.,Optimized queries and increased resource allocation.,33.4,0,positive,4,1,web,EU
TCKT_088801,2023-03-16 14:16:58,CUST_03950,non_profit,web_form,notifications,feature_request,medium,resolved,standard,It would be great to have notifications support in your product.,Thanks for your feature suggestion. Our team is reviewing this and will follow up within 24 hours.,Captured the request and added it to the product backlog.,41.74,0,very_positive,0,0,android,LATAM
TCKT_088809,2023-03-23 12:59:15,CUST_09138,non_profit,chat,mobile_app,performance,low,resolved,platinum,The mobile app page is very slow and takes a long time to load.,We understand performance issues can be frustrating. We will look into this and get back to you within the next 48 hours.,Optimized queries and increased resource allocation.,41.7,0,negative,2,0,ios,EU
TCKT_088886,2023-03-07 01:33:59,CUST_05916,individual,phone_transcript,analytics_dashboard,billing_problem,low,in_progress,gold,My invoice amount is incorrect compared to the plan I selected.,Thanks for reaching out about the billing issue. We will look into this and get back to you within the next 48 hours.,,,0,negative,2,0,api_client,APAC
TCKT_088887,2023-03-27 19:52:57,CUST_03413,small_business,email,mobile_app,other,low,open,standard,"Something seems off, can you please check my workspace?",Thanks for contacting support. We will look into this and get back to you within the next 48 hours.,,,0,very_negative,1,0,android,EU
TCKT_088901,2023-03-05 17:53:56,CUST_00694,enterprise,email,mobile_app,billing_problem,medium,resolved,standard,I downgraded my plan but I am still being billed for the higher tier.,Thanks for reaching out about the billing issue. Our team is reviewing this and will follow up within 24 hours.,Adjusted the invoice and issued a refund where applicable.,27.34,0,negative,0,0,api_client,EU
TCKT_088908,2023-03-26 22:28:17,CUST_06275,non_profit,chat,mobile_app,other,medium,resolved,standard,I need help but I'm not sure which category this fits in.,Thanks for contacting support. Our team is reviewing this and will follow up within 24 hours.,Provided general guidance and confirmed the issue was resolved.,11.76,0,neutral,0,0,android,MEA
TCKT_088955,2023-03-10 20:03:09,CUST_00377,small_business,chat,mobile_app,performance,medium,resolved,standard,The mobile app page is very slow and takes a long time to load.,We understand performance issues can be frustrating. Our team is reviewing this and will follow up within 24 hours.,Optimized queries and increased resource allocation.,34.29,0,very_negative,2,1,android,MEA
TCKT_088983,2023-03-28 12:17:02,CUST_03326,education,in_app,api_integration,bug,urgent,resolved,platinum,The api integration feature is not saving my changes.,Thanks for reporting this bug. This has been escalated to our on-call team for immediate attention.,Patched the bug and deployed a fix to production.,2.83,0,very_negative,1,1,api_client,EU
TCKT_089008,2023-03-28 05:54:48,CUST_07355,individual,chat,mobile_app,bug,medium,in_progress,standard,The mobile app feature is not saving my changes.,Thanks for reporting this bug. Our team is reviewing this and will follow up within 24 hours.,,,0,neutral,4,1,android,LATAM
TCKT_089023,2023-03-08 02:45:25,CUST_03674,non_profit,chat,analytics_dashboard,other,low,resolved,platinum,I need help but I'm not sure which category this fits in.,Thanks for contacting support. We will look into this and get back to you within the next 48 hours.,Provided general guidance and confirmed the issue was resolved.,69.94,1,very_negative,0,0,ios,APAC
TCKT_089028,2023-03-26 21:33:44,CUST_00692,small_business,in_app,mobile_app,account_access,medium,on_hold,standard,My account was locked after multiple failed login attempts.,Sorry to hear you're having trouble accessing your account. Our team is reviewing this and will follow up within 24 hours.,,,0,very_positive,5,0,android,LATAM
TCKT_089040,2023-03-28 05:56:24,CUST_06306,education,chat,login_auth,billing_problem,medium,resolved,standard,My invoice amount is incorrect compared to the plan I selected.,Thanks for reaching out about the billing issue. Our team is reviewing this and will follow up within 24 hours.,Adjusted the invoice and issued a refund where applicable.,31.39,0,very_negative,0,0,api_client,APAC
TCKT_089084,2023-03-25 08:35:19,CUST_01348,enterprise,email,mobile_app,performance,high,in_progress,gold,Overall performance has degraded in the last few days.,We understand performance issues can be frustrating. We are prioritizing this and will update you as soon as possible.,,,0,neutral,4,0,web,MEA
TCKT_089094,2023-03-20 08:46:07,CUST_03552,non_profit,in_app,billing,how_to,low,resolved,standard,I need help setting up billing for my team.,Happy to help with your question. We will look into this and get back to you within the next 48 hours.,Provided step-by-step instructions and relevant documentation.,35.28,0,neutral,3,0,ios,LATAM
TCKT_089112,2023-03-13 17:51:23,CUST_04784,individual,email,mobile_app,other,medium,in_progress,standard,"Something seems off, can you please check my workspace?",Thanks for contacting support. Our team is reviewing this and will follow up within 24 hours.,,,0,neutral,3,1,android,APAC
TCKT_089166,2023-03-26 01:25:49,CUST_03706,individual,chat,notifications,security_concern,low,resolved,gold,I noticed a suspicious login on my account.,We take security very seriously. We will look into this and get back to you within the next 48 hours.,"Investigated logs, mitigated the issue, and updated security settings.",65.77,0,negative,0,0,ios,APAC
TCKT_089173,2023-03-16 00:22:56,CUST_04328,non_profit,phone_transcript,login_auth,billing_problem,high,on_hold,gold,I was charged twice for my subscription this month.,Thanks for reaching out about the billing issue. We are prioritizing this and will update you as soon as possible.,,,0,positive,4,0,web,
TCKT_089220,2023-03-11 22:01:04,CUST_00858,individual,chat,billing,other,low,on_hold,gold,"Something seems off, can you please check my workspace?",Thanks for contacting support. We will look into this and get back to you within the next 48 hours.,,,0,negative,3,0,web,LATAM
TCKT_089238,2023-03-28 04:20:01,CUST_04574,individual,in_app,billing,performance,low,resolved,standard,Queries in the billing module are timing out.,We understand performance issues can be frustrating. We will look into this and get back to you within the next 48 hours.,Optimized queries and increased resource allocation.,54.28,0,very_negative,2,0,web,EU
TCKT_089321,2023-03-06 23:36:17,CUST_02270,small_business,in_app,login_auth,bug,low,closed_no_action,standard,The page keeps crashing whenever I try to open the login auth section.,Thanks for reporting this bug. We will look into this and get back to you within the next 48 hours.,Ticket closed without further action after no response from the customer.,61.51,0,negative,2,0,android,MEA
TCKT_089459,2023-03-11 00:06:40,CUST_01869,individual,in_app,data_export,other,low,resolved,standard,"Something seems off, can you please check my workspace?",Thanks for contacting support. We will look into this and get back to you within the next 48 hours.,Provided general guidance and confirmed the issue was resolved.,44.93,1,positive,0,0,android,LATAM
TCKT_089477,2023-03-28 06:17:46,CUST_00035,individual,web_form,login_auth,feature_request,low,open,standard,Our team needs more advanced options for login auth.,Thanks for your feature suggestion. We will look into this and get back to you within the next 48 hours.,,,0,negative,2,0,desktop_app,LATAM
TCKT_089504,2023-03-03 03:28:26,CUST_02564,small_business,web_form,data_export,performance,medium,on_hold,gold,Queries in the data export module are timing out.,We understand performance issues can be frustrating. Our team is reviewing this and will follow up within 24 hours.,,,0,neutral,4,0,web,MEA
TCKT_089519,2023-03-28 16:11:38,CUST_02947,enterprise,in_app,api_integration,billing_problem,low,in_progress,gold,I downgraded my plan but I am still being billed for the higher tier.,Thanks for reaching out about the billing issue. We will look into this and get back to you within the next 48 hours.,,,1,very_negative,2,0,web,MEA
TCKT_089522,2023-03-26 01:43:44,CUST_01213,enterprise,chat,billing,other,high,resolved,standard,I have a general question about my account.,Thanks for contacting support. We are prioritizing this and will update you as soon as possible.,Provided general guidance and confirmed the issue was resolved.,4.84,0,neutral,3,1,api_client,MEA
TCKT_089559,2023-03-25 22:31:49,CUST_05342,small_business,web_form,data_export,bug,medium,resolved,platinum,I am seeing an error message when I click on data export.,Thanks for reporting this bug. Our team is reviewing this and will follow up within 24 hours.,Patched the bug and deployed a fix to production.,39.88,0,neutral,4,0,web,
TCKT_089641,2023-03-20 17:02:20,CUST_02026,small_business,phone_transcript,data_export,how_to,medium,on_hold,standard,How can I export my data from the data export section?,Happy to help with your question. Our team is reviewing this and will follow up within 24 hours.,,,0,positive,4,0,desktop_app,LATAM
TCKT_089738,2023-03-31 16:45:21,CUST_07402,small_business,in_app,login_auth,security_concern,urgent,resolved,standard,I noticed a suspicious login on my account.,We take security very seriously. This has been escalated to our on-call team for immediate attention.,"Investigated logs, mitigated the issue, and updated security settings.",3.78,0,very_negative,2,0,ios,LATAM
TCKT_089764,2023-03-29 04:41:55,CUST_08988,non_profit,phone_transcript,api_integration,billing_problem,medium,in_progress,gold,I was charged twice for my subscription this month.,Thanks for reaching out about the billing issue. Our team is reviewing this and will follow up within 24 hours.,,,0,very_positive,0,0,android,MEA
TCKT_089832,2023-03-21 03:04:17,CUST_06558,individual,chat,analytics_dashboard,bug,medium,in_progress,gold,I am seeing an error message when I click on analytics dashboard.,Thanks for reporting this bug. Our team is reviewing this and will follow up within 24 hours.,,,0,very_positive,0,0,api_client,LATAM
TCKT_089850,2023-03-04 11:53:29,CUST_09874,non_profit,web_form,notifications,performance,medium,resolved,gold,Overall performance has degraded in the last few days.,We understand performance issues can be frustrating. Our team is reviewing this and will follow up within 24 hours.,Optimized queries and increased resource allocation.,19.06,0,negative,2,0,web,LATAM
TCKT_089894,2023-03-29 10:36:05,CUST_08754,small_business,chat,mobile_app,billing_problem,high,open,standard,I downgraded my plan but I am still being billed for the higher tier.,Thanks for reaching out about the billing issue. We are prioritizing this and will update you as soon as possible.,,,0,negative,3,0,api_client,EU
TCKT_089951,2023-03-20 14:16:12,CUST_04503,individual,web_form,api_integration,bug,medium,resolved,standard,The page keeps crashing whenever I try to open the api integration section.,Thanks for reporting this bug. Our team is reviewing this and will follow up within 24 hours.,Patched the bug and deployed a fix to production.,15.78,0,very_positive,5,0,android,LATAM
TCKT_089999,2023-03-08 11:52:22,CUST_03048,small_business,email,analytics_dashboard,bug,medium,resolved,standard,The page keeps crashing whenever I try to open the analytics dashboard section.,Thanks for reporting this bug. Our team is reviewing this and will follow up within 24 hours.,Patched the bug and deployed a fix to production.,10.27,0,very_positive,5,0,api_client,EU
TCKT_090002,2023-03-18 19:51:50,CUST_06548,individual,web_form,mobile_app,bug,medium,closed_no_action,standard,The mobile app feature is not saving my changes.,Thanks for reporting this bug. Our team is reviewing this and will follow up within 24 hours.,Ticket closed without further action after no response from the customer.,116.91,0,positive,4,1,android,EU
TCKT_090021,2023-03-15 12:25:03,CUST_00307,small_business,email,data_export,feature_request,low,in_progress,standard,It would be great to have data export support in your product.,Thanks for your feature suggestion. We will look into this and get back to you within the next 48 hours.,,,0,neutral,4,1,web,LATAM
TCKT_090024,2023-03-01 13:08:29,CUST_08246,individual,email,mobile_app,billing_problem,low,in_progress,standard,My invoice amount is incorrect compared to the plan I selected.,Thanks for reaching out about the billing issue. We will look into this and get back to you within the next 48 hours.,,,0,very_negative,1,0,desktop_app,
TCKT_090079,2023-03-20 16:32:49,CUST_04906,individual,in_app,data_export,performance,high,resolved,standard,The data export page is very slow and takes a long time to load.,We understand performance issues can be frustrating. We are prioritizing this and will update you as soon as possible.,Optimized queries and increased resource allocation.,2.16,0,positive,4,1,android,
TCKT_090105,2023-03-05 02:42:31,CUST_06376,enterprise,in_app,api_integration,account_access,low,resolved,standard,I cannot log in; the system says my password is incorrect.,Sorry to hear you're having trouble accessing your account. We will look into this and get back to you within the next 48 hours.,Reset account credentials and confirmed successful login.,25.9,0,very_negative,0,0,android,LATAM
TCKT_090162,2023-03-16 07:28:33,CUST_09777,non_profit,email,analytics_dashboard,bug,high,open,standard,The page keeps crashing whenever I try to open the analytics dashboard section.,Thanks for reporting this bug. We are prioritizing this and will update you as soon as possible.,,,0,positive,0,0,android,
TCKT_090263,2023-03-01 13:10:21,CUST_08437,individual,chat,analytics_dashboard,how_to,high,resolved,gold,I need help setting up analytics dashboard for my team.,Happy to help with your question. We are prioritizing this and will update you as soon as possible.,Provided step-by-step instructions and relevant documentation.,5.66,0,neutral,4,0,desktop_app,
TCKT_090320,2023-03-16 07:04:19,CUST_07269,non_profit,web_form,login_auth,account_access,low,on_hold,standard,I cannot log in; the system says my password is incorrect.,Sorry to hear you're having trouble accessing your account. We will look into this and get back to you within the next 48 hours.,,,0,negative,0,1,android,MEA
TCKT_090326,2023-03-25 11:44:36,CUST_04694,individual,phone_transcript,api_integration,billing_problem,low,in_progress,standard,My invoice amount is incorrect compared to the plan I selected.,Thanks for reaching out about the billing issue. We will look into this and get back to you within the next 48 hours.,,,0,negative,2,0,android,APAC
TCKT_090389,2023-03-29 04:34:31,CUST_00780,small_business,phone_transcript,api_integration,other,low,on_hold,gold,I need help but I'm not sure which category this fits in.,Thanks for contacting support. We will look into this and get back to you within the next 48 hours.,,,0,negative,2,0,ios,
TCKT_090469,2023-03-03 15:55:44,CUST_07296,individual,email,analytics_dashboard,how_to,low,on_hold,standard,How can I export my data from the analytics dashboard section?,Happy to help with your question. We will look into this and get back to you within the next 48 hours.,,,0,neutral,3,0,web,LATAM
TCKT_090528,2023-03-07 12:09:32,CUST_00258,individual,phone_transcript,billing,how_to,medium,on_hold,standard,I need help setting up billing for my team.,Happy to help with your question. Our team is reviewing this and will follow up within 24 hours.,,,0,neutral,0,1,android,LATAM
TCKT_090674,2023-03-24 15:05:14,CUST_00981,enterprise,in_app,notifications,feature_request,medium,in_progress,gold,Our team needs more advanced options for notifications.,Thanks for your feature suggestion. Our team is reviewing this and will follow up within 24 hours.,,,0,neutral,4,0,ios,EU
TCKT_090824,2023-03-21 08:06:28,CUST_01523,enterprise,phone_transcript,data_export,performance,high,resolved,standard,Queries in the data export module are timing out.,We understand performance issues can be frustrating. We are prioritizing this and will update you as soon as possible.,Optimized queries and increased resource allocation.,3.03,0,positive,4,0,web,APAC
TCKT_090825,2023-03-13 04:54:35,CUST_06728,enterprise,phone_transcript,analytics_dashboard,bug,low,resolved,gold,I am seeing an error message when I click on analytics dashboard.,Thanks for reporting this bug. We will look into this and get back to you within the next 48 hours.,Patched the bug and deployed a fix to production.,13.65,0,negative,2,0,web,LATAM
TCKT_090862,2023-03-25 03:03:26,CUST_02952,enterprise,email,api_integration,security_concern,medium,resolved,standard,There seems to be a vulnerability in the api integration functionality.,We take security very seriously. Our team is reviewing this and will follow up within 24 hours.,"Investigated logs, mitigated the issue, and updated security settings.",19.82,0,positive,4,0,api_client,
TCKT_090888,2023-03-27 00:20:49,CUST_07201,non_profit,web_form,analytics_dashboard,account_access,low,in_progress,standard,I cannot log in; the system says my password is incorrect.,Sorry to hear you're having trouble accessing your account. We will look into this and get back to you within the next 48 hours.,,,0,very_negative,1,0,api_client,
TCKT_091082,2023-03-29 15:57:30,CUST_00868,non_profit,email,billing,feature_request,high,resolved,platinum,Our team needs more advanced options for billing.,Thanks for your feature suggestion. We are prioritizing this and will update you as soon as possible.,Captured the request and added it to the product backlog.,23.14,0,neutral,3,0,android,LATAM
TCKT_091122,2023-03-06 06:02:01,CUST_06836,small_business,chat,data_export,bug,medium,closed_no_action,platinum,The data export feature is not saving my changes.,Thanks for reporting this bug. Our team is reviewing this and will follow up within 24 hours.,Ticket closed without further action after no response from the customer.,189.71,0,negative,3,0,android,
TCKT_091158,2023-03-10 14:39:21,CUST_04237,individual,in_app,data_export,bug,low,resolved,standard,The page keeps crashing whenever I try to open the data export section.,Thanks for reporting this bug. We will look into this and get back to you within the next 48 hours.,Patched the bug and deployed a fix to production.,49.59,0,negative,0,1,ios,MEA
TCKT_091181,2023-03-06 19:46:26,CUST_05753,non_profit,phone_transcript,mobile_app,bug,high,on_hold,standard,The page keeps crashing whenever I try to open the mobile app section.,Thanks for reporting this bug. We are prioritizing this and will update you as soon as possible.,,,0,negative,0,0,api_client,EU
TCKT_091203,2023-03-22 06:58:23,CUST_08757,education,phone_transcript,data_export,performance,medium,resolved,standard,Queries in the data export module are timing out.,We understand performance issues can be frustrating. Our team is reviewing this and will follow up within 24 hours.,Optimized queries and increased resource allocation.,31.0,0,neutral,3,0,ios,
TCKT_091341,2023-03-09 19:27:51,CUST_01383,individual,phone_transcript,billing,billing_problem,medium,resolved,standard,I was charged twice for my subscription this month.,Thanks for reaching out about the billing issue. Our team is reviewing this and will follow up within 24 hours.,Adjusted the invoice and issued a refund where applicable.,28.9,0,very_negative,0,0,desktop_app,LATAM
TCKT_091369,2023-03-29 10:46:28,CUST_03297,non_profit,chat,api_integration,performance,high,in_progress,platinum,Overall performance has degraded in the last few days.,We understand performance issues can be frustrating. We are prioritizing this and will update you as soon as possible.,,,0,negative,3,0,web,MEA
TCKT_091373,2023-03-17 17:34:35,CUST_04207,education,phone_transcript,data_export,how_to,high,closed_no_action,standard,Can you explain how to configure data export properly?,Happy to help with your question. We are prioritizing this and will update you as soon as possible.,Ticket closed without further action after no response from the customer.,88.73,0,neutral,3,0,desktop_app,MEA
TCKT_091375,2023-03-13 08:08:05,CUST_00053,education,phone_transcript,data_export,other,medium,open,standard,"Something seems off, can you please check my workspace?",Thanks for contacting support. Our team is reviewing this and will follow up within 24 hours.,,,0,negative,0,0,web,
TCKT_091379,2023-03-04 08:25:45,CUST_05133,individual,web_form,mobile_app,billing_problem,medium,open,gold,I was charged twice for my subscription this month.,Thanks for reaching out about the billing issue. Our team is reviewing this and will follow up within 24 hours.,,,0,neutral,4,0,web,APAC
TCKT_091380,2023-03-09 15:42:10,CUST_07995,non_profit,in_app,mobile_app,other,low,closed_no_action,standard,I need help but I'm not sure which category this fits in.,Thanks for contacting support. We will look into this and get back to you within the next 48 hours.,Ticket closed without further action after no response from the customer.,34.07,0,neutral,3,0,api_client,
TCKT_091408,2023-03-09 14:30:40,CUST_00360,non_profit,in_app,billing,security_concern,urgent,on_hold,gold,I noticed a suspicious login on my account.,We take security very seriously. This has been escalated to our on-call team for immediate attention.,,,0,neutral,3,1,desktop_app,
TCKT_091430,2023-03-07 12:13:49,CUST_05983,enterprise,phone_transcript,api_integration,bug,low,closed_no_action,standard,The page keeps crashing whenever I try to open the api integration section.,Thanks for reporting this bug. We will look into this and get back to you within the next 48 hours.,Ticket closed without further action after no response from the customer.,103.48,0,neutral,0,1,api_client,APAC
TCKT_091434,2023-03-28 22:03:34,CUST_09568,education,phone_transcript,login_auth,account_access,low,resolved,standard,My 2FA code is not working when I try to sign in.,Sorry to hear you're having trouble accessing your account. We will look into this and get back to you within the next 48 hours.,Reset account credentials and confirmed successful login.,37.84,1,neutral,3,0,android,
TCKT_091518,2023-03-19 19:15:13,CUST_09393,enterprise,chat,data_export,performance,medium,in_progress,platinum,The data export page is very slow and takes a long time to load.,We understand performance issues can be frustrating. Our team is reviewing this and will follow up within 24 hours.,,,0,very_negative,0,0,api_client,LATAM
TCKT_091524,2023-03-26 00:23:41,CUST_07217,non_profit,in_app,billing,how_to,low,in_progress,standard,How can I export my data from the billing section?,Happy to help with your question. We will look into this and get back to you within the next 48 hours.,,,0,neutral,0,0,desktop_app,LATAM
TCKT_091547,2023-03-23 00:58:00,CUST_05613,education,in_app,billing,security_concern,low,resolved,standard,I noticed a suspicious login on my account.,We take security very seriously. We will look into this and get back to you within the next 48 hours.,"Investigated logs, mitigated the issue, and updated security settings.",58.09,0,very_negative,0,0,ios,LATAM
TCKT_091565,2023-03-14 07:26:14,CUST_07392,non_profit,phone_transcript,data_export,bug,medium,resolved,gold,I am seeing an error message when I click on data export.,Thanks for reporting this bug. Our team is reviewing this and will follow up within 24 hours.,Patched the bug and deployed a fix to production.,39.09,0,very_positive,0,0,android,MEA
TCKT_091573,2023-03-27 08:24:12,CUST_09824,enterprise,phone_transcript,data_export,other,high,resolved,gold,I have a general question about my account.,Thanks for contacting support. We are prioritizing this and will update you as soon as possible.,Provided general guidance and confirmed the issue was resolved.,4.37,0,neutral,4,1,api_client,EU
TCKT_091579,2023-03-31 08:14:23,CUST_09683,education,web_form,billing,billing_problem,low,resolved,platinum,I was charged twice for my subscription this month.,Thanks for reaching out about the billing issue. We will look into this and get back to you within the next 48 hours.,Adjusted the invoice and issued a refund where applicable.,69.31,0,negative,3,0,web,LATAM
TCKT_091590,2023-03-27 14:36:29,CUST_03621,small_business,phone_transcript,api_integration,account_access,low,resolved,standard,My account was locked after multiple failed login attempts.,Sorry to hear you're having trouble accessing your account. We will look into this and get back to you within the next 48 hours.,Reset account credentials and confirmed successful login.,39.36,0,neutral,0,0,web,MEA
TCKT_091640,2023-03-19 04:43:06,CUST_03092,individual,in_app,api_integration,security_concern,medium,resolved,gold,There seems to be a vulnerability in the api integration functionality.,We take security very seriously. Our team is reviewing this and will follow up within 24 hours.,"Investigated logs, mitigated the issue, and updated security settings.",8.96,1,neutral,3,0,desktop_app,APAC
TCKT_091653,2023-03-24 13:42:40,CUST_04280,enterprise,phone_transcript,api_integration,performance,low,resolved,gold,Overall performance has degraded in the last few days.,We understand performance issues can be frustrating. We will look into this and get back to you within the next 48 hours.,Optimized queries and increased resource allocation.,8.87,0,neutral,4,0,ios,
TCKT_091663,2023-03-12 09:18:27,CUST_01822,education,web_form,mobile_app,how_to,low,resolved,standard,Can you explain how to configure mobile app properly?,Happy to help with your question. We will look into this and get back to you within the next 48 hours.,Provided step-by-step instructions and relevant documentation.,51.47,0,very_positive,5,0,web,EU
TCKT_091668,2023-03-12 02:30:34,CUST_07647,non_profit,chat,data_export,performance,low,closed_no_action,standard,Queries in the data export module are timing out.,We understand performance issues can be frustrating. We will look into this and get back to you within the next 48 hours.,Ticket closed without further action after no response from the customer.,113.06,0,neutral,3,0,api_client,
TCKT_091676,2023-03-14 14:54:00,CUST_01750,small_business,chat,data_export,performance,low,resolved,gold,Overall performance has degraded in the last few days.,We understand performance issues can be frustrating. We will look into this and get back to you within the next 48 hours.,Optimized queries and increased resource allocation.,31.87,0,very_negative,1,1,web,LATAM
TCKT_091695,2023-03-14 12:22:32,CUST_01020,enterprise,email,api_integration,billing_problem,urgent,resolved,standard,I was charged twice for my subscription this month.,Thanks for reaching out about the billing issue. This has been escalated to our on-call team for immediate attention.,Adjusted the invoice and issued a refund where applicable.,6.99,0,negative,2,0,api_client,EU
TCKT_091739,2023-03-29 02:19:05,CUST_07074,enterprise,web_form,analytics_dashboard,other,low,resolved,gold,"Something seems off, can you please check my workspace?",Thanks for contacting support. We will look into this and get back to you within the next 48 hours.,Provided general guidance and confirmed the issue was resolved.,19.32,0,very_negative,0,0,android,EU
TCKT_091833,2023-03-09 15:47:30,CUST_01560,individual,chat,api_integration,billing_problem,high,in_progress,gold,My invoice amount is incorrect compared to the plan I selected.,Thanks for reaching out about the billing issue. We are prioritizing this and will update you as soon as possible.,,,0,very_negative,2,1,desktop_app,MEA
TCKT_091842,2023-03-14 00:50:56,CUST_00741,enterprise,web_form,notifications,bug,medium,on_hold,gold,The notifications feature is not saving my changes.,Thanks for reporting this bug. Our team is reviewing this and will follow up within 24 hours.,,,0,neutral,4,0,desktop_app,LATAM
TCKT_091850,2023-03-27 09:26:49,CUST_09608,small_business,phone_transcript,analytics_dashboard,billing_problem,medium,resolved,standard,My invoice amount is incorrect compared to the plan I selected.,Thanks for reaching out about the billing issue. Our team is reviewing this and will follow up within 24 hours.,Adjusted the invoice and issued a refund where applicable.,28.44,0,neutral,3,1,web,EU
TCKT_091871,2023-03-30 05:58:03,CUST_04830,enterprise,phone_transcript,mobile_app,performance,low,resolved,gold,Overall performance has degraded in the last few days.,We understand performance issues can be frustrating. We will look into this and get back to you within the next 48 hours.,Optimized queries and increased resource allocation.,25.63,0,positive,5,0,desktop_app,MEA
TCKT_091955,2023-03-20 22:24:44,CUST_05371,small_business,email,api_integration,how_to,medium,resolved,standard,Can you explain how to configure api integration properly?,Happy to help with your question. Our team is reviewing this and will follow up within 24 hours.,Provided step-by-step instructions and relevant documentation.,19.0,0,positive,0,0,ios,
TCKT_091969,2023-03-21 12:17:02,CUST_05973,enterprise,email,mobile_app,other,urgent,resolved,standard,I have a general question about my account.,Thanks for contacting support. This has been escalated to our on-call team for immediate attention.,Provided general guidance and confirmed the issue was resolved.,5.62,1,positive,4,0,desktop_app,LATAM
TCKT_092002,2023-03-12 12:36:52,CUST_03813,non_profit,web_form,api_integration,account_access,medium,closed_no_action,standard,My 2FA code is not working when I try to sign in.,Sorry to hear you're having trouble accessing your account. Our team is reviewing this and will follow up within 24 hours.,Ticket closed without further action after no response from the customer.,121.29,0,positive,5,0,api_client,
TCKT_092024,2023-03-23 10:26:34,CUST_02731,small_business,web_form,billing,other,medium,resolved,gold,"Something seems off, can you please check my workspace?",Thanks for contacting support. Our team is reviewing this and will follow up within 24 hours.,Provided general guidance and confirmed the issue was resolved.,13.78,0,neutral,4,1,api_client,MEA
TCKT_092092,2023-03-18 08:52:26,CUST_02516,education,email,billing,security_concern,medium,resolved,standard,There seems to be a vulnerability in the billing functionality.,We take security very seriously. Our team is reviewing this and will follow up within 24 hours.,"Investigated logs, mitigated the issue, and updated security settings.",42.57,0,negative,3,1,android,
TCKT_092146,2023-03-07 01:14:12,CUST_03422,small_business,web_form,billing,other,high,resolved,standard,I need help but I'm not sure which category this fits in.,Thanks for contacting support. We are prioritizing this and will update you as soon as possible.,Provided general guidance and confirmed the issue was resolved.,20.02,0,neutral,4,0,ios,MEA
TCKT_092151,2023-03-17 07:41:05,CUST_05498,non_profit,phone_transcript,data_export,how_to,urgent,open,standard,How can I export my data from the data export section?,Happy to help with your question. This has been escalated to our on-call team for immediate attention.,,,0,positive,5,1,web,EU
TCKT_092183,2023-03-19 19:25:51,CUST_02898,small_business,email,mobile_app,bug,low,in_progress,gold,The mobile app feature is not saving my changes.,Thanks for reporting this bug. We will look into this and get back to you within the next 48 hours.,,,0,neutral,0,0,web,APAC
TCKT_092236,2023-03-31 15:54:12,CUST_03466,non_profit,in_app,api_integration,how_to,high,resolved,platinum,How can I export my data from the api integration section?,Happy to help with your question. We are prioritizing this and will update you as soon as possible.,Provided step-by-step instructions and relevant documentation.,7.59,0,negative,2,0,desktop_app,
TCKT_092237,2023-03-31 06:48:01,CUST_00669,education,email,mobile_app,feature_request,medium,closed_no_action,standard,It would be great to have mobile app support in your product.,Thanks for your feature suggestion. Our team is reviewing this and will follow up within 24 hours.,Ticket closed without further action after no response from the customer.,188.39,0,neutral,4,0,desktop_app,APAC
TCKT_092347,2023-03-10 21:00:54,CUST_02169,small_business,phone_transcript,login_auth,performance,low,resolved,standard,Overall performance has degraded in the last few days.,We understand performance issues can be frustrating. We will look into this and get back to you within the next 48 hours.,Optimized queries and increased resource allocation.,8.78,0,negative,0,1,api_client,EU
TCKT_092357,2023-03-11 00:08:55,CUST_01212,enterprise,in_app,mobile_app,bug,medium,in_progress,platinum,I am seeing an error message when I click on mobile app.,Thanks for reporting this bug. Our team is reviewing this and will follow up within 24 hours.,,,0,neutral,4,1,api_client,MEA
TCKT_092358,2023-03-29 08:41:48,CUST_03528,small_business,in_app,api_integration,billing_problem,medium,on_hold,gold,I was charged twice for my subscription this month.,Thanks for reaching out about the billing issue. Our team is reviewing this and will follow up within 24 hours.,,,0,negative,2,0,android,APAC
TCKT_092384,2023-03-22 10:30:25,CUST_03921,education,email,notifications,account_access,low,open,gold,I cannot log in; the system says my password is incorrect.,Sorry to hear you're having trouble accessing your account. We will look into this and get back to you within the next 48 hours.,,,1,negative,2,0,android,MEA
TCKT_092403,2023-03-23 06:15:55,CUST_03518,small_business,in_app,api_integration,how_to,urgent,resolved,standard,Can you explain how to configure api integration properly?,Happy to help with your question. This has been escalated to our on-call team for immediate attention.,Provided step-by-step instructions and relevant documentation.,1.34,0,positive,4,0,api_client,LATAM
TCKT_092452,2023-03-09 15:58:25,CUST_04982,non_profit,in_app,notifications,other,medium,in_progress,standard,I need help but I'm not sure which category this fits in.,Thanks for contacting support. Our team is reviewing this and will follow up within 24 hours.,,,0,neutral,4,1,web,EU
TCKT_092461,2023-03-03 06:57:50,CUST_09419,small_business,email,data_export,billing_problem,low,in_progress,standard,I was charged twice for my subscription this month.,Thanks for reaching out about the billing issue. We will look into this and get back to you within the next 48 hours.,,,0,negative,2,0,web,
TCKT_092464,2023-03-01 04:14:58,CUST_08637,small_business,phone_transcript,mobile_app,billing_problem,medium,closed_no_action,gold,I was charged twice for my subscription this month.,Thanks for reaching out about the billing issue. Our team is reviewing this and will follow up within 24 hours.,Ticket closed without further action after no response from the customer.,172.66,0,neutral,4,0,api_client,LATAM
TCKT_092524,2023-03-08 03:46:37,CUST_01974,enterprise,email,billing,account_access,high,resolved,standard,My 2FA code is not working when I try to sign in.,Sorry to hear you're having trouble accessing your account. We are prioritizing this and will update you as soon as possible.,Reset account credentials and confirmed successful login.,5.2,0,neutral,4,1,web,MEA
TCKT_092592,2023-03-22 11:35:05,CUST_08099,individual,phone_transcript,login_auth,how_to,low,resolved,platinum,I need help setting up login auth for my team.,Happy to help with your question. We will look into this and get back to you within the next 48 hours.,Provided step-by-step instructions and relevant documentation.,12.47,0,neutral,4,0,desktop_app,
TCKT_092626,2023-03-24 08:14:17,CUST_01964,enterprise,chat,api_integration,how_to,low,on_hold,standard,How can I export my data from the api integration section?,Happy to help with your question. We will look into this and get back to you within the next 48 hours.,,,0,very_positive,5,1,web,EU
TCKT_092737,2023-03-12 10:49:37,CUST_02833,enterprise,web_form,mobile_app,performance,medium,resolved,gold,Overall performance has degraded in the last few days.,We understand performance issues can be frustrating. Our team is reviewing this and will follow up within 24 hours.,Optimized queries and increased resource allocation.,23.95,0,neutral,0,1,api_client,EU
TCKT_092840,2023-03-12 13:28:20,CUST_05974,enterprise,in_app,data_export,how_to,medium,resolved,standard,How can I export my data from the data export section?,Happy to help with your question. Our team is reviewing this and will follow up within 24 hours.,Provided step-by-step instructions and relevant documentation.,41.95,0,neutral,0,0,desktop_app,
TCKT_092856,2023-03-28 11:02:36,CUST_05966,non_profit,chat,billing,bug,medium,open,platinum,The page keeps crashing whenever I try to open the billing section.,Thanks for reporting this bug. Our team is reviewing this and will follow up within 24 hours.,,,0,neutral,3,0,android,LATAM
TCKT_092889,2023-03-09 09:09:53,CUST_03526,enterprise,in_app,billing,security_concern,medium,resolved,standard,We need details about your data encryption and compliance.,We take security very seriously. Our team is reviewing this and will follow up within 24 hours.,"Investigated logs, mitigated the issue, and updated security settings.",35.05,0,neutral,3,0,android,MEA
TCKT_092937,2023-03-23 05:36:58,CUST_06921,education,web_form,api_integration,how_to,low,in_progress,gold,I need help setting up api integration for my team.,Happy to help with your question. We will look into this and get back to you within the next 48 hours.,,,0,neutral,4,0,web,
TCKT_093014,2023-03-05 00:45:32,CUST_07178,enterprise,chat,mobile_app,how_to,high,resolved,standard,I need help setting up mobile app for my team.,Happy to help with your question. We are prioritizing this and will update you as soon as possible.,Provided step-by-step instructions and relevant documentation.,20.3,0,neutral,4,1,web,MEA
TCKT_093077,2023-03-17 12:51:10,CUST_01611,small_business,email,api_integration,how_to,high,resolved,standard,How can I export my data from the api integration section?,Happy to help with your question. We are prioritizing this and will update you as soon as possible.,Provided step-by-step instructions and relevant documentation.,3.95,0,positive,5,0,ios,MEA
TCKT_093093,2023-03-01 18:12:04,CUST_03794,enterprise,chat,data_export,feature_request,high,on_hold,gold,Can you add an option to customize data export?,Thanks for your feature suggestion. We are prioritizing this and will update you as soon as possible.,,,0,neutral,3,1,api_client,LATAM
TCKT_093118,2023-03-15 00:46:45,CUST_04637,enterprise,email,notifications,how_to,medium,in_progress,standard,How can I export my data from the notifications section?,Happy to help with your question. Our team is reviewing this and will follow up within 24 hours.,,,0,positive,4,0,ios,
TCKT_093123,2023-03-03 05:44:10,CUST_00671,individual,email,billing,security_concern,high,resolved,standard,I noticed a suspicious login on my account.,We take security very seriously. We are prioritizing this and will update you as soon as possible.,"Investigated logs, mitigated the issue, and updated security settings.",9.52,0,very_negative,0,0,android,APAC
TCKT_093154,2023-03-05 01:57:31,CUST_00733,enterprise,web_form,notifications,feature_request,medium,resolved,standard,Can you add an option to customize notifications?,Thanks for your feature suggestion. Our team is reviewing this and will follow up within 24 hours.,Captured the request and added it to the product backlog.,39.92,0,positive,4,0,api_client,EU
TCKT_093188,2023-03-22 10:09:07,CUST_02330,small_business,email,analytics_dashboard,performance,low,resolved,standard,The analytics dashboard page is very slow and takes a long time to load.,We understand performance issues can be frustrating. We will look into this and get back to you within the next 48 hours.,Optimized queries and increased resource allocation.,21.47,0,positive,0,0,ios,APAC
TCKT_093202,2023-03-29 10:25:53,CUST_03651,small_business,email,analytics_dashboard,performance,low,resolved,standard,Overall performance has degraded in the last few days.,We understand performance issues can be frustrating. We will look into this and get back to you within the next 48 hours.,Optimized queries and increased resource allocation.,56.37,0,very_negative,2,0,api_client,EU
TCKT_093204,2023-03-18 08:32:14,CUST_05183,individual,phone_transcript,billing,other,medium,resolved,standard,"Something seems off, can you please check my workspace?",Thanks for contacting support. Our team is reviewing this and will follow up within 24 hours.,Provided general guidance and confirmed the issue was resolved.,20.56,0,very_positive,0,0,api_client,
TCKT_093223,2023-03-02 21:01:14,CUST_00444,small_business,chat,login_auth,how_to,medium,closed_no_action,standard,I need help setting up login auth for my team.,Happy to help with your question. Our team is reviewing this and will follow up within 24 hours.,Ticket closed without further action after no response from the customer.,184.48,0,negative,3,1,ios,APAC
TCKT_093262,2023-03-12 03:49:48,CUST_07484,non_profit,phone_transcript,analytics_dashboard,performance,low,open,gold,The analytics dashboard page is very slow and takes a long time to load.,We understand performance issues can be frustrating. We will look into this and get back to you within the next 48 hours.,,,0,negative,3,0,web,MEA
TCKT_093265,2023-03-09 19:29:34,CUST_05358,non_profit,phone_transcript,billing,account_access,low,closed_no_action,gold,I cannot log in; the system says my password is incorrect.,Sorry to hear you're having trouble accessing your account. We will look into this and get back to you within the next 48 hours.,Ticket closed without further action after no response from the customer.,187.15,0,very_positive,5,0,android,APAC
TCKT_093374,2023-03-01 11:54:22,CUST_01295,non_profit,chat,data_export,performance,medium,in_progress,standard,Queries in the data export module are timing out.,We understand performance issues can be frustrating. Our team is reviewing this and will follow up within 24 hours.,,,0,very_positive,5,1,android,APAC
TCKT_093414,2023-03-03 17:14:12,CUST_07389,individual,in_app,mobile_app,billing_problem,low,resolved,standard,I was charged twice for my subscription this month.,Thanks for reaching out about the billing issue. We will look into this and get back to you within the next 48 hours.,Adjusted the invoice and issued a refund where applicable.,47.96,0,neutral,4,1,ios,MEA
TCKT_093419,2023-03-19 21:40:21,CUST_08880,individual,email,login_auth,billing_problem,low,resolved,standard,My invoice amount is incorrect compared to the plan I selected.,Thanks for reaching out about the billing issue. We will look into this and get back to you within the next 48 hours.,Adjusted the invoice and issued a refund where applicable.,35.4,0,positive,0,0,desktop_app,LATAM
TCKT_093470,2023-03-27 06:10:30,CUST_04643,education,email,api_integration,billing_problem,low,in_progress,gold,I was charged twice for my subscription this month.,Thanks for reaching out about the billing issue. We will look into this and get back to you within the next 48 hours.,,,0,positive,0,0,android,MEA
TCKT_093492,2023-03-29 07:17:57,CUST_06587,education,email,analytics_dashboard,billing_problem,low,open,standard,I downgraded my plan but I am still being billed for the higher tier.,Thanks for reaching out about the billing issue. We will look into this and get back to you within the next 48 hours.,,,0,neutral,3,0,android,MEA
TCKT_093497,2023-03-21 12:21:05,CUST_06079,small_business,phone_transcript,mobile_app,account_access,medium,on_hold,gold,My account was locked after multiple failed login attempts.,Sorry to hear you're having trouble accessing your account. Our team is reviewing this and will follow up within 24 hours.,,,0,very_negative,0,0,android,EU
TCKT_093674,2023-03-14 14:27:37,CUST_00977,non_profit,phone_transcript,notifications,account_access,medium,on_hold,gold,My 2FA code is not working when I try to sign in.,Sorry to hear you're having trouble accessing your account. Our team is reviewing this and will follow up within 24 hours.,,,0,positive,0,1,desktop_app,
TCKT_093718,2023-03-08 01:30:42,CUST_06653,education,phone_transcript,mobile_app,billing_problem,medium,resolved,gold,I was charged twice for my subscription this month.,Thanks for reaching out about the billing issue. Our team is reviewing this and will follow up within 24 hours.,Adjusted the invoice and issued a refund where applicable.,4.82,1,positive,0,0,web,
TCKT_093881,2023-03-14 21:50:39,CUST_05021,small_business,phone_transcript,analytics_dashboard,other,high,resolved,gold,I need help but I'm not sure which category this fits in.,Thanks for contacting support. We are prioritizing this and will update you as soon as possible.,Provided general guidance and confirmed the issue was resolved.,14.8,0,very_positive,5,1,ios,APAC
TCKT_093889,2023-03-17 17:30:10,CUST_01215,education,chat,billing,account_access,high,resolved,standard,My account was locked after multiple failed login attempts.,Sorry to hear you're having trouble accessing your account. We are prioritizing this and will update you as soon as possible.,Reset account credentials and confirmed successful login.,12.54,0,negative,0,1,ios,
TCKT_093905,2023-03-26 04:27:28,CUST_09800,individual,email,mobile_app,how_to,low,closed_no_action,standard,I need help setting up mobile app for my team.,Happy to help with your question. We will look into this and get back to you within the next 48 hours.,Ticket closed without further action after no response from the customer.,166.6,0,neutral,3,1,desktop_app,
TCKT_093996,2023-03-18 13:24:16,CUST_06027,individual,web_form,notifications,other,medium,on_hold,standard,"Something seems off, can you please check my workspace?",Thanks for contacting support. Our team is reviewing this and will follow up within 24 hours.,,,0,neutral,0,1,android,
TCKT_094011,2023-03-29 07:47:18,CUST_05281,enterprise,in_app,notifications,performance,low,open,standard,Queries in the notifications module are timing out.,We understand performance issues can be frustrating. We will look into this and get back to you within the next 48 hours.,,,0,very_negative,2,1,android,APAC
TCKT_094053,2023-03-28 16:59:29,CUST_05775,non_profit,email,login_auth,security_concern,high,closed_no_action,gold,I noticed a suspicious login on my account.,We take security very seriously. We are prioritizing this and will update you as soon as possible.,Ticket closed without further action after no response from the customer.,155.95,0,positive,0,1,web,MEA
TCKT_094078,2023-03-21 16:51:30,CUST_02490,education,email,data_export,feature_request,low,on_hold,standard,Can you add an option to customize data export?,Thanks for your feature suggestion. We will look into this and get back to you within the next 48 hours.,,,0,positive,4,0,web,
TCKT_094201,2023-03-06 04:42:38,CUST_05012,education,phone_transcript,data_export,security_concern,low,closed_no_action,standard,There seems to be a vulnerability in the data export functionality.,We take security very seriously. We will look into this and get back to you within the next 48 hours.,Ticket closed without further action after no response from the customer.,208.82,0,very_positive,5,1,android,APAC
TCKT_094283,2023-03-28 23:54:28,CUST_04073,education,web_form,mobile_app,account_access,medium,in_progress,standard,My account was locked after multiple failed login attempts.,Sorry to hear you're having trouble accessing your account. Our team is reviewing this and will follow up within 24 hours.,,,0,positive,5,0,android,
TCKT_094565,2023-03-29 22:53:42,CUST_07903,education,phone_transcript,notifications,account_access,low,resolved,standard,My account was locked after multiple failed login attempts.,Sorry to hear you're having trouble accessing your account. We will look into this and get back to you within the next 48 hours.,Reset account credentials and confirmed successful login.,71.41,0,negative,2,0,web,MEA
TCKT_094589,2023-03-06 09:51:06,CUST_09927,small_business,phone_transcript,data_export,bug,low,resolved,standard,The data export feature is not saving my changes.,Thanks for reporting this bug. We will look into this and get back to you within the next 48 hours.,Patched the bug and deployed a fix to production.,62.34,0,negative,2,0,web,LATAM
TCKT_094597,2023-03-19 00:35:16,CUST_05412,education,chat,notifications,performance,medium,resolved,gold,Queries in the notifications module are timing out.,We understand performance issues can be frustrating. Our team is reviewing this and will follow up within 24 hours.,Optimized queries and increased resource allocation.,46.67,0,very_negative,0,0,android,LATAM
TCKT_094866,2023-03-15 09:14:47,CUST_08895,individual,chat,analytics_dashboard,how_to,low,on_hold,standard,I need help setting up analytics dashboard for my team.,Happy to help with your question. We will look into this and get back to you within the next 48 hours.,,,0,positive,0,0,ios,MEA
TCKT_094947,2023-03-16 08:46:36,CUST_09021,small_business,web_form,api_integration,other,urgent,resolved,gold,I need help but I'm not sure which category this fits in.,Thanks for contacting support. This has been escalated to our on-call team for immediate attention.,Provided general guidance and confirmed the issue was resolved.,5.16,0,neutral,0,0,ios,MEA
TCKT_095033,2023-03-27 07:29:08,CUST_05069,individual,phone_transcript,analytics_dashboard,bug,medium,in_progress,platinum,The analytics dashboard feature is not saving my changes.,Thanks for reporting this bug. Our team is reviewing this and will follow up within 24 hours.,,,0,neutral,4,1,desktop_app,EU
TCKT_095057,2023-03-08 13:44:55,CUST_05845,education,chat,mobile_app,how_to,low,resolved,standard,Can you explain how to configure mobile app properly?,Happy to help with your question. We will look into this and get back to you within the next 48 hours.,Provided step-by-step instructions and relevant documentation.,18.99,0,positive,0,1,ios,LATAM
TCKT_095097,2023-03-19 15:28:31,CUST_04542,enterprise,in_app,billing,account_access,low,resolved,standard,My account was locked after multiple failed login attempts.,Sorry to hear you're having trouble accessing your account. We will look into this and get back to you within the next 48 hours.,Reset account credentials and confirmed successful login.,60.62,0,negative,2,0,android,EU
TCKT_095114,2023-03-06 03:53:57,CUST_02180,education,email,billing,other,low,resolved,standard,I need help but I'm not sure which category this fits in.,Thanks for contacting support. We will look into this and get back to you within the next 48 hours.,Provided general guidance and confirmed the issue was resolved.,48.49,0,negative,0,0,api_client,
TCKT_095133,2023-03-04 21:21:21,CUST_05658,individual,phone_transcript,notifications,how_to,high,in_progress,standard,How can I export my data from the notifications section?,Happy to help with your question. We are prioritizing this and will update you as soon as possible.,,,0,neutral,4,0,api_client,EU
TCKT_095170,2023-03-06 14:08:08,CUST_02270,non_profit,in_app,notifications,other,medium,resolved,standard,"Something seems off, can you please check my workspace?",Thanks for contacting support. Our team is reviewing this and will follow up within 24 hours.,Provided general guidance and confirmed the issue was resolved.,24.76,0,neutral,4,0,desktop_app,
TCKT_095174,2023-03-21 23:47:50,CUST_05334,enterprise,chat,billing,how_to,medium,open,standard,How can I export my data from the billing section?,Happy to help with your question. Our team is reviewing this and will follow up within 24 hours.,,,0,positive,4,1,desktop_app,EU
TCKT_095180,2023-03-11 10:16:07,CUST_00874,education,in_app,mobile_app,bug,high,in_progress,standard,The mobile app feature is not saving my changes.,Thanks for reporting this bug. We are prioritizing this and will update you as soon as possible.,,,0,neutral,3,1,api_client,
TCKT_095203,2023-03-03 16:01:01,CUST_00135,non_profit,web_form,data_export,account_access,high,closed_no_action,standard,I cannot log in; the system says my password is incorrect.,Sorry to hear you're having trouble accessing your account. We are prioritizing this and will update you as soon as possible.,Ticket closed without further action after no response from the customer.,184.62,0,neutral,3,1,web,MEA
TCKT_095216,2023-03-06 19:30:27,CUST_00650,small_business,web_form,billing,bug,low,closed_no_action,standard,I am seeing an error message when I click on billing.,Thanks for reporting this bug. We will look into this and get back to you within the next 48 hours.,Ticket closed without further action after no response from the customer.,69.05,0,negative,3,0,api_client,APAC
TCKT_095239,2023-03-31 00:11:05,CUST_06636,individual,in_app,data_export,account_access,low,resolved,standard,I cannot log in; the system says my password is incorrect.,Sorry to hear you're having trouble accessing your account. We will look into this and get back to you within the next 48 hours.,Reset account credentials and confirmed successful login.,56.46,0,negative,0,0,api_client,
TCKT_095257,2023-03-29 05:44:09,CUST_07644,individual,web_form,billing,security_concern,low,open,gold,I noticed a suspicious login on my account.,We take security very seriously. We will look into this and get back to you within the next 48 hours.,,,0,negative,0,0,api_client,
TCKT_095293,2023-03-08 11:23:27,CUST_00301,small_business,email,mobile_app,other,urgent,resolved,standard,I have a general question about my account.,Thanks for contacting support. This has been escalated to our on-call team for immediate attention.,Provided general guidance and confirmed the issue was resolved.,1.43,0,neutral,4,0,api_client,
TCKT_095297,2023-03-05 08:21:37,CUST_04471,non_profit,web_form,notifications,bug,urgent,in_progress,standard,I am seeing an error message when I click on notifications.,Thanks for reporting this bug. This has been escalated to our on-call team for immediate attention.,,,0,neutral,0,1,ios,
TCKT_095299,2023-03-22 19:31:24,CUST_04174,individual,in_app,data_export,performance,low,open,standard,The data export page is very slow and takes a long time to load.,We understand performance issues can be frustrating. We will look into this and get back to you within the next 48 hours.,,,0,negative,2,1,api_client,LATAM
TCKT_095314,2023-03-20 10:32:39,CUST_00750,non_profit,chat,mobile_app,feature_request,low,on_hold,gold,It would be great to have mobile app support in your product.,Thanks for your feature suggestion. We will look into this and get back to you within the next 48 hours.,,,0,neutral,4,0,desktop_app,EU
TCKT_095337,2023-03-11 18:32:13,CUST_00168,education,web_form,api_integration,how_to,medium,in_progress,gold,I need help setting up api integration for my team.,Happy to help with your question. Our team is reviewing this and will follow up within 24 hours.,,,0,positive,5,0,android,
TCKT_095352,2023-03-17 11:07:38,CUST_09997,enterprise,chat,notifications,bug,low,resolved,standard,The page keeps crashing whenever I try to open the notifications section.,Thanks for reporting this bug. We will look into this and get back to you within the next 48 hours.,Patched the bug and deployed a fix to production.,11.34,0,negative,3,0,desktop_app,
TCKT_095427,2023-03-25 18:12:51,CUST_03089,small_business,in_app,notifications,other,medium,on_hold,gold,"Something seems off, can you please check my workspace?",Thanks for contacting support. Our team is reviewing this and will follow up within 24 hours.,,,0,positive,0,1,api_client,
TCKT_095436,2023-03-23 17:44:37,CUST_05807,non_profit,chat,mobile_app,billing_problem,high,in_progress,standard,My invoice amount is incorrect compared to the plan I selected.,Thanks for reaching out about the billing issue. We are prioritizing this and will update you as soon as possible.,,,0,neutral,4,0,api_client,LATAM
TCKT_095502,2023-03-15 15:08:09,CUST_03043,non_profit,chat,notifications,billing_problem,low,resolved,standard,I downgraded my plan but I am still being billed for the higher tier.,Thanks for reaching out about the billing issue. We will look into this and get back to you within the next 48 hours.,Adjusted the invoice and issued a refund where applicable.,40.26,0,very_negative,2,0,desktop_app,LATAM
TCKT_095553,2023-03-20 01:32:04,CUST_09766,non_profit,web_form,notifications,feature_request,low,resolved,standard,Our team needs more advanced options for notifications.,Thanks for your feature suggestion. We will look into this and get back to you within the next 48 hours.,Captured the request and added it to the product backlog.,24.61,0,neutral,4,1,desktop_app,LATAM
TCKT_095751,2023-03-25 00:48:56,CUST_05931,enterprise,chat,login_auth,feature_request,low,resolved,standard,Our team needs more advanced options for login auth.,Thanks for your feature suggestion. We will look into this and get back to you within the next 48 hours.,Captured the request and added it to the product backlog.,52.53,0,negative,0,0,desktop_app,LATAM
TCKT_095769,2023-03-30 05:49:15,CUST_05252,education,chat,mobile_app,other,medium,closed_no_action,standard,I have a general question about my account.,Thanks for contacting support. Our team is reviewing this and will follow up within 24 hours.,Ticket closed without further action after no response from the customer.,58.22,0,positive,0,0,ios,
TCKT_095772,2023-03-06 04:24:56,CUST_00606,small_business,email,login_auth,how_to,medium,resolved,platinum,Can you explain how to configure login auth properly?,Happy to help with your question. Our team is reviewing this and will follow up within 24 hours.,Provided step-by-step instructions and relevant documentation.,40.71,1,positive,4,1,api_client,MEA
TCKT_095817,2023-03-10 09:47:36,CUST_09741,non_profit,email,data_export,feature_request,low,resolved,gold,It would be great to have data export support in your product.,Thanks for your feature suggestion. We will look into this and get back to you within the next 48 hours.,Captured the request and added it to the product backlog.,43.04,0,positive,4,1,api_client,MEA
TCKT_095859,2023-03-14 11:01:58,CUST_08364,education,phone_transcript,mobile_app,performance,high,resolved,standard,Queries in the mobile app module are timing out.,We understand performance issues can be frustrating. We are prioritizing this and will update you as soon as possible.,Optimized queries and increased resource allocation.,5.38,0,positive,5,0,api_client,APAC
TCKT_095919,2023-03-21 23:22:00,CUST_03510,non_profit,chat,login_auth,bug,high,on_hold,standard,The page keeps crashing whenever I try to open the login auth section.,Thanks for reporting this bug. We are prioritizing this and will update you as soon as possible.,,,0,positive,0,0,ios,EU
TCKT_095963,2023-03-01 05:25:32,CUST_09208,non_profit,web_form,data_export,security_concern,high,resolved,platinum,We need details about your data encryption and compliance.,We take security very seriously. We are prioritizing this and will update you as soon as possible.,"Investigated logs, mitigated the issue, and updated security settings.",12.19,0,negative,3,0,android,EU
TCKT_096026,2023-03-29 12:08:55,CUST_08133,individual,phone_transcript,billing,performance,high,resolved,standard,The billing page is very slow and takes a long time to load.,We understand performance issues can be frustrating. We are prioritizing this and will update you as soon as possible.,Optimized queries and increased resource allocation.,7.97,0,negative,0,0,android,APAC
TCKT_096032,2023-03-09 22:21:05,CUST_03743,individual,web_form,login_auth,billing_problem,urgent,resolved,standard,My invoice amount is incorrect compared to the plan I selected.,Thanks for reaching out about the billing issue. This has been escalated to our on-call team for immediate attention.,Adjusted the invoice and issued a refund where applicable.,7.91,1,neutral,3,1,android,EU
TCKT_096039,2023-03-10 11:06:53,CUST_01249,education,phone_transcript,mobile_app,how_to,low,resolved,standard,Can you explain how to configure mobile app properly?,Happy to help with your question. We will look into this and get back to you within the next 48 hours.,Provided step-by-step instructions and relevant documentation.,15.66,0,neutral,4,1,android,LATAM
TCKT_096148,2023-03-31 02:20:15,CUST_02266,small_business,chat,analytics_dashboard,performance,low,resolved,standard,The analytics dashboard page is very slow and takes a long time to load.,We understand performance issues can be frustrating. We will look into this and get back to you within the next 48 hours.,Optimized queries and increased resource allocation.,31.66,0,neutral,4,0,api_client,
TCKT_096197,2023-03-13 17:07:49,CUST_01308,individual,email,notifications,other,medium,closed_no_action,standard,I have a general question about my account.,Thanks for contacting support. Our team is reviewing this and will follow up within 24 hours.,Ticket closed without further action after no response from the customer.,134.86,0,very_negative,2,0,api_client,MEA
TCKT_096217,2023-03-13 08:29:23,CUST_08317,individual,in_app,api_integration,performance,medium,resolved,standard,The api integration page is very slow and takes a long time to load.,We understand performance issues can be frustrating. Our team is reviewing this and will follow up within 24 hours.,Optimized queries and increased resource allocation.,37.15,0,very_negative,1,0,api_client,APAC
TCKT_096269,2023-03-22 03:11:09,CUST_05948,individual,chat,notifications,performance,medium,resolved,gold,Queries in the notifications module are timing out.,We understand performance issues can be frustrating. Our team is reviewing this and will follow up within 24 hours.,Optimized queries and increased resource allocation.,26.39,0,neutral,3,0,api_client,LATAM
TCKT_096293,2023-03-25 07:42:33,CUST_06801,enterprise,chat,login_auth,feature_request,high,in_progress,standard,Our team needs more advanced options for login auth.,Thanks for your feature suggestion. We are prioritizing this and will update you as soon as possible.,,,0,neutral,4,0,web,
TCKT_096363,2023-03-05 20:50:00,CUST_09434,non_profit,email,analytics_dashboard,security_concern,low,on_hold,standard,There seems to be a vulnerability in the analytics dashboard functionality.,We take security very seriously. We will look into this and get back to you within the next 48 hours.,,,0,very_negative,2,0,ios,APAC
TCKT_096384,2023-03-30 11:47:42,CUST_08692,non_profit,chat,analytics_dashboard,other,medium,resolved,gold,I have a general question about my account.,Thanks for contacting support. Our team is reviewing this and will follow up within 24 hours.,Provided general guidance and confirmed the issue was resolved.,10.94,0,positive,5,0,web,LATAM
TCKT_096529,2023-03-29 16:11:47,CUST_04705,small_business,web_form,data_export,bug,low,on_hold,platinum,The data export feature is not saving my changes.,Thanks for reporting this bug. We will look into this and get back to you within the next 48 hours.,,,0,neutral,0,0,android,MEA
TCKT_096615,2023-03-28 05:30:53,CUST_09363,non_profit,email,data_export,security_concern,low,resolved,standard,I noticed a suspicious login on my account.,We take security very seriously. We will look into this and get back to you within the next 48 hours.,"Investigated logs, mitigated the issue, and updated security settings.",32.72,0,negative,2,0,api_client,
TCKT_096633,2023-03-16 01:31:39,CUST_08441,education,phone_transcript,mobile_app,billing_problem,low,resolved,standard,I was charged twice for my subscription this month.,Thanks for reaching out about the billing issue. We will look into this and get back to you within the next 48 hours.,Adjusted the invoice and issued a refund where applicable.,58.01,0,negative,3,0,android,
TCKT_096693,2023-03-17 16:47:53,CUST_00215,education,chat,mobile_app,other,low,resolved,gold,I need help but I'm not sure which category this fits in.,Thanks for contacting support. We will look into this and get back to you within the next 48 hours.,Provided general guidance and confirmed the issue was resolved.,11.45,0,negative,0,1,api_client,
TCKT_096734,2023-03-03 18:02:05,CUST_07528,small_business,email,analytics_dashboard,performance,high,on_hold,gold,Overall performance has degraded in the last few days.,We understand performance issues can be frustrating. We are prioritizing this and will update you as soon as possible.,,,0,positive,0,0,android,
TCKT_096770,2023-03-31 22:40:15,CUST_01492,non_profit,chat,data_export,security_concern,low,resolved,standard,We need details about your data encryption and compliance.,We take security very seriously. We will look into this and get back to you within the next 48 hours.,"Investigated logs, mitigated the issue, and updated security settings.",42.71,0,negative,0,1,web,LATAM
TCKT_096789,2023-03-18 17:12:37,CUST_07408,enterprise,web_form,login_auth,how_to,low,open,standard,Can you explain how to configure login auth properly?,Happy to help with your question. We will look into this and get back to you within the next 48 hours.,,,0,neutral,0,0,android,
TCKT_096883,2023-03-01 10:03:39,CUST_04732,enterprise,web_form,mobile_app,other,medium,closed_no_action,gold,I need help but I'm not sure which category this fits in.,Thanks for contacting support. Our team is reviewing this and will follow up within 24 hours.,Ticket closed without further action after no response from the customer.,103.59,0,negative,0,1,desktop_app,APAC
TCKT_096890,2023-03-03 03:50:37,CUST_02047,small_business,phone_transcript,login_auth,security_concern,medium,in_progress,gold,We need details about your data encryption and compliance.,We take security very seriously. Our team is reviewing this and will follow up within 24 hours.,,,0,negative,0,0,ios,LATAM
TCKT_096891,2023-03-03 08:15:09,CUST_02737,non_profit,in_app,billing,feature_request,medium,resolved,standard,Our team needs more advanced options for billing.,Thanks for your feature suggestion. Our team is reviewing this and will follow up within 24 hours.,Captured the request and added it to the product backlog.,30.74,0,neutral,0,0,api_client,APAC
TCKT_096915,2023-03-16 11:58:36,CUST_07991,small_business,email,api_integration,account_access,medium,resolved,gold,My account was locked after multiple failed login attempts.,Sorry to hear you're having trouble accessing your account. Our team is reviewing this and will follow up within 24 hours.,Reset account credentials and confirmed successful login.,15.17,0,very_negative,1,0,desktop_app,LATAM
TCKT_096970,2023-03-09 09:21:00,CUST_02096,enterprise,phone_transcript,analytics_dashboard,other,low,in_progress,platinum,I have a general question about my account.,Thanks for contacting support. We will look into this and get back to you within the next 48 hours.,,,0,neutral,4,1,api_client,LATAM
TCKT_097005,2023-03-13 08:08:24,CUST_02209,non_profit,chat,login_auth,security_concern,low,resolved,standard,I noticed a suspicious login on my account.,We take security very seriously. We will look into this and get back to you within the next 48 hours.,"Investigated logs, mitigated the issue, and updated security settings.",34.59,0,neutral,3,1,web,APAC
TCKT_097207,2023-03-17 21:54:35,CUST_01677,small_business,email,billing,feature_request,low,resolved,standard,It would be great to have billing support in your product.,Thanks for your feature suggestion. We will look into this and get back to you within the next 48 hours.,Captured the request and added it to the product backlog.,22.82,0,very_positive,0,0,api_client,LATAM
TCKT_097326,2023-03-01 04:29:13,CUST_03736,individual,phone_transcript,billing,bug,medium,closed_no_action,platinum,I am seeing an error message when I click on billing.,Thanks for reporting this bug. Our team is reviewing this and will follow up within 24 hours.,Ticket closed without further action after no response from the customer.,194.82,0,negative,0,0,web,EU
TCKT_097354,2023-03-11 13:50:53,CUST_07733,enterprise,web_form,api_integration,billing_problem,medium,closed_no_action,gold,I was charged twice for my subscription this month.,Thanks for reaching out about the billing issue. Our team is reviewing this and will follow up within 24 hours.,Ticket closed without further action after no response from the customer.,139.48,0,positive,4,0,desktop_app,APAC
TCKT_097444,2023-03-15 01:03:34,CUST_06750,small_business,email,billing,bug,medium,open,gold,I am seeing an error message when I click on billing.,Thanks for reporting this bug. Our team is reviewing this and will follow up within 24 hours.,,,0,positive,5,0,desktop_app,
TCKT_097454,2023-03-15 16:14:04,CUST_07169,individual,email,login_auth,security_concern,high,on_hold,gold,We need details about your data encryption and compliance.,We take security very seriously. We are prioritizing this and will update you as soon as possible.,,,0,positive,0,0,api_client,EU
TCKT_097472,2023-03-20 08:07:28,CUST_02007,non_profit,in_app,billing,security_concern,low,resolved,standard,We need details about your data encryption and compliance.,We take security very seriously. We will look into this and get back to you within the next 48 hours.,"Investigated logs, mitigated the issue, and updated security settings.",67.95,0,neutral,3,1,ios,APAC
TCKT_097488,2023-03-26 20:33:17,CUST_08081,education,in_app,billing,bug,high,in_progress,standard,The page keeps crashing whenever I try to open the billing section.,Thanks for reporting this bug. We are prioritizing this and will update you as soon as possible.,,,0,positive,5,0,ios,
TCKT_097496,2023-03-09 14:37:02,CUST_02387,enterprise,email,billing,account_access,medium,resolved,gold,My 2FA code is not working when I try to sign in.,Sorry to hear you're having trouble accessing your account. Our team is reviewing this and will follow up within 24 hours.,Reset account credentials and confirmed successful login.,33.16,0,very_negative,1,1,ios,EU
TCKT_097509,2023-03-25 00:14:16,CUST_01797,education,chat,analytics_dashboard,security_concern,medium,resolved,gold,We need details about your data encryption and compliance.,We take security very seriously. Our team is reviewing this and will follow up within 24 hours.,"Investigated logs, mitigated the issue, and updated security settings.",25.83,1,negative,3,0,web,LATAM
TCKT_097591,2023-03-31 01:57:52,CUST_08130,education,chat,analytics_dashboard,billing_problem,urgent,resolved,standard,I was charged twice for my subscription this month.,Thanks for reaching out about the billing issue. This has been escalated to our on-call team for immediate attention.,Adjusted the invoice and issued a refund where applicable.,6.54,0,neutral,3,0,android,EU
TCKT_097608,2023-03-05 06:18:34,CUST_06492,education,web_form,mobile_app,feature_request,high,in_progress,gold,Our team needs more advanced options for mobile app.,Thanks for your feature suggestion. We are prioritizing this and will update you as soon as possible.,,,0,negative,3,1,ios,EU
TCKT_097657,2023-03-14 15:29:33,CUST_02804,non_profit,web_form,login_auth,how_to,low,resolved,standard,How can I export my data from the login auth section?,Happy to help with your question. We will look into this and get back to you within the next 48 hours.,Provided step-by-step instructions and relevant documentation.,70.92,0,very_negative,1,0,api_client,APAC
TCKT_097661,2023-03-28 06:49:40,CUST_04561,enterprise,email,analytics_dashboard,security_concern,low,resolved,standard,There seems to be a vulnerability in the analytics dashboard functionality.,We take security very seriously. We will look into this and get back to you within the next 48 hours.,"Investigated logs, mitigated the issue, and updated security settings.",55.66,0,positive,5,0,desktop_app,EU
TCKT_097813,2023-03-15 11:20:54,CUST_00450,non_profit,email,billing,security_concern,high,resolved,standard,I noticed a suspicious login on my account.,We take security very seriously. We are prioritizing this and will update you as soon as possible.,"Investigated logs, mitigated the issue, and updated security settings.",20.02,0,positive,5,0,api_client,APAC
TCKT_097821,2023-03-23 18:53:09,CUST_04712,non_profit,phone_transcript,notifications,other,low,in_progress,standard,"Something seems off, can you please check my workspace?",Thanks for contacting support. We will look into this and get back to you within the next 48 hours.,,,0,neutral,4,0,web,MEA
TCKT_097998,2023-03-13 14:09:37,CUST_00839,individual,in_app,notifications,feature_request,urgent,in_progress,standard,Our team needs more advanced options for notifications.,Thanks for your feature suggestion. This has been escalated to our on-call team for immediate attention.,,,0,negative,3,0,desktop_app,MEA
TCKT_098095,2023-03-01 14:13:44,CUST_07254,small_business,phone_transcript,mobile_app,billing_problem,low,resolved,gold,I was charged twice for my subscription this month.,Thanks for reaching out about the billing issue. We will look into this and get back to you within the next 48 hours.,Adjusted the invoice and issued a refund where applicable.,46.98,0,neutral,4,0,android,MEA
TCKT_098106,2023-03-20 11:35:52,CUST_07097,small_business,web_form,api_integration,billing_problem,high,on_hold,standard,I downgraded my plan but I am still being billed for the higher tier.,Thanks for reaching out about the billing issue. We are prioritizing this and will update you as soon as possible.,,,0,neutral,4,0,android,EU
TCKT_098247,2023-03-21 10:34:29,CUST_02924,non_profit,phone_transcript,notifications,security_concern,medium,resolved,standard,We need details about your data encryption and compliance.,We take security very seriously. Our team is reviewing this and will follow up within 24 hours.,"Investigated logs, mitigated the issue, and updated security settings.",21.21,0,very_negative,2,0,android,MEA
TCKT_098278,2023-03-16 19:12:48,CUST_04629,education,web_form,billing,performance,low,resolved,standard,The billing page is very slow and takes a long time to load.,We understand performance issues can be frustrating. We will look into this and get back to you within the next 48 hours.,Optimized queries and increased resource allocation.,46.05,1,very_negative,1,0,android,LATAM
TCKT_098318,2023-03-26 01:50:47,CUST_00568,enterprise,phone_transcript,analytics_dashboard,security_concern,low,resolved,standard,There seems to be a vulnerability in the analytics dashboard functionality.,We take security very seriously. We will look into this and get back to you within the next 48 hours.,"Investigated logs, mitigated the issue, and updated security settings.",30.56,0,positive,5,1,api_client,LATAM
TCKT_098349,2023-03-24 21:54:39,CUST_03340,education,chat,notifications,feature_request,low,resolved,gold,Can you add an option to customize notifications?,Thanks for your feature suggestion. We will look into this and get back to you within the next 48 hours.,Captured the request and added it to the product backlog.,14.79,0,negative,3,1,android,LATAM
TCKT_098427,2023-03-26 09:59:51,CUST_02233,non_profit,in_app,api_integration,account_access,medium,resolved,gold,I cannot log in; the system says my password is incorrect.,Sorry to hear you're having trouble accessing your account. Our team is reviewing this and will follow up within 24 hours.,Reset account credentials and confirmed successful login.,33.46,0,very_negative,1,1,desktop_app,LATAM
TCKT_098621,2023-03-29 08:22:02,CUST_06331,individual,web_form,mobile_app,performance,low,in_progress,standard,Overall performance has degraded in the last few days.,We understand performance issues can be frustrating. We will look into this and get back to you within the next 48 hours.,,,0,very_negative,1,0,android,EU
TCKT_098656,2023-03-02 09:00:06,CUST_00531,individual,web_form,api_integration,performance,urgent,resolved,platinum,Overall performance has degraded in the last few days.,We understand performance issues can be frustrating. This has been escalated to our on-call team for immediate attention.,Optimized queries and increased resource allocation.,1.06,0,negative,0,1,android,LATAM
TCKT_098677,2023-03-06 08:26:47,CUST_07315,enterprise,phone_transcript,billing,feature_request,low,closed_no_action,standard,Our team needs more advanced options for billing.,Thanks for your feature suggestion. We will look into this and get back to you within the next 48 hours.,Ticket closed without further action after no response from the customer.,107.21,0,very_positive,5,0,ios,EU
TCKT_098711,2023-03-31 13:15:08,CUST_05371,individual,web_form,billing,feature_request,high,on_hold,standard,It would be great to have billing support in your product.,Thanks for your feature suggestion. We are prioritizing this and will update you as soon as possible.,,,0,positive,5,1,web,
TCKT_098741,2023-03-26 05:09:27,CUST_05395,education,web_form,notifications,how_to,medium,resolved,gold,Can you explain how to configure notifications properly?,Happy to help with your question. Our team is reviewing this and will follow up within 24 hours.,Provided step-by-step instructions and relevant documentation.,28.68,1,very_positive,5,0,desktop_app,
TCKT_098744,2023-03-03 18:52:32,CUST_06974,enterprise,in_app,billing,account_access,low,on_hold,gold,My 2FA code is not working when I try to sign in.,Sorry to hear you're having trouble accessing your account. We will look into this and get back to you within the next 48 hours.,,,0,very_negative,1,0,web,EU
TCKT_098780,2023-03-28 15:45:17,CUST_04871,education,email,notifications,security_concern,low,resolved,standard,There seems to be a vulnerability in the notifications functionality.,We take security very seriously. We will look into this and get back to you within the next 48 hours.,"Investigated logs, mitigated the issue, and updated security settings.",57.09,0,negative,3,0,ios,
TCKT_098810,2023-03-22 20:29:00,CUST_09339,education,email,login_auth,billing_problem,medium,resolved,standard,I downgraded my plan but I am still being billed for the higher tier.,Thanks for reaching out about the billing issue. Our team is reviewing this and will follow up within 24 hours.,Adjusted the invoice and issued a refund where applicable.,8.43,1,negative,0,0,ios,MEA
TCKT_098868,2023-03-12 03:16:31,CUST_06313,education,email,login_auth,how_to,medium,resolved,standard,Can you explain how to configure login auth properly?,Happy to help with your question. Our team is reviewing this and will follow up within 24 hours.,Provided step-by-step instructions and relevant documentation.,39.55,0,negative,2,0,desktop_app,LATAM
TCKT_098898,2023-03-14 08:21:24,CUST_07813,individual,web_form,mobile_app,billing_problem,low,on_hold,standard,I downgraded my plan but I am still being billed for the higher tier.,Thanks for reaching out about the billing issue. We will look into this and get back to you within the next 48 hours.,,,0,neutral,3,0,ios,APAC
TCKT_098964,2023-03-21 13:52:09,CUST_01162,education,web_form,login_auth,billing_problem,medium,resolved,platinum,My invoice amount is incorrect compared to the plan I selected.,Thanks for reaching out about the billing issue. Our team is reviewing this and will follow up within 24 hours.,Adjusted the invoice and issued a refund where applicable.,44.33,0,very_negative,2,0,desktop_app,
TCKT_099110,2023-03-10 09:02:19,CUST_05850,education,in_app,data_export,security_concern,low,on_hold,standard,I noticed a suspicious login on my account.,We take security very seriously. We will look into this and get back to you within the next 48 hours.,,,0,neutral,0,0,api_client,LATAM
TCKT_099115,2023-03-20 04:52:25,CUST_02223,small_business,chat,mobile_app,bug,medium,resolved,standard,I am seeing an error message when I click on mobile app.,Thanks for reporting this bug. Our team is reviewing this and will follow up within 24 hours.,Patched the bug and deployed a fix to production.,22.12,0,neutral,3,0,web,APAC
TCKT_099184,2023-03-04 00:36:41,CUST_07524,education,email,mobile_app,account_access,medium,resolved,standard,My 2FA code is not working when I try to sign in.,Sorry to hear you're having trouble accessing your account. Our team is reviewing this and will follow up within 24 hours.,Reset account credentials and confirmed successful login.,40.41,1,very_negative,2,0,web,LATAM
TCKT_099203,2023-03-24 09:48:48,CUST_03270,small_business,in_app,analytics_dashboard,other,medium,on_hold,standard,I need help but I'm not sure which category this fits in.,Thanks for contacting support. Our team is reviewing this and will follow up within 24 hours.,,,0,neutral,3,0,api_client,
TCKT_099230,2023-03-16 15:35:19,CUST_04361,individual,chat,analytics_dashboard,how_to,medium,in_progress,gold,Can you explain how to configure analytics dashboard properly?,Happy to help with your question. Our team is reviewing this and will follow up within 24 hours.,,,0,neutral,3,0,desktop_app,
TCKT_099275,2023-03-10 01:25:22,CUST_07120,education,chat,data_export,account_access,low,resolved,gold,My 2FA code is not working when I try to sign in.,Sorry to hear you're having trouble accessing your account. We will look into this and get back to you within the next 48 hours.,Reset account credentials and confirmed successful login.,10.97,0,very_positive,5,0,web,
TCKT_099323,2023-03-27 16:29:36,CUST_06189,non_profit,in_app,analytics_dashboard,how_to,urgent,on_hold,gold,Can you explain how to configure analytics dashboard properly?,Happy to help with your question. This has been escalated to our on-call team for immediate attention.,,,0,neutral,4,0,android,EU
TCKT_099412,2023-03-21 02:04:14,CUST_03403,individual,email,data_export,feature_request,high,open,standard,Can you add an option to customize data export?,Thanks for your feature suggestion. We are prioritizing this and will update you as soon as possible.,,,0,very_positive,5,0,web,LATAM
TCKT_099431,2023-03-08 06:54:10,CUST_08075,education,chat,analytics_dashboard,billing_problem,medium,resolved,standard,My invoice amount is incorrect compared to the plan I selected.,Thanks for reaching out about the billing issue. Our team is reviewing this and will follow up within 24 hours.,Adjusted the invoice and issued a refund where applicable.,47.8,0,neutral,4,0,android,
TCKT_099453,2023-03-31 02:42:14,CUST_04936,small_business,email,analytics_dashboard,feature_request,medium,in_progress,gold,It would be great to have analytics dashboard support in your product.,Thanks for your feature suggestion. Our team is reviewing this and will follow up within 24 hours.,,,0,neutral,0,0,android,LATAM
TCKT_099457,2023-03-18 14:10:02,CUST_00894,individual,chat,billing,other,medium,resolved,standard,"Something seems off, can you please check my workspace?",Thanks for contacting support. Our team is reviewing this and will follow up within 24 hours.,Provided general guidance and confirmed the issue was resolved.,35.86,0,neutral,3,0,desktop_app,EU
TCKT_099523,2023-03-13 00:35:58,CUST_08124,non_profit,chat,data_export,feature_request,medium,in_progress,standard,It would be great to have data export support in your product.,Thanks for your feature suggestion. Our team is reviewing this and will follow up within 24 hours.,,,0,positive,4,0,web,MEA
TCKT_099560,2023-03-13 05:48:21,CUST_00557,small_business,phone_transcript,mobile_app,feature_request,low,open,standard,It would be great to have mobile app support in your product.,Thanks for your feature suggestion. We will look into this and get back to you within the next 48 hours.,,,0,negative,2,0,api_client,
TCKT_099595,2023-03-17 04:35:37,CUST_00501,enterprise,phone_transcript,billing,how_to,high,resolved,platinum,How can I export my data from the billing section?,Happy to help with your question. We are prioritizing this and will update you as soon as possible.,Provided step-by-step instructions and relevant documentation.,17.96,0,neutral,3,0,desktop_app,APAC
TCKT_099673,2023-03-09 15:22:02,CUST_02351,individual,web_form,notifications,performance,low,resolved,gold,Queries in the notifications module are timing out.,We understand performance issues can be frustrating. We will look into this and get back to you within the next 48 hours.,Optimized queries and increased resource allocation.,29.71,0,very_negative,2,0,desktop_app,APAC
TCKT_099682,2023-03-07 22:09:30,CUST_04940,education,web_form,billing,how_to,low,resolved,standard,Can you explain how to configure billing properly?,Happy to help with your question. We will look into this and get back to you within the next 48 hours.,Provided step-by-step instructions and relevant documentation.,36.8,0,positive,4,0,api_client,MEA
TCKT_099718,2023-03-24 15:47:43,CUST_03164,non_profit,phone_transcript,billing,feature_request,high,resolved,standard,Our team needs more advanced options for billing.,Thanks for your feature suggestion. We are prioritizing this and will update you as soon as possible.,Captured the request and added it to the product backlog.,20.77,0,negative,2,0,ios,
TCKT_099859,2023-03-22 18:19:52,CUST_04460,education,chat,analytics_dashboard,how_to,low,resolved,standard,How can I export my data from the analytics dashboard section?,Happy to help with your question. We will look into this and get back to you within the next 48 hours.,Provided step-by-step instructions and relevant documentation.,32.71,0,positive,4,0,web,
TCKT_099928,2023-03-15 15:34:56,CUST_01880,education,web_form,mobile_app,security_concern,low,resolved,gold,We need details about your data encryption and compliance.,We take security very seriously. We will look into this and get back to you within the next 48 hours.,"Investigated logs, mitigated the issue, and updated security settings.",29.03,0,negative,2,0,web,
