ticket_id,created_at,customer_id,customer_segment,channel,product_area,issue_type,priority,status,sla_plan,initial_message,agent_first_reply,resolution_summary,resolution_time_hours,reopened,customer_sentiment,csat_score,has_attachment,platform,region
TCKT_000040,2023-10-07 22:47:51,CUST_06834,non_profit,web_form,login_auth,billing_problem,medium,in_progress,gold,My invoice amount is incorrect compared to the plan I selected.,Thanks for reaching out about the billing issue. Our team is reviewing this and will follow up within 24 hours.,,,0,neutral,3,0,android,
TCKT_000046,2023-10-14 13:26:23,CUST_04947,small_business,phone_transcript,analytics_dashboard,feature_request,medium,open,standard,Our team needs more advanced options for analytics dashboard.,Thanks for your feature suggestion. Our team is reviewing this and will follow up within 24 hours.,,,0,positive,4,0,ios,LATAM
TCKT_000102,2023-10-30 20:04:42,CUST_04264,enterprise,web_form,data_export,feature_request,low,resolved,standard,Can you add an option to customize data export?,Thanks for your feature suggestion. We will look into this and get back to you within the next 48 hours.,Captured the request and added it to the product backlog.,44.69,0,positive,5,1,android,MEA
TCKT_000169,2023-10-19 13:50:15,CUST_06675,non_profit,phone_transcript,api_integration,account_access,high,resolved,gold,I cannot log in; the system says my password is incorrect.,Sorry to hear you're having trouble accessing your account. We are prioritizing this and will update you as soon as possible.,Reset account credentials and confirmed successful login.,18.63,0,very_negative,1,0,ios,LATAM
TCKT_000240,2023-10-11 15:41:32,CUST_07231,individual,phone_transcript,notifications,feature_request,medium,resolved,standard,Our team needs more advanced options for notifications.,Thanks for your feature suggestion. Our team is reviewing this and will follow up within 24 hours.,Captured the request and added it to the product backlog.,31.94,0,neutral,0,1,desktop_app,EU
TCKT_000241,2023-10-24 22:21:04,CUST_00286,small_business,chat,notifications,feature_request,low,resolved,standard,Our team needs more advanced options for notifications.,Thanks for your feature suggestion. We will look into this and get back to you within the next 48 hours.,Captured the request and added it to the product backlog.,60.77,0,negative,0,0,desktop_app,
TCKT_000250,2023-10-16 01:58:13,CUST_06377,enterprise,chat,billing,performance,low,open,gold,The billing page is very slow and takes a long time to load.,We understand performance issues can be frustrating. We will look into this and get back to you within the next 48 hours.,,,0,very_negative,1,1,ios,EU
TCKT_000270,2023-10-04 09:10:49,CUST_05868,education,chat,data_export,other,high,resolved,standard,"Something seems off, can you please check my workspace?",Thanks for contacting support. We are prioritizing this and will update you as soon as possible.,Provided general guidance and confirmed the issue was resolved.,12.3,0,neutral,3,0,desktop_app,
TCKT_000303,2023-10-10 16:52:33,CUST_09476,enterprise,email,billing,account_access,high,resolved,standard,My 2FA code is not working when I try to sign in.,Sorry to hear you're having trouble accessing your account. We are prioritizing this and will update you as soon as possible.,Reset account credentials and confirmed successful login.,17.06,0,negative,3,1,api_client,LATAM
TCKT_000307,2023-10-23 04:52:42,CUST_06690,education,in_app,mobile_app,how_to,urgent,open,gold,How can I export my data from the mobile app section?,Happy to help with your question. This has been escalated to our on-call team for immediate attention.,,,1,neutral,3,1,web,LATAM
TCKT_000341,2023-10-06 23:02:18,CUST_05308,enterprise,phone_transcript,mobile_app,bug,high,resolved,standard,I am seeing an error message when I click on mobile app.,Thanks for reporting this bug. We are prioritizing this and will update you as soon as possible.,Patched the bug and deployed a fix to production.,4.32,0,positive,4,0,ios,EU
TCKT_000367,2023-10-15 02:36:42,CUST_08093,small_business,phone_transcript,analytics_dashboard,feature_request,medium,resolved,standard,Our team needs more advanced options for analytics dashboard.,Thanks for your feature suggestion. Our team is reviewing this and will follow up within 24 hours.,Captured the request and added it to the product backlog.,36.91,0,positive,5,0,desktop_app,EU
TCKT_000419,2023-10-05 21:31:24,CUST_09500,enterprise,chat,mobile_app,feature_request,medium,resolved,standard,Our team needs more advanced options for mobile app.,Thanks for your feature suggestion. Our team is reviewing this and will follow up within 24 hours.,Captured the request and added it to the product backlog.,17.98,0,very_positive,0,0,desktop_app,LATAM
TCKT_000451,2023-10-10 00:04:59,CUST_07755,small_business,chat,notifications,performance,high,closed_no_action,standard,Queries in the notifications module are timing out.,We understand performance issues can be frustrating. We are prioritizing this and will update you as soon as possible.,Ticket closed without further action after no response from the customer.,42.93,0,very_negative,1,0,api_client,LATAM
TCKT_000506,2023-10-09 14:21:36,CUST_06925,non_profit,in_app,billing,security_concern,urgent,on_hold,standard,There seems to be a vulnerability in the billing functionality.,We take security very seriously. This has been escalated to our on-call team for immediate attention.,,,0,negative,3,1,android,EU
TCKT_000532,2023-10-07 03:32:03,CUST_09370,education,email,billing,bug,low,closed_no_action,standard,The page keeps crashing whenever I try to open the billing section.,Thanks for reporting this bug. We will look into this and get back to you within the next 48 hours.,Ticket closed without further action after no response from the customer.,129.63,0,neutral,3,0,api_client,EU
TCKT_000598,2023-10-07 08:03:06,CUST_05957,enterprise,web_form,notifications,performance,medium,resolved,gold,Overall performance has degraded in the last few days.,We understand performance issues can be frustrating. Our team is reviewing this and will follow up within 24 hours.,Optimized queries and increased resource allocation.,31.55,1,very_negative,0,0,ios,MEA
TCKT_000645,2023-10-29 16:21:11,CUST_02350,individual,email,notifications,billing_problem,high,resolved,standard,I was charged twice for my subscription this month.,Thanks for reaching out about the billing issue. We are prioritizing this and will update you as soon as possible.,Adjusted the invoice and issued a refund where applicable.,22.9,0,very_negative,0,0,ios,APAC
TCKT_000663,2023-10-26 15:14:59,CUST_08406,small_business,in_app,notifications,account_access,high,resolved,gold,My account was locked after multiple failed login attempts.,Sorry to hear you're having trouble accessing your account. We are prioritizing this and will update you as soon as possible.,Reset account credentials and confirmed successful login.,11.73,0,negative,0,0,web,LATAM
TCKT_000715,2023-10-27 23:35:35,CUST_02099,small_business,web_form,login_auth,billing_problem,low,resolved,gold,I was charged twice for my subscription this month.,Thanks for reaching out about the billing issue. We will look into this and get back to you within the next 48 hours.,Adjusted the invoice and issued a refund where applicable.,57.89,0,neutral,4,0,api_client,APAC
TCKT_000725,2023-10-23 02:30:02,CUST_03239,small_business,email,billing,billing_problem,medium,open,standard,I downgraded my plan but I am still being billed for the higher tier.,Thanks for reaching out about the billing issue. Our team is reviewing this and will follow up within 24 hours.,,,0,very_negative,0,1,api_client,LATAM
TCKT_000732,2023-10-16 16:45:26,CUST_07233,enterprise,in_app,api_integration,security_concern,medium,in_progress,standard,We need details about your data encryption and compliance.,We take security very seriously. Our team is reviewing this and will follow up within 24 hours.,,,0,neutral,4,0,android,
TCKT_000733,2023-10-28 12:46:52,CUST_09482,individual,in_app,api_integration,how_to,low,on_hold,standard,Can you explain how to configure api integration properly?,Happy to help with your question. We will look into this and get back to you within the next 48 hours.,,,0,neutral,0,0,web,LATAM
TCKT_000745,2023-10-01 05:41:44,CUST_08445,non_profit,in_app,data_export,billing_problem,low,open,gold,I downgraded my plan but I am still being billed for the higher tier.,Thanks for reaching out about the billing issue. We will look into this and get back to you within the next 48 hours.,,,0,negative,0,0,android,
TCKT_000795,2023-10-10 12:25:52,CUST_02023,non_profit,email,data_export,other,low,on_hold,standard,"Something seems off, can you please check my workspace?",Thanks for contacting support. We will look into this and get back to you within the next 48 hours.,,,0,neutral,4,0,ios,
TCKT_000853,2023-10-05 22:27:03,CUST_03110,education,chat,login_auth,performance,medium,resolved,gold,The login auth page is very slow and takes a long time to load.,We understand performance issues can be frustrating. Our team is reviewing this and will follow up within 24 hours.,Optimized queries and increased resource allocation.,30.8,0,neutral,3,0,desktop_app,MEA
TCKT_000889,2023-10-17 06:57:08,CUST_04995,non_profit,in_app,api_integration,bug,low,resolved,platinum,The api integration feature is not saving my changes.,Thanks for reporting this bug. We will look into this and get back to you within the next 48 hours.,Patched the bug and deployed a fix to production.,59.06,1,very_positive,5,0,web,LATAM
TCKT_000918,2023-10-31 06:03:50,CUST_01194,individual,chat,data_export,account_access,low,in_progress,standard,My 2FA code is not working when I try to sign in.,Sorry to hear you're having trouble accessing your account. We will look into this and get back to you within the next 48 hours.,,,0,negative,0,1,web,APAC
TCKT_000926,2023-10-04 00:15:50,CUST_08599,non_profit,in_app,analytics_dashboard,feature_request,high,resolved,standard,Our team needs more advanced options for analytics dashboard.,Thanks for your feature suggestion. We are prioritizing this and will update you as soon as possible.,Captured the request and added it to the product backlog.,8.12,0,negative,3,0,web,APAC
TCKT_001026,2023-10-27 16:59:42,CUST_04178,small_business,chat,data_export,account_access,medium,resolved,standard,My account was locked after multiple failed login attempts.,Sorry to hear you're having trouble accessing your account. Our team is reviewing this and will follow up within 24 hours.,Reset account credentials and confirmed successful login.,24.66,0,neutral,4,0,desktop_app,LATAM
TCKT_001031,2023-10-17 16:15:37,CUST_01492,individual,chat,billing,feature_request,medium,resolved,standard,Our team needs more advanced options for billing.,Thanks for your feature suggestion. Our team is reviewing this and will follow up within 24 hours.,Captured the request and added it to the product backlog.,40.64,0,negative,2,0,desktop_app,LATAM
TCKT_001035,2023-10-05 11:13:48,CUST_06805,non_profit,email,billing,billing_problem,low,in_progress,standard,I downgraded my plan but I am still being billed for the higher tier.,Thanks for reaching out about the billing issue. We will look into this and get back to you within the next 48 hours.,,,0,very_negative,1,0,desktop_app,MEA
TCKT_001043,2023-10-06 20:32:12,CUST_00507,enterprise,chat,mobile_app,feature_request,low,on_hold,standard,Our team needs more advanced options for mobile app.,Thanks for your feature suggestion. We will look into this and get back to you within the next 48 hours.,,,0,very_positive,0,0,api_client,EU
TCKT_001123,2023-10-17 18:08:35,CUST_04994,education,phone_transcript,data_export,account_access,low,in_progress,gold,My account was locked after multiple failed login attempts.,Sorry to hear you're having trouble accessing your account. We will look into this and get back to you within the next 48 hours.,,,0,negative,0,0,web,
TCKT_001163,2023-10-09 12:33:32,CUST_07811,enterprise,phone_transcript,data_export,feature_request,low,on_hold,gold,Can you add an option to customize data export?,Thanks for your feature suggestion. We will look into this and get back to you within the next 48 hours.,,,0,positive,0,0,api_client,EU
TCKT_001216,2023-10-12 05:54:23,CUST_06599,education,phone_transcript,api_integration,bug,low,in_progress,standard,I am seeing an error message when I click on api integration.,Thanks for reporting this bug. We will look into this and get back to you within the next 48 hours.,,,0,negative,2,1,web,MEA
TCKT_001272,2023-10-26 13:13:15,CUST_03248,education,web_form,data_export,billing_problem,medium,resolved,gold,I downgraded my plan but I am still being billed for the higher tier.,Thanks for reaching out about the billing issue. Our team is reviewing this and will follow up within 24 hours.,Adjusted the invoice and issued a refund where applicable.,4.25,0,very_positive,0,0,api_client,MEA
TCKT_001327,2023-10-15 13:28:23,CUST_07386,individual,phone_transcript,notifications,security_concern,medium,resolved,standard,There seems to be a vulnerability in the notifications functionality.,We take security very seriously. Our team is reviewing this and will follow up within 24 hours.,"Investigated logs, mitigated the issue, and updated security settings.",45.99,0,very_negative,2,0,ios,LATAM
TCKT_001347,2023-10-08 13:28:06,CUST_00534,small_business,email,notifications,other,low,open,standard,I have a general question about my account.,Thanks for contacting support. We will look into this and get back to you within the next 48 hours.,,,0,very_negative,2,1,ios,MEA
TCKT_001423,2023-10-06 17:57:38,CUST_09911,small_business,chat,data_export,bug,low,resolved,standard,The data export feature is not saving my changes.,Thanks for reporting this bug. We will look into this and get back to you within the next 48 hours.,Patched the bug and deployed a fix to production.,10.94,0,negative,0,0,api_client,EU
TCKT_001426,2023-10-06 18:43:58,CUST_05172,enterprise,chat,login_auth,how_to,low,resolved,platinum,How can I export my data from the login auth section?,Happy to help with your question. We will look into this and get back to you within the next 48 hours.,Provided step-by-step instructions and relevant documentation.,13.47,0,neutral,4,1,desktop_app,
TCKT_001492,2023-10-04 04:59:15,CUST_06153,individual,email,mobile_app,billing_problem,medium,closed_no_action,standard,I downgraded my plan but I am still being billed for the higher tier.,Thanks for reaching out about the billing issue. Our team is reviewing this and will follow up within 24 hours.,Ticket closed without further action after no response from the customer.,36.75,0,negative,0,0,web,MEA
TCKT_001502,2023-10-14 14:21:39,CUST_09443,enterprise,web_form,analytics_dashboard,how_to,medium,resolved,standard,Can you explain how to configure analytics dashboard properly?,Happy to help with your question. Our team is reviewing this and will follow up within 24 hours.,Provided step-by-step instructions and relevant documentation.,20.68,0,very_positive,0,0,ios,APAC
TCKT_001614,2023-10-28 18:41:17,CUST_08626,individual,phone_transcript,billing,bug,medium,resolved,gold,The billing feature is not saving my changes.,Thanks for reporting this bug. Our team is reviewing this and will follow up within 24 hours.,Patched the bug and deployed a fix to production.,8.57,0,neutral,3,0,android,EU
TCKT_001656,2023-10-17 12:59:26,CUST_01062,enterprise,in_app,mobile_app,performance,medium,in_progress,gold,The mobile app page is very slow and takes a long time to load.,We understand performance issues can be frustrating. Our team is reviewing this and will follow up within 24 hours.,,,0,very_positive,5,0,web,EU
TCKT_001657,2023-10-05 17:43:20,CUST_08527,education,phone_transcript,analytics_dashboard,account_access,high,open,standard,My 2FA code is not working when I try to sign in.,Sorry to hear you're having trouble accessing your account. We are prioritizing this and will update you as soon as possible.,,,0,very_negative,2,0,android,
TCKT_001717,2023-10-21 15:57:58,CUST_05181,education,web_form,analytics_dashboard,account_access,medium,resolved,standard,My 2FA code is not working when I try to sign in.,Sorry to hear you're having trouble accessing your account. Our team is reviewing this and will follow up within 24 hours.,Reset account credentials and confirmed successful login.,16.79,0,negative,2,1,api_client,
TCKT_001893,2023-10-20 20:32:32,CUST_05851,education,phone_transcript,login_auth,security_concern,medium,resolved,standard,There seems to be a vulnerability in the login auth functionality.,We take security very seriously. Our team is reviewing this and will follow up within 24 hours.,"Investigated logs, mitigated the issue, and updated security settings.",21.31,0,neutral,4,1,api_client,EU
TCKT_001901,2023-10-14 03:29:28,CUST_06252,enterprise,chat,login_auth,bug,urgent,resolved,standard,The login auth feature is not saving my changes.,Thanks for reporting this bug. This has been escalated to our on-call team for immediate attention.,Patched the bug and deployed a fix to production.,1.44,0,neutral,3,0,android,LATAM
TCKT_001928,2023-10-08 14:01:08,CUST_00232,individual,phone_transcript,analytics_dashboard,security_concern,low,resolved,standard,I noticed a suspicious login on my account.,We take security very seriously. We will look into this and get back to you within the next 48 hours.,"Investigated logs, mitigated the issue, and updated security settings.",49.91,0,very_negative,2,0,api_client,EU
TCKT_002035,2023-10-25 20:49:39,CUST_09805,non_profit,phone_transcript,mobile_app,security_concern,high,in_progress,platinum,We need details about your data encryption and compliance.,We take security very seriously. We are prioritizing this and will update you as soon as possible.,,,1,negative,0,0,ios,
TCKT_002143,2023-10-13 05:17:17,CUST_05137,non_profit,phone_transcript,api_integration,other,low,in_progress,platinum,I need help but I'm not sure which category this fits in.,Thanks for contacting support. We will look into this and get back to you within the next 48 hours.,,,0,very_negative,1,1,android,MEA
TCKT_002286,2023-10-25 02:40:40,CUST_05037,non_profit,phone_transcript,api_integration,feature_request,low,in_progress,gold,It would be great to have api integration support in your product.,Thanks for your feature suggestion. We will look into this and get back to you within the next 48 hours.,,,0,neutral,0,0,api_client,APAC
TCKT_002358,2023-10-26 01:41:40,CUST_01059,enterprise,chat,mobile_app,account_access,low,resolved,standard,My account was locked after multiple failed login attempts.,Sorry to hear you're having trouble accessing your account. We will look into this and get back to you within the next 48 hours.,Reset account credentials and confirmed successful login.,30.89,0,neutral,0,0,api_client,LATAM
TCKT_002524,2023-10-21 06:32:12,CUST_05800,small_business,in_app,notifications,other,medium,closed_no_action,gold,I have a general question about my account.,Thanks for contacting support. Our team is reviewing this and will follow up within 24 hours.,Ticket closed without further action after no response from the customer.,114.08,0,neutral,4,1,web,EU
TCKT_002546,2023-10-21 15:24:15,CUST_04310,non_profit,phone_transcript,notifications,other,low,closed_no_action,standard,"Something seems off, can you please check my workspace?",Thanks for contacting support. We will look into this and get back to you within the next 48 hours.,Ticket closed without further action after no response from the customer.,76.37,0,negative,0,1,api_client,MEA
TCKT_002549,2023-10-31 04:36:40,CUST_06188,education,phone_transcript,mobile_app,account_access,medium,resolved,standard,My 2FA code is not working when I try to sign in.,Sorry to hear you're having trouble accessing your account. Our team is reviewing this and will follow up within 24 hours.,Reset account credentials and confirmed successful login.,14.19,0,very_negative,1,0,desktop_app,
TCKT_002553,2023-10-19 16:59:04,CUST_09876,enterprise,email,login_auth,feature_request,high,resolved,standard,Our team needs more advanced options for login auth.,Thanks for your feature suggestion. We are prioritizing this and will update you as soon as possible.,Captured the request and added it to the product backlog.,17.37,0,positive,4,1,desktop_app,
TCKT_002558,2023-10-31 15:30:12,CUST_01814,enterprise,in_app,analytics_dashboard,how_to,urgent,closed_no_action,gold,How can I export my data from the analytics dashboard section?,Happy to help with your question. This has been escalated to our on-call team for immediate attention.,Ticket closed without further action after no response from the customer.,94.11,0,neutral,0,0,web,
TCKT_002612,2023-10-09 15:48:12,CUST_07724,individual,phone_transcript,data_export,feature_request,high,resolved,standard,Our team needs more advanced options for data export.,Thanks for your feature suggestion. We are prioritizing this and will update you as soon as possible.,Captured the request and added it to the product backlog.,1.77,0,very_positive,5,1,ios,LATAM
TCKT_002617,2023-10-30 08:57:13,CUST_09307,enterprise,email,login_auth,billing_problem,low,resolved,standard,I downgraded my plan but I am still being billed for the higher tier.,Thanks for reaching out about the billing issue. We will look into this and get back to you within the next 48 hours.,Adjusted the invoice and issued a refund where applicable.,63.39,0,negative,2,0,web,EU
TCKT_002622,2023-10-07 23:43:52,CUST_00475,education,phone_transcript,analytics_dashboard,how_to,low,closed_no_action,gold,I need help setting up analytics dashboard for my team.,Happy to help with your question. We will look into this and get back to you within the next 48 hours.,Ticket closed without further action after no response from the customer.,78.11,0,neutral,3,0,android,MEA
TCKT_002687,2023-10-24 01:26:27,CUST_07216,enterprise,chat,notifications,how_to,low,resolved,standard,How can I export my data from the notifications section?,Happy to help with your question. We will look into this and get back to you within the next 48 hours.,Provided step-by-step instructions and relevant documentation.,50.72,0,very_positive,5,1,android,LATAM
TCKT_002701,2023-10-13 16:42:10,CUST_08815,education,in_app,mobile_app,bug,urgent,resolved,gold,The mobile app feature is not saving my changes.,Thanks for reporting this bug. This has been escalated to our on-call team for immediate attention.,Patched the bug and deployed a fix to production.,4.55,0,positive,5,0,api_client,EU
TCKT_002763,2023-10-14 17:36:39,CUST_02110,small_business,in_app,api_integration,security_concern,medium,in_progress,standard,We need details about your data encryption and compliance.,We take security very seriously. Our team is reviewing this and will follow up within 24 hours.,,,1,negative,2,0,web,MEA
TCKT_002796,2023-10-26 17:34:25,CUST_04452,non_profit,web_form,login_auth,performance,high,in_progress,standard,Queries in the login auth module are timing out.,We understand performance issues can be frustrating. We are prioritizing this and will update you as soon as possible.,,,1,negative,2,0,desktop_app,MEA
TCKT_002801,2023-10-07 06:56:23,CUST_04837,education,email,analytics_dashboard,other,high,resolved,gold,I have a general question about my account.,Thanks for contacting support. We are prioritizing this and will update you as soon as possible.,Provided general guidance and confirmed the issue was resolved.,15.23,0,neutral,0,1,desktop_app,MEA
TCKT_002846,2023-10-26 20:30:31,CUST_03369,enterprise,in_app,notifications,security_concern,high,resolved,standard,We need details about your data encryption and compliance.,We take security very seriously. We are prioritizing this and will update you as soon as possible.,"Investigated logs, mitigated the issue, and updated security settings.",5.45,0,neutral,0,1,web,APAC
TCKT_002917,2023-10-12 12:24:07,CUST_00981,small_business,email,login_auth,account_access,low,resolved,gold,I cannot log in; the system says my password is incorrect.,Sorry to hear you're having trouble accessing your account. We will look into this and get back to you within the next 48 hours.,Reset account credentials and confirmed successful login.,49.9,0,neutral,0,0,android,
TCKT_002957,2023-10-31 18:15:46,CUST_00567,individual,in_app,analytics_dashboard,account_access,low,in_progress,standard,My 2FA code is not working when I try to sign in.,Sorry to hear you're having trouble accessing your account. We will look into this and get back to you within the next 48 hours.,,,0,negative,3,1,api_client,EU
TCKT_003011,2023-10-21 11:39:52,CUST_02255,non_profit,phone_transcript,login_auth,bug,medium,resolved,standard,The page keeps crashing whenever I try to open the login auth section.,Thanks for reporting this bug. Our team is reviewing this and will follow up within 24 hours.,Patched the bug and deployed a fix to production.,29.32,0,negative,3,0,desktop_app,EU
TCKT_003066,2023-10-25 06:18:20,CUST_00639,non_profit,in_app,billing,performance,medium,on_hold,platinum,Queries in the billing module are timing out.,We understand performance issues can be frustrating. Our team is reviewing this and will follow up within 24 hours.,,,0,negative,0,1,android,LATAM
TCKT_003086,2023-10-01 14:05:18,CUST_00471,enterprise,web_form,mobile_app,bug,medium,resolved,standard,I am seeing an error message when I click on mobile app.,Thanks for reporting this bug. Our team is reviewing this and will follow up within 24 hours.,Patched the bug and deployed a fix to production.,28.42,0,neutral,0,0,android,EU
TCKT_003153,2023-10-31 10:03:38,CUST_07643,individual,web_form,billing,how_to,medium,in_progress,gold,I need help setting up billing for my team.,Happy to help with your question. Our team is reviewing this and will follow up within 24 hours.,,,0,very_positive,0,0,android,EU
TCKT_003174,2023-10-01 11:26:01,CUST_06254,individual,phone_transcript,data_export,billing_problem,high,in_progress,standard,My invoice amount is incorrect compared to the plan I selected.,Thanks for reaching out about the billing issue. We are prioritizing this and will update you as soon as possible.,,,0,neutral,3,1,desktop_app,LATAM
TCKT_003179,2023-10-28 08:54:50,CUST_09443,individual,email,mobile_app,billing_problem,medium,resolved,standard,I downgraded my plan but I am still being billed for the higher tier.,Thanks for reaching out about the billing issue. Our team is reviewing this and will follow up within 24 hours.,Adjusted the invoice and issued a refund where applicable.,4.68,0,negative,2,0,api_client,APAC
TCKT_003233,2023-10-25 12:30:02,CUST_07875,enterprise,email,analytics_dashboard,security_concern,urgent,resolved,standard,I noticed a suspicious login on my account.,We take security very seriously. This has been escalated to our on-call team for immediate attention.,"Investigated logs, mitigated the issue, and updated security settings.",5.05,0,neutral,4,1,web,MEA
TCKT_003240,2023-10-02 01:13:43,CUST_00221,small_business,chat,login_auth,feature_request,low,on_hold,standard,Our team needs more advanced options for login auth.,Thanks for your feature suggestion. We will look into this and get back to you within the next 48 hours.,,,0,positive,0,0,api_client,
TCKT_003265,2023-10-13 02:47:57,CUST_02176,small_business,email,api_integration,how_to,high,resolved,standard,Can you explain how to configure api integration properly?,Happy to help with your question. We are prioritizing this and will update you as soon as possible.,Provided step-by-step instructions and relevant documentation.,8.69,1,neutral,0,1,desktop_app,APAC
TCKT_003285,2023-10-31 02:12:19,CUST_06004,small_business,in_app,login_auth,account_access,medium,resolved,standard,My 2FA code is not working when I try to sign in.,Sorry to hear you're having trouble accessing your account. Our team is reviewing this and will follow up within 24 hours.,Reset account credentials and confirmed successful login.,33.2,0,negative,2,0,api_client,LATAM
TCKT_003305,2023-10-16 05:21:05,CUST_01833,education,chat,data_export,how_to,low,resolved,standard,How can I export my data from the data export section?,Happy to help with your question. We will look into this and get back to you within the next 48 hours.,Provided step-by-step instructions and relevant documentation.,34.63,0,neutral,3,0,ios,EU
TCKT_003333,2023-10-21 22:41:48,CUST_09608,individual,chat,data_export,performance,high,resolved,gold,Queries in the data export module are timing out.,We understand performance issues can be frustrating. We are prioritizing this and will update you as soon as possible.,Optimized queries and increased resource allocation.,11.08,0,negative,3,0,api_client,LATAM
TCKT_003344,2023-10-05 18:03:02,CUST_04731,enterprise,email,mobile_app,other,medium,open,gold,I have a general question about my account.,Thanks for contacting support. Our team is reviewing this and will follow up within 24 hours.,,,0,negative,2,1,android,
TCKT_003437,2023-10-26 11:33:10,CUST_03819,individual,web_form,login_auth,feature_request,high,open,gold,Our team needs more advanced options for login auth.,Thanks for your feature suggestion. We are prioritizing this and will update you as soon as possible.,,,0,negative,2,0,desktop_app,LATAM
TCKT_003543,2023-10-23 10:10:48,CUST_04543,small_business,chat,mobile_app,feature_request,low,resolved,standard,It would be great to have mobile app support in your product.,Thanks for your feature suggestion. We will look into this and get back to you within the next 48 hours.,Captured the request and added it to the product backlog.,24.34,0,positive,4,0,desktop_app,
TCKT_003627,2023-10-06 08:50:13,CUST_03601,education,email,notifications,how_to,medium,in_progress,platinum,Can you explain how to configure notifications properly?,Happy to help with your question. Our team is reviewing this and will follow up within 24 hours.,,,0,negative,2,0,desktop_app,EU
TCKT_003812,2023-10-25 00:28:20,CUST_01703,education,phone_transcript,api_integration,account_access,medium,on_hold,standard,I cannot log in; the system says my password is incorrect.,Sorry to hear you're having trouble accessing your account. Our team is reviewing this and will follow up within 24 hours.,,,0,positive,4,0,desktop_app,MEA
TCKT_003882,2023-10-15 22:28:40,CUST_07607,individual,email,data_export,other,low,in_progress,standard,"Something seems off, can you please check my workspace?",Thanks for contacting support. We will look into this and get back to you within the next 48 hours.,,,0,neutral,3,0,ios,
TCKT_003906,2023-10-28 02:12:02,CUST_00450,small_business,chat,billing,performance,urgent,in_progress,gold,The billing page is very slow and takes a long time to load.,We understand performance issues can be frustrating. This has been escalated to our on-call team for immediate attention.,,,0,negative,3,0,api_client,LATAM
TCKT_003933,2023-10-01 21:52:25,CUST_03969,enterprise,web_form,notifications,feature_request,low,resolved,gold,Can you add an option to customize notifications?,Thanks for your feature suggestion. We will look into this and get back to you within the next 48 hours.,Captured the request and added it to the product backlog.,17.48,0,very_positive,5,0,desktop_app,
TCKT_004033,2023-10-04 05:40:38,CUST_06809,education,in_app,billing,bug,low,resolved,gold,The billing feature is not saving my changes.,Thanks for reporting this bug. We will look into this and get back to you within the next 48 hours.,Patched the bug and deployed a fix to production.,35.61,0,positive,5,0,desktop_app,APAC
TCKT_004040,2023-10-23 11:45:54,CUST_00498,education,chat,analytics_dashboard,billing_problem,high,on_hold,standard,I downgraded my plan but I am still being billed for the higher tier.,Thanks for reaching out about the billing issue. We are prioritizing this and will update you as soon as possible.,,,0,negative,3,0,ios,MEA
TCKT_004050,2023-10-21 15:59:27,CUST_00956,education,email,login_auth,performance,low,resolved,standard,The login auth page is very slow and takes a long time to load.,We understand performance issues can be frustrating. We will look into this and get back to you within the next 48 hours.,Optimized queries and increased resource allocation.,58.63,0,neutral,3,1,desktop_app,LATAM
TCKT_004153,2023-10-04 06:45:46,CUST_06338,small_business,email,mobile_app,security_concern,low,resolved,gold,I noticed a suspicious login on my account.,We take security very seriously. We will look into this and get back to you within the next 48 hours.,"Investigated logs, mitigated the issue, and updated security settings.",51.76,0,positive,4,0,api_client,APAC
TCKT_004469,2023-10-09 20:00:01,CUST_05517,small_business,email,mobile_app,bug,high,resolved,gold,The mobile app feature is not saving my changes.,Thanks for reporting this bug. We are prioritizing this and will update you as soon as possible.,Patched the bug and deployed a fix to production.,7.43,0,positive,4,0,android,APAC
TCKT_004498,2023-10-17 20:10:40,CUST_02861,individual,phone_transcript,login_auth,account_access,high,resolved,standard,My account was locked after multiple failed login attempts.,Sorry to hear you're having trouble accessing your account. We are prioritizing this and will update you as soon as possible.,Reset account credentials and confirmed successful login.,1.59,0,neutral,0,0,android,
TCKT_004522,2023-10-24 10:08:08,CUST_03392,individual,web_form,analytics_dashboard,performance,medium,on_hold,gold,The analytics dashboard page is very slow and takes a long time to load.,We understand performance issues can be frustrating. Our team is reviewing this and will follow up within 24 hours.,,,0,very_positive,5,1,android,
TCKT_004660,2023-10-18 22:52:51,CUST_05393,small_business,web_form,api_integration,account_access,low,resolved,standard,My 2FA code is not working when I try to sign in.,Sorry to hear you're having trouble accessing your account. We will look into this and get back to you within the next 48 hours.,Reset account credentials and confirmed successful login.,25.69,0,very_negative,2,0,android,
TCKT_004711,2023-10-12 13:11:36,CUST_07991,small_business,phone_transcript,notifications,feature_request,high,resolved,gold,Can you add an option to customize notifications?,Thanks for your feature suggestion. We are prioritizing this and will update you as soon as possible.,Captured the request and added it to the product backlog.,21.94,0,very_positive,5,0,desktop_app,LATAM
TCKT_004726,2023-10-08 03:33:52,CUST_00038,education,in_app,mobile_app,account_access,medium,in_progress,standard,My account was locked after multiple failed login attempts.,Sorry to hear you're having trouble accessing your account. Our team is reviewing this and will follow up within 24 hours.,,,0,neutral,3,0,desktop_app,
TCKT_004792,2023-10-06 11:12:22,CUST_07699,individual,in_app,analytics_dashboard,billing_problem,high,resolved,platinum,I was charged twice for my subscription this month.,Thanks for reaching out about the billing issue. We are prioritizing this and will update you as soon as possible.,Adjusted the invoice and issued a refund where applicable.,5.1,0,neutral,4,0,android,EU
TCKT_004798,2023-10-16 09:18:49,CUST_04038,individual,email,api_integration,how_to,medium,open,gold,Can you explain how to configure api integration properly?,Happy to help with your question. Our team is reviewing this and will follow up within 24 hours.,,,0,neutral,3,0,ios,MEA
TCKT_004862,2023-10-05 15:23:42,CUST_07305,education,phone_transcript,mobile_app,performance,high,closed_no_action,platinum,Overall performance has degraded in the last few days.,We understand performance issues can be frustrating. We are prioritizing this and will update you as soon as possible.,Ticket closed without further action after no response from the customer.,170.99,0,neutral,3,1,web,LATAM
TCKT_004896,2023-10-15 04:40:55,CUST_07003,enterprise,email,billing,performance,low,open,standard,The billing page is very slow and takes a long time to load.,We understand performance issues can be frustrating. We will look into this and get back to you within the next 48 hours.,,,0,negative,2,0,desktop_app,EU
TCKT_004951,2023-10-11 20:37:44,CUST_08496,education,in_app,api_integration,security_concern,high,in_progress,standard,We need details about your data encryption and compliance.,We take security very seriously. We are prioritizing this and will update you as soon as possible.,,,0,negative,2,1,ios,
TCKT_005037,2023-10-20 04:41:03,CUST_05402,enterprise,chat,analytics_dashboard,how_to,low,in_progress,standard,Can you explain how to configure analytics dashboard properly?,Happy to help with your question. We will look into this and get back to you within the next 48 hours.,,,0,negative,2,0,api_client,LATAM
TCKT_005217,2023-10-19 19:40:39,CUST_08210,enterprise,in_app,data_export,bug,low,resolved,standard,I am seeing an error message when I click on data export.,Thanks for reporting this bug. We will look into this and get back to you within the next 48 hours.,Patched the bug and deployed a fix to production.,26.81,0,very_positive,5,1,api_client,APAC
TCKT_005515,2023-10-30 12:59:03,CUST_07326,enterprise,email,notifications,security_concern,low,resolved,standard,I noticed a suspicious login on my account.,We take security very seriously. We will look into this and get back to you within the next 48 hours.,"Investigated logs, mitigated the issue, and updated security settings.",51.36,0,very_negative,2,0,api_client,APAC
TCKT_005543,2023-10-03 05:33:40,CUST_05730,non_profit,in_app,login_auth,account_access,low,in_progress,standard,I cannot log in; the system says my password is incorrect.,Sorry to hear you're having trouble accessing your account. We will look into this and get back to you within the next 48 hours.,,,0,very_negative,0,0,android,
TCKT_005615,2023-10-11 11:37:05,CUST_00408,small_business,web_form,billing,security_concern,medium,open,standard,There seems to be a vulnerability in the billing functionality.,We take security very seriously. Our team is reviewing this and will follow up within 24 hours.,,,0,very_negative,2,0,ios,LATAM
TCKT_005651,2023-10-16 18:00:22,CUST_00376,non_profit,phone_transcript,data_export,how_to,low,on_hold,standard,Can you explain how to configure data export properly?,Happy to help with your question. We will look into this and get back to you within the next 48 hours.,,,0,neutral,4,0,android,EU
TCKT_005757,2023-10-20 09:57:03,CUST_03465,small_business,phone_transcript,api_integration,billing_problem,medium,in_progress,gold,I was charged twice for my subscription this month.,Thanks for reaching out about the billing issue. Our team is reviewing this and will follow up within 24 hours.,,,0,negative,3,0,ios,
TCKT_005843,2023-10-07 20:55:57,CUST_08897,individual,email,billing,how_to,medium,resolved,standard,Can you explain how to configure billing properly?,Happy to help with your question. Our team is reviewing this and will follow up within 24 hours.,Provided step-by-step instructions and relevant documentation.,20.16,0,very_positive,5,0,api_client,MEA
TCKT_005954,2023-10-22 05:21:00,CUST_02948,enterprise,web_form,billing,other,low,in_progress,gold,"Something seems off, can you please check my workspace?",Thanks for contacting support. We will look into this and get back to you within the next 48 hours.,,,0,very_positive,5,0,desktop_app,MEA
TCKT_005972,2023-10-19 18:33:09,CUST_00843,small_business,web_form,login_auth,performance,medium,closed_no_action,standard,The login auth page is very slow and takes a long time to load.,We understand performance issues can be frustrating. Our team is reviewing this and will follow up within 24 hours.,Ticket closed without further action after no response from the customer.,141.97,0,very_negative,0,0,android,EU
TCKT_006039,2023-10-29 04:04:37,CUST_03688,individual,chat,billing,bug,medium,open,gold,I am seeing an error message when I click on billing.,Thanks for reporting this bug. Our team is reviewing this and will follow up within 24 hours.,,,0,neutral,4,0,api_client,MEA
TCKT_006084,2023-10-19 10:36:16,CUST_08370,education,email,mobile_app,account_access,high,open,gold,I cannot log in; the system says my password is incorrect.,Sorry to hear you're having trouble accessing your account. We are prioritizing this and will update you as soon as possible.,,,1,positive,5,0,desktop_app,LATAM
TCKT_006087,2023-10-27 01:54:23,CUST_05074,education,web_form,analytics_dashboard,other,medium,resolved,platinum,"Something seems off, can you please check my workspace?",Thanks for contacting support. Our team is reviewing this and will follow up within 24 hours.,Provided general guidance and confirmed the issue was resolved.,18.47,0,positive,4,0,ios,LATAM
TCKT_006204,2023-10-14 04:57:57,CUST_02996,enterprise,web_form,api_integration,bug,urgent,resolved,standard,The page keeps crashing whenever I try to open the api integration section.,Thanks for reporting this bug. This has been escalated to our on-call team for immediate attention.,Patched the bug and deployed a fix to production.,3.0,0,negative,0,0,web,
TCKT_006304,2023-10-05 01:32:03,CUST_00861,non_profit,phone_transcript,notifications,security_concern,low,resolved,standard,There seems to be a vulnerability in the notifications functionality.,We take security very seriously. We will look into this and get back to you within the next 48 hours.,"Investigated logs, mitigated the issue, and updated security settings.",47.95,0,positive,0,1,desktop_app,LATAM
TCKT_006343,2023-10-18 15:46:37,CUST_09650,individual,chat,mobile_app,how_to,medium,in_progress,gold,I need help setting up mobile app for my team.,Happy to help with your question. Our team is reviewing this and will follow up within 24 hours.,,,0,positive,4,0,api_client,APAC
TCKT_006353,2023-10-20 05:00:36,CUST_02184,non_profit,chat,api_integration,account_access,low,open,gold,My account was locked after multiple failed login attempts.,Sorry to hear you're having trouble accessing your account. We will look into this and get back to you within the next 48 hours.,,,0,positive,4,0,api_client,MEA
TCKT_006387,2023-10-30 02:15:06,CUST_08136,non_profit,web_form,login_auth,other,medium,resolved,standard,I need help but I'm not sure which category this fits in.,Thanks for contacting support. Our team is reviewing this and will follow up within 24 hours.,Provided general guidance and confirmed the issue was resolved.,47.91,0,negative,2,0,web,MEA
TCKT_006393,2023-10-31 10:39:17,CUST_03880,small_business,web_form,login_auth,bug,low,in_progress,standard,The page keeps crashing whenever I try to open the login auth section.,Thanks for reporting this bug. We will look into this and get back to you within the next 48 hours.,,,0,neutral,4,0,android,APAC
TCKT_006431,2023-10-21 12:04:29,CUST_01145,education,email,api_integration,bug,high,resolved,standard,I am seeing an error message when I click on api integration.,Thanks for reporting this bug. We are prioritizing this and will update you as soon as possible.,Patched the bug and deployed a fix to production.,21.75,0,very_negative,0,1,desktop_app,APAC
TCKT_006563,2023-10-12 08:05:44,CUST_04455,non_profit,in_app,mobile_app,billing_problem,medium,closed_no_action,standard,I was charged twice for my subscription this month.,Thanks for reaching out about the billing issue. Our team is reviewing this and will follow up within 24 hours.,Ticket closed without further action after no response from the customer.,78.12,0,very_negative,0,0,api_client,MEA
TCKT_006571,2023-10-30 03:00:46,CUST_07498,non_profit,email,billing,bug,urgent,open,standard,I am seeing an error message when I click on billing.,Thanks for reporting this bug. This has been escalated to our on-call team for immediate attention.,,,0,negative,3,1,web,LATAM
TCKT_006597,2023-10-12 21:37:21,CUST_07915,individual,phone_transcript,billing,feature_request,low,on_hold,platinum,Can you add an option to customize billing?,Thanks for your feature suggestion. We will look into this and get back to you within the next 48 hours.,,,0,very_positive,5,0,desktop_app,
TCKT_006703,2023-10-28 02:42:34,CUST_03711,individual,email,data_export,bug,medium,in_progress,standard,The page keeps crashing whenever I try to open the data export section.,Thanks for reporting this bug. Our team is reviewing this and will follow up within 24 hours.,,,0,positive,5,0,ios,APAC
TCKT_006765,2023-10-19 07:54:18,CUST_09064,non_profit,web_form,notifications,security_concern,high,resolved,standard,I noticed a suspicious login on my account.,We take security very seriously. We are prioritizing this and will update you as soon as possible.,"Investigated logs, mitigated the issue, and updated security settings.",10.39,0,negative,2,0,api_client,
TCKT_006785,2023-10-22 11:21:39,CUST_00155,education,phone_transcript,notifications,bug,low,resolved,gold,The notifications feature is not saving my changes.,Thanks for reporting this bug. We will look into this and get back to you within the next 48 hours.,Patched the bug and deployed a fix to production.,9.04,0,negative,0,0,desktop_app,EU
TCKT_006845,2023-10-06 21:02:47,CUST_07174,non_profit,in_app,analytics_dashboard,security_concern,high,resolved,gold,I noticed a suspicious login on my account.,We take security very seriously. We are prioritizing this and will update you as soon as possible.,"Investigated logs, mitigated the issue, and updated security settings.",20.4,0,neutral,3,0,android,MEA
TCKT_006861,2023-10-19 18:15:22,CUST_07014,education,chat,notifications,how_to,medium,resolved,standard,How can I export my data from the notifications section?,Happy to help with your question. Our team is reviewing this and will follow up within 24 hours.,Provided step-by-step instructions and relevant documentation.,29.9,0,very_positive,0,0,api_client,APAC
TCKT_006922,2023-10-03 11:37:58,CUST_02949,individual,web_form,billing,other,high,in_progress,gold,I have a general question about my account.,Thanks for contacting support. We are prioritizing this and will update you as soon as possible.,,,0,neutral,0,0,api_client,MEA
TCKT_006937,2023-10-23 00:18:37,CUST_04137,enterprise,chat,data_export,account_access,medium,resolved,standard,I cannot log in; the system says my password is incorrect.,Sorry to hear you're having trouble accessing your account. Our team is reviewing this and will follow up within 24 hours.,Reset account credentials and confirmed successful login.,9.58,0,very_negative,2,0,android,APAC
TCKT_006998,2023-10-06 14:43:32,CUST_02895,education,email,api_integration,performance,low,in_progress,standard,Queries in the api integration module are timing out.,We understand performance issues can be frustrating. We will look into this and get back to you within the next 48 hours.,,,0,very_negative,1,0,desktop_app,MEA
TCKT_007124,2023-10-18 07:24:27,CUST_02576,non_profit,phone_transcript,mobile_app,security_concern,medium,resolved,standard,We need details about your data encryption and compliance.,We take security very seriously. Our team is reviewing this and will follow up within 24 hours.,"Investigated logs, mitigated the issue, and updated security settings.",39.38,0,very_negative,2,0,android,
TCKT_007193,2023-10-01 08:21:31,CUST_05440,education,phone_transcript,billing,security_concern,low,closed_no_action,standard,I noticed a suspicious login on my account.,We take security very seriously. We will look into this and get back to you within the next 48 hours.,Ticket closed without further action after no response from the customer.,212.89,0,very_negative,0,0,api_client,EU
TCKT_007211,2023-10-10 23:33:00,CUST_01377,small_business,web_form,mobile_app,billing_problem,medium,resolved,gold,I was charged twice for my subscription this month.,Thanks for reaching out about the billing issue. Our team is reviewing this and will follow up within 24 hours.,Adjusted the invoice and issued a refund where applicable.,40.71,0,neutral,0,0,ios,APAC
TCKT_007261,2023-10-13 13:37:42,CUST_07507,non_profit,web_form,login_auth,feature_request,low,resolved,standard,Can you add an option to customize login auth?,Thanks for your feature suggestion. We will look into this and get back to you within the next 48 hours.,Captured the request and added it to the product backlog.,8.05,0,positive,0,0,ios,LATAM
TCKT_007396,2023-10-15 14:07:21,CUST_09660,education,web_form,data_export,other,high,resolved,standard,I have a general question about my account.,Thanks for contacting support. We are prioritizing this and will update you as soon as possible.,Provided general guidance and confirmed the issue was resolved.,18.03,1,neutral,4,0,api_client,APAC
TCKT_007450,2023-10-24 04:18:46,CUST_00231,small_business,email,analytics_dashboard,how_to,medium,resolved,platinum,I need help setting up analytics dashboard for my team.,Happy to help with your question. Our team is reviewing this and will follow up within 24 hours.,Provided step-by-step instructions and relevant documentation.,28.17,0,neutral,3,0,web,APAC
TCKT_007457,2023-10-17 03:24:31,CUST_07912,enterprise,email,login_auth,security_concern,medium,resolved,standard,There seems to be a vulnerability in the login auth functionality.,We take security very seriously. Our team is reviewing this and will follow up within 24 hours.,"Investigated logs, mitigated the issue, and updated security settings.",44.67,0,very_negative,0,0,android,EU
TCKT_007479,2023-10-12 08:52:09,CUST_08782,individual,web_form,mobile_app,how_to,medium,closed_no_action,standard,Can you explain how to configure mobile app properly?,Happy to help with your question. Our team is reviewing this and will follow up within 24 hours.,Ticket closed without further action after no response from the customer.,237.56,0,neutral,0,0,api_client,MEA
TCKT_007747,2023-10-15 06:08:00,CUST_00993,individual,email,api_integration,how_to,medium,in_progress,standard,Can you explain how to configure api integration properly?,Happy to help with your question. Our team is reviewing this and will follow up within 24 hours.,,,0,positive,4,0,desktop_app,LATAM
TCKT_007756,2023-10-13 01:57:37,CUST_04860,small_business,chat,data_export,billing_problem,medium,closed_no_action,standard,I downgraded my plan but I am still being billed for the higher tier.,Thanks for reaching out about the billing issue. Our team is reviewing this and will follow up within 24 hours.,Ticket closed without further action after no response from the customer.,101.29,0,negative,0,0,desktop_app,
TCKT_007831,2023-10-03 03:03:42,CUST_09415,education,email,billing,other,medium,resolved,standard,"Something seems off, can you please check my workspace?",Thanks for contacting support. Our team is reviewing this and will follow up within 24 hours.,Provided general guidance and confirmed the issue was resolved.,17.29,0,negative,2,0,android,APAC
TCKT_007917,2023-10-15 03:39:39,CUST_07263,non_profit,in_app,login_auth,feature_request,low,on_hold,gold,Can you add an option to customize login auth?,Thanks for your feature suggestion. We will look into this and get back to you within the next 48 hours.,,,0,neutral,0,0,android,APAC
TCKT_007961,2023-10-30 23:13:29,CUST_08516,enterprise,web_form,api_integration,other,medium,resolved,gold,I have a general question about my account.,Thanks for contacting support. Our team is reviewing this and will follow up within 24 hours.,Provided general guidance and confirmed the issue was resolved.,37.87,0,very_negative,0,0,desktop_app,LATAM
TCKT_007999,2023-10-19 10:06:03,CUST_02836,education,in_app,billing,bug,medium,resolved,gold,I am seeing an error message when I click on billing.,Thanks for reporting this bug. Our team is reviewing this and will follow up within 24 hours.,Patched the bug and deployed a fix to production.,35.72,0,very_negative,0,0,web,MEA
TCKT_008020,2023-10-25 08:09:06,CUST_05516,enterprise,in_app,billing,billing_problem,medium,resolved,standard,I was charged twice for my subscription this month.,Thanks for reaching out about the billing issue. Our team is reviewing this and will follow up within 24 hours.,Adjusted the invoice and issued a refund where applicable.,33.56,0,negative,2,0,web,LATAM
TCKT_008089,2023-10-23 09:53:26,CUST_00385,enterprise,email,login_auth,account_access,low,in_progress,gold,My account was locked after multiple failed login attempts.,Sorry to hear you're having trouble accessing your account. We will look into this and get back to you within the next 48 hours.,,,0,neutral,0,1,api_client,MEA
TCKT_008095,2023-10-04 06:56:44,CUST_06887,education,email,mobile_app,billing_problem,high,resolved,standard,I downgraded my plan but I am still being billed for the higher tier.,Thanks for reaching out about the billing issue. We are prioritizing this and will update you as soon as possible.,Adjusted the invoice and issued a refund where applicable.,4.84,0,positive,5,0,api_client,APAC
TCKT_008102,2023-10-19 22:24:03,CUST_03709,small_business,web_form,login_auth,account_access,high,in_progress,platinum,My 2FA code is not working when I try to sign in.,Sorry to hear you're having trouble accessing your account. We are prioritizing this and will update you as soon as possible.,,,0,neutral,3,0,desktop_app,
TCKT_008116,2023-10-04 02:44:28,CUST_06892,education,chat,mobile_app,performance,high,resolved,gold,Overall performance has degraded in the last few days.,We understand performance issues can be frustrating. We are prioritizing this and will update you as soon as possible.,Optimized queries and increased resource allocation.,6.7,0,neutral,4,0,android,APAC
TCKT_008154,2023-10-10 17:46:48,CUST_06411,individual,in_app,analytics_dashboard,account_access,low,closed_no_action,standard,I cannot log in; the system says my password is incorrect.,Sorry to hear you're having trouble accessing your account. We will look into this and get back to you within the next 48 hours.,Ticket closed without further action after no response from the customer.,130.69,0,negative,2,1,api_client,APAC
TCKT_008230,2023-10-25 17:15:16,CUST_05474,education,in_app,analytics_dashboard,performance,urgent,open,standard,The analytics dashboard page is very slow and takes a long time to load.,We understand performance issues can be frustrating. This has been escalated to our on-call team for immediate attention.,,,0,negative,3,0,api_client,
TCKT_008343,2023-10-11 07:31:52,CUST_04954,small_business,email,data_export,other,medium,resolved,standard,I have a general question about my account.,Thanks for contacting support. Our team is reviewing this and will follow up within 24 hours.,Provided general guidance and confirmed the issue was resolved.,9.53,0,very_positive,5,0,api_client,
TCKT_008401,2023-10-07 15:30:52,CUST_03467,enterprise,web_form,data_export,account_access,medium,in_progress,standard,My 2FA code is not working when I try to sign in.,Sorry to hear you're having trouble accessing your account. Our team is reviewing this and will follow up within 24 hours.,,,0,neutral,3,0,desktop_app,MEA
TCKT_008412,2023-10-17 17:35:27,CUST_02720,small_business,chat,billing,security_concern,low,in_progress,standard,We need details about your data encryption and compliance.,We take security very seriously. We will look into this and get back to you within the next 48 hours.,,,0,very_positive,5,0,api_client,
TCKT_008435,2023-10-02 07:22:09,CUST_08907,non_profit,email,billing,feature_request,high,in_progress,standard,Our team needs more advanced options for billing.,Thanks for your feature suggestion. We are prioritizing this and will update you as soon as possible.,,,0,very_negative,2,0,desktop_app,EU
TCKT_008616,2023-10-23 07:56:24,CUST_07513,small_business,chat,mobile_app,security_concern,low,resolved,standard,We need details about your data encryption and compliance.,We take security very seriously. We will look into this and get back to you within the next 48 hours.,"Investigated logs, mitigated the issue, and updated security settings.",48.89,0,negative,0,1,web,MEA
TCKT_008642,2023-10-17 22:09:39,CUST_05066,small_business,in_app,analytics_dashboard,bug,low,resolved,gold,The analytics dashboard feature is not saving my changes.,Thanks for reporting this bug. We will look into this and get back to you within the next 48 hours.,Patched the bug and deployed a fix to production.,26.53,0,neutral,3,1,android,MEA
TCKT_008667,2023-10-17 19:42:11,CUST_01604,individual,email,billing,account_access,medium,in_progress,gold,My 2FA code is not working when I try to sign in.,Sorry to hear you're having trouble accessing your account. Our team is reviewing this and will follow up within 24 hours.,,,0,neutral,0,0,android,
TCKT_008689,2023-10-02 07:28:01,CUST_02975,small_business,web_form,notifications,other,low,closed_no_action,standard,I need help but I'm not sure which category this fits in.,Thanks for contacting support. We will look into this and get back to you within the next 48 hours.,Ticket closed without further action after no response from the customer.,88.56,0,very_positive,5,0,android,
TCKT_008690,2023-10-11 00:38:27,CUST_06316,small_business,phone_transcript,login_auth,account_access,urgent,resolved,standard,My 2FA code is not working when I try to sign in.,Sorry to hear you're having trouble accessing your account. This has been escalated to our on-call team for immediate attention.,Reset account credentials and confirmed successful login.,1.42,0,neutral,3,0,api_client,LATAM
TCKT_008728,2023-10-11 22:57:36,CUST_07353,non_profit,in_app,billing,billing_problem,medium,on_hold,standard,I downgraded my plan but I am still being billed for the higher tier.,Thanks for reaching out about the billing issue. Our team is reviewing this and will follow up within 24 hours.,,,0,very_negative,1,0,api_client,EU
TCKT_008763,2023-10-17 08:08:22,CUST_05131,small_business,chat,notifications,bug,low,resolved,standard,The page keeps crashing whenever I try to open the notifications section.,Thanks for reporting this bug. We will look into this and get back to you within the next 48 hours.,Patched the bug and deployed a fix to production.,68.74,0,positive,4,1,web,
TCKT_008779,2023-10-15 12:27:11,CUST_05022,small_business,in_app,analytics_dashboard,other,low,resolved,standard,"Something seems off, can you please check my workspace?",Thanks for contacting support. We will look into this and get back to you within the next 48 hours.,Provided general guidance and confirmed the issue was resolved.,19.6,1,very_positive,5,0,web,EU
TCKT_008785,2023-10-01 00:02:53,CUST_04979,individual,email,notifications,feature_request,medium,resolved,standard,Can you add an option to customize notifications?,Thanks for your feature suggestion. Our team is reviewing this and will follow up within 24 hours.,Captured the request and added it to the product backlog.,16.15,0,negative,3,1,web,LATAM
TCKT_008801,2023-10-12 02:24:57,CUST_06932,individual,chat,login_auth,other,low,resolved,gold,I need help but I'm not sure which category this fits in.,Thanks for contacting support. We will look into this and get back to you within the next 48 hours.,Provided general guidance and confirmed the issue was resolved.,33.94,0,neutral,0,0,desktop_app,EU
TCKT_008806,2023-10-22 12:21:45,CUST_08929,non_profit,phone_transcript,api_integration,other,medium,resolved,standard,I need help but I'm not sure which category this fits in.,Thanks for contacting support. Our team is reviewing this and will follow up within 24 hours.,Provided general guidance and confirmed the issue was resolved.,16.22,1,negative,2,0,ios,MEA
TCKT_008825,2023-10-28 03:45:18,CUST_05837,education,chat,api_integration,security_concern,medium,resolved,standard,There seems to be a vulnerability in the api integration functionality.,We take security very seriously. Our team is reviewing this and will follow up within 24 hours.,"Investigated logs, mitigated the issue, and updated security settings.",41.43,0,very_negative,0,0,web,LATAM
TCKT_008886,2023-10-17 04:11:00,CUST_01412,education,web_form,mobile_app,other,low,in_progress,standard,I need help but I'm not sure which category this fits in.,Thanks for contacting support. We will look into this and get back to you within the next 48 hours.,,,0,negative,2,1,api_client,EU
TCKT_008904,2023-10-17 17:18:21,CUST_05648,individual,phone_transcript,api_integration,how_to,urgent,resolved,gold,I need help setting up api integration for my team.,Happy to help with your question. This has been escalated to our on-call team for immediate attention.,Provided step-by-step instructions and relevant documentation.,0.25,0,positive,5,0,web,APAC
TCKT_009121,2023-10-04 00:23:55,CUST_08180,education,chat,mobile_app,bug,low,resolved,standard,The page keeps crashing whenever I try to open the mobile app section.,Thanks for reporting this bug. We will look into this and get back to you within the next 48 hours.,Patched the bug and deployed a fix to production.,12.15,0,very_positive,5,0,web,MEA
TCKT_009277,2023-10-24 08:27:34,CUST_02609,individual,email,analytics_dashboard,billing_problem,medium,open,gold,I downgraded my plan but I am still being billed for the higher tier.,Thanks for reaching out about the billing issue. Our team is reviewing this and will follow up within 24 hours.,,,0,neutral,4,0,web,LATAM
TCKT_009459,2023-10-08 02:15:24,CUST_03687,small_business,email,data_export,other,low,open,gold,I have a general question about my account.,Thanks for contacting support. We will look into this and get back to you within the next 48 hours.,,,0,neutral,4,0,android,APAC
TCKT_009513,2023-10-20 00:59:05,CUST_03891,non_profit,chat,mobile_app,feature_request,medium,resolved,standard,Can you add an option to customize mobile app?,Thanks for your feature suggestion. Our team is reviewing this and will follow up within 24 hours.,Captured the request and added it to the product backlog.,33.92,0,positive,5,0,web,
TCKT_009537,2023-10-09 10:02:18,CUST_06101,small_business,chat,analytics_dashboard,how_to,low,closed_no_action,standard,I need help setting up analytics dashboard for my team.,Happy to help with your question. We will look into this and get back to you within the next 48 hours.,Ticket closed without further action after no response from the customer.,30.41,0,neutral,0,0,desktop_app,APAC
TCKT_009554,2023-10-02 16:21:58,CUST_07656,small_business,phone_transcript,analytics_dashboard,account_access,high,resolved,gold,My account was locked after multiple failed login attempts.,Sorry to hear you're having trouble accessing your account. We are prioritizing this and will update you as soon as possible.,Reset account credentials and confirmed successful login.,22.11,0,very_negative,2,1,web,
TCKT_009635,2023-10-26 17:42:28,CUST_03745,individual,in_app,login_auth,other,low,resolved,platinum,I need help but I'm not sure which category this fits in.,Thanks for contacting support. We will look into this and get back to you within the next 48 hours.,Provided general guidance and confirmed the issue was resolved.,57.04,0,neutral,0,1,ios,LATAM
TCKT_009677,2023-10-01 12:23:13,CUST_03866,non_profit,email,login_auth,bug,low,open,gold,I am seeing an error message when I click on login auth.,Thanks for reporting this bug. We will look into this and get back to you within the next 48 hours.,,,0,very_negative,2,0,api_client,LATAM
TCKT_009744,2023-10-08 06:43:29,CUST_08229,individual,in_app,data_export,security_concern,medium,open,standard,We need details about your data encryption and compliance.,We take security very seriously. Our team is reviewing this and will follow up within 24 hours.,,,0,very_negative,1,1,api_client,MEA
TCKT_009872,2023-10-23 01:51:01,CUST_02871,education,chat,data_export,account_access,medium,resolved,standard,I cannot log in; the system says my password is incorrect.,Sorry to hear you're having trouble accessing your account. Our team is reviewing this and will follow up within 24 hours.,Reset account credentials and confirmed successful login.,46.33,0,positive,5,0,web,LATAM
TCKT_009921,2023-10-07 04:42:07,CUST_01274,education,chat,login_auth,account_access,medium,resolved,gold,I cannot log in; the system says my password is incorrect.,Sorry to hear you're having trouble accessing your account. Our team is reviewing this and will follow up within 24 hours.,Reset account credentials and confirmed successful login.,28.5,0,negative,0,1,api_client,
TCKT_009932,2023-10-05 11:57:04,CUST_02709,education,web_form,analytics_dashboard,performance,low,resolved,platinum,Queries in the analytics dashboard module are timing out.,We understand performance issues can be frustrating. We will look into this and get back to you within the next 48 hours.,Optimized queries and increased resource allocation.,21.98,0,negative,3,0,desktop_app,
TCKT_009989,2023-10-04 23:28:01,CUST_02833,individual,web_form,data_export,account_access,low,in_progress,standard,My account was locked after multiple failed login attempts.,Sorry to hear you're having trouble accessing your account. We will look into this and get back to you within the next 48 hours.,,,0,negative,2,0,web,
TCKT_010051,2023-10-14 16:27:43,CUST_09851,individual,email,data_export,bug,high,in_progress,gold,The data export feature is not saving my changes.,Thanks for reporting this bug. We are prioritizing this and will update you as soon as possible.,,,0,negative,0,0,android,
TCKT_010116,2023-10-15 23:32:41,CUST_07424,individual,chat,analytics_dashboard,how_to,medium,in_progress,standard,Can you explain how to configure analytics dashboard properly?,Happy to help with your question. Our team is reviewing this and will follow up within 24 hours.,,,0,neutral,3,0,web,LATAM
TCKT_010159,2023-10-13 02:40:14,CUST_00255,small_business,chat,mobile_app,performance,medium,in_progress,platinum,The mobile app page is very slow and takes a long time to load.,We understand performance issues can be frustrating. Our team is reviewing this and will follow up within 24 hours.,,,0,negative,0,0,android,
TCKT_010198,2023-10-04 01:09:31,CUST_08486,individual,web_form,login_auth,account_access,high,resolved,standard,I cannot log in; the system says my password is incorrect.,Sorry to hear you're having trouble accessing your account. We are prioritizing this and will update you as soon as possible.,Reset account credentials and confirmed successful login.,16.4,0,negative,0,0,web,LATAM
TCKT_010215,2023-10-03 20:06:35,CUST_03988,non_profit,in_app,api_integration,account_access,high,on_hold,gold,My account was locked after multiple failed login attempts.,Sorry to hear you're having trouble accessing your account. We are prioritizing this and will update you as soon as possible.,,,0,negative,3,0,api_client,APAC
TCKT_010292,2023-10-16 18:53:12,CUST_05379,individual,web_form,api_integration,how_to,high,resolved,gold,I need help setting up api integration for my team.,Happy to help with your question. We are prioritizing this and will update you as soon as possible.,Provided step-by-step instructions and relevant documentation.,17.46,0,negative,2,0,ios,MEA
TCKT_010390,2023-10-29 22:09:56,CUST_03592,individual,chat,data_export,bug,medium,resolved,standard,I am seeing an error message when I click on data export.,Thanks for reporting this bug. Our team is reviewing this and will follow up within 24 hours.,Patched the bug and deployed a fix to production.,36.05,0,negative,2,0,android,EU
TCKT_010394,2023-10-04 06:38:31,CUST_02772,education,in_app,notifications,performance,medium,resolved,standard,The notifications page is very slow and takes a long time to load.,We understand performance issues can be frustrating. Our team is reviewing this and will follow up within 24 hours.,Optimized queries and increased resource allocation.,12.19,0,neutral,4,0,ios,EU
TCKT_010410,2023-10-19 11:49:14,CUST_01949,education,phone_transcript,api_integration,how_to,high,on_hold,gold,Can you explain how to configure api integration properly?,Happy to help with your question. We are prioritizing this and will update you as soon as possible.,,,0,very_positive,5,0,api_client,
TCKT_010421,2023-10-23 02:57:16,CUST_06992,non_profit,chat,mobile_app,performance,low,resolved,gold,The mobile app page is very slow and takes a long time to load.,We understand performance issues can be frustrating. We will look into this and get back to you within the next 48 hours.,Optimized queries and increased resource allocation.,23.6,0,negative,3,0,desktop_app,MEA
TCKT_010555,2023-10-05 02:38:10,CUST_03168,education,email,login_auth,how_to,low,in_progress,standard,I need help setting up login auth for my team.,Happy to help with your question. We will look into this and get back to you within the next 48 hours.,,,0,negative,2,1,desktop_app,MEA
TCKT_010570,2023-10-26 05:02:18,CUST_04995,small_business,in_app,data_export,bug,low,closed_no_action,platinum,The data export feature is not saving my changes.,Thanks for reporting this bug. We will look into this and get back to you within the next 48 hours.,Ticket closed without further action after no response from the customer.,203.99,0,negative,2,0,api_client,APAC
TCKT_010571,2023-10-03 11:03:58,CUST_01786,small_business,email,notifications,other,medium,in_progress,gold,I need help but I'm not sure which category this fits in.,Thanks for contacting support. Our team is reviewing this and will follow up within 24 hours.,,,0,neutral,3,0,desktop_app,
TCKT_010648,2023-10-20 14:31:06,CUST_02606,education,web_form,mobile_app,security_concern,medium,resolved,gold,We need details about your data encryption and compliance.,We take security very seriously. Our team is reviewing this and will follow up within 24 hours.,"Investigated logs, mitigated the issue, and updated security settings.",18.97,0,very_positive,5,0,desktop_app,LATAM
TCKT_010736,2023-10-15 16:50:28,CUST_00077,education,email,notifications,security_concern,urgent,in_progress,platinum,There seems to be a vulnerability in the notifications functionality.,We take security very seriously. This has been escalated to our on-call team for immediate attention.,,,0,very_negative,1,0,android,EU
TCKT_010748,2023-10-12 03:02:57,CUST_00578,enterprise,email,billing,performance,urgent,in_progress,standard,Queries in the billing module are timing out.,We understand performance issues can be frustrating. This has been escalated to our on-call team for immediate attention.,,,0,neutral,0,0,api_client,EU
TCKT_010792,2023-10-28 08:03:21,CUST_00308,small_business,in_app,mobile_app,performance,low,in_progress,gold,Overall performance has degraded in the last few days.,We understand performance issues can be frustrating. We will look into this and get back to you within the next 48 hours.,,,0,neutral,4,0,api_client,EU
TCKT_010871,2023-10-17 07:38:17,CUST_03436,small_business,chat,notifications,performance,medium,resolved,standard,Queries in the notifications module are timing out.,We understand performance issues can be frustrating. Our team is reviewing this and will follow up within 24 hours.,Optimized queries and increased resource allocation.,23.4,0,neutral,3,0,api_client,LATAM
TCKT_010904,2023-10-18 05:11:49,CUST_04790,enterprise,in_app,analytics_dashboard,billing_problem,low,on_hold,platinum,I was charged twice for my subscription this month.,Thanks for reaching out about the billing issue. We will look into this and get back to you within the next 48 hours.,,,0,positive,5,1,api_client,MEA
TCKT_010936,2023-10-13 20:00:08,CUST_04908,non_profit,chat,data_export,billing_problem,medium,resolved,standard,I downgraded my plan but I am still being billed for the higher tier.,Thanks for reaching out about the billing issue. Our team is reviewing this and will follow up within 24 hours.,Adjusted the invoice and issued a refund where applicable.,32.64,0,neutral,3,0,web,
TCKT_010940,2023-10-03 19:24:07,CUST_08636,small_business,chat,login_auth,performance,low,in_progress,standard,The login auth page is very slow and takes a long time to load.,We understand performance issues can be frustrating. We will look into this and get back to you within the next 48 hours.,,,1,negative,0,0,ios,APAC
TCKT_010998,2023-10-20 18:24:28,CUST_07321,small_business,email,data_export,performance,medium,resolved,standard,Overall performance has degraded in the last few days.,We understand performance issues can be frustrating. Our team is reviewing this and will follow up within 24 hours.,Optimized queries and increased resource allocation.,5.79,0,negative,0,1,ios,APAC
TCKT_011032,2023-10-13 21:17:23,CUST_02583,small_business,phone_transcript,data_export,performance,low,resolved,gold,The data export page is very slow and takes a long time to load.,We understand performance issues can be frustrating. We will look into this and get back to you within the next 48 hours.,Optimized queries and increased resource allocation.,17.26,0,positive,4,0,android,APAC
TCKT_011054,2023-10-31 03:42:36,CUST_06673,education,chat,mobile_app,performance,medium,resolved,standard,Overall performance has degraded in the last few days.,We understand performance issues can be frustrating. Our team is reviewing this and will follow up within 24 hours.,Optimized queries and increased resource allocation.,4.15,0,negative,3,0,api_client,
TCKT_011143,2023-10-24 18:20:26,CUST_00007,education,web_form,analytics_dashboard,performance,low,resolved,standard,Overall performance has degraded in the last few days.,We understand performance issues can be frustrating. We will look into this and get back to you within the next 48 hours.,Optimized queries and increased resource allocation.,66.4,0,very_negative,1,0,desktop_app,APAC
TCKT_011221,2023-10-08 00:39:03,CUST_09357,education,phone_transcript,data_export,performance,low,closed_no_action,gold,Overall performance has degraded in the last few days.,We understand performance issues can be frustrating. We will look into this and get back to you within the next 48 hours.,Ticket closed without further action after no response from the customer.,101.11,1,negative,2,1,api_client,LATAM
TCKT_011222,2023-10-12 22:19:12,CUST_00747,individual,web_form,mobile_app,account_access,high,on_hold,standard,I cannot log in; the system says my password is incorrect.,Sorry to hear you're having trouble accessing your account. We are prioritizing this and will update you as soon as possible.,,,0,positive,0,0,android,
TCKT_011249,2023-10-25 03:14:39,CUST_00656,individual,email,api_integration,performance,urgent,in_progress,standard,Queries in the api integration module are timing out.,We understand performance issues can be frustrating. This has been escalated to our on-call team for immediate attention.,,,1,neutral,0,0,android,APAC
TCKT_011279,2023-10-25 11:58:23,CUST_05897,individual,chat,notifications,performance,low,closed_no_action,gold,Queries in the notifications module are timing out.,We understand performance issues can be frustrating. We will look into this and get back to you within the next 48 hours.,Ticket closed without further action after no response from the customer.,85.58,0,positive,5,0,ios,EU
TCKT_011316,2023-10-14 12:55:12,CUST_09631,individual,chat,billing,bug,medium,resolved,standard,The billing feature is not saving my changes.,Thanks for reporting this bug. Our team is reviewing this and will follow up within 24 hours.,Patched the bug and deployed a fix to production.,6.54,0,positive,0,0,api_client,MEA
TCKT_011317,2023-10-23 01:45:29,CUST_07758,education,chat,mobile_app,performance,low,resolved,standard,The mobile app page is very slow and takes a long time to load.,We understand performance issues can be frustrating. We will look into this and get back to you within the next 48 hours.,Optimized queries and increased resource allocation.,17.23,0,negative,3,1,web,
TCKT_011375,2023-10-06 22:44:26,CUST_07202,non_profit,in_app,login_auth,feature_request,low,in_progress,standard,It would be great to have login auth support in your product.,Thanks for your feature suggestion. We will look into this and get back to you within the next 48 hours.,,,0,very_negative,1,0,api_client,EU
TCKT_011394,2023-10-16 18:17:38,CUST_01369,education,in_app,data_export,security_concern,medium,open,standard,We need details about your data encryption and compliance.,We take security very seriously. Our team is reviewing this and will follow up within 24 hours.,,,0,neutral,4,0,android,
TCKT_011437,2023-10-27 08:38:08,CUST_00322,small_business,email,mobile_app,security_concern,medium,resolved,gold,We need details about your data encryption and compliance.,We take security very seriously. Our team is reviewing this and will follow up within 24 hours.,"Investigated logs, mitigated the issue, and updated security settings.",29.63,0,very_negative,2,0,ios,LATAM
TCKT_011537,2023-10-23 08:52:36,CUST_08134,enterprise,in_app,login_auth,billing_problem,low,resolved,standard,I was charged twice for my subscription this month.,Thanks for reaching out about the billing issue. We will look into this and get back to you within the next 48 hours.,Adjusted the invoice and issued a refund where applicable.,11.66,0,negative,3,0,web,APAC
TCKT_011667,2023-10-06 08:32:36,CUST_08171,enterprise,email,billing,how_to,urgent,resolved,standard,Can you explain how to configure billing properly?,Happy to help with your question. This has been escalated to our on-call team for immediate attention.,Provided step-by-step instructions and relevant documentation.,0.11,0,positive,4,0,web,EU
TCKT_011777,2023-10-19 20:06:54,CUST_04558,individual,in_app,api_integration,account_access,low,resolved,standard,My account was locked after multiple failed login attempts.,Sorry to hear you're having trouble accessing your account. We will look into this and get back to you within the next 48 hours.,Reset account credentials and confirmed successful login.,68.96,0,neutral,0,0,desktop_app,APAC
TCKT_011871,2023-10-05 09:56:42,CUST_04426,small_business,web_form,notifications,bug,high,resolved,standard,The notifications feature is not saving my changes.,Thanks for reporting this bug. We are prioritizing this and will update you as soon as possible.,Patched the bug and deployed a fix to production.,5.63,0,neutral,3,1,api_client,LATAM
TCKT_011881,2023-10-27 00:54:26,CUST_05655,enterprise,web_form,mobile_app,other,high,on_hold,standard,"Something seems off, can you please check my workspace?",Thanks for contacting support. We are prioritizing this and will update you as soon as possible.,,,0,positive,4,0,api_client,
TCKT_011891,2023-10-09 06:35:19,CUST_02561,enterprise,phone_transcript,login_auth,account_access,low,resolved,standard,My account was locked after multiple failed login attempts.,Sorry to hear you're having trouble accessing your account. We will look into this and get back to you within the next 48 hours.,Reset account credentials and confirmed successful login.,12.36,0,very_negative,2,0,ios,LATAM
TCKT_012019,2023-10-03 13:51:41,CUST_03992,small_business,phone_transcript,data_export,account_access,low,open,gold,My 2FA code is not working when I try to sign in.,Sorry to hear you're having trouble accessing your account. We will look into this and get back to you within the next 48 hours.,,,0,very_negative,2,0,desktop_app,LATAM
TCKT_012057,2023-10-03 00:25:06,CUST_04857,individual,phone_transcript,analytics_dashboard,feature_request,high,resolved,standard,It would be great to have analytics dashboard support in your product.,Thanks for your feature suggestion. We are prioritizing this and will update you as soon as possible.,Captured the request and added it to the product backlog.,3.54,0,positive,4,0,android,
TCKT_012134,2023-10-28 08:34:01,CUST_04374,non_profit,in_app,billing,other,low,resolved,platinum,I need help but I'm not sure which category this fits in.,Thanks for contacting support. We will look into this and get back to you within the next 48 hours.,Provided general guidance and confirmed the issue was resolved.,23.47,0,very_negative,0,0,android,APAC
TCKT_012242,2023-10-30 02:12:07,CUST_09725,enterprise,phone_transcript,data_export,feature_request,low,open,standard,Can you add an option to customize data export?,Thanks for your feature suggestion. We will look into this and get back to you within the next 48 hours.,,,0,positive,4,0,web,MEA
TCKT_012325,2023-10-03 10:23:15,CUST_01868,education,phone_transcript,analytics_dashboard,other,low,in_progress,standard,I need help but I'm not sure which category this fits in.,Thanks for contacting support. We will look into this and get back to you within the next 48 hours.,,,1,positive,4,0,api_client,APAC
TCKT_012359,2023-10-27 17:44:03,CUST_09001,enterprise,phone_transcript,analytics_dashboard,how_to,high,resolved,standard,I need help setting up analytics dashboard for my team.,Happy to help with your question. We are prioritizing this and will update you as soon as possible.,Provided step-by-step instructions and relevant documentation.,11.79,0,positive,0,1,desktop_app,LATAM
TCKT_012441,2023-10-19 07:04:13,CUST_02104,education,email,mobile_app,feature_request,low,resolved,gold,Our team needs more advanced options for mobile app.,Thanks for your feature suggestion. We will look into this and get back to you within the next 48 hours.,Captured the request and added it to the product backlog.,38.02,0,positive,0,0,ios,
TCKT_012463,2023-10-09 08:41:04,CUST_03735,small_business,phone_transcript,data_export,feature_request,medium,resolved,gold,Can you add an option to customize data export?,Thanks for your feature suggestion. Our team is reviewing this and will follow up within 24 hours.,Captured the request and added it to the product backlog.,8.41,0,neutral,3,1,api_client,APAC
TCKT_012477,2023-10-28 14:38:34,CUST_05342,small_business,web_form,data_export,other,low,in_progress,standard,I need help but I'm not sure which category this fits in.,Thanks for contacting support. We will look into this and get back to you within the next 48 hours.,,,0,very_positive,0,0,api_client,MEA
TCKT_012609,2023-10-30 09:08:47,CUST_01832,small_business,phone_transcript,billing,billing_problem,low,in_progress,standard,My invoice amount is incorrect compared to the plan I selected.,Thanks for reaching out about the billing issue. We will look into this and get back to you within the next 48 hours.,,,0,negative,3,0,android,LATAM
TCKT_012638,2023-10-23 16:03:04,CUST_06864,non_profit,phone_transcript,login_auth,other,urgent,resolved,gold,"Something seems off, can you please check my workspace?",Thanks for contacting support. This has been escalated to our on-call team for immediate attention.,Provided general guidance and confirmed the issue was resolved.,2.16,0,positive,5,0,api_client,
TCKT_012688,2023-10-16 10:19:44,CUST_07344,small_business,chat,data_export,feature_request,medium,resolved,gold,Can you add an option to customize data export?,Thanks for your feature suggestion. Our team is reviewing this and will follow up within 24 hours.,Captured the request and added it to the product backlog.,4.9,0,very_positive,5,1,desktop_app,APAC
TCKT_012689,2023-10-29 05:18:33,CUST_03504,education,in_app,analytics_dashboard,feature_request,urgent,resolved,gold,Can you add an option to customize analytics dashboard?,Thanks for your feature suggestion. This has been escalated to our on-call team for immediate attention.,Captured the request and added it to the product backlog.,2.39,0,positive,0,0,web,MEA
TCKT_012710,2023-10-05 07:07:44,CUST_05798,non_profit,email,billing,billing_problem,low,resolved,standard,My invoice amount is incorrect compared to the plan I selected.,Thanks for reaching out about the billing issue. We will look into this and get back to you within the next 48 hours.,Adjusted the invoice and issued a refund where applicable.,28.99,0,very_negative,1,1,android,
TCKT_012853,2023-10-05 06:40:37,CUST_05063,education,web_form,analytics_dashboard,security_concern,high,resolved,gold,There seems to be a vulnerability in the analytics dashboard functionality.,We take security very seriously. We are prioritizing this and will update you as soon as possible.,"Investigated logs, mitigated the issue, and updated security settings.",18.21,0,neutral,4,0,web,MEA
TCKT_012903,2023-10-03 21:24:14,CUST_06624,individual,chat,billing,other,high,in_progress,standard,"Something seems off, can you please check my workspace?",Thanks for contacting support. We are prioritizing this and will update you as soon as possible.,,,0,positive,5,1,web,LATAM
TCKT_013080,2023-10-17 05:26:53,CUST_01218,small_business,email,notifications,billing_problem,low,closed_no_action,standard,I downgraded my plan but I am still being billed for the higher tier.,Thanks for reaching out about the billing issue. We will look into this and get back to you within the next 48 hours.,Ticket closed without further action after no response from the customer.,229.92,0,neutral,3,0,ios,APAC
TCKT_013189,2023-10-01 01:29:43,CUST_01146,enterprise,email,notifications,billing_problem,high,open,platinum,I was charged twice for my subscription this month.,Thanks for reaching out about the billing issue. We are prioritizing this and will update you as soon as possible.,,,1,very_positive,0,0,android,
TCKT_013212,2023-10-30 20:01:03,CUST_07642,non_profit,chat,data_export,bug,low,on_hold,standard,The data export feature is not saving my changes.,Thanks for reporting this bug. We will look into this and get back to you within the next 48 hours.,,,0,negative,3,0,android,
TCKT_013253,2023-10-15 00:12:27,CUST_01728,non_profit,web_form,notifications,how_to,low,in_progress,gold,I need help setting up notifications for my team.,Happy to help with your question. We will look into this and get back to you within the next 48 hours.,,,0,neutral,4,0,desktop_app,MEA
TCKT_013267,2023-10-23 19:42:18,CUST_01670,non_profit,web_form,login_auth,security_concern,high,open,gold,I noticed a suspicious login on my account.,We take security very seriously. We are prioritizing this and will update you as soon as possible.,,,0,negative,0,1,android,EU
TCKT_013321,2023-10-08 02:26:59,CUST_01916,small_business,web_form,billing,billing_problem,low,on_hold,gold,My invoice amount is incorrect compared to the plan I selected.,Thanks for reaching out about the billing issue. We will look into this and get back to you within the next 48 hours.,,,0,neutral,4,0,android,APAC
TCKT_013345,2023-10-02 13:37:01,CUST_01928,individual,chat,billing,security_concern,medium,closed_no_action,standard,There seems to be a vulnerability in the billing functionality.,We take security very seriously. Our team is reviewing this and will follow up within 24 hours.,Ticket closed without further action after no response from the customer.,42.92,0,very_negative,2,0,web,APAC
TCKT_013435,2023-10-22 13:56:41,CUST_05686,enterprise,chat,billing,billing_problem,medium,in_progress,platinum,My invoice amount is incorrect compared to the plan I selected.,Thanks for reaching out about the billing issue. Our team is reviewing this and will follow up within 24 hours.,,,0,negative,2,0,android,EU
TCKT_013455,2023-10-04 13:43:07,CUST_05698,non_profit,web_form,login_auth,bug,low,resolved,gold,I am seeing an error message when I click on login auth.,Thanks for reporting this bug. We will look into this and get back to you within the next 48 hours.,Patched the bug and deployed a fix to production.,15.94,0,neutral,3,1,desktop_app,APAC
TCKT_013462,2023-10-28 07:59:37,CUST_00484,education,in_app,notifications,feature_request,medium,in_progress,platinum,Our team needs more advanced options for notifications.,Thanks for your feature suggestion. Our team is reviewing this and will follow up within 24 hours.,,,0,very_positive,5,0,desktop_app,
TCKT_013469,2023-10-19 07:23:21,CUST_07592,education,web_form,notifications,bug,medium,in_progress,standard,The notifications feature is not saving my changes.,Thanks for reporting this bug. Our team is reviewing this and will follow up within 24 hours.,,,0,very_positive,5,0,api_client,MEA
TCKT_013519,2023-10-13 02:46:02,CUST_08299,enterprise,email,billing,billing_problem,medium,resolved,gold,My invoice amount is incorrect compared to the plan I selected.,Thanks for reaching out about the billing issue. Our team is reviewing this and will follow up within 24 hours.,Adjusted the invoice and issued a refund where applicable.,16.43,0,negative,3,0,api_client,
TCKT_013566,2023-10-09 19:30:19,CUST_07589,non_profit,in_app,mobile_app,how_to,medium,on_hold,standard,I need help setting up mobile app for my team.,Happy to help with your question. Our team is reviewing this and will follow up within 24 hours.,,,0,negative,2,1,api_client,LATAM
TCKT_013671,2023-10-31 04:30:34,CUST_04982,non_profit,web_form,mobile_app,performance,high,closed_no_action,standard,Queries in the mobile app module are timing out.,We understand performance issues can be frustrating. We are prioritizing this and will update you as soon as possible.,Ticket closed without further action after no response from the customer.,125.6,0,very_negative,0,1,api_client,LATAM
TCKT_013720,2023-10-20 12:36:21,CUST_02599,enterprise,phone_transcript,login_auth,security_concern,low,resolved,gold,I noticed a suspicious login on my account.,We take security very seriously. We will look into this and get back to you within the next 48 hours.,"Investigated logs, mitigated the issue, and updated security settings.",49.48,0,very_positive,5,0,desktop_app,EU
TCKT_013739,2023-10-15 01:11:51,CUST_05476,non_profit,email,notifications,billing_problem,low,resolved,standard,I was charged twice for my subscription this month.,Thanks for reaching out about the billing issue. We will look into this and get back to you within the next 48 hours.,Adjusted the invoice and issued a refund where applicable.,17.57,0,positive,5,0,desktop_app,
TCKT_013791,2023-10-04 07:25:06,CUST_00998,non_profit,in_app,notifications,bug,medium,in_progress,platinum,I am seeing an error message when I click on notifications.,Thanks for reporting this bug. Our team is reviewing this and will follow up within 24 hours.,,,0,very_positive,0,0,ios,LATAM
TCKT_013836,2023-10-04 09:26:02,CUST_05468,small_business,chat,login_auth,performance,low,resolved,standard,The login auth page is very slow and takes a long time to load.,We understand performance issues can be frustrating. We will look into this and get back to you within the next 48 hours.,Optimized queries and increased resource allocation.,19.07,0,negative,0,1,ios,EU
TCKT_014059,2023-10-04 21:08:05,CUST_07038,non_profit,chat,notifications,billing_problem,high,resolved,gold,I was charged twice for my subscription this month.,Thanks for reaching out about the billing issue. We are prioritizing this and will update you as soon as possible.,Adjusted the invoice and issued a refund where applicable.,6.28,1,negative,0,0,android,
TCKT_014273,2023-10-15 06:21:19,CUST_01774,education,chat,data_export,security_concern,medium,resolved,standard,We need details about your data encryption and compliance.,We take security very seriously. Our team is reviewing this and will follow up within 24 hours.,"Investigated logs, mitigated the issue, and updated security settings.",37.32,0,negative,3,1,desktop_app,LATAM
TCKT_014350,2023-10-12 09:31:49,CUST_08240,non_profit,phone_transcript,mobile_app,how_to,medium,resolved,gold,Can you explain how to configure mobile app properly?,Happy to help with your question. Our team is reviewing this and will follow up within 24 hours.,Provided step-by-step instructions and relevant documentation.,15.65,0,neutral,3,1,android,MEA
TCKT_014416,2023-10-19 15:55:23,CUST_05053,education,email,api_integration,feature_request,medium,resolved,platinum,It would be great to have api integration support in your product.,Thanks for your feature suggestion. Our team is reviewing this and will follow up within 24 hours.,Captured the request and added it to the product backlog.,20.36,0,positive,5,0,ios,LATAM
TCKT_014475,2023-10-22 00:22:18,CUST_01109,education,chat,login_auth,feature_request,low,resolved,standard,It would be great to have login auth support in your product.,Thanks for your feature suggestion. We will look into this and get back to you within the next 48 hours.,Captured the request and added it to the product backlog.,42.14,0,very_negative,2,1,desktop_app,MEA
TCKT_014506,2023-10-24 01:02:17,CUST_04931,individual,in_app,analytics_dashboard,feature_request,medium,resolved,gold,Our team needs more advanced options for analytics dashboard.,Thanks for your feature suggestion. Our team is reviewing this and will follow up within 24 hours.,Captured the request and added it to the product backlog.,8.57,0,very_positive,5,0,web,
TCKT_014536,2023-10-04 16:14:07,CUST_02955,enterprise,web_form,login_auth,performance,medium,resolved,standard,Queries in the login auth module are timing out.,We understand performance issues can be frustrating. Our team is reviewing this and will follow up within 24 hours.,Optimized queries and increased resource allocation.,6.17,0,neutral,3,0,web,MEA
TCKT_014546,2023-10-28 03:20:49,CUST_00914,enterprise,in_app,billing,security_concern,low,on_hold,standard,I noticed a suspicious login on my account.,We take security very seriously. We will look into this and get back to you within the next 48 hours.,,,0,very_negative,1,0,android,EU
TCKT_014623,2023-10-03 23:41:35,CUST_03747,non_profit,web_form,notifications,billing_problem,low,resolved,platinum,My invoice amount is incorrect compared to the plan I selected.,Thanks for reaching out about the billing issue. We will look into this and get back to you within the next 48 hours.,Adjusted the invoice and issued a refund where applicable.,14.91,0,very_positive,0,0,api_client,MEA
TCKT_014724,2023-10-02 08:36:55,CUST_00453,small_business,phone_transcript,billing,feature_request,medium,in_progress,gold,It would be great to have billing support in your product.,Thanks for your feature suggestion. Our team is reviewing this and will follow up within 24 hours.,,,0,positive,0,0,desktop_app,LATAM
TCKT_014731,2023-10-28 17:42:54,CUST_04718,enterprise,in_app,billing,feature_request,medium,resolved,gold,Can you add an option to customize billing?,Thanks for your feature suggestion. Our team is reviewing this and will follow up within 24 hours.,Captured the request and added it to the product backlog.,20.6,0,negative,0,1,desktop_app,MEA
TCKT_014754,2023-10-12 07:33:59,CUST_09635,individual,web_form,api_integration,other,medium,in_progress,standard,"Something seems off, can you please check my workspace?",Thanks for contacting support. Our team is reviewing this and will follow up within 24 hours.,,,0,neutral,3,0,web,
TCKT_014756,2023-10-26 11:27:53,CUST_04095,non_profit,email,login_auth,performance,medium,closed_no_action,gold,Overall performance has degraded in the last few days.,We understand performance issues can be frustrating. Our team is reviewing this and will follow up within 24 hours.,Ticket closed without further action after no response from the customer.,238.91,0,neutral,4,0,desktop_app,LATAM
TCKT_014807,2023-10-08 21:01:50,CUST_05117,non_profit,web_form,analytics_dashboard,feature_request,low,open,gold,Our team needs more advanced options for analytics dashboard.,Thanks for your feature suggestion. We will look into this and get back to you within the next 48 hours.,,,0,positive,4,0,api_client,LATAM
TCKT_014899,2023-10-15 23:45:28,CUST_09381,non_profit,chat,notifications,security_concern,high,open,standard,I noticed a suspicious login on my account.,We take security very seriously. We are prioritizing this and will update you as soon as possible.,,,0,negative,2,0,api_client,EU
TCKT_014910,2023-10-27 11:50:04,CUST_03984,non_profit,web_form,mobile_app,performance,medium,resolved,standard,Queries in the mobile app module are timing out.,We understand performance issues can be frustrating. Our team is reviewing this and will follow up within 24 hours.,Optimized queries and increased resource allocation.,24.37,0,very_positive,5,0,ios,EU
TCKT_014952,2023-10-30 01:45:16,CUST_03590,education,in_app,notifications,billing_problem,low,resolved,gold,My invoice amount is incorrect compared to the plan I selected.,Thanks for reaching out about the billing issue. We will look into this and get back to you within the next 48 hours.,Adjusted the invoice and issued a refund where applicable.,39.16,1,negative,2,1,web,APAC
TCKT_014994,2023-10-09 07:02:21,CUST_08195,small_business,web_form,billing,feature_request,low,resolved,platinum,It would be great to have billing support in your product.,Thanks for your feature suggestion. We will look into this and get back to you within the next 48 hours.,Captured the request and added it to the product backlog.,62.63,0,neutral,0,1,api_client,LATAM
TCKT_015044,2023-10-13 17:33:54,CUST_00366,enterprise,web_form,data_export,performance,urgent,resolved,standard,Overall performance has degraded in the last few days.,We understand performance issues can be frustrating. This has been escalated to our on-call team for immediate attention.,Optimized queries and increased resource allocation.,1.91,0,neutral,3,0,desktop_app,LATAM
TCKT_015069,2023-10-26 15:29:47,CUST_09049,enterprise,in_app,mobile_app,security_concern,medium,open,standard,There seems to be a vulnerability in the mobile app functionality.,We take security very seriously. Our team is reviewing this and will follow up within 24 hours.,,,0,negative,0,0,api_client,
TCKT_015092,2023-10-05 17:33:43,CUST_00809,education,phone_transcript,notifications,account_access,urgent,resolved,gold,My 2FA code is not working when I try to sign in.,Sorry to hear you're having trouble accessing your account. This has been escalated to our on-call team for immediate attention.,Reset account credentials and confirmed successful login.,1.98,0,negative,2,0,api_client,
TCKT_015093,2023-10-29 17:36:46,CUST_01775,enterprise,chat,billing,feature_request,medium,resolved,standard,It would be great to have billing support in your product.,Thanks for your feature suggestion. Our team is reviewing this and will follow up within 24 hours.,Captured the request and added it to the product backlog.,29.23,0,positive,0,0,ios,APAC
TCKT_015109,2023-10-23 04:58:18,CUST_05467,individual,phone_transcript,billing,how_to,high,in_progress,standard,How can I export my data from the billing section?,Happy to help with your question. We are prioritizing this and will update you as soon as possible.,,,0,neutral,3,0,api_client,LATAM
TCKT_015141,2023-10-18 01:10:44,CUST_03146,enterprise,in_app,notifications,other,medium,in_progress,standard,I have a general question about my account.,Thanks for contacting support. Our team is reviewing this and will follow up within 24 hours.,,,0,negative,0,1,ios,LATAM
TCKT_015179,2023-10-17 21:21:04,CUST_00788,small_business,email,login_auth,security_concern,medium,resolved,platinum,There seems to be a vulnerability in the login auth functionality.,We take security very seriously. Our team is reviewing this and will follow up within 24 hours.,"Investigated logs, mitigated the issue, and updated security settings.",45.0,1,neutral,3,0,api_client,LATAM
TCKT_015183,2023-10-10 03:55:42,CUST_00688,education,phone_transcript,notifications,billing_problem,high,resolved,standard,My invoice amount is incorrect compared to the plan I selected.,Thanks for reaching out about the billing issue. We are prioritizing this and will update you as soon as possible.,Adjusted the invoice and issued a refund where applicable.,11.71,1,neutral,3,0,android,APAC
TCKT_015199,2023-10-03 00:06:16,CUST_01298,individual,chat,notifications,other,low,closed_no_action,gold,I have a general question about my account.,Thanks for contacting support. We will look into this and get back to you within the next 48 hours.,Ticket closed without further action after no response from the customer.,74.48,0,very_negative,2,0,api_client,EU
TCKT_015241,2023-10-13 08:35:50,CUST_07429,individual,email,login_auth,other,medium,open,standard,"Something seems off, can you please check my workspace?",Thanks for contacting support. Our team is reviewing this and will follow up within 24 hours.,,,0,neutral,3,1,desktop_app,MEA
TCKT_015249,2023-10-15 12:05:24,CUST_05525,individual,web_form,api_integration,feature_request,medium,resolved,standard,Can you add an option to customize api integration?,Thanks for your feature suggestion. Our team is reviewing this and will follow up within 24 hours.,Captured the request and added it to the product backlog.,6.4,0,very_positive,0,1,ios,LATAM
TCKT_015368,2023-10-22 06:28:07,CUST_00069,small_business,in_app,data_export,performance,low,closed_no_action,gold,Queries in the data export module are timing out.,We understand performance issues can be frustrating. We will look into this and get back to you within the next 48 hours.,Ticket closed without further action after no response from the customer.,160.2,0,negative,3,0,ios,EU
TCKT_015610,2023-10-01 14:48:51,CUST_07611,individual,web_form,notifications,account_access,low,in_progress,standard,My account was locked after multiple failed login attempts.,Sorry to hear you're having trouble accessing your account. We will look into this and get back to you within the next 48 hours.,,,0,neutral,4,1,ios,EU
TCKT_015713,2023-10-08 15:37:23,CUST_09494,individual,chat,notifications,performance,high,in_progress,standard,Queries in the notifications module are timing out.,We understand performance issues can be frustrating. We are prioritizing this and will update you as soon as possible.,,,0,neutral,4,0,web,LATAM
TCKT_015716,2023-10-08 19:36:44,CUST_04086,individual,in_app,mobile_app,account_access,high,resolved,standard,I cannot log in; the system says my password is incorrect.,Sorry to hear you're having trouble accessing your account. We are prioritizing this and will update you as soon as possible.,Reset account credentials and confirmed successful login.,9.81,0,neutral,0,0,ios,
TCKT_015768,2023-10-22 09:10:49,CUST_00282,enterprise,in_app,mobile_app,billing_problem,low,resolved,standard,I was charged twice for my subscription this month.,Thanks for reaching out about the billing issue. We will look into this and get back to you within the next 48 hours.,Adjusted the invoice and issued a refund where applicable.,33.11,0,negative,0,1,desktop_app,LATAM
TCKT_015770,2023-10-19 03:26:55,CUST_01615,education,in_app,data_export,account_access,medium,resolved,standard,My 2FA code is not working when I try to sign in.,Sorry to hear you're having trouble accessing your account. Our team is reviewing this and will follow up within 24 hours.,Reset account credentials and confirmed successful login.,36.43,0,very_negative,2,0,ios,EU
TCKT_015784,2023-10-30 17:38:05,CUST_06637,individual,web_form,analytics_dashboard,how_to,low,in_progress,gold,How can I export my data from the analytics dashboard section?,Happy to help with your question. We will look into this and get back to you within the next 48 hours.,,,0,neutral,0,1,web,
TCKT_015789,2023-10-29 13:05:30,CUST_07411,education,email,login_auth,other,high,resolved,standard,I have a general question about my account.,Thanks for contacting support. We are prioritizing this and will update you as soon as possible.,Provided general guidance and confirmed the issue was resolved.,12.64,0,positive,0,0,api_client,EU
TCKT_015818,2023-10-15 16:42:47,CUST_08618,small_business,phone_transcript,analytics_dashboard,billing_problem,urgent,resolved,standard,My invoice amount is incorrect compared to the plan I selected.,Thanks for reaching out about the billing issue. This has been escalated to our on-call team for immediate attention.,Adjusted the invoice and issued a refund where applicable.,2.55,0,negative,0,1,android,MEA
TCKT_015840,2023-10-07 02:54:20,CUST_06099,individual,in_app,api_integration,billing_problem,high,in_progress,standard,My invoice amount is incorrect compared to the plan I selected.,Thanks for reaching out about the billing issue. We are prioritizing this and will update you as soon as possible.,,,1,negative,0,0,ios,EU
TCKT_015913,2023-10-19 11:05:06,CUST_02922,small_business,email,billing,performance,urgent,in_progress,standard,Overall performance has degraded in the last few days.,We understand performance issues can be frustrating. This has been escalated to our on-call team for immediate attention.,,,0,negative,0,0,desktop_app,APAC
TCKT_015977,2023-10-31 07:04:47,CUST_06698,small_business,web_form,data_export,performance,urgent,on_hold,platinum,The data export page is very slow and takes a long time to load.,We understand performance issues can be frustrating. This has been escalated to our on-call team for immediate attention.,,,0,negative,3,0,web,APAC
TCKT_016071,2023-10-19 13:11:14,CUST_04431,non_profit,in_app,data_export,security_concern,high,resolved,standard,There seems to be a vulnerability in the data export functionality.,We take security very seriously. We are prioritizing this and will update you as soon as possible.,"Investigated logs, mitigated the issue, and updated security settings.",9.13,0,negative,0,1,desktop_app,APAC
TCKT_016187,2023-10-11 11:08:41,CUST_01918,individual,in_app,notifications,how_to,low,closed_no_action,standard,Can you explain how to configure notifications properly?,Happy to help with your question. We will look into this and get back to you within the next 48 hours.,Ticket closed without further action after no response from the customer.,51.47,0,neutral,4,1,web,APAC
TCKT_016268,2023-10-25 12:38:12,CUST_06236,non_profit,email,mobile_app,account_access,medium,resolved,standard,My account was locked after multiple failed login attempts.,Sorry to hear you're having trouble accessing your account. Our team is reviewing this and will follow up within 24 hours.,Reset account credentials and confirmed successful login.,12.45,0,very_positive,5,1,ios,EU
TCKT_016329,2023-10-22 06:46:04,CUST_06240,enterprise,web_form,mobile_app,security_concern,high,resolved,standard,I noticed a suspicious login on my account.,We take security very seriously. We are prioritizing this and will update you as soon as possible.,"Investigated logs, mitigated the issue, and updated security settings.",9.49,0,positive,5,0,web,APAC
TCKT_016384,2023-10-14 08:54:10,CUST_02266,enterprise,web_form,billing,performance,low,in_progress,standard,The billing page is very slow and takes a long time to load.,We understand performance issues can be frustrating. We will look into this and get back to you within the next 48 hours.,,,0,very_negative,1,0,api_client,APAC
TCKT_016450,2023-10-13 07:27:41,CUST_06956,education,email,analytics_dashboard,performance,low,in_progress,standard,Queries in the analytics dashboard module are timing out.,We understand performance issues can be frustrating. We will look into this and get back to you within the next 48 hours.,,,0,negative,3,1,api_client,
TCKT_016486,2023-10-15 05:54:35,CUST_02927,small_business,web_form,data_export,account_access,urgent,resolved,standard,I cannot log in; the system says my password is incorrect.,Sorry to hear you're having trouble accessing your account. This has been escalated to our on-call team for immediate attention.,Reset account credentials and confirmed successful login.,0.35,0,negative,0,0,android,APAC
TCKT_016501,2023-10-13 22:58:43,CUST_00286,enterprise,chat,analytics_dashboard,account_access,medium,closed_no_action,platinum,I cannot log in; the system says my password is incorrect.,Sorry to hear you're having trouble accessing your account. Our team is reviewing this and will follow up within 24 hours.,Ticket closed without further action after no response from the customer.,191.33,0,negative,3,0,desktop_app,LATAM
TCKT_016517,2023-10-08 13:12:50,CUST_04439,education,in_app,billing,account_access,low,resolved,standard,My account was locked after multiple failed login attempts.,Sorry to hear you're having trouble accessing your account. We will look into this and get back to you within the next 48 hours.,Reset account credentials and confirmed successful login.,15.98,0,neutral,4,0,web,EU
TCKT_016635,2023-10-01 09:49:15,CUST_01803,individual,phone_transcript,notifications,bug,high,resolved,standard,I am seeing an error message when I click on notifications.,Thanks for reporting this bug. We are prioritizing this and will update you as soon as possible.,Patched the bug and deployed a fix to production.,4.2,0,negative,2,1,desktop_app,MEA
TCKT_016728,2023-10-24 15:45:11,CUST_04870,enterprise,in_app,api_integration,other,urgent,on_hold,standard,I have a general question about my account.,Thanks for contacting support. This has been escalated to our on-call team for immediate attention.,,,0,negative,2,0,web,
TCKT_016731,2023-10-21 03:49:51,CUST_00234,non_profit,phone_transcript,notifications,performance,medium,in_progress,gold,The notifications page is very slow and takes a long time to load.,We understand performance issues can be frustrating. Our team is reviewing this and will follow up within 24 hours.,,,0,very_negative,0,0,desktop_app,
TCKT_016738,2023-10-27 03:23:31,CUST_09604,enterprise,web_form,data_export,billing_problem,medium,resolved,standard,My invoice amount is incorrect compared to the plan I selected.,Thanks for reaching out about the billing issue. Our team is reviewing this and will follow up within 24 hours.,Adjusted the invoice and issued a refund where applicable.,5.53,0,negative,2,0,android,APAC
TCKT_016757,2023-10-27 15:56:53,CUST_09948,individual,web_form,api_integration,billing_problem,medium,resolved,platinum,I downgraded my plan but I am still being billed for the higher tier.,Thanks for reaching out about the billing issue. Our team is reviewing this and will follow up within 24 hours.,Adjusted the invoice and issued a refund where applicable.,22.88,1,positive,4,0,android,
TCKT_016821,2023-10-28 02:09:34,CUST_03423,non_profit,chat,api_integration,security_concern,low,on_hold,standard,We need details about your data encryption and compliance.,We take security very seriously. We will look into this and get back to you within the next 48 hours.,,,0,neutral,3,0,desktop_app,APAC
TCKT_016934,2023-10-28 15:00:16,CUST_00753,education,phone_transcript,billing,security_concern,low,on_hold,gold,I noticed a suspicious login on my account.,We take security very seriously. We will look into this and get back to you within the next 48 hours.,,,0,very_negative,0,0,web,APAC
TCKT_016945,2023-10-04 07:22:34,CUST_06445,small_business,in_app,notifications,bug,low,on_hold,gold,The notifications feature is not saving my changes.,Thanks for reporting this bug. We will look into this and get back to you within the next 48 hours.,,,1,neutral,4,1,android,
TCKT_017025,2023-10-31 08:15:07,CUST_05664,small_business,email,analytics_dashboard,bug,low,resolved,platinum,I am seeing an error message when I click on analytics dashboard.,Thanks for reporting this bug. We will look into this and get back to you within the next 48 hours.,Patched the bug and deployed a fix to production.,10.59,0,neutral,0,0,api_client,
TCKT_017031,2023-10-17 21:51:06,CUST_05647,non_profit,email,analytics_dashboard,feature_request,high,closed_no_action,gold,It would be great to have analytics dashboard support in your product.,Thanks for your feature suggestion. We are prioritizing this and will update you as soon as possible.,Ticket closed without further action after no response from the customer.,110.44,0,negative,3,0,android,LATAM
TCKT_017036,2023-10-14 19:24:28,CUST_05644,enterprise,web_form,notifications,feature_request,high,resolved,standard,Can you add an option to customize notifications?,Thanks for your feature suggestion. We are prioritizing this and will update you as soon as possible.,Captured the request and added it to the product backlog.,8.46,0,very_positive,0,0,ios,MEA
TCKT_017081,2023-10-04 20:50:02,CUST_05227,small_business,phone_transcript,billing,account_access,medium,closed_no_action,standard,My account was locked after multiple failed login attempts.,Sorry to hear you're having trouble accessing your account. Our team is reviewing this and will follow up within 24 hours.,Ticket closed without further action after no response from the customer.,201.39,0,negative,2,1,api_client,
TCKT_017120,2023-10-06 01:18:34,CUST_05006,non_profit,in_app,login_auth,how_to,medium,resolved,standard,Can you explain how to configure login auth properly?,Happy to help with your question. Our team is reviewing this and will follow up within 24 hours.,Provided step-by-step instructions and relevant documentation.,46.31,0,neutral,3,1,ios,APAC
TCKT_017252,2023-10-23 01:11:52,CUST_05491,non_profit,web_form,login_auth,bug,low,resolved,standard,The login auth feature is not saving my changes.,Thanks for reporting this bug. We will look into this and get back to you within the next 48 hours.,Patched the bug and deployed a fix to production.,64.99,0,positive,4,0,api_client,APAC
TCKT_017300,2023-10-30 03:11:20,CUST_05579,individual,in_app,notifications,account_access,medium,resolved,standard,My 2FA code is not working when I try to sign in.,Sorry to hear you're having trouble accessing your account. Our team is reviewing this and will follow up within 24 hours.,Reset account credentials and confirmed successful login.,35.23,1,neutral,0,0,ios,LATAM
TCKT_017447,2023-10-22 05:39:25,CUST_01374,individual,phone_transcript,notifications,billing_problem,high,resolved,gold,I downgraded my plan but I am still being billed for the higher tier.,Thanks for reaching out about the billing issue. We are prioritizing this and will update you as soon as possible.,Adjusted the invoice and issued a refund where applicable.,17.42,0,positive,0,0,api_client,LATAM
TCKT_017453,2023-10-07 05:19:04,CUST_06554,education,chat,login_auth,feature_request,medium,resolved,standard,Our team needs more advanced options for login auth.,Thanks for your feature suggestion. Our team is reviewing this and will follow up within 24 hours.,Captured the request and added it to the product backlog.,12.09,0,neutral,0,0,web,LATAM
TCKT_017473,2023-10-13 02:27:07,CUST_05435,non_profit,email,billing,how_to,urgent,resolved,platinum,I need help setting up billing for my team.,Happy to help with your question. This has been escalated to our on-call team for immediate attention.,Provided step-by-step instructions and relevant documentation.,0.52,0,neutral,4,0,desktop_app,MEA
TCKT_017559,2023-10-24 09:33:25,CUST_06159,non_profit,web_form,analytics_dashboard,bug,high,on_hold,platinum,I am seeing an error message when I click on analytics dashboard.,Thanks for reporting this bug. We are prioritizing this and will update you as soon as possible.,,,0,negative,0,0,ios,LATAM
TCKT_017565,2023-10-02 12:20:04,CUST_05251,education,email,analytics_dashboard,other,medium,resolved,gold,I need help but I'm not sure which category this fits in.,Thanks for contacting support. Our team is reviewing this and will follow up within 24 hours.,Provided general guidance and confirmed the issue was resolved.,32.72,0,negative,0,0,web,
TCKT_017686,2023-10-01 23:37:42,CUST_00605,enterprise,chat,data_export,performance,medium,resolved,gold,The data export page is very slow and takes a long time to load.,We understand performance issues can be frustrating. Our team is reviewing this and will follow up within 24 hours.,Optimized queries and increased resource allocation.,17.12,0,negative,3,1,ios,
TCKT_017751,2023-10-26 15:11:12,CUST_07523,small_business,chat,notifications,feature_request,medium,on_hold,platinum,Our team needs more advanced options for notifications.,Thanks for your feature suggestion. Our team is reviewing this and will follow up within 24 hours.,,,0,positive,4,1,web,
TCKT_017766,2023-10-18 08:32:50,CUST_06339,individual,web_form,data_export,feature_request,medium,resolved,standard,Can you add an option to customize data export?,Thanks for your feature suggestion. Our team is reviewing this and will follow up within 24 hours.,Captured the request and added it to the product backlog.,28.55,0,negative,0,1,web,
TCKT_017786,2023-10-17 06:53:05,CUST_05624,small_business,phone_transcript,mobile_app,account_access,medium,resolved,gold,I cannot log in; the system says my password is incorrect.,Sorry to hear you're having trouble accessing your account. Our team is reviewing this and will follow up within 24 hours.,Reset account credentials and confirmed successful login.,6.41,0,negative,0,0,api_client,APAC
TCKT_017943,2023-10-27 02:57:59,CUST_03011,individual,email,mobile_app,bug,low,open,standard,The mobile app feature is not saving my changes.,Thanks for reporting this bug. We will look into this and get back to you within the next 48 hours.,,,0,negative,3,0,ios,
TCKT_017946,2023-10-24 15:16:30,CUST_05489,individual,chat,api_integration,account_access,high,resolved,gold,My account was locked after multiple failed login attempts.,Sorry to hear you're having trouble accessing your account. We are prioritizing this and will update you as soon as possible.,Reset account credentials and confirmed successful login.,13.45,0,negative,0,0,android,EU
TCKT_017972,2023-10-30 03:23:47,CUST_04963,individual,email,analytics_dashboard,billing_problem,low,resolved,standard,I was charged twice for my subscription this month.,Thanks for reaching out about the billing issue. We will look into this and get back to you within the next 48 hours.,Adjusted the invoice and issued a refund where applicable.,55.08,0,very_negative,0,1,desktop_app,LATAM
TCKT_018034,2023-10-30 03:43:14,CUST_08018,enterprise,chat,analytics_dashboard,bug,medium,in_progress,platinum,The analytics dashboard feature is not saving my changes.,Thanks for reporting this bug. Our team is reviewing this and will follow up within 24 hours.,,,0,negative,2,0,desktop_app,EU
TCKT_018036,2023-10-07 04:41:38,CUST_06472,small_business,chat,api_integration,bug,medium,closed_no_action,standard,The api integration feature is not saving my changes.,Thanks for reporting this bug. Our team is reviewing this and will follow up within 24 hours.,Ticket closed without further action after no response from the customer.,125.13,0,very_negative,2,1,android,MEA
TCKT_018068,2023-10-02 23:53:42,CUST_03206,education,chat,login_auth,performance,high,resolved,standard,Overall performance has degraded in the last few days.,We understand performance issues can be frustrating. We are prioritizing this and will update you as soon as possible.,Optimized queries and increased resource allocation.,19.72,0,negative,0,0,desktop_app,
TCKT_018102,2023-10-02 14:16:02,CUST_05926,education,email,billing,performance,medium,in_progress,gold,Queries in the billing module are timing out.,We understand performance issues can be frustrating. Our team is reviewing this and will follow up within 24 hours.,,,0,negative,0,0,api_client,APAC
TCKT_018289,2023-10-08 05:04:28,CUST_01100,education,chat,billing,security_concern,low,in_progress,gold,We need details about your data encryption and compliance.,We take security very seriously. We will look into this and get back to you within the next 48 hours.,,,0,negative,2,1,ios,
TCKT_018350,2023-10-31 10:19:38,CUST_03588,non_profit,email,mobile_app,feature_request,medium,on_hold,standard,Our team needs more advanced options for mobile app.,Thanks for your feature suggestion. Our team is reviewing this and will follow up within 24 hours.,,,0,neutral,4,0,api_client,LATAM
TCKT_018357,2023-10-12 20:09:11,CUST_07654,individual,chat,login_auth,bug,medium,in_progress,standard,The login auth feature is not saving my changes.,Thanks for reporting this bug. Our team is reviewing this and will follow up within 24 hours.,,,0,positive,0,0,android,APAC
TCKT_018372,2023-10-07 12:06:53,CUST_07630,individual,email,data_export,performance,medium,in_progress,standard,The data export page is very slow and takes a long time to load.,We understand performance issues can be frustrating. Our team is reviewing this and will follow up within 24 hours.,,,0,very_negative,2,0,desktop_app,
TCKT_018381,2023-10-03 22:24:08,CUST_09912,individual,email,analytics_dashboard,bug,low,resolved,platinum,The page keeps crashing whenever I try to open the analytics dashboard section.,Thanks for reporting this bug. We will look into this and get back to you within the next 48 hours.,Patched the bug and deployed a fix to production.,49.81,0,neutral,4,0,api_client,MEA
TCKT_018384,2023-10-27 15:54:55,CUST_05359,non_profit,chat,mobile_app,billing_problem,medium,open,gold,I was charged twice for my subscription this month.,Thanks for reaching out about the billing issue. Our team is reviewing this and will follow up within 24 hours.,,,0,very_negative,2,0,ios,MEA
TCKT_018443,2023-10-06 11:31:52,CUST_08975,individual,web_form,billing,other,low,closed_no_action,gold,I have a general question about my account.,Thanks for contacting support. We will look into this and get back to you within the next 48 hours.,Ticket closed without further action after no response from the customer.,102.9,0,neutral,4,0,ios,APAC
TCKT_018477,2023-10-19 17:26:14,CUST_06105,enterprise,email,analytics_dashboard,other,low,resolved,gold,I need help but I'm not sure which category this fits in.,Thanks for contacting support. We will look into this and get back to you within the next 48 hours.,Provided general guidance and confirmed the issue was resolved.,71.21,0,neutral,3,1,desktop_app,APAC
TCKT_018549,2023-10-13 01:49:30,CUST_08101,enterprise,in_app,data_export,feature_request,high,resolved,standard,It would be great to have data export support in your product.,Thanks for your feature suggestion. We are prioritizing this and will update you as soon as possible.,Captured the request and added it to the product backlog.,20.33,0,positive,0,0,android,APAC
TCKT_018644,2023-10-13 02:11:11,CUST_06331,small_business,phone_transcript,analytics_dashboard,other,high,resolved,gold,I have a general question about my account.,Thanks for contacting support. We are prioritizing this and will update you as soon as possible.,Provided general guidance and confirmed the issue was resolved.,9.78,0,very_positive,0,1,ios,EU
TCKT_018651,2023-10-17 00:53:39,CUST_03851,enterprise,email,billing,other,low,resolved,standard,"Something seems off, can you please check my workspace?",Thanks for contacting support. We will look into this and get back to you within the next 48 hours.,Provided general guidance and confirmed the issue was resolved.,64.04,0,positive,5,0,desktop_app,EU
TCKT_018672,2023-10-02 01:25:02,CUST_00806,individual,phone_transcript,mobile_app,account_access,high,open,standard,My 2FA code is not working when I try to sign in.,Sorry to hear you're having trouble accessing your account. We are prioritizing this and will update you as soon as possible.,,,0,very_negative,1,1,web,LATAM
TCKT_018692,2023-10-04 00:40:49,CUST_06380,enterprise,chat,login_auth,billing_problem,medium,in_progress,standard,My invoice amount is incorrect compared to the plan I selected.,Thanks for reaching out about the billing issue. Our team is reviewing this and will follow up within 24 hours.,,,0,very_negative,1,0,ios,MEA
TCKT_018699,2023-10-24 21:04:17,CUST_01424,enterprise,phone_transcript,notifications,how_to,medium,open,standard,How can I export my data from the notifications section?,Happy to help with your question. Our team is reviewing this and will follow up within 24 hours.,,,0,neutral,4,1,api_client,EU
TCKT_018733,2023-10-06 03:08:33,CUST_09627,individual,web_form,billing,bug,high,resolved,gold,I am seeing an error message when I click on billing.,Thanks for reporting this bug. We are prioritizing this and will update you as soon as possible.,Patched the bug and deployed a fix to production.,3.58,0,positive,5,1,api_client,EU
TCKT_018745,2023-10-23 07:08:42,CUST_07798,small_business,phone_transcript,notifications,feature_request,high,resolved,standard,Can you add an option to customize notifications?,Thanks for your feature suggestion. We are prioritizing this and will update you as soon as possible.,Captured the request and added it to the product backlog.,16.93,0,neutral,4,0,api_client,
TCKT_018778,2023-10-04 01:05:56,CUST_06830,individual,chat,notifications,account_access,low,resolved,standard,My 2FA code is not working when I try to sign in.,Sorry to hear you're having trouble accessing your account. We will look into this and get back to you within the next 48 hours.,Reset account credentials and confirmed successful login.,63.88,0,negative,2,0,web,APAC
TCKT_018839,2023-10-25 17:24:57,CUST_07164,enterprise,phone_transcript,data_export,billing_problem,medium,resolved,gold,I downgraded my plan but I am still being billed for the higher tier.,Thanks for reaching out about the billing issue. Our team is reviewing this and will follow up within 24 hours.,Adjusted the invoice and issued a refund where applicable.,7.69,0,negative,3,0,desktop_app,APAC
TCKT_018883,2023-10-09 01:23:53,CUST_05591,enterprise,email,data_export,bug,high,in_progress,standard,I am seeing an error message when I click on data export.,Thanks for reporting this bug. We are prioritizing this and will update you as soon as possible.,,,0,very_positive,5,1,ios,EU
TCKT_018971,2023-10-23 12:35:13,CUST_01588,education,chat,login_auth,billing_problem,medium,resolved,standard,My invoice amount is incorrect compared to the plan I selected.,Thanks for reaching out about the billing issue. Our team is reviewing this and will follow up within 24 hours.,Adjusted the invoice and issued a refund where applicable.,38.6,0,very_negative,0,0,android,EU
TCKT_018981,2023-10-05 04:21:13,CUST_07133,enterprise,email,notifications,feature_request,low,resolved,gold,Can you add an option to customize notifications?,Thanks for your feature suggestion. We will look into this and get back to you within the next 48 hours.,Captured the request and added it to the product backlog.,8.1,0,neutral,0,0,web,APAC
TCKT_018984,2023-10-25 01:07:51,CUST_04323,non_profit,web_form,analytics_dashboard,other,high,closed_no_action,standard,I need help but I'm not sure which category this fits in.,Thanks for contacting support. We are prioritizing this and will update you as soon as possible.,Ticket closed without further action after no response from the customer.,113.47,0,neutral,0,0,web,
TCKT_018992,2023-10-19 05:47:24,CUST_09443,individual,phone_transcript,analytics_dashboard,security_concern,high,resolved,standard,There seems to be a vulnerability in the analytics dashboard functionality.,We take security very seriously. We are prioritizing this and will update you as soon as possible.,"Investigated logs, mitigated the issue, and updated security settings.",11.7,0,negative,3,1,web,
TCKT_019079,2023-10-25 05:58:03,CUST_07959,non_profit,chat,billing,bug,low,on_hold,standard,I am seeing an error message when I click on billing.,Thanks for reporting this bug. We will look into this and get back to you within the next 48 hours.,,,0,very_positive,0,1,web,MEA
TCKT_019124,2023-10-12 08:45:28,CUST_04305,individual,in_app,data_export,billing_problem,low,resolved,standard,I was charged twice for my subscription this month.,Thanks for reaching out about the billing issue. We will look into this and get back to you within the next 48 hours.,Adjusted the invoice and issued a refund where applicable.,9.46,0,very_negative,2,0,ios,EU
TCKT_019358,2023-10-28 15:03:48,CUST_00615,enterprise,email,mobile_app,billing_problem,medium,on_hold,platinum,I was charged twice for my subscription this month.,Thanks for reaching out about the billing issue. Our team is reviewing this and will follow up within 24 hours.,,,0,very_negative,0,0,android,APAC
TCKT_019372,2023-10-10 05:07:56,CUST_08435,individual,phone_transcript,notifications,bug,low,closed_no_action,standard,The notifications feature is not saving my changes.,Thanks for reporting this bug. We will look into this and get back to you within the next 48 hours.,Ticket closed without further action after no response from the customer.,68.17,0,negative,3,0,ios,EU
TCKT_019383,2023-10-10 05:45:38,CUST_06051,enterprise,chat,api_integration,billing_problem,low,open,standard,I was charged twice for my subscription this month.,Thanks for reaching out about the billing issue. We will look into this and get back to you within the next 48 hours.,,,0,negative,3,0,android,EU
TCKT_019419,2023-10-20 00:59:29,CUST_04312,individual,phone_transcript,analytics_dashboard,feature_request,low,resolved,standard,It would be great to have analytics dashboard support in your product.,Thanks for your feature suggestion. We will look into this and get back to you within the next 48 hours.,Captured the request and added it to the product backlog.,38.78,1,neutral,3,0,api_client,MEA
TCKT_019439,2023-10-06 14:44:32,CUST_01207,education,chat,login_auth,how_to,low,resolved,standard,Can you explain how to configure login auth properly?,Happy to help with your question. We will look into this and get back to you within the next 48 hours.,Provided step-by-step instructions and relevant documentation.,69.9,0,neutral,3,0,ios,LATAM
TCKT_019482,2023-10-13 01:25:06,CUST_05352,enterprise,in_app,mobile_app,other,high,closed_no_action,gold,I need help but I'm not sure which category this fits in.,Thanks for contacting support. We are prioritizing this and will update you as soon as possible.,Ticket closed without further action after no response from the customer.,58.26,0,neutral,3,1,api_client,EU
TCKT_019484,2023-10-17 07:21:55,CUST_07524,non_profit,chat,mobile_app,other,high,closed_no_action,standard,I have a general question about my account.,Thanks for contacting support. We are prioritizing this and will update you as soon as possible.,Ticket closed without further action after no response from the customer.,195.56,0,neutral,4,0,ios,MEA
TCKT_019649,2023-10-09 19:42:11,CUST_03959,small_business,in_app,mobile_app,performance,low,open,standard,The mobile app page is very slow and takes a long time to load.,We understand performance issues can be frustrating. We will look into this and get back to you within the next 48 hours.,,,0,neutral,4,0,ios,APAC
TCKT_019741,2023-10-10 15:57:39,CUST_08139,individual,web_form,mobile_app,other,low,on_hold,standard,"Something seems off, can you please check my workspace?",Thanks for contacting support. We will look into this and get back to you within the next 48 hours.,,,0,neutral,0,1,api_client,MEA
TCKT_019991,2023-10-18 04:06:14,CUST_06457,individual,chat,notifications,account_access,low,on_hold,gold,I cannot log in; the system says my password is incorrect.,Sorry to hear you're having trouble accessing your account. We will look into this and get back to you within the next 48 hours.,,,0,very_positive,0,0,web,
TCKT_020064,2023-10-07 01:15:56,CUST_03850,non_profit,phone_transcript,billing,billing_problem,medium,in_progress,standard,My invoice amount is incorrect compared to the plan I selected.,Thanks for reaching out about the billing issue. Our team is reviewing this and will follow up within 24 hours.,,,0,very_negative,0,0,android,MEA
TCKT_020078,2023-10-16 02:03:21,CUST_03813,education,web_form,billing,security_concern,low,resolved,standard,There seems to be a vulnerability in the billing functionality.,We take security very seriously. We will look into this and get back to you within the next 48 hours.,"Investigated logs, mitigated the issue, and updated security settings.",19.69,0,very_negative,0,0,ios,
TCKT_020101,2023-10-15 09:56:23,CUST_07927,individual,chat,data_export,bug,medium,open,gold,The page keeps crashing whenever I try to open the data export section.,Thanks for reporting this bug. Our team is reviewing this and will follow up within 24 hours.,,,0,positive,0,1,android,EU
TCKT_020160,2023-10-05 02:11:25,CUST_00717,enterprise,phone_transcript,billing,feature_request,medium,closed_no_action,gold,It would be great to have billing support in your product.,Thanks for your feature suggestion. Our team is reviewing this and will follow up within 24 hours.,Ticket closed without further action after no response from the customer.,186.76,0,very_negative,2,0,web,LATAM
TCKT_020190,2023-10-28 18:03:18,CUST_09702,non_profit,phone_transcript,analytics_dashboard,security_concern,medium,on_hold,standard,I noticed a suspicious login on my account.,We take security very seriously. Our team is reviewing this and will follow up within 24 hours.,,,0,negative,2,0,web,MEA
TCKT_020288,2023-10-28 18:53:13,CUST_04604,non_profit,email,notifications,bug,low,in_progress,gold,The notifications feature is not saving my changes.,Thanks for reporting this bug. We will look into this and get back to you within the next 48 hours.,,,0,neutral,0,0,web,APAC
TCKT_020698,2023-10-21 07:18:22,CUST_07998,enterprise,web_form,data_export,account_access,low,resolved,platinum,I cannot log in; the system says my password is incorrect.,Sorry to hear you're having trouble accessing your account. We will look into this and get back to you within the next 48 hours.,Reset account credentials and confirmed successful login.,16.23,0,very_negative,2,0,web,LATAM
TCKT_020719,2023-10-13 03:07:20,CUST_08389,individual,email,analytics_dashboard,performance,low,in_progress,gold,Queries in the analytics dashboard module are timing out.,We understand performance issues can be frustrating. We will look into this and get back to you within the next 48 hours.,,,0,negative,3,0,android,LATAM
TCKT_020730,2023-10-23 05:51:29,CUST_06637,non_profit,in_app,api_integration,other,medium,resolved,standard,I need help but I'm not sure which category this fits in.,Thanks for contacting support. Our team is reviewing this and will follow up within 24 hours.,Provided general guidance and confirmed the issue was resolved.,21.61,0,neutral,4,1,web,
TCKT_020745,2023-10-22 14:33:45,CUST_08829,enterprise,phone_transcript,data_export,feature_request,low,resolved,standard,It would be great to have data export support in your product.,Thanks for your feature suggestion. We will look into this and get back to you within the next 48 hours.,Captured the request and added it to the product backlog.,16.11,0,neutral,4,1,ios,MEA
TCKT_020943,2023-10-25 06:49:29,CUST_03451,small_business,chat,data_export,feature_request,low,resolved,gold,It would be great to have data export support in your product.,Thanks for your feature suggestion. We will look into this and get back to you within the next 48 hours.,Captured the request and added it to the product backlog.,15.92,0,very_negative,2,0,desktop_app,EU
TCKT_020998,2023-10-19 09:09:28,CUST_01143,education,chat,data_export,performance,low,in_progress,standard,The data export page is very slow and takes a long time to load.,We understand performance issues can be frustrating. We will look into this and get back to you within the next 48 hours.,,,0,neutral,3,0,ios,LATAM
TCKT_021000,2023-10-05 17:21:57,CUST_07137,education,phone_transcript,notifications,bug,high,on_hold,standard,The notifications feature is not saving my changes.,Thanks for reporting this bug. We are prioritizing this and will update you as soon as possible.,,,0,negative,3,0,web,
TCKT_021063,2023-10-06 03:31:06,CUST_08540,enterprise,chat,api_integration,performance,low,resolved,standard,The api integration page is very slow and takes a long time to load.,We understand performance issues can be frustrating. We will look into this and get back to you within the next 48 hours.,Optimized queries and increased resource allocation.,58.15,0,very_negative,2,1,api_client,APAC
TCKT_021067,2023-10-01 21:42:58,CUST_03232,education,email,mobile_app,feature_request,urgent,in_progress,standard,Can you add an option to customize mobile app?,Thanks for your feature suggestion. This has been escalated to our on-call team for immediate attention.,,,0,positive,4,1,android,
TCKT_021090,2023-10-22 12:44:23,CUST_05334,education,chat,login_auth,how_to,low,on_hold,standard,How can I export my data from the login auth section?,Happy to help with your question. We will look into this and get back to you within the next 48 hours.,,,0,neutral,0,0,api_client,LATAM
TCKT_021102,2023-10-17 09:52:02,CUST_09764,enterprise,email,billing,billing_problem,low,in_progress,standard,My invoice amount is incorrect compared to the plan I selected.,Thanks for reaching out about the billing issue. We will look into this and get back to you within the next 48 hours.,,,0,negative,0,1,web,
TCKT_021150,2023-10-24 23:36:58,CUST_06502,non_profit,web_form,data_export,bug,medium,closed_no_action,standard,The page keeps crashing whenever I try to open the data export section.,Thanks for reporting this bug. Our team is reviewing this and will follow up within 24 hours.,Ticket closed without further action after no response from the customer.,111.82,0,positive,5,0,ios,
TCKT_021242,2023-10-30 09:50:20,CUST_02984,enterprise,phone_transcript,notifications,how_to,medium,in_progress,gold,How can I export my data from the notifications section?,Happy to help with your question. Our team is reviewing this and will follow up within 24 hours.,,,0,neutral,3,0,android,APAC
TCKT_021255,2023-10-28 17:27:28,CUST_02225,education,chat,data_export,how_to,low,closed_no_action,standard,How can I export my data from the data export section?,Happy to help with your question. We will look into this and get back to you within the next 48 hours.,Ticket closed without further action after no response from the customer.,187.43,0,neutral,3,1,web,APAC
TCKT_021327,2023-10-15 05:03:04,CUST_04518,individual,chat,analytics_dashboard,bug,low,on_hold,gold,The analytics dashboard feature is not saving my changes.,Thanks for reporting this bug. We will look into this and get back to you within the next 48 hours.,,,0,neutral,3,1,api_client,LATAM
TCKT_021338,2023-10-25 01:56:02,CUST_04580,enterprise,phone_transcript,notifications,performance,high,in_progress,standard,The notifications page is very slow and takes a long time to load.,We understand performance issues can be frustrating. We are prioritizing this and will update you as soon as possible.,,,0,positive,4,1,android,EU
TCKT_021344,2023-10-02 07:39:50,CUST_04405,education,web_form,notifications,feature_request,high,on_hold,standard,It would be great to have notifications support in your product.,Thanks for your feature suggestion. We are prioritizing this and will update you as soon as possible.,,,0,neutral,4,1,android,EU
TCKT_021370,2023-10-03 06:25:39,CUST_04082,enterprise,phone_transcript,data_export,bug,low,open,standard,The data export feature is not saving my changes.,Thanks for reporting this bug. We will look into this and get back to you within the next 48 hours.,,,0,neutral,4,0,desktop_app,APAC
TCKT_021382,2023-10-21 00:42:01,CUST_03499,individual,in_app,api_integration,bug,high,resolved,standard,The api integration feature is not saving my changes.,Thanks for reporting this bug. We are prioritizing this and will update you as soon as possible.,Patched the bug and deployed a fix to production.,19.13,0,positive,0,0,api_client,APAC
TCKT_021457,2023-10-20 18:59:25,CUST_09789,small_business,email,data_export,security_concern,medium,resolved,standard,There seems to be a vulnerability in the data export functionality.,We take security very seriously. Our team is reviewing this and will follow up within 24 hours.,"Investigated logs, mitigated the issue, and updated security settings.",16.31,0,very_negative,2,0,api_client,
TCKT_021488,2023-10-24 08:58:32,CUST_08448,individual,chat,login_auth,other,medium,open,gold,"Something seems off, can you please check my workspace?",Thanks for contacting support. Our team is reviewing this and will follow up within 24 hours.,,,0,neutral,4,0,ios,LATAM
TCKT_021502,2023-10-07 03:58:25,CUST_08902,small_business,web_form,notifications,account_access,medium,resolved,standard,My account was locked after multiple failed login attempts.,Sorry to hear you're having trouble accessing your account. Our team is reviewing this and will follow up within 24 hours.,Reset account credentials and confirmed successful login.,24.97,0,negative,2,0,android,LATAM
TCKT_021505,2023-10-13 02:59:24,CUST_02064,enterprise,web_form,analytics_dashboard,billing_problem,high,resolved,standard,I downgraded my plan but I am still being billed for the higher tier.,Thanks for reaching out about the billing issue. We are prioritizing this and will update you as soon as possible.,Adjusted the invoice and issued a refund where applicable.,13.69,0,very_positive,5,0,ios,
TCKT_021531,2023-10-08 02:05:08,CUST_08051,individual,web_form,login_auth,performance,medium,resolved,standard,Overall performance has degraded in the last few days.,We understand performance issues can be frustrating. Our team is reviewing this and will follow up within 24 hours.,Optimized queries and increased resource allocation.,44.66,0,negative,3,0,web,MEA
TCKT_021551,2023-10-08 14:35:50,CUST_05122,enterprise,phone_transcript,api_integration,billing_problem,medium,resolved,gold,I was charged twice for my subscription this month.,Thanks for reaching out about the billing issue. Our team is reviewing this and will follow up within 24 hours.,Adjusted the invoice and issued a refund where applicable.,32.84,0,negative,3,0,web,EU
TCKT_021583,2023-10-01 00:21:44,CUST_07705,non_profit,chat,billing,how_to,high,in_progress,standard,How can I export my data from the billing section?,Happy to help with your question. We are prioritizing this and will update you as soon as possible.,,,0,positive,0,0,web,MEA
TCKT_021606,2023-10-08 00:01:37,CUST_05134,non_profit,in_app,billing,performance,medium,in_progress,standard,Queries in the billing module are timing out.,We understand performance issues can be frustrating. Our team is reviewing this and will follow up within 24 hours.,,,0,negative,3,0,api_client,
TCKT_021612,2023-10-16 03:37:06,CUST_07579,non_profit,in_app,mobile_app,security_concern,low,resolved,gold,We need details about your data encryption and compliance.,We take security very seriously. We will look into this and get back to you within the next 48 hours.,"Investigated logs, mitigated the issue, and updated security settings.",71.99,0,very_negative,0,0,ios,EU
TCKT_021694,2023-10-09 14:17:35,CUST_04431,individual,in_app,mobile_app,performance,medium,resolved,standard,Overall performance has degraded in the last few days.,We understand performance issues can be frustrating. Our team is reviewing this and will follow up within 24 hours.,Optimized queries and increased resource allocation.,27.2,0,negative,2,1,desktop_app,MEA
TCKT_021732,2023-10-16 16:49:45,CUST_06202,small_business,in_app,notifications,billing_problem,medium,closed_no_action,gold,I was charged twice for my subscription this month.,Thanks for reaching out about the billing issue. Our team is reviewing this and will follow up within 24 hours.,Ticket closed without further action after no response from the customer.,158.23,0,neutral,0,0,api_client,
TCKT_021749,2023-10-08 03:34:59,CUST_01150,education,web_form,analytics_dashboard,account_access,low,resolved,standard,I cannot log in; the system says my password is incorrect.,Sorry to hear you're having trouble accessing your account. We will look into this and get back to you within the next 48 hours.,Reset account credentials and confirmed successful login.,8.14,0,neutral,4,0,desktop_app,MEA
TCKT_021784,2023-10-11 06:48:03,CUST_02525,education,email,login_auth,feature_request,medium,on_hold,gold,Our team needs more advanced options for login auth.,Thanks for your feature suggestion. Our team is reviewing this and will follow up within 24 hours.,,,0,neutral,4,0,api_client,LATAM
TCKT_021804,2023-10-30 05:53:05,CUST_02020,enterprise,in_app,analytics_dashboard,other,low,resolved,gold,I have a general question about my account.,Thanks for contacting support. We will look into this and get back to you within the next 48 hours.,Provided general guidance and confirmed the issue was resolved.,58.72,0,negative,2,0,android,LATAM
TCKT_021903,2023-10-02 14:27:13,CUST_00456,non_profit,phone_transcript,notifications,performance,high,open,standard,Queries in the notifications module are timing out.,We understand performance issues can be frustrating. We are prioritizing this and will update you as soon as possible.,,,0,very_negative,0,0,api_client,MEA
TCKT_022031,2023-10-30 19:30:51,CUST_05387,small_business,email,login_auth,other,high,open,gold,I need help but I'm not sure which category this fits in.,Thanks for contacting support. We are prioritizing this and will update you as soon as possible.,,,0,neutral,0,0,api_client,
TCKT_022100,2023-10-31 20:42:43,CUST_03510,education,phone_transcript,api_integration,performance,medium,in_progress,standard,Queries in the api integration module are timing out.,We understand performance issues can be frustrating. Our team is reviewing this and will follow up within 24 hours.,,,0,very_negative,0,1,ios,LATAM
TCKT_022147,2023-10-05 07:43:35,CUST_09837,small_business,phone_transcript,notifications,other,low,resolved,platinum,I have a general question about my account.,Thanks for contacting support. We will look into this and get back to you within the next 48 hours.,Provided general guidance and confirmed the issue was resolved.,46.93,0,very_positive,5,0,web,MEA
TCKT_022193,2023-10-24 15:00:50,CUST_05131,non_profit,web_form,mobile_app,bug,low,on_hold,standard,The page keeps crashing whenever I try to open the mobile app section.,Thanks for reporting this bug. We will look into this and get back to you within the next 48 hours.,,,0,positive,5,1,android,APAC
TCKT_022322,2023-10-08 13:31:53,CUST_03777,education,web_form,notifications,billing_problem,low,in_progress,standard,I was charged twice for my subscription this month.,Thanks for reaching out about the billing issue. We will look into this and get back to you within the next 48 hours.,,,0,negative,3,0,web,APAC
TCKT_022408,2023-10-20 16:25:57,CUST_01672,education,chat,analytics_dashboard,security_concern,low,closed_no_action,gold,There seems to be a vulnerability in the analytics dashboard functionality.,We take security very seriously. We will look into this and get back to you within the next 48 hours.,Ticket closed without further action after no response from the customer.,175.68,0,neutral,0,0,android,EU
TCKT_022506,2023-10-06 21:35:44,CUST_06454,education,web_form,notifications,other,high,on_hold,standard,I need help but I'm not sure which category this fits in.,Thanks for contacting support. We are prioritizing this and will update you as soon as possible.,,,0,negative,3,0,android,EU
TCKT_022607,2023-10-04 07:33:15,CUST_06056,small_business,phone_transcript,login_auth,performance,urgent,resolved,standard,The login auth page is very slow and takes a long time to load.,We understand performance issues can be frustrating. This has been escalated to our on-call team for immediate attention.,Optimized queries and increased resource allocation.,2.77,0,very_negative,0,0,ios,LATAM
TCKT_022626,2023-10-13 11:44:31,CUST_03952,enterprise,web_form,analytics_dashboard,feature_request,low,on_hold,gold,Our team needs more advanced options for analytics dashboard.,Thanks for your feature suggestion. We will look into this and get back to you within the next 48 hours.,,,0,negative,0,0,api_client,EU
TCKT_022654,2023-10-28 10:42:11,CUST_00288,non_profit,web_form,notifications,how_to,high,closed_no_action,platinum,Can you explain how to configure notifications properly?,Happy to help with your question. We are prioritizing this and will update you as soon as possible.,Ticket closed without further action after no response from the customer.,159.71,1,very_positive,5,1,ios,APAC
TCKT_022674,2023-10-04 02:28:05,CUST_05970,non_profit,chat,notifications,how_to,medium,closed_no_action,standard,How can I export my data from the notifications section?,Happy to help with your question. Our team is reviewing this and will follow up within 24 hours.,Ticket closed without further action after no response from the customer.,77.05,1,positive,0,1,web,APAC
TCKT_022688,2023-10-13 09:41:10,CUST_04632,individual,phone_transcript,billing,feature_request,medium,resolved,standard,Our team needs more advanced options for billing.,Thanks for your feature suggestion. Our team is reviewing this and will follow up within 24 hours.,Captured the request and added it to the product backlog.,22.74,0,neutral,3,0,ios,APAC
TCKT_022735,2023-10-29 18:26:37,CUST_07094,non_profit,web_form,mobile_app,account_access,medium,resolved,standard,I cannot log in; the system says my password is incorrect.,Sorry to hear you're having trouble accessing your account. Our team is reviewing this and will follow up within 24 hours.,Reset account credentials and confirmed successful login.,9.62,0,very_negative,0,0,api_client,APAC
TCKT_022739,2023-10-13 08:59:50,CUST_01429,individual,in_app,data_export,bug,low,closed_no_action,platinum,The data export feature is not saving my changes.,Thanks for reporting this bug. We will look into this and get back to you within the next 48 hours.,Ticket closed without further action after no response from the customer.,25.45,0,neutral,3,0,android,EU
TCKT_022880,2023-10-06 22:37:56,CUST_01452,education,chat,notifications,bug,medium,resolved,standard,The page keeps crashing whenever I try to open the notifications section.,Thanks for reporting this bug. Our team is reviewing this and will follow up within 24 hours.,Patched the bug and deployed a fix to production.,33.74,0,negative,3,0,desktop_app,MEA
TCKT_022896,2023-10-05 11:26:57,CUST_01643,small_business,phone_transcript,notifications,how_to,high,on_hold,gold,Can you explain how to configure notifications properly?,Happy to help with your question. We are prioritizing this and will update you as soon as possible.,,,0,neutral,3,1,desktop_app,EU
TCKT_022905,2023-10-17 05:51:59,CUST_09817,education,phone_transcript,mobile_app,how_to,high,resolved,gold,How can I export my data from the mobile app section?,Happy to help with your question. We are prioritizing this and will update you as soon as possible.,Provided step-by-step instructions and relevant documentation.,1.31,0,negative,2,0,android,EU
TCKT_022955,2023-10-07 16:27:14,CUST_00259,individual,chat,notifications,billing_problem,medium,closed_no_action,standard,I downgraded my plan but I am still being billed for the higher tier.,Thanks for reaching out about the billing issue. Our team is reviewing this and will follow up within 24 hours.,Ticket closed without further action after no response from the customer.,100.21,0,negative,3,0,api_client,EU
TCKT_022962,2023-10-16 11:07:47,CUST_06656,individual,chat,notifications,performance,high,open,standard,The notifications page is very slow and takes a long time to load.,We understand performance issues can be frustrating. We are prioritizing this and will update you as soon as possible.,,,0,positive,0,1,web,APAC
TCKT_022998,2023-10-28 08:10:58,CUST_04637,enterprise,phone_transcript,analytics_dashboard,account_access,high,resolved,gold,My 2FA code is not working when I try to sign in.,Sorry to hear you're having trouble accessing your account. We are prioritizing this and will update you as soon as possible.,Reset account credentials and confirmed successful login.,2.03,0,very_positive,5,1,desktop_app,LATAM
TCKT_023069,2023-10-27 03:30:27,CUST_02250,enterprise,phone_transcript,billing,how_to,low,resolved,standard,I need help setting up billing for my team.,Happy to help with your question. We will look into this and get back to you within the next 48 hours.,Provided step-by-step instructions and relevant documentation.,51.78,0,neutral,4,0,web,APAC
TCKT_023282,2023-10-21 10:40:01,CUST_05765,individual,email,mobile_app,bug,high,resolved,gold,I am seeing an error message when I click on mobile app.,Thanks for reporting this bug. We are prioritizing this and will update you as soon as possible.,Patched the bug and deployed a fix to production.,23.66,0,negative,2,0,api_client,APAC
TCKT_023294,2023-10-09 21:11:20,CUST_01248,individual,in_app,mobile_app,account_access,low,closed_no_action,gold,My 2FA code is not working when I try to sign in.,Sorry to hear you're having trouble accessing your account. We will look into this and get back to you within the next 48 hours.,Ticket closed without further action after no response from the customer.,196.99,0,negative,0,0,desktop_app,MEA
TCKT_023357,2023-10-13 14:21:41,CUST_07736,enterprise,chat,notifications,other,medium,in_progress,gold,I have a general question about my account.,Thanks for contacting support. Our team is reviewing this and will follow up within 24 hours.,,,0,positive,4,0,ios,
TCKT_023365,2023-10-02 05:20:29,CUST_01161,enterprise,in_app,billing,security_concern,medium,resolved,standard,I noticed a suspicious login on my account.,We take security very seriously. Our team is reviewing this and will follow up within 24 hours.,"Investigated logs, mitigated the issue, and updated security settings.",44.49,1,very_negative,1,0,api_client,EU
TCKT_023374,2023-10-12 18:31:06,CUST_08142,small_business,chat,data_export,other,high,resolved,platinum,"Something seems off, can you please check my workspace?",Thanks for contacting support. We are prioritizing this and will update you as soon as possible.,Provided general guidance and confirmed the issue was resolved.,6.95,0,neutral,0,0,api_client,
TCKT_023492,2023-10-01 16:30:54,CUST_03590,education,chat,notifications,feature_request,high,resolved,standard,It would be great to have notifications support in your product.,Thanks for your feature suggestion. We are prioritizing this and will update you as soon as possible.,Captured the request and added it to the product backlog.,21.45,0,neutral,3,0,web,EU
TCKT_023500,2023-10-02 19:11:24,CUST_00680,enterprise,in_app,data_export,performance,high,in_progress,standard,The data export page is very slow and takes a long time to load.,We understand performance issues can be frustrating. We are prioritizing this and will update you as soon as possible.,,,0,very_negative,0,0,desktop_app,LATAM
TCKT_023590,2023-10-13 00:01:56,CUST_08145,education,web_form,login_auth,security_concern,urgent,resolved,gold,There seems to be a vulnerability in the login auth functionality.,We take security very seriously. This has been escalated to our on-call team for immediate attention.,"Investigated logs, mitigated the issue, and updated security settings.",4.1,0,neutral,0,0,desktop_app,MEA
TCKT_023595,2023-10-21 15:17:57,CUST_00470,non_profit,chat,api_integration,account_access,low,resolved,standard,My 2FA code is not working when I try to sign in.,Sorry to hear you're having trouble accessing your account. We will look into this and get back to you within the next 48 hours.,Reset account credentials and confirmed successful login.,52.47,0,neutral,3,1,android,LATAM
TCKT_023598,2023-10-04 09:46:35,CUST_01546,small_business,in_app,mobile_app,how_to,high,in_progress,platinum,Can you explain how to configure mobile app properly?,Happy to help with your question. We are prioritizing this and will update you as soon as possible.,,,0,neutral,0,0,desktop_app,LATAM
TCKT_023602,2023-10-11 04:09:41,CUST_07325,non_profit,in_app,api_integration,how_to,low,resolved,platinum,I need help setting up api integration for my team.,Happy to help with your question. We will look into this and get back to you within the next 48 hours.,Provided step-by-step instructions and relevant documentation.,24.2,0,very_positive,5,0,api_client,APAC
TCKT_023623,2023-10-25 20:34:17,CUST_01897,education,in_app,billing,how_to,low,resolved,standard,How can I export my data from the billing section?,Happy to help with your question. We will look into this and get back to you within the next 48 hours.,Provided step-by-step instructions and relevant documentation.,51.32,1,neutral,3,0,web,LATAM
TCKT_023640,2023-10-08 14:02:23,CUST_06749,education,chat,data_export,other,low,in_progress,platinum,I need help but I'm not sure which category this fits in.,Thanks for contacting support. We will look into this and get back to you within the next 48 hours.,,,0,negative,2,0,desktop_app,APAC
TCKT_023814,2023-10-22 07:45:23,CUST_09684,small_business,chat,data_export,how_to,low,resolved,gold,I need help setting up data export for my team.,Happy to help with your question. We will look into this and get back to you within the next 48 hours.,Provided step-by-step instructions and relevant documentation.,20.97,0,neutral,4,0,web,EU
TCKT_023825,2023-10-12 04:55:11,CUST_09653,non_profit,email,data_export,bug,medium,closed_no_action,gold,I am seeing an error message when I click on data export.,Thanks for reporting this bug. Our team is reviewing this and will follow up within 24 hours.,Ticket closed without further action after no response from the customer.,161.55,1,positive,0,0,api_client,LATAM
TCKT_023959,2023-10-01 22:06:11,CUST_08133,education,web_form,data_export,feature_request,low,on_hold,gold,Can you add an option to customize data export?,Thanks for your feature suggestion. We will look into this and get back to you within the next 48 hours.,,,0,positive,5,0,api_client,
TCKT_023976,2023-10-02 10:49:22,CUST_08422,education,chat,notifications,billing_problem,high,in_progress,gold,My invoice amount is incorrect compared to the plan I selected.,Thanks for reaching out about the billing issue. We are prioritizing this and will update you as soon as possible.,,,0,very_positive,5,0,api_client,APAC
TCKT_024037,2023-10-07 10:11:07,CUST_06185,enterprise,phone_transcript,mobile_app,other,high,on_hold,standard,"Something seems off, can you please check my workspace?",Thanks for contacting support. We are prioritizing this and will update you as soon as possible.,,,0,very_negative,1,1,ios,LATAM
TCKT_024100,2023-10-05 15:56:55,CUST_04892,small_business,phone_transcript,login_auth,how_to,low,closed_no_action,standard,Can you explain how to configure login auth properly?,Happy to help with your question. We will look into this and get back to you within the next 48 hours.,Ticket closed without further action after no response from the customer.,239.96,0,positive,0,0,web,MEA
TCKT_024145,2023-10-15 10:27:06,CUST_01153,enterprise,phone_transcript,login_auth,bug,medium,in_progress,gold,I am seeing an error message when I click on login auth.,Thanks for reporting this bug. Our team is reviewing this and will follow up within 24 hours.,,,1,positive,4,0,api_client,
TCKT_024153,2023-10-01 05:18:59,CUST_09621,small_business,chat,analytics_dashboard,account_access,high,resolved,standard,My 2FA code is not working when I try to sign in.,Sorry to hear you're having trouble accessing your account. We are prioritizing this and will update you as soon as possible.,Reset account credentials and confirmed successful login.,7.02,0,neutral,0,0,ios,LATAM
TCKT_024164,2023-10-21 15:52:06,CUST_08613,non_profit,email,login_auth,performance,low,resolved,standard,Overall performance has degraded in the last few days.,We understand performance issues can be frustrating. We will look into this and get back to you within the next 48 hours.,Optimized queries and increased resource allocation.,31.9,0,neutral,0,0,api_client,APAC
TCKT_024333,2023-10-06 11:37:09,CUST_00039,non_profit,web_form,data_export,account_access,high,open,standard,My 2FA code is not working when I try to sign in.,Sorry to hear you're having trouble accessing your account. We are prioritizing this and will update you as soon as possible.,,,0,positive,5,0,ios,MEA
TCKT_024379,2023-10-13 22:00:05,CUST_04464,education,chat,notifications,security_concern,low,resolved,gold,I noticed a suspicious login on my account.,We take security very seriously. We will look into this and get back to you within the next 48 hours.,"Investigated logs, mitigated the issue, and updated security settings.",8.57,0,negative,2,0,desktop_app,MEA
TCKT_024392,2023-10-20 10:02:01,CUST_09339,individual,chat,notifications,bug,high,closed_no_action,gold,The notifications feature is not saving my changes.,Thanks for reporting this bug. We are prioritizing this and will update you as soon as possible.,Ticket closed without further action after no response from the customer.,37.95,1,neutral,4,0,web,LATAM
TCKT_024396,2023-10-26 00:18:01,CUST_09994,individual,web_form,login_auth,account_access,medium,on_hold,standard,I cannot log in; the system says my password is incorrect.,Sorry to hear you're having trouble accessing your account. Our team is reviewing this and will follow up within 24 hours.,,,0,negative,0,1,ios,APAC
TCKT_024456,2023-10-24 19:08:28,CUST_05746,non_profit,phone_transcript,analytics_dashboard,account_access,low,resolved,gold,I cannot log in; the system says my password is incorrect.,Sorry to hear you're having trouble accessing your account. We will look into this and get back to you within the next 48 hours.,Reset account credentials and confirmed successful login.,66.5,0,negative,3,0,api_client,LATAM
TCKT_024474,2023-10-28 13:02:58,CUST_02084,enterprise,phone_transcript,api_integration,performance,high,resolved,platinum,Overall performance has degraded in the last few days.,We understand performance issues can be frustrating. We are prioritizing this and will update you as soon as possible.,Optimized queries and increased resource allocation.,9.9,0,neutral,3,1,web,APAC
TCKT_024504,2023-10-17 01:06:52,CUST_01586,small_business,chat,api_integration,performance,medium,resolved,standard,The api integration page is very slow and takes a long time to load.,We understand performance issues can be frustrating. Our team is reviewing this and will follow up within 24 hours.,Optimized queries and increased resource allocation.,6.07,0,negative,3,0,ios,LATAM
TCKT_024626,2023-10-08 06:39:44,CUST_01967,education,email,billing,account_access,medium,open,standard,My 2FA code is not working when I try to sign in.,Sorry to hear you're having trouble accessing your account. Our team is reviewing this and will follow up within 24 hours.,,,0,positive,0,0,web,APAC
TCKT_024653,2023-10-22 08:51:07,CUST_09846,individual,phone_transcript,data_export,other,high,resolved,standard,I have a general question about my account.,Thanks for contacting support. We are prioritizing this and will update you as soon as possible.,Provided general guidance and confirmed the issue was resolved.,19.32,0,positive,4,0,desktop_app,LATAM
TCKT_024685,2023-10-16 18:00:17,CUST_05064,education,in_app,analytics_dashboard,account_access,low,in_progress,gold,My account was locked after multiple failed login attempts.,Sorry to hear you're having trouble accessing your account. We will look into this and get back to you within the next 48 hours.,,,0,very_negative,2,0,desktop_app,MEA
TCKT_024698,2023-10-22 11:09:37,CUST_03172,individual,email,analytics_dashboard,how_to,low,resolved,platinum,Can you explain how to configure analytics dashboard properly?,Happy to help with your question. We will look into this and get back to you within the next 48 hours.,Provided step-by-step instructions and relevant documentation.,12.9,0,negative,0,0,web,
TCKT_024710,2023-10-30 07:15:17,CUST_08852,education,web_form,api_integration,account_access,urgent,in_progress,platinum,I cannot log in; the system says my password is incorrect.,Sorry to hear you're having trouble accessing your account. This has been escalated to our on-call team for immediate attention.,,,0,very_negative,0,0,android,
TCKT_024746,2023-10-01 16:57:13,CUST_02545,non_profit,phone_transcript,login_auth,security_concern,medium,on_hold,standard,We need details about your data encryption and compliance.,We take security very seriously. Our team is reviewing this and will follow up within 24 hours.,,,0,positive,0,0,web,LATAM
TCKT_024784,2023-10-02 16:11:55,CUST_07924,enterprise,chat,notifications,billing_problem,low,in_progress,standard,I was charged twice for my subscription this month.,Thanks for reaching out about the billing issue. We will look into this and get back to you within the next 48 hours.,,,0,negative,3,0,api_client,
TCKT_024794,2023-10-04 06:07:24,CUST_09747,education,email,analytics_dashboard,performance,medium,resolved,standard,The analytics dashboard page is very slow and takes a long time to load.,We understand performance issues can be frustrating. Our team is reviewing this and will follow up within 24 hours.,Optimized queries and increased resource allocation.,34.64,0,positive,0,1,ios,MEA
TCKT_024828,2023-10-16 20:23:42,CUST_04944,individual,chat,mobile_app,account_access,medium,in_progress,platinum,I cannot log in; the system says my password is incorrect.,Sorry to hear you're having trouble accessing your account. Our team is reviewing this and will follow up within 24 hours.,,,0,very_positive,5,0,api_client,MEA
TCKT_024870,2023-10-14 01:15:00,CUST_05937,education,web_form,login_auth,how_to,high,open,gold,I need help setting up login auth for my team.,Happy to help with your question. We are prioritizing this and will update you as soon as possible.,,,0,very_positive,5,0,desktop_app,APAC
TCKT_024883,2023-10-04 02:33:46,CUST_05840,small_business,email,login_auth,bug,low,resolved,platinum,The page keeps crashing whenever I try to open the login auth section.,Thanks for reporting this bug. We will look into this and get back to you within the next 48 hours.,Patched the bug and deployed a fix to production.,9.76,0,neutral,3,0,web,LATAM
TCKT_025024,2023-10-30 19:44:17,CUST_06544,education,web_form,analytics_dashboard,other,medium,resolved,platinum,"Something seems off, can you please check my workspace?",Thanks for contacting support. Our team is reviewing this and will follow up within 24 hours.,Provided general guidance and confirmed the issue was resolved.,33.85,0,neutral,4,0,api_client,APAC
TCKT_025035,2023-10-12 18:55:10,CUST_08151,small_business,email,notifications,how_to,medium,resolved,gold,How can I export my data from the notifications section?,Happy to help with your question. Our team is reviewing this and will follow up within 24 hours.,Provided step-by-step instructions and relevant documentation.,7.71,0,neutral,4,0,android,
TCKT_025064,2023-10-21 21:30:04,CUST_08127,small_business,web_form,data_export,how_to,medium,resolved,gold,I need help setting up data export for my team.,Happy to help with your question. Our team is reviewing this and will follow up within 24 hours.,Provided step-by-step instructions and relevant documentation.,11.23,0,positive,4,0,ios,MEA
TCKT_025139,2023-10-15 04:29:19,CUST_05927,education,in_app,api_integration,performance,high,resolved,standard,Overall performance has degraded in the last few days.,We understand performance issues can be frustrating. We are prioritizing this and will update you as soon as possible.,Optimized queries and increased resource allocation.,22.15,0,very_negative,1,0,ios,EU
TCKT_025163,2023-10-31 12:49:41,CUST_02130,individual,web_form,billing,other,medium,in_progress,standard,I have a general question about my account.,Thanks for contacting support. Our team is reviewing this and will follow up within 24 hours.,,,0,neutral,0,0,desktop_app,MEA
TCKT_025229,2023-10-12 00:23:06,CUST_07968,individual,phone_transcript,data_export,feature_request,low,resolved,standard,It would be great to have data export support in your product.,Thanks for your feature suggestion. We will look into this and get back to you within the next 48 hours.,Captured the request and added it to the product backlog.,67.56,0,neutral,0,0,ios,EU
TCKT_025272,2023-10-07 06:28:33,CUST_07064,enterprise,in_app,data_export,performance,low,in_progress,standard,The data export page is very slow and takes a long time to load.,We understand performance issues can be frustrating. We will look into this and get back to you within the next 48 hours.,,,0,very_negative,1,0,desktop_app,LATAM
TCKT_025372,2023-10-31 02:52:43,CUST_07046,enterprise,in_app,billing,performance,low,in_progress,standard,The billing page is very slow and takes a long time to load.,We understand performance issues can be frustrating. We will look into this and get back to you within the next 48 hours.,,,0,neutral,0,0,api_client,MEA
TCKT_025391,2023-10-02 11:22:48,CUST_05323,non_profit,email,login_auth,feature_request,low,resolved,gold,Our team needs more advanced options for login auth.,Thanks for your feature suggestion. We will look into this and get back to you within the next 48 hours.,Captured the request and added it to the product backlog.,19.16,0,very_positive,5,0,web,
TCKT_025521,2023-10-02 17:01:22,CUST_09449,individual,web_form,data_export,account_access,medium,resolved,platinum,My 2FA code is not working when I try to sign in.,Sorry to hear you're having trouble accessing your account. Our team is reviewing this and will follow up within 24 hours.,Reset account credentials and confirmed successful login.,11.45,0,negative,2,1,api_client,MEA
TCKT_025536,2023-10-21 07:47:01,CUST_00211,non_profit,email,analytics_dashboard,account_access,urgent,resolved,gold,My account was locked after multiple failed login attempts.,Sorry to hear you're having trouble accessing your account. This has been escalated to our on-call team for immediate attention.,Reset account credentials and confirmed successful login.,5.81,0,negative,3,1,web,APAC
TCKT_025570,2023-10-23 03:32:43,CUST_03794,non_profit,chat,billing,bug,low,closed_no_action,gold,The billing feature is not saving my changes.,Thanks for reporting this bug. We will look into this and get back to you within the next 48 hours.,Ticket closed without further action after no response from the customer.,196.71,0,neutral,3,0,api_client,EU
TCKT_025594,2023-10-19 16:36:18,CUST_02866,individual,web_form,notifications,security_concern,low,in_progress,gold,We need details about your data encryption and compliance.,We take security very seriously. We will look into this and get back to you within the next 48 hours.,,,0,very_positive,5,0,api_client,
TCKT_025613,2023-10-09 18:41:26,CUST_07254,enterprise,web_form,mobile_app,security_concern,high,resolved,gold,I noticed a suspicious login on my account.,We take security very seriously. We are prioritizing this and will update you as soon as possible.,"Investigated logs, mitigated the issue, and updated security settings.",11.26,0,negative,0,0,desktop_app,LATAM
TCKT_025630,2023-10-29 16:28:31,CUST_07456,education,chat,login_auth,security_concern,low,resolved,standard,I noticed a suspicious login on my account.,We take security very seriously. We will look into this and get back to you within the next 48 hours.,"Investigated logs, mitigated the issue, and updated security settings.",53.09,0,negative,2,0,web,EU
TCKT_025708,2023-10-04 17:12:04,CUST_09718,small_business,email,billing,performance,low,resolved,standard,The billing page is very slow and takes a long time to load.,We understand performance issues can be frustrating. We will look into this and get back to you within the next 48 hours.,Optimized queries and increased resource allocation.,16.45,0,neutral,4,0,ios,
TCKT_025806,2023-10-07 23:15:29,CUST_08785,individual,chat,notifications,bug,low,resolved,standard,The notifications feature is not saving my changes.,Thanks for reporting this bug. We will look into this and get back to you within the next 48 hours.,Patched the bug and deployed a fix to production.,64.7,0,very_negative,2,0,api_client,MEA
TCKT_025819,2023-10-04 09:17:05,CUST_01374,non_profit,email,mobile_app,security_concern,high,resolved,platinum,We need details about your data encryption and compliance.,We take security very seriously. We are prioritizing this and will update you as soon as possible.,"Investigated logs, mitigated the issue, and updated security settings.",4.62,0,negative,0,1,web,EU
TCKT_025846,2023-10-08 17:39:28,CUST_07696,education,chat,api_integration,security_concern,low,resolved,standard,I noticed a suspicious login on my account.,We take security very seriously. We will look into this and get back to you within the next 48 hours.,"Investigated logs, mitigated the issue, and updated security settings.",53.61,0,negative,3,0,web,APAC
TCKT_025848,2023-10-07 10:56:58,CUST_05205,individual,email,mobile_app,account_access,medium,on_hold,standard,My 2FA code is not working when I try to sign in.,Sorry to hear you're having trouble accessing your account. Our team is reviewing this and will follow up within 24 hours.,,,0,negative,2,1,web,LATAM
TCKT_025914,2023-10-25 06:07:46,CUST_05169,non_profit,web_form,mobile_app,performance,low,resolved,standard,Overall performance has degraded in the last few days.,We understand performance issues can be frustrating. We will look into this and get back to you within the next 48 hours.,Optimized queries and increased resource allocation.,21.5,0,negative,3,0,api_client,MEA
TCKT_025955,2023-10-08 05:10:26,CUST_07579,education,in_app,api_integration,other,medium,open,platinum,I need help but I'm not sure which category this fits in.,Thanks for contacting support. Our team is reviewing this and will follow up within 24 hours.,,,0,neutral,3,0,desktop_app,EU
TCKT_026003,2023-10-29 03:12:19,CUST_00885,enterprise,phone_transcript,notifications,security_concern,low,in_progress,platinum,I noticed a suspicious login on my account.,We take security very seriously. We will look into this and get back to you within the next 48 hours.,,,0,neutral,4,0,android,LATAM
TCKT_026084,2023-10-25 04:32:35,CUST_03146,small_business,phone_transcript,login_auth,other,low,resolved,standard,"Something seems off, can you please check my workspace?",Thanks for contacting support. We will look into this and get back to you within the next 48 hours.,Provided general guidance and confirmed the issue was resolved.,46.81,1,very_negative,0,1,desktop_app,MEA
TCKT_026094,2023-10-20 03:42:27,CUST_07462,enterprise,email,data_export,billing_problem,medium,open,gold,I downgraded my plan but I am still being billed for the higher tier.,Thanks for reaching out about the billing issue. Our team is reviewing this and will follow up within 24 hours.,,,0,positive,4,0,web,APAC
TCKT_026107,2023-10-23 16:29:58,CUST_03725,non_profit,web_form,login_auth,other,low,resolved,standard,I have a general question about my account.,Thanks for contacting support. We will look into this and get back to you within the next 48 hours.,Provided general guidance and confirmed the issue was resolved.,31.02,0,negative,0,0,desktop_app,EU
TCKT_026166,2023-10-27 04:42:57,CUST_03246,small_business,web_form,analytics_dashboard,security_concern,low,closed_no_action,standard,We need details about your data encryption and compliance.,We take security very seriously. We will look into this and get back to you within the next 48 hours.,Ticket closed without further action after no response from the customer.,88.88,0,neutral,4,0,android,LATAM
TCKT_026188,2023-10-10 14:38:31,CUST_04147,education,web_form,mobile_app,performance,medium,resolved,standard,Queries in the mobile app module are timing out.,We understand performance issues can be frustrating. Our team is reviewing this and will follow up within 24 hours.,Optimized queries and increased resource allocation.,16.78,0,very_negative,2,1,api_client,
TCKT_026319,2023-10-28 10:04:47,CUST_09329,education,phone_transcript,api_integration,feature_request,medium,in_progress,gold,Our team needs more advanced options for api integration.,Thanks for your feature suggestion. Our team is reviewing this and will follow up within 24 hours.,,,0,neutral,3,0,web,MEA
TCKT_026327,2023-10-20 22:58:37,CUST_01926,enterprise,chat,data_export,performance,low,resolved,gold,Overall performance has degraded in the last few days.,We understand performance issues can be frustrating. We will look into this and get back to you within the next 48 hours.,Optimized queries and increased resource allocation.,17.35,1,positive,5,0,web,EU
TCKT_026359,2023-10-30 21:26:10,CUST_08781,small_business,chat,mobile_app,billing_problem,low,open,gold,My invoice amount is incorrect compared to the plan I selected.,Thanks for reaching out about the billing issue. We will look into this and get back to you within the next 48 hours.,,,0,very_negative,1,0,desktop_app,EU
TCKT_026412,2023-10-08 21:58:15,CUST_07007,individual,phone_transcript,mobile_app,account_access,low,open,platinum,My account was locked after multiple failed login attempts.,Sorry to hear you're having trouble accessing your account. We will look into this and get back to you within the next 48 hours.,,,0,very_negative,1,0,android,EU
TCKT_026425,2023-10-24 14:53:18,CUST_09053,individual,web_form,mobile_app,billing_problem,medium,on_hold,gold,I was charged twice for my subscription this month.,Thanks for reaching out about the billing issue. Our team is reviewing this and will follow up within 24 hours.,,,0,very_negative,0,0,web,MEA
TCKT_026485,2023-10-08 14:06:32,CUST_00652,non_profit,chat,data_export,how_to,low,resolved,gold,How can I export my data from the data export section?,Happy to help with your question. We will look into this and get back to you within the next 48 hours.,Provided step-by-step instructions and relevant documentation.,40.56,0,neutral,3,0,desktop_app,APAC
TCKT_026520,2023-10-17 20:46:10,CUST_02339,education,phone_transcript,login_auth,bug,medium,resolved,gold,I am seeing an error message when I click on login auth.,Thanks for reporting this bug. Our team is reviewing this and will follow up within 24 hours.,Patched the bug and deployed a fix to production.,9.0,0,negative,3,0,api_client,LATAM
TCKT_026524,2023-10-28 06:54:32,CUST_08582,enterprise,phone_transcript,mobile_app,security_concern,low,open,gold,There seems to be a vulnerability in the mobile app functionality.,We take security very seriously. We will look into this and get back to you within the next 48 hours.,,,1,negative,3,1,api_client,APAC
TCKT_026575,2023-10-18 16:27:12,CUST_07855,individual,email,mobile_app,how_to,medium,resolved,standard,How can I export my data from the mobile app section?,Happy to help with your question. Our team is reviewing this and will follow up within 24 hours.,Provided step-by-step instructions and relevant documentation.,47.16,0,negative,2,0,web,LATAM
TCKT_026619,2023-10-31 05:43:52,CUST_00625,enterprise,in_app,api_integration,performance,medium,in_progress,standard,Overall performance has degraded in the last few days.,We understand performance issues can be frustrating. Our team is reviewing this and will follow up within 24 hours.,,,0,negative,3,0,web,EU
TCKT_026642,2023-10-27 13:58:12,CUST_07497,individual,email,notifications,other,medium,on_hold,platinum,I need help but I'm not sure which category this fits in.,Thanks for contacting support. Our team is reviewing this and will follow up within 24 hours.,,,0,very_positive,0,0,ios,LATAM
TCKT_026757,2023-10-19 21:22:44,CUST_06711,non_profit,phone_transcript,notifications,account_access,low,resolved,platinum,I cannot log in; the system says my password is incorrect.,Sorry to hear you're having trouble accessing your account. We will look into this and get back to you within the next 48 hours.,Reset account credentials and confirmed successful login.,38.76,0,very_negative,1,0,desktop_app,LATAM
TCKT_026818,2023-10-16 04:05:48,CUST_01372,small_business,email,mobile_app,security_concern,high,resolved,gold,There seems to be a vulnerability in the mobile app functionality.,We take security very seriously. We are prioritizing this and will update you as soon as possible.,"Investigated logs, mitigated the issue, and updated security settings.",1.23,0,very_negative,2,0,ios,LATAM
TCKT_026829,2023-10-09 19:57:26,CUST_06294,enterprise,web_form,api_integration,how_to,medium,resolved,standard,How can I export my data from the api integration section?,Happy to help with your question. Our team is reviewing this and will follow up within 24 hours.,Provided step-by-step instructions and relevant documentation.,24.87,0,neutral,3,0,api_client,MEA
TCKT_026837,2023-10-01 19:07:34,CUST_07308,education,phone_transcript,data_export,how_to,low,open,standard,Can you explain how to configure data export properly?,Happy to help with your question. We will look into this and get back to you within the next 48 hours.,,,0,neutral,3,0,api_client,
TCKT_026839,2023-10-02 08:16:38,CUST_09984,non_profit,phone_transcript,login_auth,how_to,low,resolved,standard,I need help setting up login auth for my team.,Happy to help with your question. We will look into this and get back to you within the next 48 hours.,Provided step-by-step instructions and relevant documentation.,55.13,0,negative,3,0,web,APAC
TCKT_026864,2023-10-16 00:05:16,CUST_00284,non_profit,phone_transcript,analytics_dashboard,billing_problem,high,resolved,platinum,I downgraded my plan but I am still being billed for the higher tier.,Thanks for reaching out about the billing issue. We are prioritizing this and will update you as soon as possible.,Adjusted the invoice and issued a refund where applicable.,7.87,0,negative,3,1,desktop_app,APAC
TCKT_026956,2023-10-30 23:00:02,CUST_07867,enterprise,web_form,login_auth,how_to,low,resolved,standard,How can I export my data from the login auth section?,Happy to help with your question. We will look into this and get back to you within the next 48 hours.,Provided step-by-step instructions and relevant documentation.,30.28,0,neutral,0,0,desktop_app,MEA
TCKT_026971,2023-10-23 08:10:51,CUST_02639,non_profit,in_app,notifications,feature_request,high,open,standard,Our team needs more advanced options for notifications.,Thanks for your feature suggestion. We are prioritizing this and will update you as soon as possible.,,,0,very_positive,5,0,web,EU
TCKT_026979,2023-10-14 10:14:10,CUST_08321,enterprise,web_form,data_export,bug,medium,open,gold,The data export feature is not saving my changes.,Thanks for reporting this bug. Our team is reviewing this and will follow up within 24 hours.,,,0,negative,3,0,web,MEA
TCKT_026985,2023-10-25 20:11:55,CUST_00838,non_profit,phone_transcript,analytics_dashboard,security_concern,medium,open,standard,There seems to be a vulnerability in the analytics dashboard functionality.,We take security very seriously. Our team is reviewing this and will follow up within 24 hours.,,,0,neutral,0,1,web,APAC
TCKT_027138,2023-10-02 17:45:41,CUST_06629,education,chat,data_export,how_to,medium,on_hold,standard,How can I export my data from the data export section?,Happy to help with your question. Our team is reviewing this and will follow up within 24 hours.,,,0,neutral,0,0,android,
TCKT_027182,2023-10-20 19:19:09,CUST_07079,non_profit,web_form,mobile_app,security_concern,medium,resolved,platinum,I noticed a suspicious login on my account.,We take security very seriously. Our team is reviewing this and will follow up within 24 hours.,"Investigated logs, mitigated the issue, and updated security settings.",22.92,0,positive,5,0,api_client,MEA
TCKT_027210,2023-10-13 23:01:23,CUST_03142,education,phone_transcript,billing,bug,low,open,standard,The billing feature is not saving my changes.,Thanks for reporting this bug. We will look into this and get back to you within the next 48 hours.,,,0,neutral,0,0,web,EU
TCKT_027241,2023-10-24 16:31:09,CUST_02567,individual,phone_transcript,notifications,security_concern,low,resolved,standard,I noticed a suspicious login on my account.,We take security very seriously. We will look into this and get back to you within the next 48 hours.,"Investigated logs, mitigated the issue, and updated security settings.",50.9,0,negative,3,0,api_client,
TCKT_027310,2023-10-04 12:39:07,CUST_05500,enterprise,chat,mobile_app,bug,medium,closed_no_action,standard,The page keeps crashing whenever I try to open the mobile app section.,Thanks for reporting this bug. Our team is reviewing this and will follow up within 24 hours.,Ticket closed without further action after no response from the customer.,81.32,0,neutral,3,1,ios,APAC
TCKT_027379,2023-10-27 02:08:12,CUST_07402,enterprise,phone_transcript,data_export,bug,low,resolved,standard,The page keeps crashing whenever I try to open the data export section.,Thanks for reporting this bug. We will look into this and get back to you within the next 48 hours.,Patched the bug and deployed a fix to production.,19.89,0,very_positive,5,0,api_client,EU
TCKT_027413,2023-10-18 12:22:09,CUST_04551,non_profit,in_app,login_auth,billing_problem,low,resolved,gold,My invoice amount is incorrect compared to the plan I selected.,Thanks for reaching out about the billing issue. We will look into this and get back to you within the next 48 hours.,Adjusted the invoice and issued a refund where applicable.,34.34,0,negative,3,0,ios,
TCKT_027486,2023-10-28 21:57:50,CUST_02901,education,email,login_auth,performance,low,resolved,gold,Queries in the login auth module are timing out.,We understand performance issues can be frustrating. We will look into this and get back to you within the next 48 hours.,Optimized queries and increased resource allocation.,23.06,0,positive,0,1,ios,EU
TCKT_027527,2023-10-10 07:40:51,CUST_01829,non_profit,phone_transcript,billing,how_to,medium,resolved,standard,How can I export my data from the billing section?,Happy to help with your question. Our team is reviewing this and will follow up within 24 hours.,Provided step-by-step instructions and relevant documentation.,22.54,0,neutral,4,0,web,LATAM
TCKT_027579,2023-10-17 06:52:52,CUST_05650,small_business,chat,notifications,billing_problem,medium,resolved,standard,My invoice amount is incorrect compared to the plan I selected.,Thanks for reaching out about the billing issue. Our team is reviewing this and will follow up within 24 hours.,Adjusted the invoice and issued a refund where applicable.,17.06,0,negative,2,1,web,LATAM
TCKT_027595,2023-10-02 03:42:17,CUST_09928,non_profit,web_form,data_export,feature_request,low,resolved,gold,Our team needs more advanced options for data export.,Thanks for your feature suggestion. We will look into this and get back to you within the next 48 hours.,Captured the request and added it to the product backlog.,8.97,0,neutral,4,0,desktop_app,EU
TCKT_027651,2023-10-02 23:21:46,CUST_07277,enterprise,web_form,login_auth,feature_request,medium,open,gold,Our team needs more advanced options for login auth.,Thanks for your feature suggestion. Our team is reviewing this and will follow up within 24 hours.,,,0,very_negative,1,0,android,APAC
TCKT_027678,2023-10-10 03:03:53,CUST_09544,enterprise,email,billing,performance,medium,resolved,gold,The billing page is very slow and takes a long time to load.,We understand performance issues can be frustrating. Our team is reviewing this and will follow up within 24 hours.,Optimized queries and increased resource allocation.,15.39,0,neutral,4,0,web,
TCKT_027702,2023-10-04 04:34:45,CUST_07784,education,phone_transcript,mobile_app,security_concern,low,on_hold,gold,I noticed a suspicious login on my account.,We take security very seriously. We will look into this and get back to you within the next 48 hours.,,,0,very_negative,1,0,android,MEA
TCKT_027734,2023-10-23 20:23:21,CUST_00043,non_profit,in_app,analytics_dashboard,billing_problem,low,resolved,gold,My invoice amount is incorrect compared to the plan I selected.,Thanks for reaching out about the billing issue. We will look into this and get back to you within the next 48 hours.,Adjusted the invoice and issued a refund where applicable.,41.56,0,negative,3,0,web,MEA
TCKT_027882,2023-10-10 04:42:43,CUST_00300,individual,email,billing,feature_request,low,resolved,standard,Can you add an option to customize billing?,Thanks for your feature suggestion. We will look into this and get back to you within the next 48 hours.,Captured the request and added it to the product backlog.,29.29,0,very_positive,5,0,api_client,
TCKT_027908,2023-10-19 01:57:44,CUST_09503,enterprise,phone_transcript,login_auth,security_concern,medium,resolved,standard,We need details about your data encryption and compliance.,We take security very seriously. Our team is reviewing this and will follow up within 24 hours.,"Investigated logs, mitigated the issue, and updated security settings.",43.65,0,neutral,4,0,android,MEA
TCKT_028018,2023-10-26 21:57:01,CUST_02136,education,phone_transcript,billing,security_concern,low,in_progress,standard,I noticed a suspicious login on my account.,We take security very seriously. We will look into this and get back to you within the next 48 hours.,,,0,positive,4,0,desktop_app,LATAM
TCKT_028070,2023-10-20 09:36:05,CUST_04136,non_profit,chat,data_export,security_concern,low,in_progress,platinum,We need details about your data encryption and compliance.,We take security very seriously. We will look into this and get back to you within the next 48 hours.,,,0,very_negative,2,0,desktop_app,MEA
TCKT_028085,2023-10-29 18:58:51,CUST_05359,small_business,chat,mobile_app,feature_request,low,resolved,gold,It would be great to have mobile app support in your product.,Thanks for your feature suggestion. We will look into this and get back to you within the next 48 hours.,Captured the request and added it to the product backlog.,10.25,0,very_negative,2,0,ios,MEA
TCKT_028154,2023-10-02 18:27:27,CUST_01001,non_profit,web_form,api_integration,account_access,medium,resolved,standard,I cannot log in; the system says my password is incorrect.,Sorry to hear you're having trouble accessing your account. Our team is reviewing this and will follow up within 24 hours.,Reset account credentials and confirmed successful login.,21.59,0,very_negative,1,1,web,LATAM
TCKT_028163,2023-10-23 13:34:47,CUST_07050,enterprise,chat,mobile_app,other,low,resolved,gold,I need help but I'm not sure which category this fits in.,Thanks for contacting support. We will look into this and get back to you within the next 48 hours.,Provided general guidance and confirmed the issue was resolved.,37.34,0,very_positive,5,0,ios,LATAM
TCKT_028229,2023-10-22 05:04:35,CUST_08797,non_profit,web_form,login_auth,account_access,low,on_hold,standard,My account was locked after multiple failed login attempts.,Sorry to hear you're having trouble accessing your account. We will look into this and get back to you within the next 48 hours.,,,0,negative,3,0,desktop_app,MEA
TCKT_028236,2023-10-25 20:14:00,CUST_04537,education,phone_transcript,billing,other,urgent,resolved,standard,I have a general question about my account.,Thanks for contacting support. This has been escalated to our on-call team for immediate attention.,Provided general guidance and confirmed the issue was resolved.,7.75,0,very_negative,0,0,desktop_app,EU
TCKT_028271,2023-10-19 12:23:00,CUST_08312,non_profit,phone_transcript,api_integration,performance,low,resolved,gold,The api integration page is very slow and takes a long time to load.,We understand performance issues can be frustrating. We will look into this and get back to you within the next 48 hours.,Optimized queries and increased resource allocation.,46.07,0,neutral,4,0,android,EU
TCKT_028304,2023-10-02 14:24:39,CUST_06921,enterprise,phone_transcript,api_integration,security_concern,medium,resolved,standard,I noticed a suspicious login on my account.,We take security very seriously. Our team is reviewing this and will follow up within 24 hours.,"Investigated logs, mitigated the issue, and updated security settings.",31.68,0,negative,3,0,api_client,APAC
TCKT_028312,2023-10-19 04:47:05,CUST_00942,individual,in_app,login_auth,bug,high,open,gold,The page keeps crashing whenever I try to open the login auth section.,Thanks for reporting this bug. We are prioritizing this and will update you as soon as possible.,,,0,very_negative,0,0,desktop_app,LATAM
TCKT_028336,2023-10-17 05:06:59,CUST_02239,education,chat,billing,security_concern,medium,closed_no_action,standard,There seems to be a vulnerability in the billing functionality.,We take security very seriously. Our team is reviewing this and will follow up within 24 hours.,Ticket closed without further action after no response from the customer.,163.65,0,very_positive,5,0,api_client,EU
TCKT_028530,2023-10-29 19:11:04,CUST_08307,non_profit,in_app,billing,other,low,resolved,standard,I have a general question about my account.,Thanks for contacting support. We will look into this and get back to you within the next 48 hours.,Provided general guidance and confirmed the issue was resolved.,64.0,0,neutral,0,0,api_client,LATAM
TCKT_028589,2023-10-23 19:36:37,CUST_05823,enterprise,phone_transcript,notifications,account_access,medium,resolved,platinum,My 2FA code is not working when I try to sign in.,Sorry to hear you're having trouble accessing your account. Our team is reviewing this and will follow up within 24 hours.,Reset account credentials and confirmed successful login.,42.84,0,neutral,3,0,api_client,LATAM
TCKT_028690,2023-10-01 11:01:28,CUST_03487,non_profit,web_form,billing,bug,low,resolved,gold,The page keeps crashing whenever I try to open the billing section.,Thanks for reporting this bug. We will look into this and get back to you within the next 48 hours.,Patched the bug and deployed a fix to production.,52.78,0,negative,2,1,api_client,MEA
TCKT_028726,2023-10-29 03:39:34,CUST_09057,enterprise,phone_transcript,analytics_dashboard,how_to,high,resolved,platinum,How can I export my data from the analytics dashboard section?,Happy to help with your question. We are prioritizing this and will update you as soon as possible.,Provided step-by-step instructions and relevant documentation.,17.68,0,neutral,3,0,android,
TCKT_028762,2023-10-13 23:14:19,CUST_00167,small_business,chat,mobile_app,security_concern,medium,on_hold,standard,There seems to be a vulnerability in the mobile app functionality.,We take security very seriously. Our team is reviewing this and will follow up within 24 hours.,,,0,neutral,3,1,ios,EU
TCKT_028794,2023-10-25 14:56:23,CUST_00492,non_profit,chat,notifications,bug,medium,resolved,standard,The page keeps crashing whenever I try to open the notifications section.,Thanks for reporting this bug. Our team is reviewing this and will follow up within 24 hours.,Patched the bug and deployed a fix to production.,28.53,0,neutral,4,0,web,EU
TCKT_028833,2023-10-06 04:03:24,CUST_01092,enterprise,phone_transcript,mobile_app,how_to,low,in_progress,gold,Can you explain how to configure mobile app properly?,Happy to help with your question. We will look into this and get back to you within the next 48 hours.,,,0,very_positive,0,0,ios,APAC
TCKT_028861,2023-10-30 01:21:41,CUST_06452,individual,phone_transcript,data_export,other,low,in_progress,standard,I need help but I'm not sure which category this fits in.,Thanks for contacting support. We will look into this and get back to you within the next 48 hours.,,,0,positive,5,0,api_client,MEA
TCKT_028907,2023-10-12 12:32:39,CUST_02374,non_profit,in_app,login_auth,other,medium,open,standard,I have a general question about my account.,Thanks for contacting support. Our team is reviewing this and will follow up within 24 hours.,,,0,positive,4,0,desktop_app,LATAM
TCKT_028954,2023-10-14 21:43:03,CUST_08898,individual,chat,analytics_dashboard,other,medium,resolved,platinum,"Something seems off, can you please check my workspace?",Thanks for contacting support. Our team is reviewing this and will follow up within 24 hours.,Provided general guidance and confirmed the issue was resolved.,35.83,0,neutral,0,0,desktop_app,MEA
TCKT_028985,2023-10-12 11:12:37,CUST_03209,enterprise,phone_transcript,analytics_dashboard,how_to,low,resolved,gold,How can I export my data from the analytics dashboard section?,Happy to help with your question. We will look into this and get back to you within the next 48 hours.,Provided step-by-step instructions and relevant documentation.,14.0,0,very_negative,0,0,android,MEA
TCKT_029135,2023-10-12 15:39:52,CUST_09761,individual,in_app,notifications,other,high,resolved,gold,"Something seems off, can you please check my workspace?",Thanks for contacting support. We are prioritizing this and will update you as soon as possible.,Provided general guidance and confirmed the issue was resolved.,14.65,0,neutral,4,1,web,EU
TCKT_029170,2023-10-22 20:35:41,CUST_07456,education,phone_transcript,mobile_app,bug,low,in_progress,standard,The mobile app feature is not saving my changes.,Thanks for reporting this bug. We will look into this and get back to you within the next 48 hours.,,,0,negative,2,0,ios,MEA
TCKT_029224,2023-10-19 07:11:33,CUST_09356,enterprise,in_app,notifications,performance,medium,resolved,standard,Queries in the notifications module are timing out.,We understand performance issues can be frustrating. Our team is reviewing this and will follow up within 24 hours.,Optimized queries and increased resource allocation.,21.16,0,neutral,4,0,ios,
TCKT_029233,2023-10-10 01:10:01,CUST_03752,individual,email,login_auth,account_access,medium,in_progress,gold,My 2FA code is not working when I try to sign in.,Sorry to hear you're having trouble accessing your account. Our team is reviewing this and will follow up within 24 hours.,,,0,negative,3,1,api_client,EU
TCKT_029277,2023-10-20 21:10:37,CUST_04621,individual,phone_transcript,analytics_dashboard,billing_problem,low,resolved,standard,I downgraded my plan but I am still being billed for the higher tier.,Thanks for reaching out about the billing issue. We will look into this and get back to you within the next 48 hours.,Adjusted the invoice and issued a refund where applicable.,34.22,0,negative,3,0,ios,
TCKT_029503,2023-10-30 17:15:47,CUST_08644,education,email,mobile_app,performance,low,resolved,standard,Overall performance has degraded in the last few days.,We understand performance issues can be frustrating. We will look into this and get back to you within the next 48 hours.,Optimized queries and increased resource allocation.,24.54,0,very_positive,5,1,api_client,EU
TCKT_029547,2023-10-10 15:06:12,CUST_09639,individual,chat,api_integration,billing_problem,medium,resolved,gold,I was charged twice for my subscription this month.,Thanks for reaching out about the billing issue. Our team is reviewing this and will follow up within 24 hours.,Adjusted the invoice and issued a refund where applicable.,44.7,0,very_negative,2,1,api_client,LATAM
TCKT_029583,2023-10-27 15:24:56,CUST_08261,small_business,in_app,login_auth,account_access,high,resolved,gold,I cannot log in; the system says my password is incorrect.,Sorry to hear you're having trouble accessing your account. We are prioritizing this and will update you as soon as possible.,Reset account credentials and confirmed successful login.,7.08,0,negative,0,1,api_client,EU
TCKT_029601,2023-10-11 08:37:35,CUST_07664,enterprise,phone_transcript,billing,billing_problem,high,resolved,standard,My invoice amount is incorrect compared to the plan I selected.,Thanks for reaching out about the billing issue. We are prioritizing this and will update you as soon as possible.,Adjusted the invoice and issued a refund where applicable.,18.0,0,neutral,3,0,android,LATAM
TCKT_029603,2023-10-15 02:38:55,CUST_05135,non_profit,chat,notifications,account_access,high,resolved,gold,My account was locked after multiple failed login attempts.,Sorry to hear you're having trouble accessing your account. We are prioritizing this and will update you as soon as possible.,Reset account credentials and confirmed successful login.,21.94,0,neutral,3,1,android,EU
TCKT_029625,2023-10-16 20:51:35,CUST_09495,individual,chat,data_export,billing_problem,low,in_progress,standard,My invoice amount is incorrect compared to the plan I selected.,Thanks for reaching out about the billing issue. We will look into this and get back to you within the next 48 hours.,,,0,neutral,3,1,ios,EU
TCKT_029630,2023-10-31 01:41:15,CUST_04723,small_business,in_app,api_integration,how_to,low,resolved,gold,Can you explain how to configure api integration properly?,Happy to help with your question. We will look into this and get back to you within the next 48 hours.,Provided step-by-step instructions and relevant documentation.,8.26,0,neutral,3,0,api_client,
TCKT_029632,2023-10-02 01:35:24,CUST_03606,non_profit,chat,billing,bug,low,open,standard,The billing feature is not saving my changes.,Thanks for reporting this bug. We will look into this and get back to you within the next 48 hours.,,,0,neutral,3,0,web,APAC
TCKT_029705,2023-10-25 10:38:27,CUST_01780,non_profit,in_app,analytics_dashboard,billing_problem,high,resolved,standard,My invoice amount is incorrect compared to the plan I selected.,Thanks for reaching out about the billing issue. We are prioritizing this and will update you as soon as possible.,Adjusted the invoice and issued a refund where applicable.,12.04,0,neutral,4,1,api_client,LATAM
TCKT_029715,2023-10-01 13:58:41,CUST_04948,enterprise,chat,analytics_dashboard,performance,low,resolved,standard,Queries in the analytics dashboard module are timing out.,We understand performance issues can be frustrating. We will look into this and get back to you within the next 48 hours.,Optimized queries and increased resource allocation.,51.64,0,neutral,3,0,desktop_app,
TCKT_029738,2023-10-03 10:21:34,CUST_06616,enterprise,web_form,api_integration,how_to,medium,in_progress,standard,How can I export my data from the api integration section?,Happy to help with your question. Our team is reviewing this and will follow up within 24 hours.,,,0,positive,4,1,api_client,LATAM
TCKT_029757,2023-10-19 00:00:31,CUST_05862,non_profit,web_form,api_integration,billing_problem,low,open,gold,I downgraded my plan but I am still being billed for the higher tier.,Thanks for reaching out about the billing issue. We will look into this and get back to you within the next 48 hours.,,,0,neutral,3,0,web,APAC
TCKT_029875,2023-10-08 04:26:38,CUST_06066,enterprise,chat,api_integration,account_access,medium,resolved,standard,My 2FA code is not working when I try to sign in.,Sorry to hear you're having trouble accessing your account. Our team is reviewing this and will follow up within 24 hours.,Reset account credentials and confirmed successful login.,26.37,0,very_negative,2,0,ios,LATAM
TCKT_029936,2023-10-05 17:10:51,CUST_06028,individual,chat,notifications,how_to,medium,resolved,standard,I need help setting up notifications for my team.,Happy to help with your question. Our team is reviewing this and will follow up within 24 hours.,Provided step-by-step instructions and relevant documentation.,41.2,0,positive,0,0,web,LATAM
TCKT_029947,2023-10-26 17:52:30,CUST_08323,individual,in_app,notifications,billing_problem,high,in_progress,standard,I was charged twice for my subscription this month.,Thanks for reaching out about the billing issue. We are prioritizing this and will update you as soon as possible.,,,0,neutral,0,0,web,
TCKT_029994,2023-10-06 23:15:24,CUST_09165,small_business,web_form,analytics_dashboard,billing_problem,medium,resolved,gold,I downgraded my plan but I am still being billed for the higher tier.,Thanks for reaching out about the billing issue. Our team is reviewing this and will follow up within 24 hours.,Adjusted the invoice and issued a refund where applicable.,12.37,0,negative,3,0,api_client,MEA
TCKT_029998,2023-10-22 04:20:45,CUST_02384,non_profit,phone_transcript,billing,security_concern,medium,resolved,gold,There seems to be a vulnerability in the billing functionality.,We take security very seriously. Our team is reviewing this and will follow up within 24 hours.,"Investigated logs, mitigated the issue, and updated security settings.",20.95,0,negative,2,1,api_client,MEA
TCKT_030019,2023-10-19 18:45:42,CUST_06746,education,email,billing,how_to,low,resolved,gold,How can I export my data from the billing section?,Happy to help with your question. We will look into this and get back to you within the next 48 hours.,Provided step-by-step instructions and relevant documentation.,24.73,0,positive,5,0,ios,
TCKT_030068,2023-10-14 07:04:52,CUST_05316,individual,email,data_export,account_access,high,open,standard,I cannot log in; the system says my password is incorrect.,Sorry to hear you're having trouble accessing your account. We are prioritizing this and will update you as soon as possible.,,,0,very_negative,1,1,api_client,
TCKT_030093,2023-10-03 14:21:05,CUST_01211,individual,chat,billing,performance,medium,open,standard,The billing page is very slow and takes a long time to load.,We understand performance issues can be frustrating. Our team is reviewing this and will follow up within 24 hours.,,,0,negative,2,0,api_client,LATAM
TCKT_030130,2023-10-19 06:09:50,CUST_07248,education,phone_transcript,api_integration,billing_problem,medium,in_progress,standard,My invoice amount is incorrect compared to the plan I selected.,Thanks for reaching out about the billing issue. Our team is reviewing this and will follow up within 24 hours.,,,0,very_positive,5,0,api_client,EU
TCKT_030175,2023-10-25 21:51:24,CUST_02013,non_profit,chat,notifications,bug,low,resolved,platinum,I am seeing an error message when I click on notifications.,Thanks for reporting this bug. We will look into this and get back to you within the next 48 hours.,Patched the bug and deployed a fix to production.,27.6,0,neutral,0,1,android,APAC
TCKT_030179,2023-10-06 23:03:56,CUST_08862,non_profit,web_form,api_integration,security_concern,low,closed_no_action,standard,I noticed a suspicious login on my account.,We take security very seriously. We will look into this and get back to you within the next 48 hours.,Ticket closed without further action after no response from the customer.,132.43,0,negative,3,0,web,LATAM
TCKT_030204,2023-10-17 21:51:48,CUST_04538,small_business,in_app,billing,billing_problem,high,resolved,gold,I was charged twice for my subscription this month.,Thanks for reaching out about the billing issue. We are prioritizing this and will update you as soon as possible.,Adjusted the invoice and issued a refund where applicable.,1.65,0,very_negative,1,0,android,EU
TCKT_030220,2023-10-21 02:54:35,CUST_02605,enterprise,email,api_integration,bug,high,resolved,standard,The page keeps crashing whenever I try to open the api integration section.,Thanks for reporting this bug. We are prioritizing this and will update you as soon as possible.,Patched the bug and deployed a fix to production.,16.6,0,very_positive,5,1,web,APAC
TCKT_030296,2023-10-08 06:18:41,CUST_04188,small_business,in_app,mobile_app,account_access,medium,in_progress,gold,I cannot log in; the system says my password is incorrect.,Sorry to hear you're having trouble accessing your account. Our team is reviewing this and will follow up within 24 hours.,,,0,neutral,3,0,api_client,APAC
TCKT_030405,2023-10-05 13:40:51,CUST_06297,enterprise,email,data_export,other,low,in_progress,platinum,"Something seems off, can you please check my workspace?",Thanks for contacting support. We will look into this and get back to you within the next 48 hours.,,,0,negative,3,0,android,MEA
TCKT_030444,2023-10-29 12:26:33,CUST_00281,small_business,email,data_export,billing_problem,low,resolved,standard,I downgraded my plan but I am still being billed for the higher tier.,Thanks for reaching out about the billing issue. We will look into this and get back to you within the next 48 hours.,Adjusted the invoice and issued a refund where applicable.,13.62,0,very_negative,1,0,api_client,MEA
TCKT_030527,2023-10-02 02:34:10,CUST_05335,non_profit,web_form,billing,account_access,medium,in_progress,standard,I cannot log in; the system says my password is incorrect.,Sorry to hear you're having trouble accessing your account. Our team is reviewing this and will follow up within 24 hours.,,,1,negative,0,1,desktop_app,EU
TCKT_030602,2023-10-16 22:48:06,CUST_01739,small_business,web_form,data_export,bug,medium,closed_no_action,standard,The data export feature is not saving my changes.,Thanks for reporting this bug. Our team is reviewing this and will follow up within 24 hours.,Ticket closed without further action after no response from the customer.,112.0,0,very_positive,5,0,web,APAC
TCKT_030641,2023-10-25 00:32:49,CUST_07035,small_business,in_app,api_integration,feature_request,low,in_progress,gold,Our team needs more advanced options for api integration.,Thanks for your feature suggestion. We will look into this and get back to you within the next 48 hours.,,,0,positive,0,0,android,MEA
TCKT_030739,2023-10-26 14:04:24,CUST_01170,education,chat,notifications,billing_problem,low,resolved,standard,My invoice amount is incorrect compared to the plan I selected.,Thanks for reaching out about the billing issue. We will look into this and get back to you within the next 48 hours.,Adjusted the invoice and issued a refund where applicable.,24.4,0,very_negative,1,0,desktop_app,MEA
TCKT_030762,2023-10-10 07:18:55,CUST_00950,individual,in_app,billing,bug,medium,closed_no_action,gold,The billing feature is not saving my changes.,Thanks for reporting this bug. Our team is reviewing this and will follow up within 24 hours.,Ticket closed without further action after no response from the customer.,79.02,0,positive,5,1,android,MEA
TCKT_030771,2023-10-27 15:13:30,CUST_09530,individual,email,data_export,billing_problem,medium,resolved,standard,I downgraded my plan but I am still being billed for the higher tier.,Thanks for reaching out about the billing issue. Our team is reviewing this and will follow up within 24 hours.,Adjusted the invoice and issued a refund where applicable.,27.99,0,neutral,4,0,api_client,
TCKT_030799,2023-10-24 08:34:39,CUST_02600,small_business,web_form,billing,feature_request,urgent,in_progress,standard,Our team needs more advanced options for billing.,Thanks for your feature suggestion. This has been escalated to our on-call team for immediate attention.,,,0,neutral,0,0,web,MEA
TCKT_030828,2023-10-25 20:45:55,CUST_02611,non_profit,email,notifications,security_concern,high,in_progress,standard,There seems to be a vulnerability in the notifications functionality.,We take security very seriously. We are prioritizing this and will update you as soon as possible.,,,0,negative,3,1,android,
TCKT_030875,2023-10-04 02:46:38,CUST_00907,non_profit,phone_transcript,billing,feature_request,low,resolved,gold,It would be great to have billing support in your product.,Thanks for your feature suggestion. We will look into this and get back to you within the next 48 hours.,Captured the request and added it to the product backlog.,16.28,0,negative,2,0,web,APAC
TCKT_030966,2023-10-08 20:13:25,CUST_03954,small_business,email,mobile_app,account_access,low,on_hold,gold,My account was locked after multiple failed login attempts.,Sorry to hear you're having trouble accessing your account. We will look into this and get back to you within the next 48 hours.,,,0,very_negative,0,0,web,EU
TCKT_030981,2023-10-03 00:52:01,CUST_08590,education,in_app,analytics_dashboard,bug,high,closed_no_action,standard,The analytics dashboard feature is not saving my changes.,Thanks for reporting this bug. We are prioritizing this and will update you as soon as possible.,Ticket closed without further action after no response from the customer.,60.93,0,neutral,3,0,android,LATAM
TCKT_031015,2023-10-08 17:13:22,CUST_07087,non_profit,chat,notifications,how_to,high,resolved,standard,Can you explain how to configure notifications properly?,Happy to help with your question. We are prioritizing this and will update you as soon as possible.,Provided step-by-step instructions and relevant documentation.,8.58,0,negative,0,0,api_client,APAC
TCKT_031022,2023-10-21 20:51:12,CUST_08888,non_profit,chat,api_integration,billing_problem,medium,closed_no_action,platinum,I downgraded my plan but I am still being billed for the higher tier.,Thanks for reaching out about the billing issue. Our team is reviewing this and will follow up within 24 hours.,Ticket closed without further action after no response from the customer.,196.68,0,very_negative,1,0,api_client,EU
TCKT_031104,2023-10-15 12:02:33,CUST_04884,enterprise,phone_transcript,billing,how_to,urgent,on_hold,standard,How can I export my data from the billing section?,Happy to help with your question. This has been escalated to our on-call team for immediate attention.,,,0,positive,5,1,web,MEA
TCKT_031193,2023-10-02 15:28:43,CUST_06275,non_profit,email,data_export,other,low,resolved,standard,I have a general question about my account.,Thanks for contacting support. We will look into this and get back to you within the next 48 hours.,Provided general guidance and confirmed the issue was resolved.,64.85,0,negative,2,0,api_client,MEA
TCKT_031205,2023-10-16 02:55:35,CUST_02143,education,web_form,notifications,billing_problem,low,resolved,standard,I downgraded my plan but I am still being billed for the higher tier.,Thanks for reaching out about the billing issue. We will look into this and get back to you within the next 48 hours.,Adjusted the invoice and issued a refund where applicable.,55.06,0,very_negative,2,0,ios,MEA
TCKT_031212,2023-10-05 08:37:32,CUST_04412,non_profit,web_form,notifications,performance,medium,resolved,gold,The notifications page is very slow and takes a long time to load.,We understand performance issues can be frustrating. Our team is reviewing this and will follow up within 24 hours.,Optimized queries and increased resource allocation.,39.96,0,negative,3,0,android,
TCKT_031232,2023-10-27 17:27:43,CUST_09542,individual,chat,login_auth,bug,medium,open,gold,I am seeing an error message when I click on login auth.,Thanks for reporting this bug. Our team is reviewing this and will follow up within 24 hours.,,,0,neutral,3,0,android,APAC
TCKT_031236,2023-10-05 05:41:12,CUST_05703,individual,phone_transcript,mobile_app,account_access,low,resolved,gold,My 2FA code is not working when I try to sign in.,Sorry to hear you're having trouble accessing your account. We will look into this and get back to you within the next 48 hours.,Reset account credentials and confirmed successful login.,47.05,0,neutral,0,0,ios,LATAM
TCKT_031313,2023-10-15 10:00:58,CUST_05543,small_business,phone_transcript,api_integration,how_to,medium,resolved,standard,Can you explain how to configure api integration properly?,Happy to help with your question. Our team is reviewing this and will follow up within 24 hours.,Provided step-by-step instructions and relevant documentation.,37.28,0,neutral,4,0,desktop_app,EU
TCKT_031314,2023-10-25 19:24:40,CUST_08623,enterprise,web_form,analytics_dashboard,account_access,low,in_progress,standard,My 2FA code is not working when I try to sign in.,Sorry to hear you're having trouble accessing your account. We will look into this and get back to you within the next 48 hours.,,,0,very_negative,0,0,desktop_app,LATAM
TCKT_031378,2023-10-10 23:32:58,CUST_05047,individual,web_form,billing,feature_request,medium,in_progress,standard,Can you add an option to customize billing?,Thanks for your feature suggestion. Our team is reviewing this and will follow up within 24 hours.,,,0,neutral,4,0,web,LATAM
TCKT_031386,2023-10-06 19:46:34,CUST_03711,small_business,phone_transcript,mobile_app,account_access,medium,resolved,gold,I cannot log in; the system says my password is incorrect.,Sorry to hear you're having trouble accessing your account. Our team is reviewing this and will follow up within 24 hours.,Reset account credentials and confirmed successful login.,11.69,0,negative,2,0,android,APAC
TCKT_031395,2023-10-01 21:47:45,CUST_06487,non_profit,chat,mobile_app,other,low,open,platinum,I need help but I'm not sure which category this fits in.,Thanks for contacting support. We will look into this and get back to you within the next 48 hours.,,,0,positive,0,0,android,MEA
TCKT_031409,2023-10-22 06:08:41,CUST_02527,non_profit,in_app,api_integration,billing_problem,medium,in_progress,gold,My invoice amount is incorrect compared to the plan I selected.,Thanks for reaching out about the billing issue. Our team is reviewing this and will follow up within 24 hours.,,,0,negative,2,0,desktop_app,
TCKT_031410,2023-10-28 16:44:05,CUST_00441,small_business,web_form,notifications,how_to,low,resolved,standard,How can I export my data from the notifications section?,Happy to help with your question. We will look into this and get back to you within the next 48 hours.,Provided step-by-step instructions and relevant documentation.,11.39,0,very_positive,5,0,android,APAC
TCKT_031419,2023-10-16 20:42:00,CUST_09319,education,email,data_export,bug,low,resolved,standard,I am seeing an error message when I click on data export.,Thanks for reporting this bug. We will look into this and get back to you within the next 48 hours.,Patched the bug and deployed a fix to production.,58.39,0,very_positive,5,0,desktop_app,APAC
TCKT_031434,2023-10-09 10:36:37,CUST_03804,education,web_form,billing,account_access,low,resolved,standard,My 2FA code is not working when I try to sign in.,Sorry to hear you're having trouble accessing your account. We will look into this and get back to you within the next 48 hours.,Reset account credentials and confirmed successful login.,42.29,0,negative,0,1,ios,LATAM
TCKT_031498,2023-10-28 08:13:05,CUST_00507,small_business,in_app,notifications,account_access,medium,resolved,gold,I cannot log in; the system says my password is incorrect.,Sorry to hear you're having trouble accessing your account. Our team is reviewing this and will follow up within 24 hours.,Reset account credentials and confirmed successful login.,34.31,0,neutral,4,0,web,LATAM
TCKT_031530,2023-10-30 10:56:52,CUST_01347,non_profit,chat,data_export,bug,medium,resolved,standard,The page keeps crashing whenever I try to open the data export section.,Thanks for reporting this bug. Our team is reviewing this and will follow up within 24 hours.,Patched the bug and deployed a fix to production.,40.29,0,positive,0,0,ios,LATAM
TCKT_031606,2023-10-20 17:33:29,CUST_06376,enterprise,in_app,data_export,bug,urgent,on_hold,standard,The page keeps crashing whenever I try to open the data export section.,Thanks for reporting this bug. This has been escalated to our on-call team for immediate attention.,,,0,neutral,3,1,web,MEA
TCKT_031607,2023-10-06 20:16:57,CUST_09727,education,phone_transcript,billing,account_access,high,resolved,standard,I cannot log in; the system says my password is incorrect.,Sorry to hear you're having trouble accessing your account. We are prioritizing this and will update you as soon as possible.,Reset account credentials and confirmed successful login.,11.89,0,negative,3,1,web,MEA
TCKT_031733,2023-10-13 12:33:34,CUST_06616,enterprise,in_app,login_auth,how_to,medium,closed_no_action,standard,How can I export my data from the login auth section?,Happy to help with your question. Our team is reviewing this and will follow up within 24 hours.,Ticket closed without further action after no response from the customer.,231.82,0,negative,2,0,desktop_app,MEA
TCKT_031751,2023-10-13 18:57:54,CUST_04615,non_profit,web_form,login_auth,how_to,low,resolved,standard,I need help setting up login auth for my team.,Happy to help with your question. We will look into this and get back to you within the next 48 hours.,Provided step-by-step instructions and relevant documentation.,29.3,0,negative,3,0,api_client,APAC
TCKT_031906,2023-10-06 22:32:21,CUST_02493,individual,in_app,notifications,billing_problem,medium,resolved,standard,I was charged twice for my subscription this month.,Thanks for reaching out about the billing issue. Our team is reviewing this and will follow up within 24 hours.,Adjusted the invoice and issued a refund where applicable.,16.43,0,negative,3,1,desktop_app,EU
TCKT_031924,2023-10-20 13:01:37,CUST_07405,small_business,phone_transcript,api_integration,other,high,on_hold,gold,I need help but I'm not sure which category this fits in.,Thanks for contacting support. We are prioritizing this and will update you as soon as possible.,,,0,negative,0,0,android,
TCKT_031982,2023-10-21 05:44:34,CUST_03216,non_profit,phone_transcript,mobile_app,bug,low,resolved,standard,I am seeing an error message when I click on mobile app.,Thanks for reporting this bug. We will look into this and get back to you within the next 48 hours.,Patched the bug and deployed a fix to production.,39.02,0,negative,2,0,api_client,
TCKT_032082,2023-10-08 08:11:08,CUST_03587,education,in_app,analytics_dashboard,other,high,resolved,gold,I have a general question about my account.,Thanks for contacting support. We are prioritizing this and will update you as soon as possible.,Provided general guidance and confirmed the issue was resolved.,20.76,0,very_negative,0,0,android,
TCKT_032273,2023-10-08 09:54:46,CUST_01469,non_profit,phone_transcript,login_auth,other,low,open,standard,"Something seems off, can you please check my workspace?",Thanks for contacting support. We will look into this and get back to you within the next 48 hours.,,,1,neutral,4,0,desktop_app,APAC
TCKT_032317,2023-10-28 21:56:38,CUST_02446,individual,chat,api_integration,account_access,medium,on_hold,standard,My account was locked after multiple failed login attempts.,Sorry to hear you're having trouble accessing your account. Our team is reviewing this and will follow up within 24 hours.,,,0,neutral,0,1,android,MEA
TCKT_032350,2023-10-30 11:38:00,CUST_05832,small_business,chat,notifications,security_concern,medium,resolved,platinum,There seems to be a vulnerability in the notifications functionality.,We take security very seriously. Our team is reviewing this and will follow up within 24 hours.,"Investigated logs, mitigated the issue, and updated security settings.",27.34,1,very_negative,1,0,desktop_app,APAC
TCKT_032357,2023-10-20 11:37:25,CUST_04108,non_profit,web_form,api_integration,feature_request,high,resolved,gold,Our team needs more advanced options for api integration.,Thanks for your feature suggestion. We are prioritizing this and will update you as soon as possible.,Captured the request and added it to the product backlog.,11.56,0,neutral,0,1,ios,
TCKT_032426,2023-10-14 16:32:41,CUST_07522,small_business,web_form,mobile_app,how_to,low,resolved,standard,Can you explain how to configure mobile app properly?,Happy to help with your question. We will look into this and get back to you within the next 48 hours.,Provided step-by-step instructions and relevant documentation.,68.98,0,negative,2,0,ios,
TCKT_032477,2023-10-06 14:26:46,CUST_08251,non_profit,chat,api_integration,how_to,medium,resolved,gold,Can you explain how to configure api integration properly?,Happy to help with your question. Our team is reviewing this and will follow up within 24 hours.,Provided step-by-step instructions and relevant documentation.,42.83,0,positive,5,1,web,LATAM
TCKT_032493,2023-10-05 00:24:19,CUST_06677,small_business,phone_transcript,notifications,security_concern,low,resolved,platinum,We need details about your data encryption and compliance.,We take security very seriously. We will look into this and get back to you within the next 48 hours.,"Investigated logs, mitigated the issue, and updated security settings.",36.08,1,negative,0,0,android,APAC
TCKT_032495,2023-10-27 06:48:37,CUST_00964,education,in_app,api_integration,other,low,closed_no_action,gold,"Something seems off, can you please check my workspace?",Thanks for contacting support. We will look into this and get back to you within the next 48 hours.,Ticket closed without further action after no response from the customer.,135.97,0,negative,2,0,desktop_app,MEA
TCKT_032499,2023-10-17 19:07:57,CUST_07758,non_profit,web_form,login_auth,bug,low,in_progress,standard,The login auth feature is not saving my changes.,Thanks for reporting this bug. We will look into this and get back to you within the next 48 hours.,,,0,neutral,4,0,api_client,LATAM
TCKT_032514,2023-10-24 11:30:27,CUST_05857,education,phone_transcript,billing,how_to,medium,closed_no_action,standard,How can I export my data from the billing section?,Happy to help with your question. Our team is reviewing this and will follow up within 24 hours.,Ticket closed without further action after no response from the customer.,34.53,0,negative,2,1,desktop_app,EU
TCKT_032551,2023-10-11 09:54:02,CUST_07176,non_profit,email,analytics_dashboard,other,low,resolved,platinum,"Something seems off, can you please check my workspace?",Thanks for contacting support. We will look into this and get back to you within the next 48 hours.,Provided general guidance and confirmed the issue was resolved.,43.32,0,positive,0,0,web,EU
TCKT_032555,2023-10-15 19:52:15,CUST_08167,education,email,data_export,billing_problem,medium,resolved,standard,I was charged twice for my subscription this month.,Thanks for reaching out about the billing issue. Our team is reviewing this and will follow up within 24 hours.,Adjusted the invoice and issued a refund where applicable.,43.55,0,negative,3,0,web,APAC
TCKT_032562,2023-10-21 02:39:56,CUST_05815,non_profit,chat,login_auth,performance,urgent,resolved,gold,Overall performance has degraded in the last few days.,We understand performance issues can be frustrating. This has been escalated to our on-call team for immediate attention.,Optimized queries and increased resource allocation.,2.32,0,negative,2,0,ios,MEA
TCKT_032580,2023-10-21 18:19:13,CUST_07030,individual,phone_transcript,login_auth,other,medium,resolved,standard,I need help but I'm not sure which category this fits in.,Thanks for contacting support. Our team is reviewing this and will follow up within 24 hours.,Provided general guidance and confirmed the issue was resolved.,44.12,0,positive,5,1,ios,APAC
TCKT_032590,2023-10-08 00:52:21,CUST_07891,small_business,email,api_integration,billing_problem,low,resolved,standard,I downgraded my plan but I am still being billed for the higher tier.,Thanks for reaching out about the billing issue. We will look into this and get back to you within the next 48 hours.,Adjusted the invoice and issued a refund where applicable.,64.9,0,neutral,0,1,web,LATAM
TCKT_032632,2023-10-23 06:38:46,CUST_03462,education,chat,billing,account_access,high,on_hold,gold,My 2FA code is not working when I try to sign in.,Sorry to hear you're having trouble accessing your account. We are prioritizing this and will update you as soon as possible.,,,0,negative,0,0,api_client,EU
TCKT_032669,2023-10-14 15:44:35,CUST_06727,non_profit,phone_transcript,data_export,security_concern,medium,resolved,standard,There seems to be a vulnerability in the data export functionality.,We take security very seriously. Our team is reviewing this and will follow up within 24 hours.,"Investigated logs, mitigated the issue, and updated security settings.",13.84,0,neutral,4,1,ios,LATAM
TCKT_032709,2023-10-10 14:10:11,CUST_01613,individual,in_app,billing,bug,medium,on_hold,standard,The page keeps crashing whenever I try to open the billing section.,Thanks for reporting this bug. Our team is reviewing this and will follow up within 24 hours.,,,0,neutral,3,0,android,
TCKT_032714,2023-10-19 02:01:51,CUST_06105,non_profit,web_form,api_integration,billing_problem,medium,resolved,gold,I was charged twice for my subscription this month.,Thanks for reaching out about the billing issue. Our team is reviewing this and will follow up within 24 hours.,Adjusted the invoice and issued a refund where applicable.,18.1,0,very_negative,2,0,ios,LATAM
TCKT_032741,2023-10-22 15:04:48,CUST_09167,education,phone_transcript,notifications,other,low,open,platinum,"Something seems off, can you please check my workspace?",Thanks for contacting support. We will look into this and get back to you within the next 48 hours.,,,0,positive,4,0,android,LATAM
TCKT_032766,2023-10-26 08:12:47,CUST_03382,individual,chat,api_integration,billing_problem,urgent,resolved,gold,I downgraded my plan but I am still being billed for the higher tier.,Thanks for reaching out about the billing issue. This has been escalated to our on-call team for immediate attention.,Adjusted the invoice and issued a refund where applicable.,2.49,0,positive,4,0,web,MEA
TCKT_032804,2023-10-16 22:44:21,CUST_02801,individual,in_app,api_integration,bug,medium,open,standard,The api integration feature is not saving my changes.,Thanks for reporting this bug. Our team is reviewing this and will follow up within 24 hours.,,,0,positive,4,0,desktop_app,
TCKT_032878,2023-10-21 13:58:01,CUST_09805,education,in_app,data_export,performance,medium,resolved,standard,Queries in the data export module are timing out.,We understand performance issues can be frustrating. Our team is reviewing this and will follow up within 24 hours.,Optimized queries and increased resource allocation.,13.14,0,very_positive,5,0,desktop_app,
TCKT_032897,2023-10-08 19:44:02,CUST_02039,education,phone_transcript,api_integration,feature_request,medium,resolved,gold,Can you add an option to customize api integration?,Thanks for your feature suggestion. Our team is reviewing this and will follow up within 24 hours.,Captured the request and added it to the product backlog.,16.88,0,neutral,3,0,ios,
TCKT_032952,2023-10-02 19:06:03,CUST_09977,education,web_form,data_export,performance,high,resolved,gold,Queries in the data export module are timing out.,We understand performance issues can be frustrating. We are prioritizing this and will update you as soon as possible.,Optimized queries and increased resource allocation.,5.26,0,neutral,4,0,web,
TCKT_032981,2023-10-08 03:41:38,CUST_00439,individual,phone_transcript,mobile_app,feature_request,medium,resolved,standard,Can you add an option to customize mobile app?,Thanks for your feature suggestion. Our team is reviewing this and will follow up within 24 hours.,Captured the request and added it to the product backlog.,36.43,0,positive,5,0,desktop_app,APAC
TCKT_032999,2023-10-14 05:20:09,CUST_06411,individual,email,analytics_dashboard,billing_problem,high,resolved,standard,I downgraded my plan but I am still being billed for the higher tier.,Thanks for reaching out about the billing issue. We are prioritizing this and will update you as soon as possible.,Adjusted the invoice and issued a refund where applicable.,6.6,0,neutral,0,0,android,APAC
TCKT_033002,2023-10-24 17:40:04,CUST_06561,small_business,web_form,api_integration,account_access,medium,on_hold,standard,My account was locked after multiple failed login attempts.,Sorry to hear you're having trouble accessing your account. Our team is reviewing this and will follow up within 24 hours.,,,0,neutral,4,0,ios,
TCKT_033010,2023-10-21 07:08:43,CUST_05157,enterprise,chat,billing,how_to,low,resolved,standard,Can you explain how to configure billing properly?,Happy to help with your question. We will look into this and get back to you within the next 48 hours.,Provided step-by-step instructions and relevant documentation.,62.47,0,very_negative,0,1,api_client,
TCKT_033022,2023-10-01 15:24:39,CUST_07235,small_business,phone_transcript,billing,bug,medium,closed_no_action,standard,The billing feature is not saving my changes.,Thanks for reporting this bug. Our team is reviewing this and will follow up within 24 hours.,Ticket closed without further action after no response from the customer.,187.14,0,neutral,0,0,web,LATAM
TCKT_033024,2023-10-16 09:04:29,CUST_03969,non_profit,web_form,login_auth,security_concern,high,resolved,standard,I noticed a suspicious login on my account.,We take security very seriously. We are prioritizing this and will update you as soon as possible.,"Investigated logs, mitigated the issue, and updated security settings.",1.85,0,very_negative,2,1,desktop_app,EU
TCKT_033048,2023-10-12 20:20:31,CUST_06890,non_profit,phone_transcript,notifications,account_access,low,resolved,standard,My account was locked after multiple failed login attempts.,Sorry to hear you're having trouble accessing your account. We will look into this and get back to you within the next 48 hours.,Reset account credentials and confirmed successful login.,60.62,0,neutral,4,0,android,MEA
TCKT_033064,2023-10-27 07:10:20,CUST_08628,education,email,analytics_dashboard,account_access,high,open,standard,My account was locked after multiple failed login attempts.,Sorry to hear you're having trouble accessing your account. We are prioritizing this and will update you as soon as possible.,,,0,neutral,3,0,web,APAC
TCKT_033086,2023-10-16 01:51:01,CUST_08491,education,in_app,notifications,bug,medium,resolved,standard,The page keeps crashing whenever I try to open the notifications section.,Thanks for reporting this bug. Our team is reviewing this and will follow up within 24 hours.,Patched the bug and deployed a fix to production.,36.1,0,negative,3,0,desktop_app,LATAM
TCKT_033125,2023-10-19 03:43:04,CUST_08411,education,in_app,api_integration,account_access,medium,resolved,gold,My 2FA code is not working when I try to sign in.,Sorry to hear you're having trouble accessing your account. Our team is reviewing this and will follow up within 24 hours.,Reset account credentials and confirmed successful login.,47.98,0,neutral,3,0,android,LATAM
TCKT_033146,2023-10-21 01:32:08,CUST_01081,non_profit,phone_transcript,login_auth,bug,low,resolved,platinum,I am seeing an error message when I click on login auth.,Thanks for reporting this bug. We will look into this and get back to you within the next 48 hours.,Patched the bug and deployed a fix to production.,69.82,0,very_positive,5,0,desktop_app,APAC
TCKT_033165,2023-10-26 02:17:31,CUST_01955,individual,in_app,notifications,security_concern,low,resolved,gold,I noticed a suspicious login on my account.,We take security very seriously. We will look into this and get back to you within the next 48 hours.,"Investigated logs, mitigated the issue, and updated security settings.",63.78,0,very_negative,1,0,ios,MEA
TCKT_033226,2023-10-26 18:13:00,CUST_07419,small_business,phone_transcript,billing,bug,low,on_hold,standard,I am seeing an error message when I click on billing.,Thanks for reporting this bug. We will look into this and get back to you within the next 48 hours.,,,0,positive,0,0,ios,LATAM
TCKT_033245,2023-10-05 12:15:05,CUST_04488,small_business,email,login_auth,account_access,high,on_hold,standard,My 2FA code is not working when I try to sign in.,Sorry to hear you're having trouble accessing your account. We are prioritizing this and will update you as soon as possible.,,,0,neutral,0,0,ios,APAC
TCKT_033248,2023-10-19 07:12:51,CUST_08862,education,chat,api_integration,other,high,on_hold,platinum,I have a general question about my account.,Thanks for contacting support. We are prioritizing this and will update you as soon as possible.,,,0,very_positive,0,0,desktop_app,APAC
TCKT_033319,2023-10-15 00:31:49,CUST_08411,small_business,chat,api_integration,security_concern,low,closed_no_action,standard,I noticed a suspicious login on my account.,We take security very seriously. We will look into this and get back to you within the next 48 hours.,Ticket closed without further action after no response from the customer.,84.68,0,positive,5,0,web,APAC
TCKT_033326,2023-10-12 11:58:42,CUST_07805,small_business,email,api_integration,feature_request,medium,resolved,standard,It would be great to have api integration support in your product.,Thanks for your feature suggestion. Our team is reviewing this and will follow up within 24 hours.,Captured the request and added it to the product backlog.,8.79,0,neutral,4,1,api_client,LATAM
TCKT_033409,2023-10-05 05:47:21,CUST_08778,small_business,email,login_auth,feature_request,low,open,standard,Can you add an option to customize login auth?,Thanks for your feature suggestion. We will look into this and get back to you within the next 48 hours.,,,0,neutral,4,0,web,LATAM
TCKT_033449,2023-10-20 10:23:28,CUST_05371,education,in_app,analytics_dashboard,security_concern,medium,closed_no_action,standard,I noticed a suspicious login on my account.,We take security very seriously. Our team is reviewing this and will follow up within 24 hours.,Ticket closed without further action after no response from the customer.,204.07,0,neutral,3,0,desktop_app,MEA
TCKT_033455,2023-10-27 15:52:15,CUST_09600,small_business,phone_transcript,notifications,bug,medium,resolved,standard,The page keeps crashing whenever I try to open the notifications section.,Thanks for reporting this bug. Our team is reviewing this and will follow up within 24 hours.,Patched the bug and deployed a fix to production.,46.92,0,neutral,0,0,android,LATAM
TCKT_033486,2023-10-04 18:44:25,CUST_06671,individual,phone_transcript,mobile_app,other,urgent,resolved,gold,"Something seems off, can you please check my workspace?",Thanks for contacting support. This has been escalated to our on-call team for immediate attention.,Provided general guidance and confirmed the issue was resolved.,3.68,0,positive,0,0,ios,
TCKT_033646,2023-10-28 02:46:57,CUST_04898,individual,chat,login_auth,how_to,medium,resolved,standard,I need help setting up login auth for my team.,Happy to help with your question. Our team is reviewing this and will follow up within 24 hours.,Provided step-by-step instructions and relevant documentation.,36.69,0,neutral,0,0,desktop_app,MEA
TCKT_033705,2023-10-02 04:58:38,CUST_08548,enterprise,in_app,notifications,other,high,resolved,standard,I have a general question about my account.,Thanks for contacting support. We are prioritizing this and will update you as soon as possible.,Provided general guidance and confirmed the issue was resolved.,1.89,0,negative,0,0,api_client,EU
TCKT_033733,2023-10-27 14:18:06,CUST_02748,non_profit,chat,data_export,performance,high,resolved,standard,Queries in the data export module are timing out.,We understand performance issues can be frustrating. We are prioritizing this and will update you as soon as possible.,Optimized queries and increased resource allocation.,22.26,0,neutral,3,1,web,
TCKT_033766,2023-10-16 04:06:38,CUST_04664,individual,phone_transcript,login_auth,account_access,high,in_progress,gold,My 2FA code is not working when I try to sign in.,Sorry to hear you're having trouble accessing your account. We are prioritizing this and will update you as soon as possible.,,,1,negative,2,0,android,LATAM
TCKT_033817,2023-10-17 08:34:09,CUST_00498,non_profit,phone_transcript,login_auth,feature_request,high,resolved,gold,It would be great to have login auth support in your product.,Thanks for your feature suggestion. We are prioritizing this and will update you as soon as possible.,Captured the request and added it to the product backlog.,4.88,0,neutral,0,0,ios,
TCKT_033856,2023-10-06 03:12:53,CUST_04294,individual,email,analytics_dashboard,other,medium,open,gold,I need help but I'm not sure which category this fits in.,Thanks for contacting support. Our team is reviewing this and will follow up within 24 hours.,,,0,neutral,4,0,desktop_app,APAC
TCKT_033870,2023-10-19 15:22:49,CUST_05432,education,email,login_auth,billing_problem,high,open,standard,My invoice amount is incorrect compared to the plan I selected.,Thanks for reaching out about the billing issue. We are prioritizing this and will update you as soon as possible.,,,0,negative,2,0,android,APAC
TCKT_033967,2023-10-26 20:15:09,CUST_01624,non_profit,web_form,data_export,bug,medium,resolved,gold,The page keeps crashing whenever I try to open the data export section.,Thanks for reporting this bug. Our team is reviewing this and will follow up within 24 hours.,Patched the bug and deployed a fix to production.,15.14,0,neutral,3,1,api_client,APAC
TCKT_034028,2023-10-19 06:29:51,CUST_09839,enterprise,chat,data_export,performance,medium,in_progress,standard,Queries in the data export module are timing out.,We understand performance issues can be frustrating. Our team is reviewing this and will follow up within 24 hours.,,,0,neutral,0,0,web,MEA
TCKT_034031,2023-10-31 08:50:37,CUST_09023,enterprise,email,billing,feature_request,medium,on_hold,standard,Our team needs more advanced options for billing.,Thanks for your feature suggestion. Our team is reviewing this and will follow up within 24 hours.,,,0,negative,3,0,desktop_app,MEA
TCKT_034054,2023-10-24 17:04:58,CUST_04637,enterprise,in_app,billing,how_to,high,closed_no_action,standard,I need help setting up billing for my team.,Happy to help with your question. We are prioritizing this and will update you as soon as possible.,Ticket closed without further action after no response from the customer.,151.77,0,negative,2,0,web,
TCKT_034121,2023-10-05 23:55:43,CUST_01835,small_business,email,mobile_app,performance,high,in_progress,standard,The mobile app page is very slow and takes a long time to load.,We understand performance issues can be frustrating. We are prioritizing this and will update you as soon as possible.,,,0,neutral,0,0,web,EU
TCKT_034126,2023-10-19 17:10:23,CUST_06594,small_business,chat,api_integration,billing_problem,medium,in_progress,standard,I was charged twice for my subscription this month.,Thanks for reaching out about the billing issue. Our team is reviewing this and will follow up within 24 hours.,,,0,neutral,0,0,desktop_app,APAC
TCKT_034151,2023-10-11 09:19:26,CUST_01032,enterprise,web_form,api_integration,how_to,high,resolved,standard,I need help setting up api integration for my team.,Happy to help with your question. We are prioritizing this and will update you as soon as possible.,Provided step-by-step instructions and relevant documentation.,20.66,0,neutral,0,0,api_client,
TCKT_034155,2023-10-31 15:02:54,CUST_04406,individual,chat,billing,how_to,urgent,resolved,gold,How can I export my data from the billing section?,Happy to help with your question. This has been escalated to our on-call team for immediate attention.,Provided step-by-step instructions and relevant documentation.,1.81,1,very_negative,2,0,web,APAC
TCKT_034217,2023-10-16 15:54:31,CUST_00641,education,phone_transcript,billing,account_access,low,resolved,standard,My 2FA code is not working when I try to sign in.,Sorry to hear you're having trouble accessing your account. We will look into this and get back to you within the next 48 hours.,Reset account credentials and confirmed successful login.,67.3,0,very_positive,0,0,android,MEA
TCKT_034290,2023-10-02 12:41:23,CUST_04780,education,email,login_auth,account_access,high,resolved,standard,My 2FA code is not working when I try to sign in.,Sorry to hear you're having trouble accessing your account. We are prioritizing this and will update you as soon as possible.,Reset account credentials and confirmed successful login.,9.52,0,neutral,4,0,ios,EU
TCKT_034293,2023-10-07 19:32:05,CUST_00888,small_business,chat,api_integration,billing_problem,medium,resolved,platinum,My invoice amount is incorrect compared to the plan I selected.,Thanks for reaching out about the billing issue. Our team is reviewing this and will follow up within 24 hours.,Adjusted the invoice and issued a refund where applicable.,15.75,0,very_negative,1,0,api_client,APAC
TCKT_034362,2023-10-27 16:55:16,CUST_03418,education,web_form,api_integration,billing_problem,low,resolved,gold,My invoice amount is incorrect compared to the plan I selected.,Thanks for reaching out about the billing issue. We will look into this and get back to you within the next 48 hours.,Adjusted the invoice and issued a refund where applicable.,42.35,0,very_positive,5,0,ios,APAC
TCKT_034371,2023-10-31 23:29:26,CUST_02659,education,email,api_integration,performance,low,open,standard,Queries in the api integration module are timing out.,We understand performance issues can be frustrating. We will look into this and get back to you within the next 48 hours.,,,0,neutral,3,1,android,LATAM
TCKT_034391,2023-10-25 13:26:21,CUST_05962,education,web_form,billing,feature_request,medium,in_progress,standard,Can you add an option to customize billing?,Thanks for your feature suggestion. Our team is reviewing this and will follow up within 24 hours.,,,0,negative,2,0,web,APAC
TCKT_034432,2023-10-13 00:29:30,CUST_06839,individual,in_app,notifications,feature_request,low,resolved,standard,It would be great to have notifications support in your product.,Thanks for your feature suggestion. We will look into this and get back to you within the next 48 hours.,Captured the request and added it to the product backlog.,8.87,0,negative,3,0,api_client,LATAM
TCKT_034447,2023-10-14 21:33:38,CUST_08847,non_profit,in_app,data_export,other,medium,on_hold,standard,"Something seems off, can you please check my workspace?",Thanks for contacting support. Our team is reviewing this and will follow up within 24 hours.,,,0,neutral,0,0,ios,
TCKT_034451,2023-10-30 03:50:50,CUST_08007,individual,web_form,api_integration,bug,low,in_progress,standard,I am seeing an error message when I click on api integration.,Thanks for reporting this bug. We will look into this and get back to you within the next 48 hours.,,,0,positive,5,1,web,APAC
TCKT_034492,2023-10-20 19:02:24,CUST_03969,enterprise,chat,login_auth,performance,low,on_hold,platinum,The login auth page is very slow and takes a long time to load.,We understand performance issues can be frustrating. We will look into this and get back to you within the next 48 hours.,,,0,negative,0,0,desktop_app,EU
TCKT_034538,2023-10-10 05:11:33,CUST_05746,individual,chat,billing,bug,low,resolved,gold,I am seeing an error message when I click on billing.,Thanks for reporting this bug. We will look into this and get back to you within the next 48 hours.,Patched the bug and deployed a fix to production.,29.2,0,neutral,0,0,desktop_app,MEA
TCKT_034647,2023-10-13 08:00:45,CUST_02483,small_business,chat,mobile_app,security_concern,high,resolved,standard,We need details about your data encryption and compliance.,We take security very seriously. We are prioritizing this and will update you as soon as possible.,"Investigated logs, mitigated the issue, and updated security settings.",18.81,1,very_negative,1,0,api_client,MEA
TCKT_034735,2023-10-27 21:32:15,CUST_03717,small_business,phone_transcript,data_export,security_concern,low,resolved,standard,I noticed a suspicious login on my account.,We take security very seriously. We will look into this and get back to you within the next 48 hours.,"Investigated logs, mitigated the issue, and updated security settings.",53.61,0,positive,0,0,ios,
TCKT_034754,2023-10-17 08:32:26,CUST_01464,non_profit,web_form,data_export,bug,high,on_hold,standard,The data export feature is not saving my changes.,Thanks for reporting this bug. We are prioritizing this and will update you as soon as possible.,,,0,positive,5,0,desktop_app,MEA
TCKT_034828,2023-10-06 09:57:54,CUST_04042,individual,phone_transcript,api_integration,billing_problem,medium,resolved,standard,My invoice amount is incorrect compared to the plan I selected.,Thanks for reaching out about the billing issue. Our team is reviewing this and will follow up within 24 hours.,Adjusted the invoice and issued a refund where applicable.,7.48,0,positive,4,0,android,APAC
TCKT_034863,2023-10-07 18:58:40,CUST_07483,small_business,phone_transcript,analytics_dashboard,feature_request,low,resolved,standard,Our team needs more advanced options for analytics dashboard.,Thanks for your feature suggestion. We will look into this and get back to you within the next 48 hours.,Captured the request and added it to the product backlog.,71.23,0,very_positive,5,0,web,LATAM
TCKT_034906,2023-10-31 07:41:56,CUST_00408,individual,in_app,api_integration,feature_request,low,resolved,standard,Our team needs more advanced options for api integration.,Thanks for your feature suggestion. We will look into this and get back to you within the next 48 hours.,Captured the request and added it to the product backlog.,62.4,0,neutral,4,0,desktop_app,LATAM
TCKT_035029,2023-10-28 18:26:14,CUST_07290,small_business,phone_transcript,api_integration,security_concern,high,closed_no_action,standard,I noticed a suspicious login on my account.,We take security very seriously. We are prioritizing this and will update you as soon as possible.,Ticket closed without further action after no response from the customer.,196.64,0,negative,3,0,android,MEA
TCKT_035180,2023-10-24 15:52:53,CUST_03082,enterprise,in_app,api_integration,billing_problem,medium,on_hold,standard,My invoice amount is incorrect compared to the plan I selected.,Thanks for reaching out about the billing issue. Our team is reviewing this and will follow up within 24 hours.,,,0,negative,2,0,web,LATAM
TCKT_035263,2023-10-21 07:12:48,CUST_04685,individual,web_form,billing,billing_problem,medium,resolved,standard,I downgraded my plan but I am still being billed for the higher tier.,Thanks for reaching out about the billing issue. Our team is reviewing this and will follow up within 24 hours.,Adjusted the invoice and issued a refund where applicable.,27.49,0,very_negative,2,1,web,APAC
TCKT_035353,2023-10-23 19:28:32,CUST_06728,individual,web_form,billing,security_concern,medium,on_hold,platinum,I noticed a suspicious login on my account.,We take security very seriously. Our team is reviewing this and will follow up within 24 hours.,,,0,negative,3,0,android,APAC
TCKT_035424,2023-10-26 12:12:42,CUST_07001,non_profit,web_form,login_auth,other,low,resolved,standard,I have a general question about my account.,Thanks for contacting support. We will look into this and get back to you within the next 48 hours.,Provided general guidance and confirmed the issue was resolved.,67.99,0,neutral,4,1,web,LATAM
TCKT_035462,2023-10-22 00:44:06,CUST_07812,non_profit,web_form,login_auth,billing_problem,high,on_hold,standard,I downgraded my plan but I am still being billed for the higher tier.,Thanks for reaching out about the billing issue. We are prioritizing this and will update you as soon as possible.,,,0,negative,3,0,ios,MEA
TCKT_035518,2023-10-27 19:28:24,CUST_05613,small_business,in_app,notifications,billing_problem,low,in_progress,gold,My invoice amount is incorrect compared to the plan I selected.,Thanks for reaching out about the billing issue. We will look into this and get back to you within the next 48 hours.,,,0,very_negative,2,0,android,EU
TCKT_035567,2023-10-26 03:35:33,CUST_02303,small_business,chat,data_export,account_access,medium,in_progress,standard,My 2FA code is not working when I try to sign in.,Sorry to hear you're having trouble accessing your account. Our team is reviewing this and will follow up within 24 hours.,,,0,neutral,3,0,web,MEA
TCKT_035637,2023-10-25 08:54:17,CUST_00605,enterprise,web_form,mobile_app,how_to,medium,open,gold,Can you explain how to configure mobile app properly?,Happy to help with your question. Our team is reviewing this and will follow up within 24 hours.,,,0,neutral,4,0,android,
TCKT_035662,2023-10-08 17:18:17,CUST_01431,education,in_app,analytics_dashboard,feature_request,urgent,in_progress,standard,Our team needs more advanced options for analytics dashboard.,Thanks for your feature suggestion. This has been escalated to our on-call team for immediate attention.,,,0,neutral,3,0,ios,
TCKT_035663,2023-10-16 03:29:06,CUST_00763,non_profit,web_form,data_export,performance,medium,in_progress,standard,Queries in the data export module are timing out.,We understand performance issues can be frustrating. Our team is reviewing this and will follow up within 24 hours.,,,0,neutral,4,1,web,EU
TCKT_035686,2023-10-31 10:39:50,CUST_03229,non_profit,phone_transcript,analytics_dashboard,bug,low,open,standard,The page keeps crashing whenever I try to open the analytics dashboard section.,Thanks for reporting this bug. We will look into this and get back to you within the next 48 hours.,,,0,neutral,3,1,android,MEA
TCKT_035703,2023-10-28 01:11:56,CUST_03415,individual,in_app,login_auth,account_access,low,closed_no_action,platinum,My 2FA code is not working when I try to sign in.,Sorry to hear you're having trouble accessing your account. We will look into this and get back to you within the next 48 hours.,Ticket closed without further action after no response from the customer.,55.21,0,very_negative,1,0,web,MEA
TCKT_035775,2023-10-14 09:54:58,CUST_01372,small_business,web_form,analytics_dashboard,how_to,medium,open,standard,I need help setting up analytics dashboard for my team.,Happy to help with your question. Our team is reviewing this and will follow up within 24 hours.,,,0,neutral,0,0,android,LATAM
TCKT_035800,2023-10-29 07:15:16,CUST_04114,individual,phone_transcript,api_integration,bug,low,resolved,standard,The api integration feature is not saving my changes.,Thanks for reporting this bug. We will look into this and get back to you within the next 48 hours.,Patched the bug and deployed a fix to production.,39.73,0,very_negative,1,0,web,MEA
TCKT_035814,2023-10-17 17:35:20,CUST_08867,education,phone_transcript,login_auth,other,low,in_progress,standard,I need help but I'm not sure which category this fits in.,Thanks for contacting support. We will look into this and get back to you within the next 48 hours.,,,0,neutral,4,0,api_client,MEA
TCKT_035880,2023-10-25 03:51:54,CUST_09263,enterprise,web_form,api_integration,how_to,medium,resolved,standard,Can you explain how to configure api integration properly?,Happy to help with your question. Our team is reviewing this and will follow up within 24 hours.,Provided step-by-step instructions and relevant documentation.,46.07,0,negative,2,0,desktop_app,
TCKT_035913,2023-10-22 01:03:58,CUST_08831,individual,email,billing,how_to,low,in_progress,gold,Can you explain how to configure billing properly?,Happy to help with your question. We will look into this and get back to you within the next 48 hours.,,,0,very_positive,5,1,desktop_app,EU
TCKT_035950,2023-10-13 06:28:56,CUST_09201,non_profit,phone_transcript,login_auth,bug,high,resolved,gold,I am seeing an error message when I click on login auth.,Thanks for reporting this bug. We are prioritizing this and will update you as soon as possible.,Patched the bug and deployed a fix to production.,8.24,0,negative,2,0,android,EU
TCKT_036032,2023-10-28 12:05:17,CUST_08026,individual,in_app,login_auth,performance,low,resolved,platinum,Queries in the login auth module are timing out.,We understand performance issues can be frustrating. We will look into this and get back to you within the next 48 hours.,Optimized queries and increased resource allocation.,51.25,0,negative,3,0,android,
TCKT_036045,2023-10-29 04:02:16,CUST_04377,enterprise,in_app,api_integration,security_concern,low,in_progress,gold,I noticed a suspicious login on my account.,We take security very seriously. We will look into this and get back to you within the next 48 hours.,,,0,neutral,3,1,web,APAC
TCKT_036070,2023-10-26 04:06:08,CUST_07544,non_profit,chat,notifications,billing_problem,medium,resolved,standard,I downgraded my plan but I am still being billed for the higher tier.,Thanks for reaching out about the billing issue. Our team is reviewing this and will follow up within 24 hours.,Adjusted the invoice and issued a refund where applicable.,29.78,0,neutral,3,0,api_client,LATAM
TCKT_036081,2023-10-09 08:32:34,CUST_07309,education,in_app,data_export,other,low,in_progress,gold,I need help but I'm not sure which category this fits in.,Thanks for contacting support. We will look into this and get back to you within the next 48 hours.,,,0,negative,0,0,desktop_app,APAC
TCKT_036147,2023-10-02 04:37:08,CUST_08284,enterprise,in_app,billing,how_to,medium,resolved,standard,I need help setting up billing for my team.,Happy to help with your question. Our team is reviewing this and will follow up within 24 hours.,Provided step-by-step instructions and relevant documentation.,16.0,0,negative,0,0,android,EU
TCKT_036164,2023-10-17 20:16:29,CUST_02106,small_business,email,notifications,account_access,medium,resolved,platinum,My 2FA code is not working when I try to sign in.,Sorry to hear you're having trouble accessing your account. Our team is reviewing this and will follow up within 24 hours.,Reset account credentials and confirmed successful login.,40.41,0,very_negative,2,1,ios,
TCKT_036284,2023-10-29 20:45:11,CUST_08386,individual,in_app,billing,bug,low,resolved,platinum,I am seeing an error message when I click on billing.,Thanks for reporting this bug. We will look into this and get back to you within the next 48 hours.,Patched the bug and deployed a fix to production.,64.14,0,negative,3,0,api_client,APAC
TCKT_036401,2023-10-20 07:11:14,CUST_04868,education,chat,notifications,performance,high,in_progress,gold,The notifications page is very slow and takes a long time to load.,We understand performance issues can be frustrating. We are prioritizing this and will update you as soon as possible.,,,0,negative,3,0,api_client,
TCKT_036409,2023-10-13 07:07:10,CUST_06877,individual,email,mobile_app,bug,medium,on_hold,standard,The mobile app feature is not saving my changes.,Thanks for reporting this bug. Our team is reviewing this and will follow up within 24 hours.,,,0,negative,2,1,ios,EU
TCKT_036413,2023-10-16 20:49:52,CUST_04404,small_business,in_app,notifications,other,low,open,platinum,I have a general question about my account.,Thanks for contacting support. We will look into this and get back to you within the next 48 hours.,,,0,very_positive,5,0,web,APAC
TCKT_036626,2023-10-07 15:27:48,CUST_01199,non_profit,chat,api_integration,performance,medium,in_progress,standard,Queries in the api integration module are timing out.,We understand performance issues can be frustrating. Our team is reviewing this and will follow up within 24 hours.,,,0,neutral,4,0,desktop_app,
TCKT_036777,2023-10-09 21:03:47,CUST_00542,education,chat,billing,how_to,low,resolved,gold,Can you explain how to configure billing properly?,Happy to help with your question. We will look into this and get back to you within the next 48 hours.,Provided step-by-step instructions and relevant documentation.,35.94,1,neutral,0,0,android,
TCKT_036812,2023-10-24 22:57:52,CUST_08984,non_profit,in_app,api_integration,security_concern,urgent,open,standard,I noticed a suspicious login on my account.,We take security very seriously. This has been escalated to our on-call team for immediate attention.,,,0,very_negative,2,1,ios,APAC
TCKT_036872,2023-10-07 19:54:31,CUST_02460,small_business,chat,billing,security_concern,medium,on_hold,standard,There seems to be a vulnerability in the billing functionality.,We take security very seriously. Our team is reviewing this and will follow up within 24 hours.,,,0,neutral,0,1,ios,
TCKT_036914,2023-10-31 21:07:52,CUST_03201,enterprise,in_app,billing,billing_problem,medium,resolved,platinum,I downgraded my plan but I am still being billed for the higher tier.,Thanks for reaching out about the billing issue. Our team is reviewing this and will follow up within 24 hours.,Adjusted the invoice and issued a refund where applicable.,6.57,0,neutral,4,0,api_client,LATAM
TCKT_036934,2023-10-20 16:11:57,CUST_00988,enterprise,chat,data_export,bug,high,in_progress,gold,I am seeing an error message when I click on data export.,Thanks for reporting this bug. We are prioritizing this and will update you as soon as possible.,,,0,neutral,3,1,desktop_app,
TCKT_036986,2023-10-03 22:57:29,CUST_07653,enterprise,chat,data_export,security_concern,low,on_hold,gold,We need details about your data encryption and compliance.,We take security very seriously. We will look into this and get back to you within the next 48 hours.,,,0,very_positive,5,0,web,
TCKT_037004,2023-10-22 00:28:03,CUST_03083,individual,web_form,api_integration,billing_problem,high,resolved,gold,I was charged twice for my subscription this month.,Thanks for reaching out about the billing issue. We are prioritizing this and will update you as soon as possible.,Adjusted the invoice and issued a refund where applicable.,4.7,0,negative,3,0,api_client,EU
TCKT_037008,2023-10-22 01:06:49,CUST_01354,small_business,web_form,analytics_dashboard,other,low,closed_no_action,standard,I have a general question about my account.,Thanks for contacting support. We will look into this and get back to you within the next 48 hours.,Ticket closed without further action after no response from the customer.,238.13,0,positive,5,0,api_client,LATAM
TCKT_037087,2023-10-31 06:24:07,CUST_09444,education,web_form,api_integration,feature_request,urgent,resolved,standard,It would be great to have api integration support in your product.,Thanks for your feature suggestion. This has been escalated to our on-call team for immediate attention.,Captured the request and added it to the product backlog.,1.57,0,positive,5,0,desktop_app,
TCKT_037155,2023-10-22 15:01:47,CUST_06078,individual,web_form,analytics_dashboard,account_access,low,resolved,gold,My 2FA code is not working when I try to sign in.,Sorry to hear you're having trouble accessing your account. We will look into this and get back to you within the next 48 hours.,Reset account credentials and confirmed successful login.,30.69,0,very_positive,5,0,web,MEA
TCKT_037189,2023-10-12 08:28:12,CUST_02336,education,chat,login_auth,security_concern,low,resolved,gold,There seems to be a vulnerability in the login auth functionality.,We take security very seriously. We will look into this and get back to you within the next 48 hours.,"Investigated logs, mitigated the issue, and updated security settings.",54.06,0,very_negative,0,0,desktop_app,MEA
TCKT_037224,2023-10-10 13:03:54,CUST_03636,education,in_app,login_auth,feature_request,high,resolved,standard,Can you add an option to customize login auth?,Thanks for your feature suggestion. We are prioritizing this and will update you as soon as possible.,Captured the request and added it to the product backlog.,23.53,0,positive,4,0,ios,
TCKT_037227,2023-10-26 14:36:08,CUST_01743,enterprise,in_app,analytics_dashboard,other,low,resolved,gold,I need help but I'm not sure which category this fits in.,Thanks for contacting support. We will look into this and get back to you within the next 48 hours.,Provided general guidance and confirmed the issue was resolved.,20.65,0,neutral,3,0,api_client,LATAM
TCKT_037237,2023-10-29 02:00:05,CUST_09216,non_profit,email,notifications,security_concern,high,in_progress,gold,There seems to be a vulnerability in the notifications functionality.,We take security very seriously. We are prioritizing this and will update you as soon as possible.,,,0,negative,2,0,android,LATAM
TCKT_037299,2023-10-18 16:20:36,CUST_03259,enterprise,in_app,billing,bug,low,in_progress,platinum,The page keeps crashing whenever I try to open the billing section.,Thanks for reporting this bug. We will look into this and get back to you within the next 48 hours.,,,0,negative,0,0,web,LATAM
TCKT_037420,2023-10-04 20:36:51,CUST_01451,small_business,phone_transcript,login_auth,performance,low,resolved,standard,Queries in the login auth module are timing out.,We understand performance issues can be frustrating. We will look into this and get back to you within the next 48 hours.,Optimized queries and increased resource allocation.,63.83,0,very_positive,5,0,api_client,MEA
TCKT_037510,2023-10-28 23:01:33,CUST_01177,enterprise,web_form,notifications,feature_request,low,resolved,standard,Our team needs more advanced options for notifications.,Thanks for your feature suggestion. We will look into this and get back to you within the next 48 hours.,Captured the request and added it to the product backlog.,26.29,0,neutral,0,0,api_client,
TCKT_037522,2023-10-13 00:50:54,CUST_06432,enterprise,phone_transcript,mobile_app,how_to,low,in_progress,standard,I need help setting up mobile app for my team.,Happy to help with your question. We will look into this and get back to you within the next 48 hours.,,,0,very_positive,0,0,desktop_app,LATAM
TCKT_037526,2023-10-17 11:33:18,CUST_05562,small_business,web_form,login_auth,how_to,high,resolved,standard,I need help setting up login auth for my team.,Happy to help with your question. We are prioritizing this and will update you as soon as possible.,Provided step-by-step instructions and relevant documentation.,12.88,0,very_negative,1,0,web,EU
TCKT_037553,2023-10-11 18:11:14,CUST_00619,individual,in_app,billing,billing_problem,low,closed_no_action,standard,I was charged twice for my subscription this month.,Thanks for reaching out about the billing issue. We will look into this and get back to you within the next 48 hours.,Ticket closed without further action after no response from the customer.,110.75,0,very_negative,0,0,ios,MEA
TCKT_037599,2023-10-01 12:20:34,CUST_09823,education,phone_transcript,api_integration,security_concern,low,resolved,standard,We need details about your data encryption and compliance.,We take security very seriously. We will look into this and get back to you within the next 48 hours.,"Investigated logs, mitigated the issue, and updated security settings.",46.44,0,neutral,4,0,ios,EU
TCKT_037621,2023-10-19 11:30:08,CUST_00756,individual,email,billing,bug,high,resolved,standard,The page keeps crashing whenever I try to open the billing section.,Thanks for reporting this bug. We are prioritizing this and will update you as soon as possible.,Patched the bug and deployed a fix to production.,20.67,0,neutral,3,0,api_client,
TCKT_037634,2023-10-14 22:25:29,CUST_02013,enterprise,chat,analytics_dashboard,performance,medium,closed_no_action,gold,The analytics dashboard page is very slow and takes a long time to load.,We understand performance issues can be frustrating. Our team is reviewing this and will follow up within 24 hours.,Ticket closed without further action after no response from the customer.,188.68,0,negative,0,1,ios,LATAM
TCKT_037653,2023-10-25 19:30:01,CUST_03645,non_profit,in_app,notifications,performance,high,resolved,standard,Overall performance has degraded in the last few days.,We understand performance issues can be frustrating. We are prioritizing this and will update you as soon as possible.,Optimized queries and increased resource allocation.,1.26,0,neutral,3,0,ios,
TCKT_037797,2023-10-07 19:59:55,CUST_03509,non_profit,email,api_integration,performance,low,on_hold,standard,Overall performance has degraded in the last few days.,We understand performance issues can be frustrating. We will look into this and get back to you within the next 48 hours.,,,0,negative,2,0,android,LATAM
TCKT_037805,2023-10-07 03:09:49,CUST_02657,non_profit,in_app,billing,feature_request,low,open,gold,Can you add an option to customize billing?,Thanks for your feature suggestion. We will look into this and get back to you within the next 48 hours.,,,0,neutral,4,0,ios,
TCKT_037833,2023-10-16 21:34:05,CUST_05877,education,in_app,billing,how_to,high,resolved,gold,Can you explain how to configure billing properly?,Happy to help with your question. We are prioritizing this and will update you as soon as possible.,Provided step-by-step instructions and relevant documentation.,12.51,0,very_positive,5,0,ios,LATAM
TCKT_037929,2023-10-12 03:53:55,CUST_01246,individual,in_app,notifications,account_access,medium,in_progress,standard,My account was locked after multiple failed login attempts.,Sorry to hear you're having trouble accessing your account. Our team is reviewing this and will follow up within 24 hours.,,,0,negative,2,0,api_client,
TCKT_037937,2023-10-25 17:11:56,CUST_00323,education,web_form,notifications,other,urgent,resolved,standard,"Something seems off, can you please check my workspace?",Thanks for contacting support. This has been escalated to our on-call team for immediate attention.,Provided general guidance and confirmed the issue was resolved.,0.39,0,positive,0,0,web,EU
TCKT_038003,2023-10-18 16:24:05,CUST_08465,education,phone_transcript,data_export,feature_request,medium,open,standard,It would be great to have data export support in your product.,Thanks for your feature suggestion. Our team is reviewing this and will follow up within 24 hours.,,,0,very_positive,0,0,android,LATAM
TCKT_038043,2023-10-12 18:21:19,CUST_00314,small_business,phone_transcript,notifications,account_access,medium,resolved,standard,My account was locked after multiple failed login attempts.,Sorry to hear you're having trouble accessing your account. Our team is reviewing this and will follow up within 24 hours.,Reset account credentials and confirmed successful login.,13.48,0,very_negative,0,0,android,APAC
TCKT_038067,2023-10-04 18:39:49,CUST_05997,enterprise,web_form,login_auth,other,urgent,open,standard,"Something seems off, can you please check my workspace?",Thanks for contacting support. This has been escalated to our on-call team for immediate attention.,,,0,neutral,4,1,android,APAC
TCKT_038082,2023-10-05 01:34:32,CUST_07613,non_profit,chat,api_integration,billing_problem,medium,resolved,standard,I downgraded my plan but I am still being billed for the higher tier.,Thanks for reaching out about the billing issue. Our team is reviewing this and will follow up within 24 hours.,Adjusted the invoice and issued a refund where applicable.,47.81,0,negative,0,0,android,LATAM
TCKT_038124,2023-10-07 04:17:07,CUST_04660,individual,phone_transcript,api_integration,security_concern,low,in_progress,gold,There seems to be a vulnerability in the api integration functionality.,We take security very seriously. We will look into this and get back to you within the next 48 hours.,,,0,neutral,3,0,ios,MEA
TCKT_038131,2023-10-25 07:16:03,CUST_05329,small_business,in_app,data_export,performance,low,resolved,standard,Queries in the data export module are timing out.,We understand performance issues can be frustrating. We will look into this and get back to you within the next 48 hours.,Optimized queries and increased resource allocation.,41.35,0,negative,2,1,api_client,EU
TCKT_038272,2023-10-01 23:21:33,CUST_03785,enterprise,web_form,billing,other,low,closed_no_action,standard,"Something seems off, can you please check my workspace?",Thanks for contacting support. We will look into this and get back to you within the next 48 hours.,Ticket closed without further action after no response from the customer.,87.88,0,negative,2,0,api_client,MEA
TCKT_038285,2023-10-30 00:08:33,CUST_09580,enterprise,in_app,login_auth,feature_request,low,resolved,platinum,Our team needs more advanced options for login auth.,Thanks for your feature suggestion. We will look into this and get back to you within the next 48 hours.,Captured the request and added it to the product backlog.,26.34,0,negative,2,1,ios,MEA
TCKT_038292,2023-10-14 00:21:23,CUST_01030,enterprise,web_form,login_auth,bug,low,in_progress,standard,The login auth feature is not saving my changes.,Thanks for reporting this bug. We will look into this and get back to you within the next 48 hours.,,,0,neutral,4,1,desktop_app,EU
TCKT_038297,2023-10-05 23:25:19,CUST_07517,enterprise,chat,notifications,security_concern,medium,resolved,standard,I noticed a suspicious login on my account.,We take security very seriously. Our team is reviewing this and will follow up within 24 hours.,"Investigated logs, mitigated the issue, and updated security settings.",5.66,0,positive,5,0,android,
TCKT_038374,2023-10-03 17:49:23,CUST_09270,enterprise,in_app,login_auth,other,low,resolved,gold,I have a general question about my account.,Thanks for contacting support. We will look into this and get back to you within the next 48 hours.,Provided general guidance and confirmed the issue was resolved.,27.95,0,negative,2,0,web,MEA
TCKT_038416,2023-10-16 09:29:50,CUST_04842,small_business,chat,login_auth,security_concern,low,resolved,standard,I noticed a suspicious login on my account.,We take security very seriously. We will look into this and get back to you within the next 48 hours.,"Investigated logs, mitigated the issue, and updated security settings.",56.07,0,neutral,0,0,desktop_app,
TCKT_038421,2023-10-02 05:37:23,CUST_05957,enterprise,web_form,api_integration,feature_request,low,in_progress,gold,Our team needs more advanced options for api integration.,Thanks for your feature suggestion. We will look into this and get back to you within the next 48 hours.,,,0,neutral,3,0,android,EU
TCKT_038432,2023-10-21 18:57:25,CUST_08851,non_profit,in_app,api_integration,bug,medium,in_progress,standard,The api integration feature is not saving my changes.,Thanks for reporting this bug. Our team is reviewing this and will follow up within 24 hours.,,,0,positive,5,1,ios,APAC
TCKT_038472,2023-10-10 06:47:58,CUST_01064,education,phone_transcript,billing,bug,low,resolved,standard,The billing feature is not saving my changes.,Thanks for reporting this bug. We will look into this and get back to you within the next 48 hours.,Patched the bug and deployed a fix to production.,41.42,0,neutral,4,0,web,LATAM
TCKT_038526,2023-10-16 17:58:40,CUST_03945,education,email,mobile_app,other,medium,in_progress,standard,"Something seems off, can you please check my workspace?",Thanks for contacting support. Our team is reviewing this and will follow up within 24 hours.,,,0,neutral,4,0,android,LATAM
TCKT_038540,2023-10-07 15:31:45,CUST_05311,enterprise,email,data_export,feature_request,low,closed_no_action,gold,Our team needs more advanced options for data export.,Thanks for your feature suggestion. We will look into this and get back to you within the next 48 hours.,Ticket closed without further action after no response from the customer.,224.97,0,neutral,3,0,web,EU
TCKT_038567,2023-10-24 12:20:06,CUST_05424,enterprise,in_app,billing,account_access,high,resolved,standard,My 2FA code is not working when I try to sign in.,Sorry to hear you're having trouble accessing your account. We are prioritizing this and will update you as soon as possible.,Reset account credentials and confirmed successful login.,7.88,0,neutral,3,1,desktop_app,
TCKT_038579,2023-10-09 14:27:12,CUST_00214,enterprise,in_app,mobile_app,feature_request,low,resolved,standard,It would be great to have mobile app support in your product.,Thanks for your feature suggestion. We will look into this and get back to you within the next 48 hours.,Captured the request and added it to the product backlog.,53.07,0,negative,0,1,web,APAC
TCKT_038623,2023-10-09 04:14:22,CUST_03003,small_business,web_form,notifications,account_access,high,in_progress,standard,My 2FA code is not working when I try to sign in.,Sorry to hear you're having trouble accessing your account. We are prioritizing this and will update you as soon as possible.,,,0,very_negative,1,0,android,LATAM
TCKT_038666,2023-10-05 13:40:57,CUST_03066,individual,phone_transcript,mobile_app,feature_request,low,open,standard,It would be great to have mobile app support in your product.,Thanks for your feature suggestion. We will look into this and get back to you within the next 48 hours.,,,0,very_positive,0,1,ios,LATAM
TCKT_038676,2023-10-27 14:35:40,CUST_03232,non_profit,web_form,login_auth,how_to,medium,resolved,standard,I need help setting up login auth for my team.,Happy to help with your question. Our team is reviewing this and will follow up within 24 hours.,Provided step-by-step instructions and relevant documentation.,42.55,0,positive,0,0,android,MEA
TCKT_038827,2023-10-17 23:24:52,CUST_04615,non_profit,in_app,notifications,how_to,high,on_hold,platinum,Can you explain how to configure notifications properly?,Happy to help with your question. We are prioritizing this and will update you as soon as possible.,,,0,positive,0,0,ios,
TCKT_038830,2023-10-04 00:40:27,CUST_07293,non_profit,chat,billing,security_concern,medium,in_progress,gold,I noticed a suspicious login on my account.,We take security very seriously. Our team is reviewing this and will follow up within 24 hours.,,,0,positive,5,0,desktop_app,APAC
TCKT_038927,2023-10-30 05:00:47,CUST_08807,education,email,api_integration,security_concern,high,resolved,platinum,I noticed a suspicious login on my account.,We take security very seriously. We are prioritizing this and will update you as soon as possible.,"Investigated logs, mitigated the issue, and updated security settings.",18.91,0,very_negative,0,0,web,LATAM
TCKT_038928,2023-10-24 11:47:07,CUST_04151,individual,web_form,analytics_dashboard,feature_request,low,open,gold,Our team needs more advanced options for analytics dashboard.,Thanks for your feature suggestion. We will look into this and get back to you within the next 48 hours.,,,0,neutral,4,0,desktop_app,MEA
TCKT_038955,2023-10-18 02:18:32,CUST_07557,education,email,login_auth,performance,low,in_progress,gold,The login auth page is very slow and takes a long time to load.,We understand performance issues can be frustrating. We will look into this and get back to you within the next 48 hours.,,,0,negative,0,1,web,APAC
TCKT_039012,2023-10-10 22:38:53,CUST_06510,non_profit,web_form,mobile_app,account_access,urgent,open,standard,My account was locked after multiple failed login attempts.,Sorry to hear you're having trouble accessing your account. This has been escalated to our on-call team for immediate attention.,,,0,negative,2,0,api_client,LATAM
TCKT_039048,2023-10-07 00:11:28,CUST_03132,individual,web_form,api_integration,bug,low,open,gold,The api integration feature is not saving my changes.,Thanks for reporting this bug. We will look into this and get back to you within the next 48 hours.,,,0,neutral,0,0,ios,APAC
TCKT_039058,2023-10-12 17:42:35,CUST_05898,individual,phone_transcript,data_export,how_to,high,closed_no_action,platinum,How can I export my data from the data export section?,Happy to help with your question. We are prioritizing this and will update you as soon as possible.,Ticket closed without further action after no response from the customer.,237.57,0,negative,3,0,web,EU
TCKT_039088,2023-10-07 04:54:35,CUST_08438,small_business,chat,api_integration,account_access,low,resolved,standard,My 2FA code is not working when I try to sign in.,Sorry to hear you're having trouble accessing your account. We will look into this and get back to you within the next 48 hours.,Reset account credentials and confirmed successful login.,46.3,0,negative,0,0,api_client,MEA
TCKT_039121,2023-10-14 15:39:34,CUST_02458,non_profit,email,login_auth,other,low,resolved,platinum,I have a general question about my account.,Thanks for contacting support. We will look into this and get back to you within the next 48 hours.,Provided general guidance and confirmed the issue was resolved.,27.86,0,negative,2,0,android,EU
TCKT_039124,2023-10-03 15:48:26,CUST_07154,education,email,api_integration,account_access,low,resolved,standard,My account was locked after multiple failed login attempts.,Sorry to hear you're having trouble accessing your account. We will look into this and get back to you within the next 48 hours.,Reset account credentials and confirmed successful login.,68.07,1,negative,3,0,android,
TCKT_039154,2023-10-31 21:57:46,CUST_07374,education,in_app,notifications,feature_request,medium,in_progress,standard,Our team needs more advanced options for notifications.,Thanks for your feature suggestion. Our team is reviewing this and will follow up within 24 hours.,,,0,neutral,3,1,ios,MEA
TCKT_039215,2023-10-02 07:29:31,CUST_09744,small_business,chat,billing,billing_problem,medium,in_progress,standard,I downgraded my plan but I am still being billed for the higher tier.,Thanks for reaching out about the billing issue. Our team is reviewing this and will follow up within 24 hours.,,,0,negative,3,0,web,MEA
TCKT_039297,2023-10-06 10:23:46,CUST_02508,small_business,chat,data_export,security_concern,medium,open,platinum,We need details about your data encryption and compliance.,We take security very seriously. Our team is reviewing this and will follow up within 24 hours.,,,0,negative,2,1,android,EU
TCKT_039384,2023-10-17 13:16:47,CUST_09486,enterprise,in_app,mobile_app,bug,low,resolved,standard,The mobile app feature is not saving my changes.,Thanks for reporting this bug. We will look into this and get back to you within the next 48 hours.,Patched the bug and deployed a fix to production.,71.19,0,very_positive,0,0,desktop_app,
TCKT_039429,2023-10-08 23:49:46,CUST_05806,individual,email,data_export,other,low,in_progress,standard,I have a general question about my account.,Thanks for contacting support. We will look into this and get back to you within the next 48 hours.,,,0,negative,0,0,web,
TCKT_039456,2023-10-21 20:37:51,CUST_08899,enterprise,in_app,data_export,feature_request,medium,resolved,standard,Can you add an option to customize data export?,Thanks for your feature suggestion. Our team is reviewing this and will follow up within 24 hours.,Captured the request and added it to the product backlog.,31.41,0,negative,3,0,api_client,EU
TCKT_039467,2023-10-01 05:48:38,CUST_02282,non_profit,email,data_export,bug,medium,resolved,gold,The page keeps crashing whenever I try to open the data export section.,Thanks for reporting this bug. Our team is reviewing this and will follow up within 24 hours.,Patched the bug and deployed a fix to production.,41.13,0,very_positive,5,0,desktop_app,
TCKT_039493,2023-10-09 22:24:18,CUST_06040,small_business,phone_transcript,analytics_dashboard,account_access,high,resolved,gold,My account was locked after multiple failed login attempts.,Sorry to hear you're having trouble accessing your account. We are prioritizing this and will update you as soon as possible.,Reset account credentials and confirmed successful login.,17.15,0,very_negative,1,1,android,APAC
TCKT_039510,2023-10-20 01:13:57,CUST_01575,education,phone_transcript,notifications,feature_request,low,in_progress,standard,Our team needs more advanced options for notifications.,Thanks for your feature suggestion. We will look into this and get back to you within the next 48 hours.,,,0,positive,0,0,web,APAC
TCKT_039522,2023-10-09 14:31:53,CUST_08463,education,email,api_integration,security_concern,low,in_progress,standard,We need details about your data encryption and compliance.,We take security very seriously. We will look into this and get back to you within the next 48 hours.,,,0,neutral,4,0,api_client,MEA
TCKT_039685,2023-10-16 08:57:04,CUST_04904,education,phone_transcript,billing,billing_problem,medium,resolved,gold,I was charged twice for my subscription this month.,Thanks for reaching out about the billing issue. Our team is reviewing this and will follow up within 24 hours.,Adjusted the invoice and issued a refund where applicable.,27.07,1,very_negative,2,0,desktop_app,EU
TCKT_039747,2023-10-19 05:03:31,CUST_09637,small_business,phone_transcript,billing,performance,medium,in_progress,standard,Overall performance has degraded in the last few days.,We understand performance issues can be frustrating. Our team is reviewing this and will follow up within 24 hours.,,,0,negative,0,0,web,APAC
TCKT_039806,2023-10-01 08:09:24,CUST_00105,non_profit,phone_transcript,notifications,how_to,medium,resolved,standard,Can you explain how to configure notifications properly?,Happy to help with your question. Our team is reviewing this and will follow up within 24 hours.,Provided step-by-step instructions and relevant documentation.,4.62,0,positive,4,0,ios,APAC
TCKT_039841,2023-10-06 10:41:33,CUST_00227,education,web_form,analytics_dashboard,bug,medium,resolved,gold,I am seeing an error message when I click on analytics dashboard.,Thanks for reporting this bug. Our team is reviewing this and will follow up within 24 hours.,Patched the bug and deployed a fix to production.,5.77,0,negative,3,0,api_client,
TCKT_039885,2023-10-17 08:29:16,CUST_02742,enterprise,chat,analytics_dashboard,other,low,on_hold,gold,I need help but I'm not sure which category this fits in.,Thanks for contacting support. We will look into this and get back to you within the next 48 hours.,,,0,neutral,4,0,desktop_app,LATAM
TCKT_039935,2023-10-10 00:22:56,CUST_01361,non_profit,email,analytics_dashboard,security_concern,medium,resolved,gold,We need details about your data encryption and compliance.,We take security very seriously. Our team is reviewing this and will follow up within 24 hours.,"Investigated logs, mitigated the issue, and updated security settings.",8.98,0,neutral,4,1,api_client,APAC
TCKT_039993,2023-10-16 20:32:27,CUST_03089,education,in_app,data_export,how_to,low,resolved,standard,How can I export my data from the data export section?,Happy to help with your question. We will look into this and get back to you within the next 48 hours.,Provided step-by-step instructions and relevant documentation.,52.3,0,positive,4,0,web,APAC
TCKT_039994,2023-10-02 21:31:46,CUST_02988,education,phone_transcript,api_integration,feature_request,medium,open,standard,It would be great to have api integration support in your product.,Thanks for your feature suggestion. Our team is reviewing this and will follow up within 24 hours.,,,0,neutral,4,0,web,
TCKT_040006,2023-10-20 10:22:41,CUST_06092,non_profit,email,mobile_app,billing_problem,low,closed_no_action,standard,I was charged twice for my subscription this month.,Thanks for reaching out about the billing issue. We will look into this and get back to you within the next 48 hours.,Ticket closed without further action after no response from the customer.,189.99,0,negative,2,0,api_client,MEA
TCKT_040014,2023-10-11 16:17:34,CUST_01928,small_business,email,login_auth,security_concern,low,in_progress,gold,I noticed a suspicious login on my account.,We take security very seriously. We will look into this and get back to you within the next 48 hours.,,,1,positive,5,0,web,APAC
TCKT_040034,2023-10-16 22:21:21,CUST_02424,individual,chat,billing,how_to,medium,resolved,standard,Can you explain how to configure billing properly?,Happy to help with your question. Our team is reviewing this and will follow up within 24 hours.,Provided step-by-step instructions and relevant documentation.,28.33,0,neutral,4,1,web,APAC
TCKT_040074,2023-10-05 13:31:32,CUST_04774,individual,phone_transcript,billing,security_concern,medium,in_progress,standard,There seems to be a vulnerability in the billing functionality.,We take security very seriously. Our team is reviewing this and will follow up within 24 hours.,,,0,neutral,4,1,android,APAC
TCKT_040078,2023-10-23 21:23:23,CUST_04797,small_business,web_form,billing,bug,medium,on_hold,standard,The billing feature is not saving my changes.,Thanks for reporting this bug. Our team is reviewing this and will follow up within 24 hours.,,,1,very_negative,1,0,api_client,EU
TCKT_040103,2023-10-05 21:35:00,CUST_09657,small_business,chat,notifications,how_to,high,resolved,standard,How can I export my data from the notifications section?,Happy to help with your question. We are prioritizing this and will update you as soon as possible.,Provided step-by-step instructions and relevant documentation.,13.19,0,negative,2,0,web,
TCKT_040132,2023-10-21 19:49:54,CUST_07955,small_business,email,analytics_dashboard,performance,medium,resolved,standard,Overall performance has degraded in the last few days.,We understand performance issues can be frustrating. Our team is reviewing this and will follow up within 24 hours.,Optimized queries and increased resource allocation.,11.6,0,very_negative,0,0,api_client,
TCKT_040155,2023-10-26 00:12:33,CUST_08715,non_profit,email,mobile_app,security_concern,low,resolved,standard,There seems to be a vulnerability in the mobile app functionality.,We take security very seriously. We will look into this and get back to you within the next 48 hours.,"Investigated logs, mitigated the issue, and updated security settings.",11.05,0,negative,0,0,web,MEA
TCKT_040172,2023-10-30 17:17:22,CUST_08178,education,in_app,login_auth,billing_problem,low,resolved,standard,I downgraded my plan but I am still being billed for the higher tier.,Thanks for reaching out about the billing issue. We will look into this and get back to you within the next 48 hours.,Adjusted the invoice and issued a refund where applicable.,36.32,0,positive,0,0,ios,LATAM
TCKT_040225,2023-10-31 13:21:59,CUST_05017,small_business,chat,login_auth,how_to,medium,on_hold,gold,I need help setting up login auth for my team.,Happy to help with your question. Our team is reviewing this and will follow up within 24 hours.,,,0,positive,0,0,web,MEA
TCKT_040250,2023-10-05 23:11:00,CUST_07291,education,email,login_auth,feature_request,medium,resolved,standard,Can you add an option to customize login auth?,Thanks for your feature suggestion. Our team is reviewing this and will follow up within 24 hours.,Captured the request and added it to the product backlog.,44.52,0,neutral,0,0,android,EU
TCKT_040261,2023-10-13 15:00:42,CUST_07683,education,email,data_export,other,high,open,standard,I have a general question about my account.,Thanks for contacting support. We are prioritizing this and will update you as soon as possible.,,,0,neutral,3,1,web,APAC
TCKT_040285,2023-10-26 23:20:00,CUST_07926,small_business,chat,api_integration,feature_request,low,resolved,gold,Can you add an option to customize api integration?,Thanks for your feature suggestion. We will look into this and get back to you within the next 48 hours.,Captured the request and added it to the product backlog.,60.65,0,positive,5,1,android,EU
TCKT_040345,2023-10-15 00:13:26,CUST_03351,small_business,in_app,login_auth,performance,low,open,standard,Queries in the login auth module are timing out.,We understand performance issues can be frustrating. We will look into this and get back to you within the next 48 hours.,,,0,very_negative,0,1,web,EU
TCKT_040444,2023-10-24 11:51:07,CUST_08600,enterprise,chat,login_auth,other,low,resolved,gold,I have a general question about my account.,Thanks for contacting support. We will look into this and get back to you within the next 48 hours.,Provided general guidance and confirmed the issue was resolved.,8.27,0,positive,4,0,web,MEA
TCKT_040452,2023-10-28 21:08:51,CUST_05065,individual,email,api_integration,account_access,medium,closed_no_action,standard,My account was locked after multiple failed login attempts.,Sorry to hear you're having trouble accessing your account. Our team is reviewing this and will follow up within 24 hours.,Ticket closed without further action after no response from the customer.,63.2,0,negative,2,0,ios,APAC
TCKT_040468,2023-10-30 05:29:54,CUST_01763,non_profit,in_app,api_integration,feature_request,high,resolved,platinum,It would be great to have api integration support in your product.,Thanks for your feature suggestion. We are prioritizing this and will update you as soon as possible.,Captured the request and added it to the product backlog.,3.1,0,neutral,0,1,ios,
TCKT_040480,2023-10-26 00:50:56,CUST_05599,individual,phone_transcript,mobile_app,feature_request,urgent,open,platinum,It would be great to have mobile app support in your product.,Thanks for your feature suggestion. This has been escalated to our on-call team for immediate attention.,,,0,neutral,4,0,desktop_app,LATAM
TCKT_040562,2023-10-12 12:23:28,CUST_08710,education,in_app,analytics_dashboard,security_concern,medium,on_hold,standard,I noticed a suspicious login on my account.,We take security very seriously. Our team is reviewing this and will follow up within 24 hours.,,,0,negative,0,0,android,
TCKT_040605,2023-10-31 10:52:36,CUST_05595,enterprise,in_app,analytics_dashboard,performance,low,resolved,standard,Queries in the analytics dashboard module are timing out.,We understand performance issues can be frustrating. We will look into this and get back to you within the next 48 hours.,Optimized queries and increased resource allocation.,61.32,0,neutral,3,1,web,EU
TCKT_040609,2023-10-17 17:32:17,CUST_03282,non_profit,phone_transcript,mobile_app,feature_request,low,open,standard,Our team needs more advanced options for mobile app.,Thanks for your feature suggestion. We will look into this and get back to you within the next 48 hours.,,,0,neutral,3,0,api_client,MEA
TCKT_040623,2023-10-21 00:08:59,CUST_07781,individual,in_app,login_auth,security_concern,medium,resolved,gold,I noticed a suspicious login on my account.,We take security very seriously. Our team is reviewing this and will follow up within 24 hours.,"Investigated logs, mitigated the issue, and updated security settings.",20.72,0,very_negative,0,0,api_client,EU
TCKT_040682,2023-10-08 03:15:14,CUST_06767,individual,phone_transcript,notifications,how_to,medium,resolved,gold,How can I export my data from the notifications section?,Happy to help with your question. Our team is reviewing this and will follow up within 24 hours.,Provided step-by-step instructions and relevant documentation.,45.98,0,very_positive,5,0,ios,LATAM
TCKT_040846,2023-10-15 05:05:13,CUST_05782,education,phone_transcript,data_export,account_access,medium,in_progress,standard,My 2FA code is not working when I try to sign in.,Sorry to hear you're having trouble accessing your account. Our team is reviewing this and will follow up within 24 hours.,,,0,positive,0,0,web,APAC
TCKT_040895,2023-10-28 23:43:09,CUST_09745,non_profit,email,billing,billing_problem,low,resolved,gold,My invoice amount is incorrect compared to the plan I selected.,Thanks for reaching out about the billing issue. We will look into this and get back to you within the next 48 hours.,Adjusted the invoice and issued a refund where applicable.,38.88,0,negative,3,0,api_client,LATAM
TCKT_040953,2023-10-22 19:53:06,CUST_06776,non_profit,email,mobile_app,security_concern,high,resolved,standard,There seems to be a vulnerability in the mobile app functionality.,We take security very seriously. We are prioritizing this and will update you as soon as possible.,"Investigated logs, mitigated the issue, and updated security settings.",17.43,0,very_positive,5,1,desktop_app,MEA
TCKT_040986,2023-10-31 15:50:22,CUST_05621,small_business,in_app,mobile_app,other,medium,open,gold,I have a general question about my account.,Thanks for contacting support. Our team is reviewing this and will follow up within 24 hours.,,,0,very_positive,5,1,android,MEA
TCKT_040997,2023-10-14 09:37:24,CUST_09467,enterprise,email,login_auth,feature_request,high,resolved,standard,Can you add an option to customize login auth?,Thanks for your feature suggestion. We are prioritizing this and will update you as soon as possible.,Captured the request and added it to the product backlog.,19.79,0,positive,5,0,android,MEA
TCKT_041008,2023-10-30 05:32:07,CUST_06718,non_profit,chat,notifications,feature_request,high,in_progress,gold,Our team needs more advanced options for notifications.,Thanks for your feature suggestion. We are prioritizing this and will update you as soon as possible.,,,0,neutral,3,0,web,EU
TCKT_041039,2023-10-04 09:06:38,CUST_07323,education,web_form,billing,account_access,urgent,in_progress,standard,My account was locked after multiple failed login attempts.,Sorry to hear you're having trouble accessing your account. This has been escalated to our on-call team for immediate attention.,,,0,very_negative,2,0,web,
TCKT_041055,2023-10-20 04:51:45,CUST_03629,enterprise,chat,mobile_app,security_concern,low,resolved,standard,I noticed a suspicious login on my account.,We take security very seriously. We will look into this and get back to you within the next 48 hours.,"Investigated logs, mitigated the issue, and updated security settings.",40.12,0,very_positive,5,0,android,
TCKT_041060,2023-10-18 18:33:18,CUST_01354,non_profit,phone_transcript,login_auth,account_access,medium,resolved,standard,I cannot log in; the system says my password is incorrect.,Sorry to hear you're having trouble accessing your account. Our team is reviewing this and will follow up within 24 hours.,Reset account credentials and confirmed successful login.,9.23,0,neutral,3,0,desktop_app,
TCKT_041093,2023-10-17 08:41:37,CUST_09449,enterprise,in_app,data_export,performance,medium,resolved,standard,Queries in the data export module are timing out.,We understand performance issues can be frustrating. Our team is reviewing this and will follow up within 24 hours.,Optimized queries and increased resource allocation.,13.56,0,very_positive,5,0,ios,
TCKT_041134,2023-10-20 04:49:05,CUST_08614,enterprise,chat,notifications,account_access,low,in_progress,platinum,I cannot log in; the system says my password is incorrect.,Sorry to hear you're having trouble accessing your account. We will look into this and get back to you within the next 48 hours.,,,0,negative,3,0,desktop_app,LATAM
TCKT_041135,2023-10-04 19:32:17,CUST_04424,education,in_app,analytics_dashboard,account_access,medium,resolved,standard,My 2FA code is not working when I try to sign in.,Sorry to hear you're having trouble accessing your account. Our team is reviewing this and will follow up within 24 hours.,Reset account credentials and confirmed successful login.,24.29,0,very_negative,0,0,api_client,MEA
TCKT_041168,2023-10-17 21:16:58,CUST_03331,enterprise,phone_transcript,analytics_dashboard,security_concern,high,closed_no_action,platinum,We need details about your data encryption and compliance.,We take security very seriously. We are prioritizing this and will update you as soon as possible.,Ticket closed without further action after no response from the customer.,29.3,0,neutral,3,0,desktop_app,MEA
TCKT_041206,2023-10-04 11:29:35,CUST_06577,small_business,email,analytics_dashboard,account_access,medium,open,standard,I cannot log in; the system says my password is incorrect.,Sorry to hear you're having trouble accessing your account. Our team is reviewing this and will follow up within 24 hours.,,,0,negative,0,0,desktop_app,LATAM
TCKT_041207,2023-10-20 16:54:56,CUST_06053,individual,email,api_integration,security_concern,medium,open,standard,There seems to be a vulnerability in the api integration functionality.,We take security very seriously. Our team is reviewing this and will follow up within 24 hours.,,,0,negative,3,0,web,APAC
TCKT_041210,2023-10-18 20:41:29,CUST_09761,enterprise,email,notifications,account_access,low,on_hold,standard,My account was locked after multiple failed login attempts.,Sorry to hear you're having trouble accessing your account. We will look into this and get back to you within the next 48 hours.,,,0,positive,4,0,web,LATAM
TCKT_041223,2023-10-20 22:33:51,CUST_00438,education,chat,notifications,security_concern,high,closed_no_action,standard,I noticed a suspicious login on my account.,We take security very seriously. We are prioritizing this and will update you as soon as possible.,Ticket closed without further action after no response from the customer.,174.02,0,negative,3,1,desktop_app,MEA
TCKT_041287,2023-10-19 08:46:52,CUST_00481,small_business,in_app,billing,bug,medium,in_progress,standard,The page keeps crashing whenever I try to open the billing section.,Thanks for reporting this bug. Our team is reviewing this and will follow up within 24 hours.,,,0,neutral,0,0,ios,EU
TCKT_041310,2023-10-02 13:51:12,CUST_05418,small_business,in_app,analytics_dashboard,account_access,medium,in_progress,platinum,I cannot log in; the system says my password is incorrect.,Sorry to hear you're having trouble accessing your account. Our team is reviewing this and will follow up within 24 hours.,,,0,very_negative,2,0,desktop_app,
TCKT_041321,2023-10-07 10:49:29,CUST_09942,education,chat,notifications,bug,medium,closed_no_action,platinum,I am seeing an error message when I click on notifications.,Thanks for reporting this bug. Our team is reviewing this and will follow up within 24 hours.,Ticket closed without further action after no response from the customer.,145.66,0,positive,0,1,ios,APAC
TCKT_041371,2023-10-25 16:35:06,CUST_00560,enterprise,email,login_auth,performance,medium,in_progress,standard,Overall performance has degraded in the last few days.,We understand performance issues can be frustrating. Our team is reviewing this and will follow up within 24 hours.,,,0,very_negative,2,0,android,APAC
TCKT_041394,2023-10-15 20:50:19,CUST_07854,non_profit,email,login_auth,how_to,low,in_progress,standard,I need help setting up login auth for my team.,Happy to help with your question. We will look into this and get back to you within the next 48 hours.,,,0,positive,5,0,ios,
TCKT_041401,2023-10-07 11:30:59,CUST_04505,education,phone_transcript,login_auth,security_concern,low,resolved,standard,I noticed a suspicious login on my account.,We take security very seriously. We will look into this and get back to you within the next 48 hours.,"Investigated logs, mitigated the issue, and updated security settings.",40.69,0,very_negative,1,1,api_client,APAC
TCKT_041469,2023-10-04 22:20:33,CUST_05323,enterprise,email,mobile_app,how_to,low,resolved,standard,How can I export my data from the mobile app section?,Happy to help with your question. We will look into this and get back to you within the next 48 hours.,Provided step-by-step instructions and relevant documentation.,18.94,0,very_positive,0,1,api_client,APAC
TCKT_041518,2023-10-15 03:33:57,CUST_05313,enterprise,in_app,billing,account_access,medium,in_progress,standard,I cannot log in; the system says my password is incorrect.,Sorry to hear you're having trouble accessing your account. Our team is reviewing this and will follow up within 24 hours.,,,0,very_negative,2,0,android,
TCKT_041631,2023-10-06 11:55:40,CUST_05555,education,in_app,notifications,account_access,low,closed_no_action,standard,I cannot log in; the system says my password is incorrect.,Sorry to hear you're having trouble accessing your account. We will look into this and get back to you within the next 48 hours.,Ticket closed without further action after no response from the customer.,114.06,0,neutral,4,0,android,
TCKT_041720,2023-10-31 09:09:32,CUST_04080,non_profit,web_form,api_integration,how_to,medium,resolved,platinum,I need help setting up api integration for my team.,Happy to help with your question. Our team is reviewing this and will follow up within 24 hours.,Provided step-by-step instructions and relevant documentation.,41.12,0,negative,3,0,android,MEA
TCKT_041722,2023-10-13 12:06:21,CUST_01025,non_profit,web_form,notifications,security_concern,medium,resolved,gold,I noticed a suspicious login on my account.,We take security very seriously. Our team is reviewing this and will follow up within 24 hours.,"Investigated logs, mitigated the issue, and updated security settings.",44.54,0,negative,0,0,android,MEA
TCKT_041733,2023-10-20 18:30:13,CUST_01821,enterprise,in_app,analytics_dashboard,performance,high,in_progress,gold,Queries in the analytics dashboard module are timing out.,We understand performance issues can be frustrating. We are prioritizing this and will update you as soon as possible.,,,0,very_negative,2,1,web,LATAM
TCKT_041745,2023-10-18 01:01:14,CUST_00285,enterprise,chat,api_integration,account_access,low,closed_no_action,standard,My 2FA code is not working when I try to sign in.,Sorry to hear you're having trouble accessing your account. We will look into this and get back to you within the next 48 hours.,Ticket closed without further action after no response from the customer.,198.9,0,positive,0,1,desktop_app,LATAM
TCKT_041908,2023-10-27 06:43:00,CUST_09532,small_business,email,analytics_dashboard,bug,medium,in_progress,standard,The page keeps crashing whenever I try to open the analytics dashboard section.,Thanks for reporting this bug. Our team is reviewing this and will follow up within 24 hours.,,,0,negative,3,0,web,LATAM
TCKT_041910,2023-10-19 11:37:51,CUST_04978,small_business,web_form,notifications,performance,medium,in_progress,gold,The notifications page is very slow and takes a long time to load.,We understand performance issues can be frustrating. Our team is reviewing this and will follow up within 24 hours.,,,0,neutral,0,1,android,
TCKT_041913,2023-10-15 00:02:05,CUST_00910,non_profit,in_app,api_integration,how_to,low,open,gold,Can you explain how to configure api integration properly?,Happy to help with your question. We will look into this and get back to you within the next 48 hours.,,,0,negative,2,0,ios,MEA
TCKT_042105,2023-10-18 10:13:48,CUST_05552,education,email,login_auth,how_to,medium,resolved,standard,How can I export my data from the login auth section?,Happy to help with your question. Our team is reviewing this and will follow up within 24 hours.,Provided step-by-step instructions and relevant documentation.,19.77,0,neutral,4,0,ios,
TCKT_042112,2023-10-07 22:23:37,CUST_00001,non_profit,web_form,api_integration,security_concern,medium,resolved,platinum,I noticed a suspicious login on my account.,We take security very seriously. Our team is reviewing this and will follow up within 24 hours.,"Investigated logs, mitigated the issue, and updated security settings.",39.82,0,neutral,3,0,web,MEA
TCKT_042128,2023-10-16 14:10:46,CUST_07380,education,chat,analytics_dashboard,performance,urgent,resolved,standard,Overall performance has degraded in the last few days.,We understand performance issues can be frustrating. This has been escalated to our on-call team for immediate attention.,Optimized queries and increased resource allocation.,6.17,0,very_negative,2,1,api_client,EU
TCKT_042172,2023-10-29 05:41:41,CUST_05486,enterprise,web_form,api_integration,account_access,high,resolved,standard,My 2FA code is not working when I try to sign in.,Sorry to hear you're having trouble accessing your account. We are prioritizing this and will update you as soon as possible.,Reset account credentials and confirmed successful login.,9.64,0,negative,3,0,ios,
TCKT_042184,2023-10-23 11:23:16,CUST_08676,individual,in_app,mobile_app,performance,low,on_hold,platinum,Overall performance has degraded in the last few days.,We understand performance issues can be frustrating. We will look into this and get back to you within the next 48 hours.,,,0,neutral,3,0,android,LATAM
TCKT_042185,2023-10-27 07:44:13,CUST_08722,non_profit,in_app,data_export,other,high,resolved,gold,"Something seems off, can you please check my workspace?",Thanks for contacting support. We are prioritizing this and will update you as soon as possible.,Provided general guidance and confirmed the issue was resolved.,11.4,0,very_positive,5,0,web,APAC
TCKT_042189,2023-10-21 03:22:30,CUST_03493,small_business,email,billing,feature_request,low,in_progress,standard,Our team needs more advanced options for billing.,Thanks for your feature suggestion. We will look into this and get back to you within the next 48 hours.,,,0,negative,2,0,api_client,
TCKT_042198,2023-10-01 18:02:13,CUST_07403,small_business,chat,api_integration,security_concern,medium,in_progress,standard,We need details about your data encryption and compliance.,We take security very seriously. Our team is reviewing this and will follow up within 24 hours.,,,0,negative,0,0,web,MEA
TCKT_042200,2023-10-05 21:25:55,CUST_09329,individual,in_app,billing,performance,low,resolved,standard,Overall performance has degraded in the last few days.,We understand performance issues can be frustrating. We will look into this and get back to you within the next 48 hours.,Optimized queries and increased resource allocation.,45.1,0,negative,0,0,android,
TCKT_042221,2023-10-08 01:37:03,CUST_04017,education,phone_transcript,api_integration,other,urgent,closed_no_action,platinum,"Something seems off, can you please check my workspace?",Thanks for contacting support. This has been escalated to our on-call team for immediate attention.,Ticket closed without further action after no response from the customer.,175.52,0,neutral,0,0,desktop_app,MEA
TCKT_042269,2023-10-22 05:42:12,CUST_05509,education,chat,login_auth,feature_request,medium,resolved,standard,Can you add an option to customize login auth?,Thanks for your feature suggestion. Our team is reviewing this and will follow up within 24 hours.,Captured the request and added it to the product backlog.,46.22,0,positive,5,0,web,
TCKT_042335,2023-10-14 06:53:16,CUST_02413,small_business,email,mobile_app,security_concern,medium,in_progress,gold,There seems to be a vulnerability in the mobile app functionality.,We take security very seriously. Our team is reviewing this and will follow up within 24 hours.,,,0,negative,2,0,ios,MEA
TCKT_042431,2023-10-30 02:35:18,CUST_07585,individual,in_app,billing,feature_request,low,on_hold,gold,Can you add an option to customize billing?,Thanks for your feature suggestion. We will look into this and get back to you within the next 48 hours.,,,0,very_positive,0,0,web,LATAM
TCKT_042524,2023-10-04 16:01:29,CUST_09414,small_business,chat,billing,account_access,low,resolved,gold,I cannot log in; the system says my password is incorrect.,Sorry to hear you're having trouble accessing your account. We will look into this and get back to you within the next 48 hours.,Reset account credentials and confirmed successful login.,36.86,1,very_positive,5,0,web,
TCKT_042642,2023-10-12 09:28:28,CUST_06407,non_profit,web_form,billing,billing_problem,medium,closed_no_action,gold,I was charged twice for my subscription this month.,Thanks for reaching out about the billing issue. Our team is reviewing this and will follow up within 24 hours.,Ticket closed without further action after no response from the customer.,112.33,0,negative,2,0,api_client,APAC
TCKT_042644,2023-10-09 01:48:32,CUST_00317,enterprise,chat,mobile_app,feature_request,medium,resolved,standard,Our team needs more advanced options for mobile app.,Thanks for your feature suggestion. Our team is reviewing this and will follow up within 24 hours.,Captured the request and added it to the product backlog.,36.05,0,neutral,4,0,web,
TCKT_042683,2023-10-09 09:11:14,CUST_05907,non_profit,phone_transcript,billing,security_concern,high,open,gold,We need details about your data encryption and compliance.,We take security very seriously. We are prioritizing this and will update you as soon as possible.,,,0,negative,2,0,android,LATAM
TCKT_042750,2023-10-14 06:14:56,CUST_03396,enterprise,web_form,api_integration,other,high,resolved,gold,I need help but I'm not sure which category this fits in.,Thanks for contacting support. We are prioritizing this and will update you as soon as possible.,Provided general guidance and confirmed the issue was resolved.,6.49,0,neutral,4,0,ios,
TCKT_042752,2023-10-24 09:33:06,CUST_07770,small_business,chat,notifications,billing_problem,low,resolved,gold,My invoice amount is incorrect compared to the plan I selected.,Thanks for reaching out about the billing issue. We will look into this and get back to you within the next 48 hours.,Adjusted the invoice and issued a refund where applicable.,37.83,1,very_negative,0,0,api_client,
TCKT_042827,2023-10-12 04:49:40,CUST_09351,enterprise,in_app,analytics_dashboard,feature_request,medium,resolved,standard,It would be great to have analytics dashboard support in your product.,Thanks for your feature suggestion. Our team is reviewing this and will follow up within 24 hours.,Captured the request and added it to the product backlog.,38.64,0,positive,0,0,web,MEA
TCKT_042848,2023-10-12 04:10:09,CUST_00483,individual,email,billing,feature_request,low,resolved,platinum,Our team needs more advanced options for billing.,Thanks for your feature suggestion. We will look into this and get back to you within the next 48 hours.,Captured the request and added it to the product backlog.,40.3,0,very_positive,0,0,web,MEA
TCKT_042925,2023-10-29 10:17:18,CUST_02039,individual,in_app,login_auth,other,medium,in_progress,platinum,"Something seems off, can you please check my workspace?",Thanks for contacting support. Our team is reviewing this and will follow up within 24 hours.,,,0,positive,5,0,ios,EU
TCKT_042959,2023-10-02 15:46:33,CUST_07539,education,in_app,notifications,billing_problem,low,resolved,gold,I downgraded my plan but I am still being billed for the higher tier.,Thanks for reaching out about the billing issue. We will look into this and get back to you within the next 48 hours.,Adjusted the invoice and issued a refund where applicable.,15.82,0,negative,2,0,android,MEA
TCKT_042968,2023-10-08 20:23:06,CUST_06410,small_business,email,mobile_app,how_to,medium,on_hold,platinum,I need help setting up mobile app for my team.,Happy to help with your question. Our team is reviewing this and will follow up within 24 hours.,,,0,neutral,4,0,api_client,APAC
TCKT_043000,2023-10-07 21:54:59,CUST_09366,individual,phone_transcript,billing,account_access,medium,resolved,standard,My 2FA code is not working when I try to sign in.,Sorry to hear you're having trouble accessing your account. Our team is reviewing this and will follow up within 24 hours.,Reset account credentials and confirmed successful login.,30.87,0,negative,0,0,api_client,MEA
TCKT_043043,2023-10-14 14:52:26,CUST_05925,enterprise,web_form,analytics_dashboard,bug,medium,resolved,standard,I am seeing an error message when I click on analytics dashboard.,Thanks for reporting this bug. Our team is reviewing this and will follow up within 24 hours.,Patched the bug and deployed a fix to production.,32.58,0,neutral,3,0,api_client,EU
TCKT_043061,2023-10-24 16:31:06,CUST_07088,enterprise,phone_transcript,api_integration,bug,low,open,gold,The api integration feature is not saving my changes.,Thanks for reporting this bug. We will look into this and get back to you within the next 48 hours.,,,0,very_negative,1,0,web,APAC
TCKT_043290,2023-10-22 00:30:46,CUST_07627,enterprise,email,mobile_app,how_to,low,resolved,platinum,How can I export my data from the mobile app section?,Happy to help with your question. We will look into this and get back to you within the next 48 hours.,Provided step-by-step instructions and relevant documentation.,29.06,0,positive,4,0,web,MEA
TCKT_043323,2023-10-14 10:20:37,CUST_07625,small_business,email,api_integration,feature_request,low,resolved,gold,Our team needs more advanced options for api integration.,Thanks for your feature suggestion. We will look into this and get back to you within the next 48 hours.,Captured the request and added it to the product backlog.,65.35,0,negative,3,0,desktop_app,APAC
TCKT_043381,2023-10-05 02:50:39,CUST_01427,enterprise,chat,mobile_app,how_to,low,resolved,platinum,I need help setting up mobile app for my team.,Happy to help with your question. We will look into this and get back to you within the next 48 hours.,Provided step-by-step instructions and relevant documentation.,70.77,0,very_negative,2,0,web,EU
TCKT_043389,2023-10-04 07:18:22,CUST_03630,small_business,web_form,notifications,feature_request,low,closed_no_action,standard,It would be great to have notifications support in your product.,Thanks for your feature suggestion. We will look into this and get back to you within the next 48 hours.,Ticket closed without further action after no response from the customer.,71.36,0,very_positive,5,1,ios,LATAM
TCKT_043427,2023-10-28 09:57:58,CUST_02460,enterprise,email,analytics_dashboard,account_access,medium,resolved,gold,My 2FA code is not working when I try to sign in.,Sorry to hear you're having trouble accessing your account. Our team is reviewing this and will follow up within 24 hours.,Reset account credentials and confirmed successful login.,32.24,0,very_negative,2,0,api_client,
TCKT_043442,2023-10-23 10:57:02,CUST_04567,small_business,phone_transcript,data_export,other,high,closed_no_action,gold,"Something seems off, can you please check my workspace?",Thanks for contacting support. We are prioritizing this and will update you as soon as possible.,Ticket closed without further action after no response from the customer.,167.88,0,negative,3,0,desktop_app,APAC
TCKT_043585,2023-10-29 09:48:50,CUST_02488,enterprise,in_app,data_export,how_to,medium,resolved,standard,Can you explain how to configure data export properly?,Happy to help with your question. Our team is reviewing this and will follow up within 24 hours.,Provided step-by-step instructions and relevant documentation.,31.58,0,positive,4,1,ios,
TCKT_043589,2023-10-08 21:44:44,CUST_04425,small_business,phone_transcript,api_integration,feature_request,low,in_progress,platinum,Can you add an option to customize api integration?,Thanks for your feature suggestion. We will look into this and get back to you within the next 48 hours.,,,0,neutral,3,0,desktop_app,EU
TCKT_043653,2023-10-14 14:58:49,CUST_06749,individual,chat,notifications,billing_problem,low,closed_no_action,standard,My invoice amount is incorrect compared to the plan I selected.,Thanks for reaching out about the billing issue. We will look into this and get back to you within the next 48 hours.,Ticket closed without further action after no response from the customer.,40.44,0,negative,0,1,ios,EU
TCKT_043658,2023-10-27 13:53:04,CUST_04773,enterprise,web_form,analytics_dashboard,billing_problem,low,closed_no_action,platinum,I downgraded my plan but I am still being billed for the higher tier.,Thanks for reaching out about the billing issue. We will look into this and get back to you within the next 48 hours.,Ticket closed without further action after no response from the customer.,161.63,0,negative,3,0,ios,APAC
TCKT_043670,2023-10-18 10:46:31,CUST_08683,small_business,email,notifications,bug,low,resolved,standard,The notifications feature is not saving my changes.,Thanks for reporting this bug. We will look into this and get back to you within the next 48 hours.,Patched the bug and deployed a fix to production.,17.88,0,neutral,3,0,desktop_app,LATAM
TCKT_043714,2023-10-07 07:56:14,CUST_08479,enterprise,chat,api_integration,account_access,high,resolved,standard,My account was locked after multiple failed login attempts.,Sorry to hear you're having trouble accessing your account. We are prioritizing this and will update you as soon as possible.,Reset account credentials and confirmed successful login.,4.05,0,very_positive,5,0,desktop_app,LATAM
TCKT_043765,2023-10-19 07:23:59,CUST_03532,enterprise,in_app,billing,security_concern,high,on_hold,platinum,I noticed a suspicious login on my account.,We take security very seriously. We are prioritizing this and will update you as soon as possible.,,,0,negative,3,0,api_client,APAC
TCKT_043919,2023-10-27 06:39:22,CUST_09280,non_profit,phone_transcript,login_auth,billing_problem,medium,resolved,standard,My invoice amount is incorrect compared to the plan I selected.,Thanks for reaching out about the billing issue. Our team is reviewing this and will follow up within 24 hours.,Adjusted the invoice and issued a refund where applicable.,28.3,0,neutral,3,1,android,LATAM
TCKT_043932,2023-10-05 23:50:33,CUST_05616,individual,chat,notifications,billing_problem,medium,resolved,standard,I was charged twice for my subscription this month.,Thanks for reaching out about the billing issue. Our team is reviewing this and will follow up within 24 hours.,Adjusted the invoice and issued a refund where applicable.,16.02,0,positive,0,0,ios,APAC
TCKT_043937,2023-10-27 20:49:18,CUST_09335,enterprise,email,api_integration,performance,low,in_progress,gold,Overall performance has degraded in the last few days.,We understand performance issues can be frustrating. We will look into this and get back to you within the next 48 hours.,,,0,negative,0,0,android,APAC
TCKT_043939,2023-10-03 05:46:38,CUST_06322,individual,email,billing,performance,medium,resolved,standard,The billing page is very slow and takes a long time to load.,We understand performance issues can be frustrating. Our team is reviewing this and will follow up within 24 hours.,Optimized queries and increased resource allocation.,33.59,0,neutral,4,0,api_client,MEA
TCKT_043956,2023-10-30 12:14:10,CUST_06074,enterprise,in_app,analytics_dashboard,bug,high,resolved,standard,The page keeps crashing whenever I try to open the analytics dashboard section.,Thanks for reporting this bug. We are prioritizing this and will update you as soon as possible.,Patched the bug and deployed a fix to production.,2.45,0,positive,4,0,ios,LATAM
TCKT_043958,2023-10-18 15:00:45,CUST_04064,non_profit,chat,api_integration,performance,medium,in_progress,standard,The api integration page is very slow and takes a long time to load.,We understand performance issues can be frustrating. Our team is reviewing this and will follow up within 24 hours.,,,0,very_positive,5,1,ios,EU
TCKT_043968,2023-10-13 16:55:54,CUST_02357,enterprise,web_form,billing,billing_problem,medium,open,standard,I downgraded my plan but I am still being billed for the higher tier.,Thanks for reaching out about the billing issue. Our team is reviewing this and will follow up within 24 hours.,,,0,negative,3,1,desktop_app,EU
TCKT_044011,2023-10-30 20:29:30,CUST_07990,non_profit,chat,login_auth,how_to,medium,in_progress,gold,Can you explain how to configure login auth properly?,Happy to help with your question. Our team is reviewing this and will follow up within 24 hours.,,,0,very_negative,0,1,web,EU
TCKT_044165,2023-10-14 17:32:38,CUST_00522,education,email,analytics_dashboard,account_access,urgent,on_hold,gold,I cannot log in; the system says my password is incorrect.,Sorry to hear you're having trouble accessing your account. This has been escalated to our on-call team for immediate attention.,,,0,neutral,4,0,api_client,
TCKT_044203,2023-10-28 03:31:50,CUST_09753,enterprise,web_form,data_export,other,low,open,gold,I need help but I'm not sure which category this fits in.,Thanks for contacting support. We will look into this and get back to you within the next 48 hours.,,,0,negative,0,0,android,MEA
TCKT_044281,2023-10-23 18:20:17,CUST_03653,education,in_app,billing,account_access,low,resolved,gold,My 2FA code is not working when I try to sign in.,Sorry to hear you're having trouble accessing your account. We will look into this and get back to you within the next 48 hours.,Reset account credentials and confirmed successful login.,71.56,1,very_negative,0,0,android,
TCKT_044344,2023-10-13 08:59:59,CUST_01506,non_profit,web_form,analytics_dashboard,security_concern,medium,on_hold,standard,We need details about your data encryption and compliance.,We take security very seriously. Our team is reviewing this and will follow up within 24 hours.,,,0,positive,5,0,api_client,EU
TCKT_044363,2023-10-05 14:58:42,CUST_05756,enterprise,in_app,login_auth,feature_request,medium,resolved,standard,Our team needs more advanced options for login auth.,Thanks for your feature suggestion. Our team is reviewing this and will follow up within 24 hours.,Captured the request and added it to the product backlog.,29.88,0,very_positive,5,0,desktop_app,APAC
TCKT_044398,2023-10-27 12:52:11,CUST_00512,enterprise,in_app,billing,account_access,medium,open,gold,I cannot log in; the system says my password is incorrect.,Sorry to hear you're having trouble accessing your account. Our team is reviewing this and will follow up within 24 hours.,,,0,neutral,0,0,ios,LATAM
TCKT_044409,2023-10-20 06:39:27,CUST_02794,education,web_form,mobile_app,billing_problem,high,in_progress,platinum,I downgraded my plan but I am still being billed for the higher tier.,Thanks for reaching out about the billing issue. We are prioritizing this and will update you as soon as possible.,,,0,neutral,4,0,desktop_app,APAC
TCKT_044426,2023-10-07 04:30:05,CUST_03154,individual,email,notifications,performance,low,in_progress,standard,The notifications page is very slow and takes a long time to load.,We understand performance issues can be frustrating. We will look into this and get back to you within the next 48 hours.,,,0,negative,3,0,api_client,
TCKT_044445,2023-10-23 23:49:34,CUST_09689,individual,email,mobile_app,other,low,resolved,standard,I need help but I'm not sure which category this fits in.,Thanks for contacting support. We will look into this and get back to you within the next 48 hours.,Provided general guidance and confirmed the issue was resolved.,22.94,0,positive,0,0,web,LATAM
TCKT_044471,2023-10-20 18:55:22,CUST_04974,individual,email,login_auth,billing_problem,medium,closed_no_action,gold,I downgraded my plan but I am still being billed for the higher tier.,Thanks for reaching out about the billing issue. Our team is reviewing this and will follow up within 24 hours.,Ticket closed without further action after no response from the customer.,233.62,0,very_negative,0,1,api_client,APAC
TCKT_044531,2023-10-31 06:07:57,CUST_06493,enterprise,web_form,api_integration,billing_problem,medium,resolved,gold,My invoice amount is incorrect compared to the plan I selected.,Thanks for reaching out about the billing issue. Our team is reviewing this and will follow up within 24 hours.,Adjusted the invoice and issued a refund where applicable.,28.74,0,negative,3,0,desktop_app,EU
TCKT_044533,2023-10-01 20:16:49,CUST_01176,non_profit,email,login_auth,billing_problem,medium,on_hold,standard,I was charged twice for my subscription this month.,Thanks for reaching out about the billing issue. Our team is reviewing this and will follow up within 24 hours.,,,0,neutral,3,1,ios,APAC
TCKT_044619,2023-10-15 17:18:48,CUST_01807,education,chat,notifications,billing_problem,medium,in_progress,standard,My invoice amount is incorrect compared to the plan I selected.,Thanks for reaching out about the billing issue. Our team is reviewing this and will follow up within 24 hours.,,,0,negative,3,0,ios,
TCKT_044659,2023-10-28 18:12:31,CUST_01332,enterprise,web_form,billing,security_concern,medium,resolved,standard,We need details about your data encryption and compliance.,We take security very seriously. Our team is reviewing this and will follow up within 24 hours.,"Investigated logs, mitigated the issue, and updated security settings.",32.97,0,neutral,0,0,desktop_app,APAC
TCKT_044690,2023-10-06 00:46:54,CUST_06941,enterprise,in_app,login_auth,other,low,on_hold,gold,I have a general question about my account.,Thanks for contacting support. We will look into this and get back to you within the next 48 hours.,,,0,neutral,3,0,ios,MEA
TCKT_044710,2023-10-09 19:41:11,CUST_02157,enterprise,phone_transcript,billing,performance,medium,resolved,standard,Queries in the billing module are timing out.,We understand performance issues can be frustrating. Our team is reviewing this and will follow up within 24 hours.,Optimized queries and increased resource allocation.,29.05,0,very_negative,1,0,api_client,
TCKT_044714,2023-10-20 21:26:39,CUST_02672,non_profit,chat,billing,billing_problem,high,resolved,gold,I was charged twice for my subscription this month.,Thanks for reaching out about the billing issue. We are prioritizing this and will update you as soon as possible.,Adjusted the invoice and issued a refund where applicable.,13.11,1,very_negative,2,0,ios,
TCKT_044784,2023-10-29 01:04:20,CUST_05535,non_profit,chat,analytics_dashboard,bug,medium,in_progress,standard,The page keeps crashing whenever I try to open the analytics dashboard section.,Thanks for reporting this bug. Our team is reviewing this and will follow up within 24 hours.,,,0,neutral,0,0,desktop_app,APAC
TCKT_044799,2023-10-24 21:14:02,CUST_04203,enterprise,web_form,api_integration,security_concern,high,on_hold,standard,We need details about your data encryption and compliance.,We take security very seriously. We are prioritizing this and will update you as soon as possible.,,,0,positive,4,0,ios,LATAM
TCKT_044836,2023-10-16 07:25:05,CUST_08073,non_profit,phone_transcript,analytics_dashboard,account_access,high,resolved,standard,I cannot log in; the system says my password is incorrect.,Sorry to hear you're having trouble accessing your account. We are prioritizing this and will update you as soon as possible.,Reset account credentials and confirmed successful login.,1.06,0,negative,2,1,web,MEA
TCKT_044858,2023-10-10 04:08:39,CUST_05910,non_profit,phone_transcript,api_integration,other,low,in_progress,standard,"Something seems off, can you please check my workspace?",Thanks for contacting support. We will look into this and get back to you within the next 48 hours.,,,0,negative,3,0,desktop_app,MEA
TCKT_044937,2023-10-29 11:20:29,CUST_01533,education,phone_transcript,api_integration,account_access,low,in_progress,standard,I cannot log in; the system says my password is incorrect.,Sorry to hear you're having trouble accessing your account. We will look into this and get back to you within the next 48 hours.,,,0,very_negative,1,0,android,
TCKT_044940,2023-10-23 04:30:45,CUST_03381,education,phone_transcript,api_integration,other,high,resolved,gold,I have a general question about my account.,Thanks for contacting support. We are prioritizing this and will update you as soon as possible.,Provided general guidance and confirmed the issue was resolved.,14.51,0,very_positive,5,0,api_client,EU
TCKT_045046,2023-10-21 04:35:00,CUST_08556,small_business,in_app,login_auth,billing_problem,low,resolved,standard,My invoice amount is incorrect compared to the plan I selected.,Thanks for reaching out about the billing issue. We will look into this and get back to you within the next 48 hours.,Adjusted the invoice and issued a refund where applicable.,65.05,0,neutral,3,0,api_client,APAC
TCKT_045058,2023-10-16 10:12:41,CUST_01165,individual,email,login_auth,feature_request,low,resolved,standard,Our team needs more advanced options for login auth.,Thanks for your feature suggestion. We will look into this and get back to you within the next 48 hours.,Captured the request and added it to the product backlog.,44.63,0,neutral,4,1,android,APAC
TCKT_045158,2023-10-06 08:40:01,CUST_02545,non_profit,email,billing,other,low,resolved,gold,I have a general question about my account.,Thanks for contacting support. We will look into this and get back to you within the next 48 hours.,Provided general guidance and confirmed the issue was resolved.,48.43,0,very_positive,5,1,web,EU
TCKT_045164,2023-10-17 13:30:14,CUST_04371,individual,web_form,data_export,security_concern,medium,resolved,standard,I noticed a suspicious login on my account.,We take security very seriously. Our team is reviewing this and will follow up within 24 hours.,"Investigated logs, mitigated the issue, and updated security settings.",33.34,0,neutral,0,0,android,
TCKT_045302,2023-10-04 19:37:01,CUST_08320,small_business,phone_transcript,data_export,how_to,medium,resolved,standard,Can you explain how to configure data export properly?,Happy to help with your question. Our team is reviewing this and will follow up within 24 hours.,Provided step-by-step instructions and relevant documentation.,41.37,0,very_positive,5,0,ios,EU
TCKT_045306,2023-10-30 02:27:26,CUST_03880,individual,chat,analytics_dashboard,bug,low,resolved,standard,The analytics dashboard feature is not saving my changes.,Thanks for reporting this bug. We will look into this and get back to you within the next 48 hours.,Patched the bug and deployed a fix to production.,8.45,0,very_positive,5,1,api_client,
TCKT_045339,2023-10-16 14:40:32,CUST_00552,education,in_app,login_auth,bug,low,open,gold,I am seeing an error message when I click on login auth.,Thanks for reporting this bug. We will look into this and get back to you within the next 48 hours.,,,0,neutral,4,0,api_client,EU
TCKT_045453,2023-10-02 14:05:50,CUST_07833,individual,in_app,analytics_dashboard,billing_problem,low,resolved,standard,I downgraded my plan but I am still being billed for the higher tier.,Thanks for reaching out about the billing issue. We will look into this and get back to you within the next 48 hours.,Adjusted the invoice and issued a refund where applicable.,62.1,1,very_negative,1,1,ios,MEA
TCKT_045459,2023-10-15 15:10:02,CUST_01215,enterprise,in_app,analytics_dashboard,performance,medium,in_progress,gold,The analytics dashboard page is very slow and takes a long time to load.,We understand performance issues can be frustrating. Our team is reviewing this and will follow up within 24 hours.,,,0,very_negative,1,0,ios,LATAM
TCKT_045587,2023-10-14 23:22:10,CUST_01798,education,phone_transcript,api_integration,bug,high,resolved,gold,I am seeing an error message when I click on api integration.,Thanks for reporting this bug. We are prioritizing this and will update you as soon as possible.,Patched the bug and deployed a fix to production.,5.99,0,negative,2,0,android,APAC
TCKT_045713,2023-10-14 15:15:10,CUST_01062,enterprise,chat,data_export,performance,medium,on_hold,standard,The data export page is very slow and takes a long time to load.,We understand performance issues can be frustrating. Our team is reviewing this and will follow up within 24 hours.,,,0,very_negative,1,1,ios,EU
TCKT_045809,2023-10-07 22:47:16,CUST_02686,non_profit,email,login_auth,account_access,high,resolved,gold,My account was locked after multiple failed login attempts.,Sorry to hear you're having trouble accessing your account. We are prioritizing this and will update you as soon as possible.,Reset account credentials and confirmed successful login.,11.25,1,neutral,3,1,api_client,
TCKT_045874,2023-10-16 07:58:52,CUST_05420,education,phone_transcript,api_integration,feature_request,high,closed_no_action,standard,Our team needs more advanced options for api integration.,Thanks for your feature suggestion. We are prioritizing this and will update you as soon as possible.,Ticket closed without further action after no response from the customer.,212.72,0,very_positive,5,0,web,APAC
TCKT_045886,2023-10-26 13:39:44,CUST_09411,education,phone_transcript,billing,account_access,medium,resolved,standard,I cannot log in; the system says my password is incorrect.,Sorry to hear you're having trouble accessing your account. Our team is reviewing this and will follow up within 24 hours.,Reset account credentials and confirmed successful login.,39.56,0,negative,3,1,ios,APAC
TCKT_046002,2023-10-18 00:05:52,CUST_08469,small_business,phone_transcript,notifications,feature_request,low,in_progress,standard,It would be great to have notifications support in your product.,Thanks for your feature suggestion. We will look into this and get back to you within the next 48 hours.,,,0,very_positive,0,0,desktop_app,
TCKT_046025,2023-10-20 11:27:21,CUST_00758,enterprise,email,billing,other,medium,resolved,gold,I have a general question about my account.,Thanks for contacting support. Our team is reviewing this and will follow up within 24 hours.,Provided general guidance and confirmed the issue was resolved.,45.17,0,positive,0,0,android,LATAM
TCKT_046046,2023-10-27 17:45:44,CUST_02304,small_business,phone_transcript,login_auth,bug,low,resolved,standard,The login auth feature is not saving my changes.,Thanks for reporting this bug. We will look into this and get back to you within the next 48 hours.,Patched the bug and deployed a fix to production.,15.14,0,neutral,4,1,api_client,MEA
TCKT_046085,2023-10-29 17:27:09,CUST_09573,small_business,web_form,api_integration,how_to,low,closed_no_action,standard,How can I export my data from the api integration section?,Happy to help with your question. We will look into this and get back to you within the next 48 hours.,Ticket closed without further action after no response from the customer.,176.59,0,negative,0,0,ios,EU
TCKT_046148,2023-10-02 11:06:15,CUST_03896,individual,email,analytics_dashboard,bug,high,resolved,standard,I am seeing an error message when I click on analytics dashboard.,Thanks for reporting this bug. We are prioritizing this and will update you as soon as possible.,Patched the bug and deployed a fix to production.,5.78,0,negative,0,1,ios,EU
TCKT_046202,2023-10-03 14:31:42,CUST_00311,individual,in_app,notifications,security_concern,high,in_progress,gold,I noticed a suspicious login on my account.,We take security very seriously. We are prioritizing this and will update you as soon as possible.,,,0,neutral,3,0,desktop_app,MEA
TCKT_046262,2023-10-10 11:07:40,CUST_01462,individual,email,analytics_dashboard,account_access,medium,resolved,platinum,I cannot log in; the system says my password is incorrect.,Sorry to hear you're having trouble accessing your account. Our team is reviewing this and will follow up within 24 hours.,Reset account credentials and confirmed successful login.,29.15,0,very_positive,5,1,desktop_app,APAC
TCKT_046282,2023-10-23 06:36:57,CUST_06564,individual,web_form,notifications,security_concern,low,in_progress,standard,I noticed a suspicious login on my account.,We take security very seriously. We will look into this and get back to you within the next 48 hours.,,,0,neutral,4,1,android,MEA
TCKT_046286,2023-10-24 17:01:37,CUST_03216,enterprise,in_app,login_auth,feature_request,low,resolved,standard,Can you add an option to customize login auth?,Thanks for your feature suggestion. We will look into this and get back to you within the next 48 hours.,Captured the request and added it to the product backlog.,45.77,0,neutral,0,0,web,APAC
TCKT_046310,2023-10-26 20:15:54,CUST_08778,education,phone_transcript,notifications,other,high,open,gold,"Something seems off, can you please check my workspace?",Thanks for contacting support. We are prioritizing this and will update you as soon as possible.,,,0,positive,5,0,web,
TCKT_046437,2023-10-13 02:45:20,CUST_08774,enterprise,web_form,mobile_app,performance,high,resolved,standard,Queries in the mobile app module are timing out.,We understand performance issues can be frustrating. We are prioritizing this and will update you as soon as possible.,Optimized queries and increased resource allocation.,16.01,0,negative,3,0,web,MEA
TCKT_046449,2023-10-16 14:23:48,CUST_02415,individual,email,data_export,performance,medium,on_hold,gold,Queries in the data export module are timing out.,We understand performance issues can be frustrating. Our team is reviewing this and will follow up within 24 hours.,,,0,very_negative,2,0,android,LATAM
TCKT_046476,2023-10-20 03:47:49,CUST_07376,education,web_form,api_integration,performance,medium,resolved,standard,Overall performance has degraded in the last few days.,We understand performance issues can be frustrating. Our team is reviewing this and will follow up within 24 hours.,Optimized queries and increased resource allocation.,34.77,0,negative,0,0,ios,MEA
TCKT_046501,2023-10-23 10:33:57,CUST_04012,enterprise,web_form,api_integration,performance,medium,resolved,gold,Overall performance has degraded in the last few days.,We understand performance issues can be frustrating. Our team is reviewing this and will follow up within 24 hours.,Optimized queries and increased resource allocation.,36.03,0,positive,4,1,android,APAC
TCKT_046543,2023-10-03 15:33:02,CUST_07961,enterprise,in_app,mobile_app,security_concern,medium,open,standard,I noticed a suspicious login on my account.,We take security very seriously. Our team is reviewing this and will follow up within 24 hours.,,,0,neutral,3,1,web,MEA
TCKT_046552,2023-10-23 06:50:46,CUST_01683,non_profit,chat,api_integration,billing_problem,medium,resolved,standard,I was charged twice for my subscription this month.,Thanks for reaching out about the billing issue. Our team is reviewing this and will follow up within 24 hours.,Adjusted the invoice and issued a refund where applicable.,10.42,0,positive,4,0,android,
TCKT_046617,2023-10-17 06:59:26,CUST_01288,small_business,email,mobile_app,feature_request,medium,resolved,standard,Can you add an option to customize mobile app?,Thanks for your feature suggestion. Our team is reviewing this and will follow up within 24 hours.,Captured the request and added it to the product backlog.,17.08,0,very_positive,5,0,api_client,MEA
TCKT_046618,2023-10-06 16:08:48,CUST_07010,individual,phone_transcript,notifications,feature_request,medium,resolved,platinum,It would be great to have notifications support in your product.,Thanks for your feature suggestion. Our team is reviewing this and will follow up within 24 hours.,Captured the request and added it to the product backlog.,31.23,0,positive,4,0,ios,MEA
TCKT_046756,2023-10-01 10:00:48,CUST_08096,individual,phone_transcript,notifications,other,low,resolved,gold,I need help but I'm not sure which category this fits in.,Thanks for contacting support. We will look into this and get back to you within the next 48 hours.,Provided general guidance and confirmed the issue was resolved.,66.3,0,neutral,4,0,desktop_app,LATAM
TCKT_046864,2023-10-22 02:57:38,CUST_05666,small_business,web_form,analytics_dashboard,account_access,medium,resolved,gold,My account was locked after multiple failed login attempts.,Sorry to hear you're having trouble accessing your account. Our team is reviewing this and will follow up within 24 hours.,Reset account credentials and confirmed successful login.,11.68,0,negative,0,0,android,
TCKT_046910,2023-10-23 12:14:06,CUST_00430,non_profit,email,mobile_app,how_to,medium,resolved,standard,I need help setting up mobile app for my team.,Happy to help with your question. Our team is reviewing this and will follow up within 24 hours.,Provided step-by-step instructions and relevant documentation.,29.02,0,positive,4,0,desktop_app,EU
TCKT_046917,2023-10-20 17:32:55,CUST_05037,enterprise,in_app,analytics_dashboard,other,high,resolved,standard,I need help but I'm not sure which category this fits in.,Thanks for contacting support. We are prioritizing this and will update you as soon as possible.,Provided general guidance and confirmed the issue was resolved.,1.79,0,positive,5,0,desktop_app,MEA
TCKT_046947,2023-10-20 03:55:25,CUST_09893,enterprise,web_form,login_auth,billing_problem,medium,resolved,standard,I was charged twice for my subscription this month.,Thanks for reaching out about the billing issue. Our team is reviewing this and will follow up within 24 hours.,Adjusted the invoice and issued a refund where applicable.,35.74,0,neutral,0,0,api_client,
TCKT_046948,2023-10-05 13:17:29,CUST_09314,small_business,in_app,analytics_dashboard,feature_request,low,resolved,gold,Our team needs more advanced options for analytics dashboard.,Thanks for your feature suggestion. We will look into this and get back to you within the next 48 hours.,Captured the request and added it to the product backlog.,8.06,0,neutral,4,0,android,EU
TCKT_047006,2023-10-20 04:01:49,CUST_06375,non_profit,in_app,notifications,performance,medium,resolved,standard,Queries in the notifications module are timing out.,We understand performance issues can be frustrating. Our team is reviewing this and will follow up within 24 hours.,Optimized queries and increased resource allocation.,19.23,1,negative,0,0,api_client,MEA
TCKT_047029,2023-10-30 23:04:49,CUST_04134,individual,in_app,analytics_dashboard,account_access,high,resolved,standard,My 2FA code is not working when I try to sign in.,Sorry to hear you're having trouble accessing your account. We are prioritizing this and will update you as soon as possible.,Reset account credentials and confirmed successful login.,22.18,0,negative,2,0,desktop_app,EU
TCKT_047070,2023-10-15 09:05:12,CUST_00973,individual,chat,data_export,other,medium,resolved,gold,"Something seems off, can you please check my workspace?",Thanks for contacting support. Our team is reviewing this and will follow up within 24 hours.,Provided general guidance and confirmed the issue was resolved.,5.01,0,neutral,4,1,web,EU
TCKT_047071,2023-10-14 23:02:14,CUST_03463,small_business,in_app,notifications,other,high,open,standard,I have a general question about my account.,Thanks for contacting support. We are prioritizing this and will update you as soon as possible.,,,0,negative,2,0,ios,LATAM
TCKT_047090,2023-10-04 09:36:05,CUST_09662,enterprise,in_app,login_auth,account_access,high,resolved,standard,My 2FA code is not working when I try to sign in.,Sorry to hear you're having trouble accessing your account. We are prioritizing this and will update you as soon as possible.,Reset account credentials and confirmed successful login.,21.87,0,neutral,4,1,ios,MEA
TCKT_047124,2023-10-31 15:50:08,CUST_05955,education,phone_transcript,notifications,billing_problem,high,in_progress,gold,I downgraded my plan but I am still being billed for the higher tier.,Thanks for reaching out about the billing issue. We are prioritizing this and will update you as soon as possible.,,,0,positive,5,0,api_client,MEA
TCKT_047289,2023-10-30 01:57:18,CUST_05081,non_profit,chat,billing,security_concern,medium,resolved,standard,We need details about your data encryption and compliance.,We take security very seriously. Our team is reviewing this and will follow up within 24 hours.,"Investigated logs, mitigated the issue, and updated security settings.",25.22,0,neutral,3,1,desktop_app,EU
TCKT_047302,2023-10-02 03:49:55,CUST_00916,individual,email,billing,account_access,medium,resolved,standard,My account was locked after multiple failed login attempts.,Sorry to hear you're having trouble accessing your account. Our team is reviewing this and will follow up within 24 hours.,Reset account credentials and confirmed successful login.,25.97,0,very_positive,5,0,web,EU
TCKT_047399,2023-10-20 15:51:55,CUST_05892,individual,web_form,notifications,other,medium,resolved,gold,I need help but I'm not sure which category this fits in.,Thanks for contacting support. Our team is reviewing this and will follow up within 24 hours.,Provided general guidance and confirmed the issue was resolved.,23.86,0,positive,4,1,android,LATAM
TCKT_047431,2023-10-11 11:18:50,CUST_04157,individual,web_form,analytics_dashboard,security_concern,low,closed_no_action,gold,There seems to be a vulnerability in the analytics dashboard functionality.,We take security very seriously. We will look into this and get back to you within the next 48 hours.,Ticket closed without further action after no response from the customer.,128.2,0,negative,2,0,android,APAC
TCKT_047464,2023-10-13 08:00:03,CUST_01377,small_business,email,data_export,billing_problem,low,resolved,gold,I was charged twice for my subscription this month.,Thanks for reaching out about the billing issue. We will look into this and get back to you within the next 48 hours.,Adjusted the invoice and issued a refund where applicable.,23.82,1,neutral,4,0,android,MEA
TCKT_047514,2023-10-16 12:28:13,CUST_02746,education,in_app,notifications,account_access,medium,closed_no_action,gold,My account was locked after multiple failed login attempts.,Sorry to hear you're having trouble accessing your account. Our team is reviewing this and will follow up within 24 hours.,Ticket closed without further action after no response from the customer.,41.24,0,negative,3,0,ios,MEA
TCKT_047655,2023-10-25 18:53:54,CUST_04584,non_profit,web_form,billing,feature_request,low,resolved,gold,It would be great to have billing support in your product.,Thanks for your feature suggestion. We will look into this and get back to you within the next 48 hours.,Captured the request and added it to the product backlog.,39.12,0,neutral,0,0,desktop_app,EU
TCKT_047741,2023-10-25 07:54:14,CUST_00065,education,phone_transcript,mobile_app,security_concern,medium,on_hold,standard,We need details about your data encryption and compliance.,We take security very seriously. Our team is reviewing this and will follow up within 24 hours.,,,0,positive,4,0,ios,MEA
TCKT_047789,2023-10-05 00:40:06,CUST_06756,individual,chat,api_integration,performance,medium,closed_no_action,standard,Overall performance has degraded in the last few days.,We understand performance issues can be frustrating. Our team is reviewing this and will follow up within 24 hours.,Ticket closed without further action after no response from the customer.,138.33,0,negative,2,1,web,APAC
TCKT_047893,2023-10-06 12:58:00,CUST_06263,non_profit,in_app,data_export,bug,medium,in_progress,standard,The data export feature is not saving my changes.,Thanks for reporting this bug. Our team is reviewing this and will follow up within 24 hours.,,,0,negative,2,0,web,MEA
TCKT_047984,2023-10-14 15:15:33,CUST_01489,non_profit,phone_transcript,notifications,bug,medium,in_progress,standard,The notifications feature is not saving my changes.,Thanks for reporting this bug. Our team is reviewing this and will follow up within 24 hours.,,,0,very_positive,5,0,api_client,EU
TCKT_048032,2023-10-31 08:48:37,CUST_05818,individual,phone_transcript,login_auth,how_to,high,resolved,gold,I need help setting up login auth for my team.,Happy to help with your question. We are prioritizing this and will update you as soon as possible.,Provided step-by-step instructions and relevant documentation.,15.88,0,positive,4,1,android,EU
TCKT_048035,2023-10-11 13:09:41,CUST_09804,non_profit,chat,billing,feature_request,low,open,standard,Can you add an option to customize billing?,Thanks for your feature suggestion. We will look into this and get back to you within the next 48 hours.,,,0,negative,3,1,web,
TCKT_048119,2023-10-06 17:58:45,CUST_04779,non_profit,in_app,api_integration,bug,medium,resolved,gold,The api integration feature is not saving my changes.,Thanks for reporting this bug. Our team is reviewing this and will follow up within 24 hours.,Patched the bug and deployed a fix to production.,36.5,0,neutral,4,1,desktop_app,
TCKT_048135,2023-10-27 06:09:43,CUST_01589,enterprise,in_app,billing,performance,low,in_progress,platinum,Queries in the billing module are timing out.,We understand performance issues can be frustrating. We will look into this and get back to you within the next 48 hours.,,,0,neutral,4,0,ios,MEA
TCKT_048416,2023-10-08 23:36:38,CUST_03340,enterprise,chat,api_integration,other,high,on_hold,standard,"Something seems off, can you please check my workspace?",Thanks for contacting support. We are prioritizing this and will update you as soon as possible.,,,0,neutral,0,0,desktop_app,LATAM
TCKT_048451,2023-10-05 01:35:15,CUST_01774,education,web_form,analytics_dashboard,billing_problem,medium,open,platinum,My invoice amount is incorrect compared to the plan I selected.,Thanks for reaching out about the billing issue. Our team is reviewing this and will follow up within 24 hours.,,,0,very_negative,1,0,android,LATAM
TCKT_048493,2023-10-02 00:33:30,CUST_08194,individual,chat,mobile_app,feature_request,low,closed_no_action,standard,It would be great to have mobile app support in your product.,Thanks for your feature suggestion. We will look into this and get back to you within the next 48 hours.,Ticket closed without further action after no response from the customer.,156.18,0,very_positive,5,0,ios,
TCKT_048631,2023-10-06 13:32:10,CUST_00739,non_profit,phone_transcript,api_integration,bug,low,resolved,gold,The api integration feature is not saving my changes.,Thanks for reporting this bug. We will look into this and get back to you within the next 48 hours.,Patched the bug and deployed a fix to production.,46.99,1,neutral,4,0,api_client,EU
TCKT_048653,2023-10-02 21:50:21,CUST_00054,small_business,chat,api_integration,how_to,medium,in_progress,standard,Can you explain how to configure api integration properly?,Happy to help with your question. Our team is reviewing this and will follow up within 24 hours.,,,0,neutral,4,0,android,EU
TCKT_048802,2023-10-15 18:53:13,CUST_04081,individual,in_app,mobile_app,other,low,in_progress,platinum,I need help but I'm not sure which category this fits in.,Thanks for contacting support. We will look into this and get back to you within the next 48 hours.,,,0,positive,4,0,web,EU
TCKT_048805,2023-10-08 05:20:59,CUST_09304,education,web_form,notifications,feature_request,low,resolved,standard,Can you add an option to customize notifications?,Thanks for your feature suggestion. We will look into this and get back to you within the next 48 hours.,Captured the request and added it to the product backlog.,21.89,0,neutral,3,0,android,APAC
TCKT_048863,2023-10-09 02:58:05,CUST_03178,small_business,in_app,api_integration,bug,medium,open,standard,The api integration feature is not saving my changes.,Thanks for reporting this bug. Our team is reviewing this and will follow up within 24 hours.,,,0,neutral,4,1,desktop_app,APAC
TCKT_048905,2023-10-29 09:15:34,CUST_01829,enterprise,chat,api_integration,billing_problem,high,in_progress,standard,I downgraded my plan but I am still being billed for the higher tier.,Thanks for reaching out about the billing issue. We are prioritizing this and will update you as soon as possible.,,,0,very_negative,0,0,web,
TCKT_049002,2023-10-27 00:08:08,CUST_08685,education,email,notifications,security_concern,high,resolved,gold,There seems to be a vulnerability in the notifications functionality.,We take security very seriously. We are prioritizing this and will update you as soon as possible.,"Investigated logs, mitigated the issue, and updated security settings.",18.24,0,negative,2,0,web,EU
TCKT_049041,2023-10-14 22:40:30,CUST_02738,individual,phone_transcript,login_auth,bug,low,resolved,gold,The page keeps crashing whenever I try to open the login auth section.,Thanks for reporting this bug. We will look into this and get back to you within the next 48 hours.,Patched the bug and deployed a fix to production.,42.09,0,neutral,0,0,desktop_app,APAC
TCKT_049091,2023-10-25 01:05:14,CUST_01231,individual,email,notifications,performance,high,closed_no_action,standard,Queries in the notifications module are timing out.,We understand performance issues can be frustrating. We are prioritizing this and will update you as soon as possible.,Ticket closed without further action after no response from the customer.,182.87,0,very_negative,0,0,api_client,LATAM
TCKT_049102,2023-10-12 23:17:01,CUST_08385,small_business,email,login_auth,feature_request,medium,resolved,standard,Can you add an option to customize login auth?,Thanks for your feature suggestion. Our team is reviewing this and will follow up within 24 hours.,Captured the request and added it to the product backlog.,28.45,0,very_negative,1,0,web,MEA
TCKT_049113,2023-10-21 20:38:40,CUST_06186,small_business,email,notifications,feature_request,medium,open,standard,It would be great to have notifications support in your product.,Thanks for your feature suggestion. Our team is reviewing this and will follow up within 24 hours.,,,0,neutral,4,0,desktop_app,LATAM
TCKT_049131,2023-10-04 16:04:05,CUST_04010,education,email,billing,feature_request,medium,on_hold,standard,It would be great to have billing support in your product.,Thanks for your feature suggestion. Our team is reviewing this and will follow up within 24 hours.,,,0,neutral,0,0,api_client,EU
TCKT_049163,2023-10-18 15:50:31,CUST_09633,small_business,phone_transcript,notifications,feature_request,low,resolved,standard,Our team needs more advanced options for notifications.,Thanks for your feature suggestion. We will look into this and get back to you within the next 48 hours.,Captured the request and added it to the product backlog.,65.21,0,neutral,4,0,web,LATAM
TCKT_049177,2023-10-15 04:53:45,CUST_08285,non_profit,phone_transcript,analytics_dashboard,account_access,medium,resolved,standard,My account was locked after multiple failed login attempts.,Sorry to hear you're having trouble accessing your account. Our team is reviewing this and will follow up within 24 hours.,Reset account credentials and confirmed successful login.,30.62,0,negative,2,1,android,
TCKT_049216,2023-10-05 06:05:02,CUST_04508,education,email,analytics_dashboard,how_to,low,in_progress,gold,How can I export my data from the analytics dashboard section?,Happy to help with your question. We will look into this and get back to you within the next 48 hours.,,,0,neutral,4,0,desktop_app,LATAM
TCKT_049238,2023-10-10 21:08:13,CUST_02385,non_profit,email,data_export,other,low,resolved,platinum,I need help but I'm not sure which category this fits in.,Thanks for contacting support. We will look into this and get back to you within the next 48 hours.,Provided general guidance and confirmed the issue was resolved.,14.08,0,neutral,3,1,android,MEA
TCKT_049247,2023-10-21 16:13:31,CUST_08402,non_profit,email,analytics_dashboard,how_to,low,resolved,gold,How can I export my data from the analytics dashboard section?,Happy to help with your question. We will look into this and get back to you within the next 48 hours.,Provided step-by-step instructions and relevant documentation.,41.56,0,negative,2,0,api_client,
TCKT_049294,2023-10-19 15:48:54,CUST_06238,education,email,api_integration,feature_request,low,in_progress,gold,It would be great to have api integration support in your product.,Thanks for your feature suggestion. We will look into this and get back to you within the next 48 hours.,,,0,very_positive,5,0,android,MEA
TCKT_049362,2023-10-15 05:03:22,CUST_06822,enterprise,phone_transcript,api_integration,account_access,low,resolved,gold,I cannot log in; the system says my password is incorrect.,Sorry to hear you're having trouble accessing your account. We will look into this and get back to you within the next 48 hours.,Reset account credentials and confirmed successful login.,43.74,0,very_negative,0,0,api_client,APAC
TCKT_049390,2023-10-03 20:17:52,CUST_03282,small_business,chat,billing,bug,urgent,on_hold,standard,I am seeing an error message when I click on billing.,Thanks for reporting this bug. This has been escalated to our on-call team for immediate attention.,,,0,positive,0,1,ios,LATAM
TCKT_049465,2023-10-07 00:12:10,CUST_00506,education,phone_transcript,analytics_dashboard,billing_problem,urgent,resolved,standard,I was charged twice for my subscription this month.,Thanks for reaching out about the billing issue. This has been escalated to our on-call team for immediate attention.,Adjusted the invoice and issued a refund where applicable.,2.91,0,very_negative,0,0,api_client,EU
TCKT_049498,2023-10-12 18:53:46,CUST_04581,individual,phone_transcript,billing,account_access,medium,resolved,standard,My account was locked after multiple failed login attempts.,Sorry to hear you're having trouble accessing your account. Our team is reviewing this and will follow up within 24 hours.,Reset account credentials and confirmed successful login.,4.5,0,negative,3,1,android,APAC
TCKT_049541,2023-10-14 15:57:56,CUST_03584,enterprise,chat,login_auth,performance,high,resolved,standard,Queries in the login auth module are timing out.,We understand performance issues can be frustrating. We are prioritizing this and will update you as soon as possible.,Optimized queries and increased resource allocation.,16.44,0,neutral,3,0,desktop_app,APAC
TCKT_049640,2023-10-28 13:15:40,CUST_08553,small_business,email,data_export,how_to,medium,resolved,standard,I need help setting up data export for my team.,Happy to help with your question. Our team is reviewing this and will follow up within 24 hours.,Provided step-by-step instructions and relevant documentation.,43.16,0,neutral,3,1,web,EU
TCKT_049693,2023-10-29 02:10:42,CUST_05797,education,phone_transcript,api_integration,feature_request,medium,resolved,standard,It would be great to have api integration support in your product.,Thanks for your feature suggestion. Our team is reviewing this and will follow up within 24 hours.,Captured the request and added it to the product backlog.,33.6,0,negative,3,0,web,EU
TCKT_049703,2023-10-15 05:21:47,CUST_00110,education,web_form,mobile_app,performance,low,resolved,standard,Overall performance has degraded in the last few days.,We understand performance issues can be frustrating. We will look into this and get back to you within the next 48 hours.,Optimized queries and increased resource allocation.,61.82,0,positive,4,1,android,
TCKT_049733,2023-10-22 03:55:00,CUST_06286,enterprise,phone_transcript,billing,bug,low,in_progress,standard,The billing feature is not saving my changes.,Thanks for reporting this bug. We will look into this and get back to you within the next 48 hours.,,,0,neutral,3,0,android,
TCKT_049737,2023-10-19 23:19:46,CUST_00596,enterprise,phone_transcript,api_integration,how_to,low,resolved,standard,How can I export my data from the api integration section?,Happy to help with your question. We will look into this and get back to you within the next 48 hours.,Provided step-by-step instructions and relevant documentation.,28.92,0,positive,0,0,android,LATAM
TCKT_049856,2023-10-01 15:39:21,CUST_06935,non_profit,phone_transcript,mobile_app,billing_problem,low,resolved,standard,I downgraded my plan but I am still being billed for the higher tier.,Thanks for reaching out about the billing issue. We will look into this and get back to you within the next 48 hours.,Adjusted the invoice and issued a refund where applicable.,40.53,0,neutral,0,1,android,LATAM
TCKT_049876,2023-10-26 07:33:47,CUST_06209,small_business,in_app,login_auth,security_concern,low,in_progress,standard,There seems to be a vulnerability in the login auth functionality.,We take security very seriously. We will look into this and get back to you within the next 48 hours.,,,0,positive,4,0,android,LATAM
TCKT_049925,2023-10-28 02:48:04,CUST_04400,individual,email,billing,how_to,medium,resolved,gold,How can I export my data from the billing section?,Happy to help with your question. Our team is reviewing this and will follow up within 24 hours.,Provided step-by-step instructions and relevant documentation.,45.67,0,neutral,4,1,api_client,EU
TCKT_049948,2023-10-05 00:24:35,CUST_02847,non_profit,phone_transcript,notifications,how_to,medium,resolved,standard,Can you explain how to configure notifications properly?,Happy to help with your question. Our team is reviewing this and will follow up within 24 hours.,Provided step-by-step instructions and relevant documentation.,42.63,0,neutral,4,1,android,APAC
TCKT_049981,2023-10-01 14:46:43,CUST_03323,individual,web_form,notifications,bug,medium,in_progress,gold,I am seeing an error message when I click on notifications.,Thanks for reporting this bug. Our team is reviewing this and will follow up within 24 hours.,,,0,neutral,4,0,web,MEA
TCKT_049993,2023-10-02 16:24:58,CUST_00451,small_business,in_app,notifications,performance,medium,resolved,gold,The notifications page is very slow and takes a long time to load.,We understand performance issues can be frustrating. Our team is reviewing this and will follow up within 24 hours.,Optimized queries and increased resource allocation.,6.44,0,neutral,4,0,web,LATAM
TCKT_049997,2023-10-31 07:14:23,CUST_09474,non_profit,chat,analytics_dashboard,bug,medium,in_progress,standard,The analytics dashboard feature is not saving my changes.,Thanks for reporting this bug. Our team is reviewing this and will follow up within 24 hours.,,,0,neutral,4,0,android,LATAM
TCKT_050060,2023-10-13 11:02:29,CUST_08492,non_profit,phone_transcript,billing,feature_request,low,resolved,gold,It would be great to have billing support in your product.,Thanks for your feature suggestion. We will look into this and get back to you within the next 48 hours.,Captured the request and added it to the product backlog.,50.34,0,positive,5,1,api_client,
TCKT_050220,2023-10-08 15:49:23,CUST_01405,individual,web_form,data_export,how_to,low,in_progress,standard,I need help setting up data export for my team.,Happy to help with your question. We will look into this and get back to you within the next 48 hours.,,,0,positive,5,1,android,
TCKT_050288,2023-10-22 02:30:57,CUST_07597,education,web_form,mobile_app,account_access,low,resolved,gold,My 2FA code is not working when I try to sign in.,Sorry to hear you're having trouble accessing your account. We will look into this and get back to you within the next 48 hours.,Reset account credentials and confirmed successful login.,37.75,0,negative,0,0,android,LATAM
TCKT_050309,2023-10-10 10:13:48,CUST_05208,non_profit,email,data_export,security_concern,high,resolved,standard,I noticed a suspicious login on my account.,We take security very seriously. We are prioritizing this and will update you as soon as possible.,"Investigated logs, mitigated the issue, and updated security settings.",3.54,0,very_negative,1,0,api_client,MEA
TCKT_050341,2023-10-28 11:28:18,CUST_00450,enterprise,web_form,api_integration,billing_problem,low,open,gold,I was charged twice for my subscription this month.,Thanks for reaching out about the billing issue. We will look into this and get back to you within the next 48 hours.,,,0,very_positive,0,0,android,MEA
TCKT_050369,2023-10-01 05:10:13,CUST_06448,non_profit,web_form,login_auth,how_to,high,resolved,standard,I need help setting up login auth for my team.,Happy to help with your question. We are prioritizing this and will update you as soon as possible.,Provided step-by-step instructions and relevant documentation.,12.92,0,neutral,0,0,web,MEA
TCKT_050387,2023-10-18 04:48:37,CUST_03776,enterprise,chat,mobile_app,account_access,low,resolved,gold,My account was locked after multiple failed login attempts.,Sorry to hear you're having trouble accessing your account. We will look into this and get back to you within the next 48 hours.,Reset account credentials and confirmed successful login.,71.54,0,very_negative,2,0,web,APAC
TCKT_050462,2023-10-26 09:09:08,CUST_05222,small_business,email,data_export,billing_problem,medium,resolved,standard,I was charged twice for my subscription this month.,Thanks for reaching out about the billing issue. Our team is reviewing this and will follow up within 24 hours.,Adjusted the invoice and issued a refund where applicable.,11.83,0,positive,0,0,ios,
TCKT_050472,2023-10-09 19:52:10,CUST_00088,education,email,mobile_app,security_concern,medium,on_hold,standard,There seems to be a vulnerability in the mobile app functionality.,We take security very seriously. Our team is reviewing this and will follow up within 24 hours.,,,1,very_negative,1,1,api_client,APAC
TCKT_050512,2023-10-14 03:49:38,CUST_05002,non_profit,phone_transcript,notifications,security_concern,low,resolved,standard,I noticed a suspicious login on my account.,We take security very seriously. We will look into this and get back to you within the next 48 hours.,"Investigated logs, mitigated the issue, and updated security settings.",46.43,0,very_negative,2,1,api_client,MEA
TCKT_050619,2023-10-05 15:27:11,CUST_06444,enterprise,in_app,mobile_app,performance,low,resolved,standard,Overall performance has degraded in the last few days.,We understand performance issues can be frustrating. We will look into this and get back to you within the next 48 hours.,Optimized queries and increased resource allocation.,9.49,0,negative,3,0,android,
TCKT_050654,2023-10-12 13:58:36,CUST_07506,individual,chat,analytics_dashboard,how_to,low,resolved,platinum,How can I export my data from the analytics dashboard section?,Happy to help with your question. We will look into this and get back to you within the next 48 hours.,Provided step-by-step instructions and relevant documentation.,53.6,0,negative,3,0,desktop_app,EU
TCKT_050715,2023-10-06 02:35:41,CUST_09662,education,phone_transcript,api_integration,account_access,medium,on_hold,standard,My account was locked after multiple failed login attempts.,Sorry to hear you're having trouble accessing your account. Our team is reviewing this and will follow up within 24 hours.,,,0,very_negative,2,0,web,EU
TCKT_050864,2023-10-22 02:51:01,CUST_09553,small_business,in_app,analytics_dashboard,bug,medium,closed_no_action,gold,The analytics dashboard feature is not saving my changes.,Thanks for reporting this bug. Our team is reviewing this and will follow up within 24 hours.,Ticket closed without further action after no response from the customer.,164.97,0,negative,0,0,desktop_app,
TCKT_050931,2023-10-29 18:02:41,CUST_02175,small_business,phone_transcript,login_auth,security_concern,medium,resolved,standard,We need details about your data encryption and compliance.,We take security very seriously. Our team is reviewing this and will follow up within 24 hours.,"Investigated logs, mitigated the issue, and updated security settings.",12.99,0,very_negative,1,0,api_client,MEA
TCKT_050971,2023-10-13 01:02:01,CUST_06655,enterprise,email,mobile_app,other,medium,closed_no_action,standard,"Something seems off, can you please check my workspace?",Thanks for contacting support. Our team is reviewing this and will follow up within 24 hours.,Ticket closed without further action after no response from the customer.,62.79,0,neutral,0,1,android,
TCKT_051095,2023-10-28 20:08:20,CUST_07994,education,web_form,analytics_dashboard,other,low,open,standard,I have a general question about my account.,Thanks for contacting support. We will look into this and get back to you within the next 48 hours.,,,0,positive,5,0,desktop_app,EU
TCKT_051145,2023-10-04 09:07:21,CUST_01918,enterprise,chat,api_integration,account_access,low,resolved,standard,I cannot log in; the system says my password is incorrect.,Sorry to hear you're having trouble accessing your account. We will look into this and get back to you within the next 48 hours.,Reset account credentials and confirmed successful login.,59.0,0,neutral,3,0,api_client,APAC
TCKT_051233,2023-10-13 13:23:25,CUST_01783,individual,chat,data_export,how_to,low,resolved,standard,How can I export my data from the data export section?,Happy to help with your question. We will look into this and get back to you within the next 48 hours.,Provided step-by-step instructions and relevant documentation.,49.93,0,positive,0,1,web,
TCKT_051260,2023-10-10 14:38:58,CUST_06431,enterprise,in_app,login_auth,how_to,high,closed_no_action,standard,How can I export my data from the login auth section?,Happy to help with your question. We are prioritizing this and will update you as soon as possible.,Ticket closed without further action after no response from the customer.,28.51,0,positive,0,0,desktop_app,EU
TCKT_051275,2023-10-05 23:57:10,CUST_02277,individual,web_form,mobile_app,performance,low,in_progress,gold,The mobile app page is very slow and takes a long time to load.,We understand performance issues can be frustrating. We will look into this and get back to you within the next 48 hours.,,,0,negative,3,0,desktop_app,EU
TCKT_051289,2023-10-31 16:24:19,CUST_04782,individual,chat,data_export,how_to,low,resolved,standard,How can I export my data from the data export section?,Happy to help with your question. We will look into this and get back to you within the next 48 hours.,Provided step-by-step instructions and relevant documentation.,26.02,0,neutral,0,1,api_client,MEA
TCKT_051320,2023-10-16 03:52:34,CUST_05508,individual,phone_transcript,analytics_dashboard,performance,urgent,resolved,standard,The analytics dashboard page is very slow and takes a long time to load.,We understand performance issues can be frustrating. This has been escalated to our on-call team for immediate attention.,Optimized queries and increased resource allocation.,7.09,0,negative,2,1,desktop_app,EU
TCKT_051331,2023-10-25 16:42:56,CUST_09781,education,chat,notifications,security_concern,medium,in_progress,standard,I noticed a suspicious login on my account.,We take security very seriously. Our team is reviewing this and will follow up within 24 hours.,,,0,very_negative,2,0,android,EU
TCKT_051390,2023-10-01 01:47:11,CUST_07659,individual,phone_transcript,mobile_app,account_access,high,in_progress,standard,My account was locked after multiple failed login attempts.,Sorry to hear you're having trouble accessing your account. We are prioritizing this and will update you as soon as possible.,,,0,positive,4,0,ios,APAC
TCKT_051423,2023-10-17 07:27:23,CUST_03564,non_profit,phone_transcript,login_auth,billing_problem,low,in_progress,gold,I was charged twice for my subscription this month.,Thanks for reaching out about the billing issue. We will look into this and get back to you within the next 48 hours.,,,0,neutral,3,0,api_client,APAC
TCKT_051470,2023-10-22 15:10:05,CUST_01020,small_business,web_form,login_auth,security_concern,low,resolved,standard,There seems to be a vulnerability in the login auth functionality.,We take security very seriously. We will look into this and get back to you within the next 48 hours.,"Investigated logs, mitigated the issue, and updated security settings.",17.48,0,very_negative,0,1,android,EU
TCKT_051602,2023-10-25 05:09:31,CUST_08572,non_profit,email,api_integration,account_access,low,closed_no_action,platinum,My account was locked after multiple failed login attempts.,Sorry to hear you're having trouble accessing your account. We will look into this and get back to you within the next 48 hours.,Ticket closed without further action after no response from the customer.,27.03,0,negative,2,0,android,EU
TCKT_051693,2023-10-31 21:41:41,CUST_01942,individual,email,data_export,bug,low,open,standard,The page keeps crashing whenever I try to open the data export section.,Thanks for reporting this bug. We will look into this and get back to you within the next 48 hours.,,,0,neutral,4,0,desktop_app,APAC
TCKT_051719,2023-10-20 01:31:18,CUST_05613,individual,phone_transcript,mobile_app,security_concern,medium,resolved,standard,There seems to be a vulnerability in the mobile app functionality.,We take security very seriously. Our team is reviewing this and will follow up within 24 hours.,"Investigated logs, mitigated the issue, and updated security settings.",8.75,0,neutral,3,1,web,APAC
TCKT_051748,2023-10-25 10:54:10,CUST_08537,education,web_form,mobile_app,account_access,medium,on_hold,standard,My account was locked after multiple failed login attempts.,Sorry to hear you're having trouble accessing your account. Our team is reviewing this and will follow up within 24 hours.,,,0,positive,0,1,web,APAC
TCKT_051767,2023-10-29 08:44:17,CUST_04366,enterprise,chat,billing,how_to,medium,resolved,standard,How can I export my data from the billing section?,Happy to help with your question. Our team is reviewing this and will follow up within 24 hours.,Provided step-by-step instructions and relevant documentation.,44.23,0,positive,0,0,android,
TCKT_051808,2023-10-13 04:17:36,CUST_09223,small_business,chat,billing,how_to,high,resolved,gold,I need help setting up billing for my team.,Happy to help with your question. We are prioritizing this and will update you as soon as possible.,Provided step-by-step instructions and relevant documentation.,22.97,0,very_negative,2,1,api_client,APAC
TCKT_051849,2023-10-01 13:20:55,CUST_00471,enterprise,in_app,data_export,feature_request,high,resolved,standard,Can you add an option to customize data export?,Thanks for your feature suggestion. We are prioritizing this and will update you as soon as possible.,Captured the request and added it to the product backlog.,16.35,0,positive,5,1,web,EU
TCKT_051938,2023-10-20 18:09:23,CUST_08594,enterprise,web_form,data_export,bug,high,in_progress,standard,I am seeing an error message when I click on data export.,Thanks for reporting this bug. We are prioritizing this and will update you as soon as possible.,,,0,neutral,0,0,api_client,APAC
TCKT_052010,2023-10-28 06:13:14,CUST_07131,individual,email,data_export,security_concern,high,on_hold,gold,I noticed a suspicious login on my account.,We take security very seriously. We are prioritizing this and will update you as soon as possible.,,,0,negative,2,0,web,EU
TCKT_052023,2023-10-01 18:39:34,CUST_01986,enterprise,email,api_integration,other,high,in_progress,standard,I need help but I'm not sure which category this fits in.,Thanks for contacting support. We are prioritizing this and will update you as soon as possible.,,,0,neutral,3,0,desktop_app,EU
TCKT_052028,2023-10-21 22:14:57,CUST_06169,education,chat,billing,how_to,low,open,standard,I need help setting up billing for my team.,Happy to help with your question. We will look into this and get back to you within the next 48 hours.,,,0,negative,3,0,api_client,APAC
TCKT_052033,2023-10-21 00:03:47,CUST_09830,non_profit,phone_transcript,api_integration,how_to,medium,on_hold,standard,How can I export my data from the api integration section?,Happy to help with your question. Our team is reviewing this and will follow up within 24 hours.,,,0,negative,0,0,web,MEA
TCKT_052049,2023-10-12 03:21:21,CUST_08488,small_business,email,mobile_app,account_access,low,in_progress,gold,I cannot log in; the system says my password is incorrect.,Sorry to hear you're having trouble accessing your account. We will look into this and get back to you within the next 48 hours.,,,0,negative,2,0,web,EU
TCKT_052088,2023-10-01 10:43:20,CUST_01495,small_business,phone_transcript,login_auth,feature_request,urgent,closed_no_action,platinum,It would be great to have login auth support in your product.,Thanks for your feature suggestion. This has been escalated to our on-call team for immediate attention.,Ticket closed without further action after no response from the customer.,83.32,0,negative,2,0,api_client,EU
TCKT_052120,2023-10-16 09:42:01,CUST_00026,enterprise,email,billing,bug,low,closed_no_action,standard,I am seeing an error message when I click on billing.,Thanks for reporting this bug. We will look into this and get back to you within the next 48 hours.,Ticket closed without further action after no response from the customer.,203.87,0,negative,0,0,web,APAC
TCKT_052139,2023-10-03 07:12:26,CUST_00110,education,chat,api_integration,how_to,low,resolved,standard,How can I export my data from the api integration section?,Happy to help with your question. We will look into this and get back to you within the next 48 hours.,Provided step-by-step instructions and relevant documentation.,39.24,0,neutral,0,0,desktop_app,LATAM
TCKT_052176,2023-10-29 16:10:21,CUST_08012,non_profit,chat,login_auth,bug,low,closed_no_action,gold,The page keeps crashing whenever I try to open the login auth section.,Thanks for reporting this bug. We will look into this and get back to you within the next 48 hours.,Ticket closed without further action after no response from the customer.,30.47,0,very_positive,0,1,api_client,
TCKT_052207,2023-10-24 23:13:54,CUST_02612,small_business,email,notifications,feature_request,high,resolved,gold,It would be great to have notifications support in your product.,Thanks for your feature suggestion. We are prioritizing this and will update you as soon as possible.,Captured the request and added it to the product backlog.,20.98,0,positive,5,0,android,APAC
TCKT_052272,2023-10-07 01:28:26,CUST_01628,enterprise,phone_transcript,mobile_app,bug,medium,resolved,standard,The page keeps crashing whenever I try to open the mobile app section.,Thanks for reporting this bug. Our team is reviewing this and will follow up within 24 hours.,Patched the bug and deployed a fix to production.,36.48,1,very_negative,0,0,api_client,LATAM
TCKT_052302,2023-10-11 20:43:52,CUST_04676,individual,email,api_integration,how_to,low,resolved,standard,How can I export my data from the api integration section?,Happy to help with your question. We will look into this and get back to you within the next 48 hours.,Provided step-by-step instructions and relevant documentation.,30.15,0,positive,5,0,desktop_app,MEA
TCKT_052345,2023-10-09 02:07:58,CUST_07531,education,in_app,billing,other,low,in_progress,standard,I have a general question about my account.,Thanks for contacting support. We will look into this and get back to you within the next 48 hours.,,,0,neutral,0,0,android,MEA
TCKT_052390,2023-10-25 16:31:51,CUST_05503,individual,in_app,analytics_dashboard,security_concern,medium,resolved,gold,We need details about your data encryption and compliance.,We take security very seriously. Our team is reviewing this and will follow up within 24 hours.,"Investigated logs, mitigated the issue, and updated security settings.",6.95,0,very_negative,1,0,api_client,APAC
TCKT_052430,2023-10-29 10:30:26,CUST_03807,small_business,in_app,data_export,feature_request,high,open,standard,Can you add an option to customize data export?,Thanks for your feature suggestion. We are prioritizing this and will update you as soon as possible.,,,0,very_positive,0,0,android,APAC
TCKT_052495,2023-10-23 17:16:10,CUST_02846,non_profit,chat,analytics_dashboard,billing_problem,medium,on_hold,standard,I was charged twice for my subscription this month.,Thanks for reaching out about the billing issue. Our team is reviewing this and will follow up within 24 hours.,,,0,negative,3,0,web,EU
TCKT_052535,2023-10-16 10:38:43,CUST_05146,enterprise,in_app,login_auth,bug,medium,closed_no_action,platinum,I am seeing an error message when I click on login auth.,Thanks for reporting this bug. Our team is reviewing this and will follow up within 24 hours.,Ticket closed without further action after no response from the customer.,230.68,0,neutral,4,0,desktop_app,
TCKT_052594,2023-10-04 14:04:57,CUST_04270,education,phone_transcript,mobile_app,account_access,low,resolved,gold,My 2FA code is not working when I try to sign in.,Sorry to hear you're having trouble accessing your account. We will look into this and get back to you within the next 48 hours.,Reset account credentials and confirmed successful login.,33.46,0,negative,3,0,api_client,
TCKT_052699,2023-10-02 06:16:17,CUST_04403,enterprise,chat,api_integration,billing_problem,low,on_hold,platinum,I was charged twice for my subscription this month.,Thanks for reaching out about the billing issue. We will look into this and get back to you within the next 48 hours.,,,0,neutral,0,1,android,LATAM
TCKT_052703,2023-10-17 07:38:54,CUST_08470,individual,in_app,login_auth,security_concern,medium,in_progress,platinum,We need details about your data encryption and compliance.,We take security very seriously. Our team is reviewing this and will follow up within 24 hours.,,,0,negative,2,0,ios,LATAM
TCKT_052713,2023-10-06 03:03:58,CUST_06308,education,email,login_auth,bug,high,resolved,standard,I am seeing an error message when I click on login auth.,Thanks for reporting this bug. We are prioritizing this and will update you as soon as possible.,Patched the bug and deployed a fix to production.,9.62,0,very_negative,1,0,ios,EU
TCKT_052781,2023-10-13 09:53:48,CUST_02230,education,in_app,data_export,security_concern,low,in_progress,gold,There seems to be a vulnerability in the data export functionality.,We take security very seriously. We will look into this and get back to you within the next 48 hours.,,,0,very_positive,5,0,desktop_app,LATAM
TCKT_052841,2023-10-09 06:32:02,CUST_01894,individual,email,data_export,billing_problem,high,open,gold,I downgraded my plan but I am still being billed for the higher tier.,Thanks for reaching out about the billing issue. We are prioritizing this and will update you as soon as possible.,,,0,positive,4,1,android,APAC
TCKT_052964,2023-10-18 17:42:55,CUST_00577,individual,chat,mobile_app,other,low,resolved,standard,I have a general question about my account.,Thanks for contacting support. We will look into this and get back to you within the next 48 hours.,Provided general guidance and confirmed the issue was resolved.,34.78,0,neutral,3,1,api_client,
TCKT_052978,2023-10-31 08:27:10,CUST_08208,enterprise,web_form,analytics_dashboard,account_access,low,on_hold,standard,My account was locked after multiple failed login attempts.,Sorry to hear you're having trouble accessing your account. We will look into this and get back to you within the next 48 hours.,,,0,very_negative,1,0,ios,
TCKT_053072,2023-10-04 22:38:36,CUST_05804,small_business,chat,login_auth,how_to,high,in_progress,gold,I need help setting up login auth for my team.,Happy to help with your question. We are prioritizing this and will update you as soon as possible.,,,0,very_positive,5,0,ios,
TCKT_053132,2023-10-16 12:03:57,CUST_04169,small_business,phone_transcript,api_integration,feature_request,low,resolved,gold,It would be great to have api integration support in your product.,Thanks for your feature suggestion. We will look into this and get back to you within the next 48 hours.,Captured the request and added it to the product backlog.,67.96,0,negative,2,0,api_client,
TCKT_053135,2023-10-19 17:33:40,CUST_01802,small_business,in_app,billing,billing_problem,low,on_hold,standard,I downgraded my plan but I am still being billed for the higher tier.,Thanks for reaching out about the billing issue. We will look into this and get back to you within the next 48 hours.,,,0,negative,2,1,android,
TCKT_053185,2023-10-19 04:54:20,CUST_06141,education,web_form,login_auth,account_access,low,resolved,standard,My account was locked after multiple failed login attempts.,Sorry to hear you're having trouble accessing your account. We will look into this and get back to you within the next 48 hours.,Reset account credentials and confirmed successful login.,35.28,0,very_positive,5,1,api_client,EU
TCKT_053217,2023-10-23 22:30:15,CUST_08616,enterprise,chat,billing,other,high,resolved,standard,I need help but I'm not sure which category this fits in.,Thanks for contacting support. We are prioritizing this and will update you as soon as possible.,Provided general guidance and confirmed the issue was resolved.,21.53,0,neutral,4,0,api_client,EU
TCKT_053322,2023-10-18 16:04:51,CUST_00040,small_business,chat,data_export,other,high,closed_no_action,standard,I have a general question about my account.,Thanks for contacting support. We are prioritizing this and will update you as soon as possible.,Ticket closed without further action after no response from the customer.,208.7,0,neutral,4,0,web,
TCKT_053334,2023-10-29 08:21:46,CUST_01728,individual,in_app,login_auth,billing_problem,low,on_hold,standard,I downgraded my plan but I am still being billed for the higher tier.,Thanks for reaching out about the billing issue. We will look into this and get back to you within the next 48 hours.,,,0,neutral,4,0,ios,MEA
TCKT_053347,2023-10-28 20:14:07,CUST_02075,small_business,email,analytics_dashboard,performance,low,resolved,gold,The analytics dashboard page is very slow and takes a long time to load.,We understand performance issues can be frustrating. We will look into this and get back to you within the next 48 hours.,Optimized queries and increased resource allocation.,47.83,0,negative,2,1,web,APAC
TCKT_053397,2023-10-01 04:53:47,CUST_02284,enterprise,chat,notifications,account_access,high,resolved,gold,My account was locked after multiple failed login attempts.,Sorry to hear you're having trouble accessing your account. We are prioritizing this and will update you as soon as possible.,Reset account credentials and confirmed successful login.,21.09,0,negative,3,0,desktop_app,EU
TCKT_053528,2023-10-30 02:57:48,CUST_01903,non_profit,email,data_export,performance,low,on_hold,standard,Overall performance has degraded in the last few days.,We understand performance issues can be frustrating. We will look into this and get back to you within the next 48 hours.,,,0,very_negative,1,0,android,LATAM
TCKT_053553,2023-10-11 15:33:03,CUST_00897,non_profit,chat,analytics_dashboard,account_access,low,in_progress,standard,My account was locked after multiple failed login attempts.,Sorry to hear you're having trouble accessing your account. We will look into this and get back to you within the next 48 hours.,,,0,neutral,4,0,android,LATAM
TCKT_053560,2023-10-12 15:06:41,CUST_08290,small_business,email,api_integration,how_to,low,resolved,standard,Can you explain how to configure api integration properly?,Happy to help with your question. We will look into this and get back to you within the next 48 hours.,Provided step-by-step instructions and relevant documentation.,40.83,0,neutral,4,0,api_client,
TCKT_053596,2023-10-29 21:20:17,CUST_02789,non_profit,email,api_integration,performance,medium,in_progress,standard,Overall performance has degraded in the last few days.,We understand performance issues can be frustrating. Our team is reviewing this and will follow up within 24 hours.,,,0,negative,3,1,web,
TCKT_053656,2023-10-22 19:41:37,CUST_02809,individual,phone_transcript,analytics_dashboard,feature_request,high,resolved,standard,Can you add an option to customize analytics dashboard?,Thanks for your feature suggestion. We are prioritizing this and will update you as soon as possible.,Captured the request and added it to the product backlog.,10.01,0,negative,0,1,api_client,MEA
TCKT_053762,2023-10-09 04:27:41,CUST_01557,enterprise,in_app,api_integration,billing_problem,medium,resolved,platinum,I was charged twice for my subscription this month.,Thanks for reaching out about the billing issue. Our team is reviewing this and will follow up within 24 hours.,Adjusted the invoice and issued a refund where applicable.,4.52,0,very_negative,1,0,android,MEA
TCKT_053768,2023-10-05 13:07:13,CUST_05627,enterprise,in_app,data_export,feature_request,low,resolved,gold,Our team needs more advanced options for data export.,Thanks for your feature suggestion. We will look into this and get back to you within the next 48 hours.,Captured the request and added it to the product backlog.,12.9,0,negative,0,0,ios,
TCKT_053790,2023-10-24 03:45:55,CUST_09778,individual,web_form,analytics_dashboard,feature_request,low,in_progress,standard,It would be great to have analytics dashboard support in your product.,Thanks for your feature suggestion. We will look into this and get back to you within the next 48 hours.,,,0,neutral,4,0,ios,MEA
TCKT_053797,2023-10-08 09:35:50,CUST_03805,individual,email,api_integration,other,high,resolved,standard,I have a general question about my account.,Thanks for contacting support. We are prioritizing this and will update you as soon as possible.,Provided general guidance and confirmed the issue was resolved.,12.14,0,very_negative,2,0,ios,LATAM
TCKT_053806,2023-10-08 20:17:17,CUST_09223,enterprise,chat,login_auth,security_concern,low,resolved,gold,I noticed a suspicious login on my account.,We take security very seriously. We will look into this and get back to you within the next 48 hours.,"Investigated logs, mitigated the issue, and updated security settings.",55.84,0,neutral,4,1,android,
TCKT_053831,2023-10-25 13:35:23,CUST_04055,small_business,chat,notifications,security_concern,low,resolved,platinum,We need details about your data encryption and compliance.,We take security very seriously. We will look into this and get back to you within the next 48 hours.,"Investigated logs, mitigated the issue, and updated security settings.",41.98,0,very_negative,1,0,api_client,LATAM
TCKT_053835,2023-10-24 18:57:15,CUST_03958,enterprise,email,mobile_app,billing_problem,high,resolved,standard,I was charged twice for my subscription this month.,Thanks for reaching out about the billing issue. We are prioritizing this and will update you as soon as possible.,Adjusted the invoice and issued a refund where applicable.,21.46,0,positive,5,1,web,EU
TCKT_053859,2023-10-25 15:36:22,CUST_01621,enterprise,in_app,analytics_dashboard,bug,medium,on_hold,standard,The page keeps crashing whenever I try to open the analytics dashboard section.,Thanks for reporting this bug. Our team is reviewing this and will follow up within 24 hours.,,,0,neutral,3,0,web,
TCKT_053882,2023-10-18 00:03:15,CUST_00705,non_profit,phone_transcript,mobile_app,account_access,low,resolved,gold,I cannot log in; the system says my password is incorrect.,Sorry to hear you're having trouble accessing your account. We will look into this and get back to you within the next 48 hours.,Reset account credentials and confirmed successful login.,66.38,0,neutral,4,0,desktop_app,APAC
TCKT_053897,2023-10-21 21:36:30,CUST_01972,individual,web_form,api_integration,security_concern,medium,resolved,standard,We need details about your data encryption and compliance.,We take security very seriously. Our team is reviewing this and will follow up within 24 hours.,"Investigated logs, mitigated the issue, and updated security settings.",27.52,0,very_negative,0,0,web,APAC
TCKT_054000,2023-10-12 20:15:05,CUST_06071,small_business,phone_transcript,analytics_dashboard,billing_problem,low,resolved,standard,I downgraded my plan but I am still being billed for the higher tier.,Thanks for reaching out about the billing issue. We will look into this and get back to you within the next 48 hours.,Adjusted the invoice and issued a refund where applicable.,60.77,0,very_negative,1,1,web,LATAM
TCKT_054025,2023-10-14 17:40:18,CUST_01869,enterprise,phone_transcript,login_auth,how_to,low,in_progress,standard,How can I export my data from the login auth section?,Happy to help with your question. We will look into this and get back to you within the next 48 hours.,,,0,neutral,0,0,api_client,APAC
TCKT_054026,2023-10-14 08:02:25,CUST_00077,small_business,in_app,api_integration,account_access,medium,resolved,platinum,My account was locked after multiple failed login attempts.,Sorry to hear you're having trouble accessing your account. Our team is reviewing this and will follow up within 24 hours.,Reset account credentials and confirmed successful login.,15.84,0,neutral,3,0,api_client,APAC
TCKT_054063,2023-10-02 04:08:46,CUST_05159,small_business,phone_transcript,data_export,how_to,medium,open,gold,I need help setting up data export for my team.,Happy to help with your question. Our team is reviewing this and will follow up within 24 hours.,,,0,neutral,0,1,ios,APAC
TCKT_054094,2023-10-10 11:18:54,CUST_02010,individual,chat,mobile_app,security_concern,high,closed_no_action,gold,I noticed a suspicious login on my account.,We take security very seriously. We are prioritizing this and will update you as soon as possible.,Ticket closed without further action after no response from the customer.,54.15,1,negative,2,0,api_client,APAC
TCKT_054158,2023-10-01 15:51:17,CUST_05185,non_profit,phone_transcript,api_integration,other,medium,resolved,gold,"Something seems off, can you please check my workspace?",Thanks for contacting support. Our team is reviewing this and will follow up within 24 hours.,Provided general guidance and confirmed the issue was resolved.,6.98,0,very_positive,5,1,android,
TCKT_054159,2023-10-21 19:23:49,CUST_03293,enterprise,email,mobile_app,account_access,low,on_hold,standard,My account was locked after multiple failed login attempts.,Sorry to hear you're having trouble accessing your account. We will look into this and get back to you within the next 48 hours.,,,0,negative,0,0,api_client,APAC
TCKT_054177,2023-10-22 02:40:41,CUST_06576,small_business,email,api_integration,performance,low,resolved,gold,Overall performance has degraded in the last few days.,We understand performance issues can be frustrating. We will look into this and get back to you within the next 48 hours.,Optimized queries and increased resource allocation.,44.22,0,very_negative,2,1,ios,EU
TCKT_054196,2023-10-17 16:18:21,CUST_02354,non_profit,in_app,billing,bug,low,in_progress,gold,The page keeps crashing whenever I try to open the billing section.,Thanks for reporting this bug. We will look into this and get back to you within the next 48 hours.,,,0,very_negative,1,0,web,MEA
TCKT_054237,2023-10-11 11:38:41,CUST_08031,non_profit,phone_transcript,api_integration,other,low,resolved,gold,I need help but I'm not sure which category this fits in.,Thanks for contacting support. We will look into this and get back to you within the next 48 hours.,Provided general guidance and confirmed the issue was resolved.,14.95,0,negative,3,0,android,EU
TCKT_054238,2023-10-16 02:37:21,CUST_05971,small_business,in_app,mobile_app,feature_request,low,closed_no_action,standard,It would be great to have mobile app support in your product.,Thanks for your feature suggestion. We will look into this and get back to you within the next 48 hours.,Ticket closed without further action after no response from the customer.,233.69,0,negative,2,0,web,
TCKT_054241,2023-10-24 04:03:33,CUST_09520,small_business,email,api_integration,account_access,medium,resolved,platinum,I cannot log in; the system says my password is incorrect.,Sorry to hear you're having trouble accessing your account. Our team is reviewing this and will follow up within 24 hours.,Reset account credentials and confirmed successful login.,44.19,0,negative,3,0,web,APAC
TCKT_054305,2023-10-10 20:11:05,CUST_00475,individual,chat,login_auth,billing_problem,high,resolved,gold,I was charged twice for my subscription this month.,Thanks for reaching out about the billing issue. We are prioritizing this and will update you as soon as possible.,Adjusted the invoice and issued a refund where applicable.,6.75,0,very_negative,0,0,api_client,APAC
TCKT_054389,2023-10-14 04:06:02,CUST_03474,enterprise,phone_transcript,api_integration,other,medium,resolved,standard,I need help but I'm not sure which category this fits in.,Thanks for contacting support. Our team is reviewing this and will follow up within 24 hours.,Provided general guidance and confirmed the issue was resolved.,44.8,0,positive,5,0,api_client,MEA
TCKT_054398,2023-10-27 17:47:22,CUST_06707,education,web_form,login_auth,bug,medium,resolved,gold,I am seeing an error message when I click on login auth.,Thanks for reporting this bug. Our team is reviewing this and will follow up within 24 hours.,Patched the bug and deployed a fix to production.,37.6,1,negative,0,0,desktop_app,LATAM
TCKT_054400,2023-10-10 14:39:54,CUST_03002,non_profit,email,billing,how_to,high,resolved,gold,How can I export my data from the billing section?,Happy to help with your question. We are prioritizing this and will update you as soon as possible.,Provided step-by-step instructions and relevant documentation.,23.17,0,very_negative,1,1,desktop_app,LATAM
TCKT_054429,2023-10-17 03:12:09,CUST_09604,non_profit,web_form,billing,how_to,low,closed_no_action,standard,How can I export my data from the billing section?,Happy to help with your question. We will look into this and get back to you within the next 48 hours.,Ticket closed without further action after no response from the customer.,88.62,0,negative,0,0,ios,MEA
TCKT_054445,2023-10-20 12:08:10,CUST_09776,education,phone_transcript,billing,bug,low,resolved,standard,The billing feature is not saving my changes.,Thanks for reporting this bug. We will look into this and get back to you within the next 48 hours.,Patched the bug and deployed a fix to production.,61.28,0,positive,0,1,android,APAC
TCKT_054474,2023-10-08 14:46:32,CUST_09402,small_business,in_app,analytics_dashboard,other,medium,in_progress,gold,I have a general question about my account.,Thanks for contacting support. Our team is reviewing this and will follow up within 24 hours.,,,0,very_positive,0,0,web,
TCKT_054482,2023-10-28 07:35:27,CUST_00314,small_business,chat,billing,feature_request,medium,in_progress,gold,It would be great to have billing support in your product.,Thanks for your feature suggestion. Our team is reviewing this and will follow up within 24 hours.,,,0,neutral,3,1,desktop_app,LATAM
TCKT_054493,2023-10-26 13:48:48,CUST_09647,small_business,in_app,notifications,other,high,resolved,standard,"Something seems off, can you please check my workspace?",Thanks for contacting support. We are prioritizing this and will update you as soon as possible.,Provided general guidance and confirmed the issue was resolved.,22.71,0,neutral,4,1,android,APAC
TCKT_054576,2023-10-06 08:56:33,CUST_01596,non_profit,phone_transcript,notifications,feature_request,low,in_progress,standard,It would be great to have notifications support in your product.,Thanks for your feature suggestion. We will look into this and get back to you within the next 48 hours.,,,0,neutral,3,0,ios,MEA
TCKT_054604,2023-10-07 18:40:57,CUST_02693,enterprise,chat,notifications,other,medium,resolved,gold,"Something seems off, can you please check my workspace?",Thanks for contacting support. Our team is reviewing this and will follow up within 24 hours.,Provided general guidance and confirmed the issue was resolved.,45.77,0,very_positive,5,1,desktop_app,
TCKT_054644,2023-10-08 07:12:41,CUST_07771,education,email,analytics_dashboard,bug,high,resolved,standard,The analytics dashboard feature is not saving my changes.,Thanks for reporting this bug. We are prioritizing this and will update you as soon as possible.,Patched the bug and deployed a fix to production.,19.59,0,very_negative,2,0,api_client,
TCKT_054647,2023-10-15 07:18:59,CUST_02617,education,in_app,analytics_dashboard,security_concern,medium,resolved,platinum,We need details about your data encryption and compliance.,We take security very seriously. Our team is reviewing this and will follow up within 24 hours.,"Investigated logs, mitigated the issue, and updated security settings.",45.51,0,neutral,4,0,web,APAC
TCKT_054795,2023-10-11 11:42:34,CUST_07836,non_profit,web_form,data_export,bug,low,open,gold,I am seeing an error message when I click on data export.,Thanks for reporting this bug. We will look into this and get back to you within the next 48 hours.,,,0,negative,0,0,api_client,EU
TCKT_054848,2023-10-29 14:54:35,CUST_09176,individual,phone_transcript,notifications,account_access,low,resolved,standard,My account was locked after multiple failed login attempts.,Sorry to hear you're having trouble accessing your account. We will look into this and get back to you within the next 48 hours.,Reset account credentials and confirmed successful login.,71.21,0,negative,2,0,web,APAC
TCKT_054874,2023-10-09 07:19:55,CUST_01490,small_business,web_form,api_integration,other,high,closed_no_action,standard,I need help but I'm not sure which category this fits in.,Thanks for contacting support. We are prioritizing this and will update you as soon as possible.,Ticket closed without further action after no response from the customer.,114.85,0,neutral,4,0,ios,APAC
TCKT_054985,2023-10-25 06:30:21,CUST_03736,non_profit,in_app,analytics_dashboard,billing_problem,high,resolved,gold,I was charged twice for my subscription this month.,Thanks for reaching out about the billing issue. We are prioritizing this and will update you as soon as possible.,Adjusted the invoice and issued a refund where applicable.,5.35,0,neutral,0,0,web,EU
TCKT_055052,2023-10-07 11:56:05,CUST_07878,enterprise,web_form,login_auth,other,medium,resolved,standard,I need help but I'm not sure which category this fits in.,Thanks for contacting support. Our team is reviewing this and will follow up within 24 hours.,Provided general guidance and confirmed the issue was resolved.,14.13,0,neutral,4,0,android,APAC
TCKT_055100,2023-10-22 16:39:24,CUST_08073,education,web_form,data_export,account_access,low,resolved,standard,My account was locked after multiple failed login attempts.,Sorry to hear you're having trouble accessing your account. We will look into this and get back to you within the next 48 hours.,Reset account credentials and confirmed successful login.,23.7,0,positive,0,1,desktop_app,LATAM
TCKT_055139,2023-10-16 09:15:37,CUST_09749,individual,phone_transcript,data_export,security_concern,medium,resolved,standard,There seems to be a vulnerability in the data export functionality.,We take security very seriously. Our team is reviewing this and will follow up within 24 hours.,"Investigated logs, mitigated the issue, and updated security settings.",22.15,0,very_positive,5,0,ios,LATAM
TCKT_055147,2023-10-11 21:00:09,CUST_06400,small_business,web_form,notifications,feature_request,medium,open,standard,Our team needs more advanced options for notifications.,Thanks for your feature suggestion. Our team is reviewing this and will follow up within 24 hours.,,,0,neutral,4,0,desktop_app,LATAM
TCKT_055211,2023-10-18 17:42:19,CUST_01081,enterprise,email,analytics_dashboard,other,high,in_progress,platinum,I need help but I'm not sure which category this fits in.,Thanks for contacting support. We are prioritizing this and will update you as soon as possible.,,,0,neutral,4,0,web,MEA
TCKT_055213,2023-10-05 21:56:24,CUST_01331,small_business,in_app,data_export,how_to,urgent,resolved,standard,How can I export my data from the data export section?,Happy to help with your question. This has been escalated to our on-call team for immediate attention.,Provided step-by-step instructions and relevant documentation.,3.48,0,positive,4,1,api_client,MEA
TCKT_055265,2023-10-12 00:33:48,CUST_04310,individual,in_app,login_auth,security_concern,medium,on_hold,gold,There seems to be a vulnerability in the login auth functionality.,We take security very seriously. Our team is reviewing this and will follow up within 24 hours.,,,0,very_negative,1,0,android,APAC
TCKT_055298,2023-10-09 02:46:47,CUST_06274,enterprise,web_form,data_export,how_to,low,in_progress,standard,Can you explain how to configure data export properly?,Happy to help with your question. We will look into this and get back to you within the next 48 hours.,,,0,neutral,4,1,ios,APAC
TCKT_055347,2023-10-08 09:12:22,CUST_04336,enterprise,in_app,analytics_dashboard,account_access,medium,on_hold,standard,I cannot log in; the system says my password is incorrect.,Sorry to hear you're having trouble accessing your account. Our team is reviewing this and will follow up within 24 hours.,,,0,negative,3,1,android,APAC
TCKT_055534,2023-10-08 10:32:16,CUST_02888,education,chat,notifications,feature_request,medium,open,gold,Our team needs more advanced options for notifications.,Thanks for your feature suggestion. Our team is reviewing this and will follow up within 24 hours.,,,0,very_negative,0,0,desktop_app,APAC
TCKT_055647,2023-10-15 14:45:34,CUST_04762,education,chat,billing,security_concern,high,resolved,standard,There seems to be a vulnerability in the billing functionality.,We take security very seriously. We are prioritizing this and will update you as soon as possible.,"Investigated logs, mitigated the issue, and updated security settings.",16.24,0,negative,2,0,ios,EU
TCKT_055801,2023-10-04 18:20:51,CUST_05978,education,phone_transcript,login_auth,feature_request,low,open,standard,It would be great to have login auth support in your product.,Thanks for your feature suggestion. We will look into this and get back to you within the next 48 hours.,,,0,positive,4,0,ios,APAC
TCKT_055808,2023-10-25 12:36:05,CUST_00683,small_business,chat,analytics_dashboard,bug,medium,on_hold,standard,The analytics dashboard feature is not saving my changes.,Thanks for reporting this bug. Our team is reviewing this and will follow up within 24 hours.,,,0,negative,2,0,web,APAC
TCKT_055813,2023-10-10 03:37:17,CUST_03242,non_profit,web_form,mobile_app,billing_problem,medium,in_progress,platinum,I was charged twice for my subscription this month.,Thanks for reaching out about the billing issue. Our team is reviewing this and will follow up within 24 hours.,,,0,very_positive,0,0,android,MEA
TCKT_055824,2023-10-17 16:56:12,CUST_09362,education,web_form,api_integration,bug,high,resolved,standard,The page keeps crashing whenever I try to open the api integration section.,Thanks for reporting this bug. We are prioritizing this and will update you as soon as possible.,Patched the bug and deployed a fix to production.,3.32,0,negative,3,0,android,EU
TCKT_055839,2023-10-03 09:56:59,CUST_03741,small_business,web_form,analytics_dashboard,account_access,medium,resolved,platinum,My 2FA code is not working when I try to sign in.,Sorry to hear you're having trouble accessing your account. Our team is reviewing this and will follow up within 24 hours.,Reset account credentials and confirmed successful login.,6.16,0,neutral,3,0,api_client,MEA
TCKT_055906,2023-10-05 04:22:29,CUST_00273,individual,email,mobile_app,billing_problem,low,resolved,standard,I downgraded my plan but I am still being billed for the higher tier.,Thanks for reaching out about the billing issue. We will look into this and get back to you within the next 48 hours.,Adjusted the invoice and issued a refund where applicable.,10.7,0,negative,3,1,web,EU
TCKT_055926,2023-10-12 13:09:25,CUST_06933,small_business,web_form,mobile_app,account_access,low,closed_no_action,standard,My account was locked after multiple failed login attempts.,Sorry to hear you're having trouble accessing your account. We will look into this and get back to you within the next 48 hours.,Ticket closed without further action after no response from the customer.,52.42,0,very_negative,2,0,api_client,APAC
TCKT_055946,2023-10-21 01:00:49,CUST_05049,enterprise,in_app,data_export,bug,medium,resolved,gold,I am seeing an error message when I click on data export.,Thanks for reporting this bug. Our team is reviewing this and will follow up within 24 hours.,Patched the bug and deployed a fix to production.,43.79,0,negative,2,0,ios,APAC
TCKT_056043,2023-10-08 04:12:26,CUST_01684,individual,web_form,api_integration,how_to,medium,resolved,standard,I need help setting up api integration for my team.,Happy to help with your question. Our team is reviewing this and will follow up within 24 hours.,Provided step-by-step instructions and relevant documentation.,43.76,0,neutral,0,0,ios,APAC
TCKT_056076,2023-10-24 12:48:04,CUST_03463,enterprise,chat,login_auth,billing_problem,high,closed_no_action,standard,My invoice amount is incorrect compared to the plan I selected.,Thanks for reaching out about the billing issue. We are prioritizing this and will update you as soon as possible.,Ticket closed without further action after no response from the customer.,46.23,0,neutral,0,0,api_client,MEA
TCKT_056222,2023-10-08 11:18:56,CUST_09982,education,chat,billing,feature_request,medium,resolved,standard,It would be great to have billing support in your product.,Thanks for your feature suggestion. Our team is reviewing this and will follow up within 24 hours.,Captured the request and added it to the product backlog.,18.21,0,neutral,3,0,web,MEA
TCKT_056251,2023-10-24 02:18:25,CUST_06074,education,email,analytics_dashboard,performance,medium,resolved,standard,Overall performance has degraded in the last few days.,We understand performance issues can be frustrating. Our team is reviewing this and will follow up within 24 hours.,Optimized queries and increased resource allocation.,36.92,0,very_negative,1,0,android,EU
TCKT_056266,2023-10-29 10:29:46,CUST_02185,small_business,web_form,billing,how_to,low,closed_no_action,gold,Can you explain how to configure billing properly?,Happy to help with your question. We will look into this and get back to you within the next 48 hours.,Ticket closed without further action after no response from the customer.,61.71,0,neutral,0,1,ios,
TCKT_056437,2023-10-02 18:25:47,CUST_04654,education,email,data_export,performance,medium,closed_no_action,standard,Overall performance has degraded in the last few days.,We understand performance issues can be frustrating. Our team is reviewing this and will follow up within 24 hours.,Ticket closed without further action after no response from the customer.,193.92,0,very_negative,0,0,android,EU
TCKT_056443,2023-10-11 09:23:43,CUST_08985,small_business,in_app,billing,how_to,low,on_hold,platinum,I need help setting up billing for my team.,Happy to help with your question. We will look into this and get back to you within the next 48 hours.,,,0,neutral,0,0,desktop_app,LATAM
TCKT_056452,2023-10-15 13:18:56,CUST_09903,non_profit,chat,analytics_dashboard,feature_request,low,in_progress,standard,Our team needs more advanced options for analytics dashboard.,Thanks for your feature suggestion. We will look into this and get back to you within the next 48 hours.,,,0,very_positive,0,0,web,APAC
TCKT_056588,2023-10-20 19:46:54,CUST_01712,non_profit,phone_transcript,api_integration,performance,high,resolved,standard,Overall performance has degraded in the last few days.,We understand performance issues can be frustrating. We are prioritizing this and will update you as soon as possible.,Optimized queries and increased resource allocation.,23.11,0,very_negative,1,0,android,MEA
TCKT_056640,2023-10-14 06:30:55,CUST_00429,non_profit,phone_transcript,mobile_app,security_concern,medium,in_progress,platinum,There seems to be a vulnerability in the mobile app functionality.,We take security very seriously. Our team is reviewing this and will follow up within 24 hours.,,,1,positive,5,0,api_client,EU
TCKT_056828,2023-10-16 01:34:49,CUST_02392,enterprise,phone_transcript,billing,billing_problem,high,resolved,standard,My invoice amount is incorrect compared to the plan I selected.,Thanks for reaching out about the billing issue. We are prioritizing this and will update you as soon as possible.,Adjusted the invoice and issued a refund where applicable.,20.41,0,neutral,3,0,web,APAC
TCKT_056864,2023-10-27 18:52:25,CUST_03738,education,web_form,data_export,other,high,resolved,gold,I have a general question about my account.,Thanks for contacting support. We are prioritizing this and will update you as soon as possible.,Provided general guidance and confirmed the issue was resolved.,11.53,0,positive,4,0,web,MEA
TCKT_056917,2023-10-27 04:05:27,CUST_04278,enterprise,chat,login_auth,bug,low,resolved,gold,The page keeps crashing whenever I try to open the login auth section.,Thanks for reporting this bug. We will look into this and get back to you within the next 48 hours.,Patched the bug and deployed a fix to production.,62.19,0,neutral,0,0,api_client,MEA
TCKT_057035,2023-10-17 17:09:02,CUST_08366,small_business,web_form,mobile_app,other,high,resolved,standard,"Something seems off, can you please check my workspace?",Thanks for contacting support. We are prioritizing this and will update you as soon as possible.,Provided general guidance and confirmed the issue was resolved.,19.84,0,neutral,3,0,ios,
TCKT_057081,2023-10-18 10:21:00,CUST_03622,non_profit,chat,data_export,account_access,medium,resolved,standard,I cannot log in; the system says my password is incorrect.,Sorry to hear you're having trouble accessing your account. Our team is reviewing this and will follow up within 24 hours.,Reset account credentials and confirmed successful login.,7.64,0,positive,5,0,api_client,EU
TCKT_057082,2023-10-02 04:55:53,CUST_01790,enterprise,web_form,mobile_app,other,high,in_progress,gold,I have a general question about my account.,Thanks for contacting support. We are prioritizing this and will update you as soon as possible.,,,0,positive,5,0,api_client,
TCKT_057090,2023-10-27 14:27:27,CUST_00045,non_profit,email,mobile_app,billing_problem,low,on_hold,standard,My invoice amount is incorrect compared to the plan I selected.,Thanks for reaching out about the billing issue. We will look into this and get back to you within the next 48 hours.,,,0,negative,3,0,ios,EU
TCKT_057128,2023-10-29 08:58:29,CUST_02452,small_business,chat,notifications,account_access,low,resolved,gold,I cannot log in; the system says my password is incorrect.,Sorry to hear you're having trouble accessing your account. We will look into this and get back to you within the next 48 hours.,Reset account credentials and confirmed successful login.,52.21,0,negative,0,1,ios,EU
TCKT_057242,2023-10-18 07:42:39,CUST_01648,non_profit,chat,mobile_app,how_to,medium,resolved,gold,Can you explain how to configure mobile app properly?,Happy to help with your question. Our team is reviewing this and will follow up within 24 hours.,Provided step-by-step instructions and relevant documentation.,33.64,0,positive,5,0,android,
TCKT_057246,2023-10-25 12:24:44,CUST_02754,education,phone_transcript,billing,feature_request,high,resolved,standard,It would be great to have billing support in your product.,Thanks for your feature suggestion. We are prioritizing this and will update you as soon as possible.,Captured the request and added it to the product backlog.,15.42,0,very_positive,0,1,web,APAC
TCKT_057300,2023-10-23 13:33:01,CUST_00855,individual,web_form,data_export,bug,medium,resolved,platinum,The page keeps crashing whenever I try to open the data export section.,Thanks for reporting this bug. Our team is reviewing this and will follow up within 24 hours.,Patched the bug and deployed a fix to production.,35.83,0,positive,5,0,android,EU
TCKT_057301,2023-10-04 05:54:21,CUST_05915,individual,in_app,notifications,account_access,low,resolved,gold,My 2FA code is not working when I try to sign in.,Sorry to hear you're having trouble accessing your account. We will look into this and get back to you within the next 48 hours.,Reset account credentials and confirmed successful login.,34.26,0,neutral,0,1,web,LATAM
TCKT_057429,2023-10-17 04:40:22,CUST_08060,non_profit,web_form,login_auth,bug,low,closed_no_action,gold,The page keeps crashing whenever I try to open the login auth section.,Thanks for reporting this bug. We will look into this and get back to you within the next 48 hours.,Ticket closed without further action after no response from the customer.,98.99,0,very_positive,5,0,desktop_app,MEA
TCKT_057640,2023-10-17 23:35:33,CUST_06197,individual,web_form,mobile_app,billing_problem,medium,resolved,gold,My invoice amount is incorrect compared to the plan I selected.,Thanks for reaching out about the billing issue. Our team is reviewing this and will follow up within 24 hours.,Adjusted the invoice and issued a refund where applicable.,13.9,0,negative,3,0,api_client,LATAM
TCKT_057675,2023-10-17 19:01:15,CUST_01168,education,chat,data_export,billing_problem,low,in_progress,gold,My invoice amount is incorrect compared to the plan I selected.,Thanks for reaching out about the billing issue. We will look into this and get back to you within the next 48 hours.,,,0,very_negative,1,0,api_client,APAC
TCKT_057742,2023-10-04 19:09:58,CUST_05733,individual,email,analytics_dashboard,feature_request,medium,in_progress,standard,It would be great to have analytics dashboard support in your product.,Thanks for your feature suggestion. Our team is reviewing this and will follow up within 24 hours.,,,0,neutral,3,0,ios,EU
TCKT_057753,2023-10-28 19:59:17,CUST_05631,individual,phone_transcript,billing,feature_request,medium,open,gold,Can you add an option to customize billing?,Thanks for your feature suggestion. Our team is reviewing this and will follow up within 24 hours.,,,0,positive,0,0,ios,EU
TCKT_057763,2023-10-01 18:28:12,CUST_06092,non_profit,in_app,api_integration,how_to,low,resolved,gold,I need help setting up api integration for my team.,Happy to help with your question. We will look into this and get back to you within the next 48 hours.,Provided step-by-step instructions and relevant documentation.,8.07,0,positive,5,1,web,APAC
TCKT_057828,2023-10-11 14:09:32,CUST_05457,non_profit,email,login_auth,performance,medium,resolved,platinum,Queries in the login auth module are timing out.,We understand performance issues can be frustrating. Our team is reviewing this and will follow up within 24 hours.,Optimized queries and increased resource allocation.,6.7,0,very_negative,2,1,web,MEA
TCKT_057867,2023-10-30 01:22:39,CUST_04734,non_profit,web_form,billing,performance,low,in_progress,standard,Overall performance has degraded in the last few days.,We understand performance issues can be frustrating. We will look into this and get back to you within the next 48 hours.,,,0,negative,2,0,api_client,MEA
TCKT_057900,2023-10-15 04:33:27,CUST_09044,small_business,phone_transcript,api_integration,how_to,medium,resolved,standard,How can I export my data from the api integration section?,Happy to help with your question. Our team is reviewing this and will follow up within 24 hours.,Provided step-by-step instructions and relevant documentation.,42.45,0,neutral,3,0,web,MEA
TCKT_058014,2023-10-03 04:19:50,CUST_05111,education,phone_transcript,mobile_app,security_concern,low,resolved,gold,We need details about your data encryption and compliance.,We take security very seriously. We will look into this and get back to you within the next 48 hours.,"Investigated logs, mitigated the issue, and updated security settings.",34.05,0,negative,3,0,android,MEA
TCKT_058043,2023-10-11 21:48:19,CUST_05696,enterprise,web_form,analytics_dashboard,performance,high,resolved,platinum,The analytics dashboard page is very slow and takes a long time to load.,We understand performance issues can be frustrating. We are prioritizing this and will update you as soon as possible.,Optimized queries and increased resource allocation.,15.49,0,negative,3,0,ios,EU
TCKT_058101,2023-10-28 05:55:22,CUST_09083,enterprise,chat,billing,feature_request,medium,closed_no_action,gold,Our team needs more advanced options for billing.,Thanks for your feature suggestion. Our team is reviewing this and will follow up within 24 hours.,Ticket closed without further action after no response from the customer.,66.23,0,neutral,3,0,api_client,LATAM
TCKT_058241,2023-10-17 07:12:27,CUST_05808,small_business,chat,mobile_app,other,low,resolved,standard,I have a general question about my account.,Thanks for contacting support. We will look into this and get back to you within the next 48 hours.,Provided general guidance and confirmed the issue was resolved.,9.24,0,neutral,4,0,ios,LATAM
TCKT_058270,2023-10-15 19:34:29,CUST_05319,enterprise,email,data_export,feature_request,medium,in_progress,gold,It would be great to have data export support in your product.,Thanks for your feature suggestion. Our team is reviewing this and will follow up within 24 hours.,,,0,very_positive,5,0,desktop_app,EU
TCKT_058295,2023-10-27 14:21:50,CUST_07814,small_business,chat,billing,billing_problem,low,on_hold,standard,My invoice amount is incorrect compared to the plan I selected.,Thanks for reaching out about the billing issue. We will look into this and get back to you within the next 48 hours.,,,0,negative,0,0,web,EU
TCKT_058336,2023-10-20 01:25:04,CUST_08064,individual,chat,api_integration,performance,low,in_progress,platinum,The api integration page is very slow and takes a long time to load.,We understand performance issues can be frustrating. We will look into this and get back to you within the next 48 hours.,,,0,neutral,4,0,api_client,
TCKT_058347,2023-10-18 06:03:29,CUST_04636,small_business,chat,mobile_app,account_access,medium,resolved,standard,My account was locked after multiple failed login attempts.,Sorry to hear you're having trouble accessing your account. Our team is reviewing this and will follow up within 24 hours.,Reset account credentials and confirmed successful login.,21.4,0,neutral,0,1,ios,LATAM
TCKT_058367,2023-10-07 23:57:18,CUST_06622,non_profit,web_form,mobile_app,security_concern,medium,resolved,platinum,I noticed a suspicious login on my account.,We take security very seriously. Our team is reviewing this and will follow up within 24 hours.,"Investigated logs, mitigated the issue, and updated security settings.",19.99,1,negative,3,1,web,MEA
TCKT_058444,2023-10-02 16:05:56,CUST_08498,education,chat,mobile_app,account_access,medium,resolved,standard,My 2FA code is not working when I try to sign in.,Sorry to hear you're having trouble accessing your account. Our team is reviewing this and will follow up within 24 hours.,Reset account credentials and confirmed successful login.,43.99,0,negative,2,1,desktop_app,MEA
TCKT_058456,2023-10-15 19:56:21,CUST_04039,non_profit,in_app,mobile_app,bug,low,in_progress,gold,I am seeing an error message when I click on mobile app.,Thanks for reporting this bug. We will look into this and get back to you within the next 48 hours.,,,0,positive,5,1,ios,EU
TCKT_058458,2023-10-18 16:45:40,CUST_02789,small_business,email,api_integration,performance,low,resolved,platinum,The api integration page is very slow and takes a long time to load.,We understand performance issues can be frustrating. We will look into this and get back to you within the next 48 hours.,Optimized queries and increased resource allocation.,42.89,0,very_negative,0,0,desktop_app,LATAM
TCKT_058478,2023-10-14 17:34:11,CUST_03130,individual,phone_transcript,data_export,security_concern,low,open,standard,I noticed a suspicious login on my account.,We take security very seriously. We will look into this and get back to you within the next 48 hours.,,,0,very_negative,1,0,desktop_app,
TCKT_058512,2023-10-09 05:43:32,CUST_08925,non_profit,in_app,login_auth,other,medium,open,standard,I have a general question about my account.,Thanks for contacting support. Our team is reviewing this and will follow up within 24 hours.,,,0,very_negative,1,1,android,
TCKT_058543,2023-10-08 14:41:50,CUST_05363,non_profit,phone_transcript,mobile_app,other,medium,resolved,standard,"Something seems off, can you please check my workspace?",Thanks for contacting support. Our team is reviewing this and will follow up within 24 hours.,Provided general guidance and confirmed the issue was resolved.,23.36,0,neutral,3,0,desktop_app,LATAM
TCKT_058600,2023-10-18 01:09:00,CUST_05035,non_profit,in_app,analytics_dashboard,account_access,medium,open,gold,My 2FA code is not working when I try to sign in.,Sorry to hear you're having trouble accessing your account. Our team is reviewing this and will follow up within 24 hours.,,,0,negative,0,0,desktop_app,LATAM
TCKT_058664,2023-10-11 08:19:14,CUST_05252,education,chat,billing,performance,medium,resolved,standard,Overall performance has degraded in the last few days.,We understand performance issues can be frustrating. Our team is reviewing this and will follow up within 24 hours.,Optimized queries and increased resource allocation.,47.86,0,negative,2,1,desktop_app,LATAM
TCKT_058691,2023-10-21 20:57:00,CUST_00953,individual,phone_transcript,login_auth,performance,high,resolved,standard,Overall performance has degraded in the last few days.,We understand performance issues can be frustrating. We are prioritizing this and will update you as soon as possible.,Optimized queries and increased resource allocation.,7.83,0,positive,4,1,web,MEA
TCKT_058717,2023-10-16 16:35:42,CUST_01149,small_business,phone_transcript,billing,performance,low,resolved,gold,Queries in the billing module are timing out.,We understand performance issues can be frustrating. We will look into this and get back to you within the next 48 hours.,Optimized queries and increased resource allocation.,57.24,0,negative,3,0,desktop_app,MEA
TCKT_058786,2023-10-22 02:06:17,CUST_09543,education,phone_transcript,login_auth,performance,high,in_progress,gold,Overall performance has degraded in the last few days.,We understand performance issues can be frustrating. We are prioritizing this and will update you as soon as possible.,,,0,very_positive,0,0,android,MEA
TCKT_058832,2023-10-29 16:29:43,CUST_05164,individual,web_form,login_auth,other,medium,closed_no_action,standard,"Something seems off, can you please check my workspace?",Thanks for contacting support. Our team is reviewing this and will follow up within 24 hours.,Ticket closed without further action after no response from the customer.,97.03,0,very_negative,0,0,ios,EU
TCKT_058883,2023-10-21 06:43:52,CUST_08950,individual,web_form,notifications,billing_problem,medium,resolved,standard,My invoice amount is incorrect compared to the plan I selected.,Thanks for reaching out about the billing issue. Our team is reviewing this and will follow up within 24 hours.,Adjusted the invoice and issued a refund where applicable.,47.35,0,positive,0,0,desktop_app,EU
TCKT_058930,2023-10-22 23:20:03,CUST_05035,small_business,chat,mobile_app,bug,medium,on_hold,platinum,I am seeing an error message when I click on mobile app.,Thanks for reporting this bug. Our team is reviewing this and will follow up within 24 hours.,,,0,neutral,3,0,android,APAC
TCKT_058943,2023-10-24 15:32:37,CUST_02666,education,chat,data_export,other,high,resolved,standard,I have a general question about my account.,Thanks for contacting support. We are prioritizing this and will update you as soon as possible.,Provided general guidance and confirmed the issue was resolved.,3.61,0,very_negative,0,0,desktop_app,EU
TCKT_058944,2023-10-01 16:26:44,CUST_09359,small_business,web_form,analytics_dashboard,account_access,high,resolved,gold,My account was locked after multiple failed login attempts.,Sorry to hear you're having trouble accessing your account. We are prioritizing this and will update you as soon as possible.,Reset account credentials and confirmed successful login.,22.79,0,very_negative,1,0,api_client,APAC
TCKT_058993,2023-10-16 07:55:28,CUST_05995,non_profit,email,billing,other,low,on_hold,standard,"Something seems off, can you please check my workspace?",Thanks for contacting support. We will look into this and get back to you within the next 48 hours.,,,0,neutral,4,0,android,APAC
TCKT_059020,2023-10-10 15:15:17,CUST_07189,non_profit,in_app,billing,bug,high,on_hold,standard,The billing feature is not saving my changes.,Thanks for reporting this bug. We are prioritizing this and will update you as soon as possible.,,,1,negative,0,0,ios,LATAM
TCKT_059052,2023-10-01 23:57:22,CUST_02851,individual,web_form,data_export,feature_request,low,resolved,standard,Our team needs more advanced options for data export.,Thanks for your feature suggestion. We will look into this and get back to you within the next 48 hours.,Captured the request and added it to the product backlog.,23.3,0,neutral,4,0,api_client,LATAM
TCKT_059089,2023-10-27 00:12:44,CUST_00324,individual,web_form,billing,account_access,urgent,resolved,gold,I cannot log in; the system says my password is incorrect.,Sorry to hear you're having trouble accessing your account. This has been escalated to our on-call team for immediate attention.,Reset account credentials and confirmed successful login.,3.12,0,negative,0,0,api_client,LATAM
TCKT_059114,2023-10-20 01:32:45,CUST_04877,individual,email,login_auth,billing_problem,high,open,standard,I was charged twice for my subscription this month.,Thanks for reaching out about the billing issue. We are prioritizing this and will update you as soon as possible.,,,0,very_negative,1,1,api_client,MEA
TCKT_059164,2023-10-06 01:32:52,CUST_09711,enterprise,web_form,mobile_app,bug,high,resolved,standard,I am seeing an error message when I click on mobile app.,Thanks for reporting this bug. We are prioritizing this and will update you as soon as possible.,Patched the bug and deployed a fix to production.,9.47,0,very_negative,2,1,web,LATAM
TCKT_059256,2023-10-11 22:49:31,CUST_02884,non_profit,phone_transcript,notifications,how_to,medium,resolved,standard,I need help setting up notifications for my team.,Happy to help with your question. Our team is reviewing this and will follow up within 24 hours.,Provided step-by-step instructions and relevant documentation.,5.21,0,very_negative,2,0,web,EU
TCKT_059310,2023-10-21 11:20:23,CUST_04651,non_profit,phone_transcript,mobile_app,security_concern,low,open,standard,There seems to be a vulnerability in the mobile app functionality.,We take security very seriously. We will look into this and get back to you within the next 48 hours.,,,0,negative,0,1,web,
TCKT_059317,2023-10-26 23:41:28,CUST_09523,education,in_app,billing,feature_request,low,resolved,standard,Our team needs more advanced options for billing.,Thanks for your feature suggestion. We will look into this and get back to you within the next 48 hours.,Captured the request and added it to the product backlog.,10.06,0,neutral,3,1,web,
TCKT_059340,2023-10-22 23:38:37,CUST_02863,enterprise,web_form,mobile_app,feature_request,medium,open,platinum,It would be great to have mobile app support in your product.,Thanks for your feature suggestion. Our team is reviewing this and will follow up within 24 hours.,,,0,very_positive,5,0,android,APAC
TCKT_059345,2023-10-11 07:06:15,CUST_04955,individual,web_form,analytics_dashboard,how_to,low,resolved,standard,I need help setting up analytics dashboard for my team.,Happy to help with your question. We will look into this and get back to you within the next 48 hours.,Provided step-by-step instructions and relevant documentation.,47.8,0,positive,5,0,android,
TCKT_059350,2023-10-25 22:05:07,CUST_08870,individual,web_form,login_auth,account_access,urgent,in_progress,gold,I cannot log in; the system says my password is incorrect.,Sorry to hear you're having trouble accessing your account. This has been escalated to our on-call team for immediate attention.,,,0,negative,3,0,desktop_app,MEA
TCKT_059412,2023-10-18 18:28:41,CUST_08432,small_business,phone_transcript,data_export,account_access,medium,resolved,standard,My 2FA code is not working when I try to sign in.,Sorry to hear you're having trouble accessing your account. Our team is reviewing this and will follow up within 24 hours.,Reset account credentials and confirmed successful login.,30.29,0,negative,0,0,web,MEA
TCKT_059453,2023-10-03 18:09:34,CUST_06160,individual,phone_transcript,mobile_app,performance,low,open,platinum,Overall performance has degraded in the last few days.,We understand performance issues can be frustrating. We will look into this and get back to you within the next 48 hours.,,,0,neutral,3,0,api_client,APAC
TCKT_059507,2023-10-21 20:50:57,CUST_07736,enterprise,phone_transcript,notifications,billing_problem,high,in_progress,standard,I was charged twice for my subscription this month.,Thanks for reaching out about the billing issue. We are prioritizing this and will update you as soon as possible.,,,0,negative,2,0,web,MEA
TCKT_059541,2023-10-28 03:55:08,CUST_00806,individual,chat,analytics_dashboard,performance,medium,resolved,platinum,Queries in the analytics dashboard module are timing out.,We understand performance issues can be frustrating. Our team is reviewing this and will follow up within 24 hours.,Optimized queries and increased resource allocation.,46.12,0,very_negative,0,1,api_client,LATAM
TCKT_059565,2023-10-22 20:19:35,CUST_04289,small_business,web_form,billing,feature_request,medium,resolved,standard,It would be great to have billing support in your product.,Thanks for your feature suggestion. Our team is reviewing this and will follow up within 24 hours.,Captured the request and added it to the product backlog.,16.18,0,positive,5,0,desktop_app,EU
TCKT_059591,2023-10-28 15:43:13,CUST_01070,small_business,in_app,login_auth,security_concern,medium,in_progress,standard,We need details about your data encryption and compliance.,We take security very seriously. Our team is reviewing this and will follow up within 24 hours.,,,0,very_negative,1,0,android,
TCKT_059624,2023-10-07 13:55:59,CUST_01504,non_profit,email,analytics_dashboard,security_concern,medium,resolved,platinum,We need details about your data encryption and compliance.,We take security very seriously. Our team is reviewing this and will follow up within 24 hours.,"Investigated logs, mitigated the issue, and updated security settings.",26.88,0,neutral,3,0,desktop_app,
TCKT_059728,2023-10-15 09:01:28,CUST_04722,individual,in_app,analytics_dashboard,account_access,high,on_hold,gold,My 2FA code is not working when I try to sign in.,Sorry to hear you're having trouble accessing your account. We are prioritizing this and will update you as soon as possible.,,,0,very_negative,2,0,desktop_app,EU
TCKT_059800,2023-10-20 10:00:01,CUST_03828,non_profit,web_form,mobile_app,security_concern,low,on_hold,gold,There seems to be a vulnerability in the mobile app functionality.,We take security very seriously. We will look into this and get back to you within the next 48 hours.,,,0,negative,3,0,desktop_app,LATAM
TCKT_059818,2023-10-25 20:54:18,CUST_07735,education,in_app,analytics_dashboard,how_to,low,resolved,standard,Can you explain how to configure analytics dashboard properly?,Happy to help with your question. We will look into this and get back to you within the next 48 hours.,Provided step-by-step instructions and relevant documentation.,44.75,0,neutral,0,0,web,EU
TCKT_059853,2023-10-02 14:46:53,CUST_08854,enterprise,phone_transcript,api_integration,feature_request,low,in_progress,gold,Can you add an option to customize api integration?,Thanks for your feature suggestion. We will look into this and get back to you within the next 48 hours.,,,0,neutral,3,0,android,APAC
TCKT_059858,2023-10-04 08:11:04,CUST_06574,non_profit,chat,mobile_app,other,medium,resolved,standard,I have a general question about my account.,Thanks for contacting support. Our team is reviewing this and will follow up within 24 hours.,Provided general guidance and confirmed the issue was resolved.,31.74,0,very_positive,5,1,api_client,APAC
TCKT_059878,2023-10-23 19:19:55,CUST_01571,non_profit,chat,analytics_dashboard,other,low,open,standard,I have a general question about my account.,Thanks for contacting support. We will look into this and get back to you within the next 48 hours.,,,0,negative,0,0,desktop_app,
TCKT_059888,2023-10-11 10:37:12,CUST_00774,non_profit,email,api_integration,account_access,high,open,standard,I cannot log in; the system says my password is incorrect.,Sorry to hear you're having trouble accessing your account. We are prioritizing this and will update you as soon as possible.,,,0,negative,2,0,web,EU
TCKT_059935,2023-10-02 05:24:25,CUST_09658,education,in_app,api_integration,bug,medium,resolved,standard,The api integration feature is not saving my changes.,Thanks for reporting this bug. Our team is reviewing this and will follow up within 24 hours.,Patched the bug and deployed a fix to production.,30.37,0,positive,0,0,android,MEA
TCKT_059951,2023-10-10 22:18:51,CUST_02837,small_business,web_form,mobile_app,security_concern,medium,open,standard,We need details about your data encryption and compliance.,We take security very seriously. Our team is reviewing this and will follow up within 24 hours.,,,0,neutral,3,0,android,APAC
TCKT_060037,2023-10-24 02:55:26,CUST_07251,enterprise,web_form,data_export,how_to,medium,resolved,platinum,Can you explain how to configure data export properly?,Happy to help with your question. Our team is reviewing this and will follow up within 24 hours.,Provided step-by-step instructions and relevant documentation.,35.72,0,neutral,4,0,web,LATAM
TCKT_060039,2023-10-14 05:01:31,CUST_03983,non_profit,in_app,notifications,billing_problem,high,on_hold,standard,My invoice amount is incorrect compared to the plan I selected.,Thanks for reaching out about the billing issue. We are prioritizing this and will update you as soon as possible.,,,0,neutral,3,0,desktop_app,
TCKT_060101,2023-10-21 14:35:10,CUST_01800,small_business,web_form,api_integration,account_access,low,resolved,standard,I cannot log in; the system says my password is incorrect.,Sorry to hear you're having trouble accessing your account. We will look into this and get back to you within the next 48 hours.,Reset account credentials and confirmed successful login.,51.13,0,neutral,3,0,android,MEA
TCKT_060223,2023-10-24 15:32:10,CUST_02117,education,chat,notifications,performance,low,closed_no_action,standard,Queries in the notifications module are timing out.,We understand performance issues can be frustrating. We will look into this and get back to you within the next 48 hours.,Ticket closed without further action after no response from the customer.,219.23,0,very_positive,5,0,desktop_app,MEA
TCKT_060258,2023-10-14 13:39:59,CUST_03880,education,phone_transcript,data_export,account_access,low,resolved,standard,My account was locked after multiple failed login attempts.,Sorry to hear you're having trouble accessing your account. We will look into this and get back to you within the next 48 hours.,Reset account credentials and confirmed successful login.,52.5,0,neutral,4,0,api_client,
TCKT_060326,2023-10-25 02:48:21,CUST_08261,non_profit,chat,login_auth,feature_request,medium,in_progress,gold,It would be great to have login auth support in your product.,Thanks for your feature suggestion. Our team is reviewing this and will follow up within 24 hours.,,,0,positive,4,0,api_client,
TCKT_060337,2023-10-29 14:04:46,CUST_07108,enterprise,chat,notifications,security_concern,medium,resolved,platinum,We need details about your data encryption and compliance.,We take security very seriously. Our team is reviewing this and will follow up within 24 hours.,"Investigated logs, mitigated the issue, and updated security settings.",14.73,0,very_positive,0,0,ios,
TCKT_060407,2023-10-03 13:25:41,CUST_06883,small_business,phone_transcript,billing,account_access,low,in_progress,platinum,I cannot log in; the system says my password is incorrect.,Sorry to hear you're having trouble accessing your account. We will look into this and get back to you within the next 48 hours.,,,0,neutral,0,0,web,LATAM
TCKT_060477,2023-10-05 05:08:56,CUST_03372,non_profit,chat,login_auth,account_access,low,resolved,standard,My account was locked after multiple failed login attempts.,Sorry to hear you're having trouble accessing your account. We will look into this and get back to you within the next 48 hours.,Reset account credentials and confirmed successful login.,17.65,0,negative,2,0,desktop_app,APAC
TCKT_060545,2023-10-14 04:42:28,CUST_04453,small_business,in_app,analytics_dashboard,feature_request,medium,resolved,standard,Our team needs more advanced options for analytics dashboard.,Thanks for your feature suggestion. Our team is reviewing this and will follow up within 24 hours.,Captured the request and added it to the product backlog.,39.98,0,very_positive,5,0,android,LATAM
TCKT_060629,2023-10-16 03:15:18,CUST_02652,enterprise,email,data_export,security_concern,low,resolved,standard,We need details about your data encryption and compliance.,We take security very seriously. We will look into this and get back to you within the next 48 hours.,"Investigated logs, mitigated the issue, and updated security settings.",26.95,0,neutral,0,0,desktop_app,LATAM
TCKT_060736,2023-10-24 02:10:10,CUST_09538,enterprise,email,billing,performance,high,resolved,standard,Queries in the billing module are timing out.,We understand performance issues can be frustrating. We are prioritizing this and will update you as soon as possible.,Optimized queries and increased resource allocation.,19.28,0,positive,4,1,api_client,MEA
TCKT_060767,2023-10-18 23:18:09,CUST_08553,non_profit,phone_transcript,billing,feature_request,medium,resolved,standard,Can you add an option to customize billing?,Thanks for your feature suggestion. Our team is reviewing this and will follow up within 24 hours.,Captured the request and added it to the product backlog.,18.41,0,positive,5,0,android,EU
TCKT_060817,2023-10-20 17:52:03,CUST_00461,individual,phone_transcript,notifications,account_access,low,in_progress,standard,I cannot log in; the system says my password is incorrect.,Sorry to hear you're having trouble accessing your account. We will look into this and get back to you within the next 48 hours.,,,0,very_negative,1,0,ios,MEA
TCKT_060833,2023-10-20 18:23:30,CUST_02596,small_business,web_form,login_auth,performance,medium,closed_no_action,gold,The login auth page is very slow and takes a long time to load.,We understand performance issues can be frustrating. Our team is reviewing this and will follow up within 24 hours.,Ticket closed without further action after no response from the customer.,37.11,0,very_positive,0,0,api_client,MEA
TCKT_060871,2023-10-21 09:55:07,CUST_06570,small_business,chat,billing,how_to,high,resolved,standard,Can you explain how to configure billing properly?,Happy to help with your question. We are prioritizing this and will update you as soon as possible.,Provided step-by-step instructions and relevant documentation.,13.19,0,positive,5,0,ios,EU
TCKT_060898,2023-10-17 02:58:08,CUST_01653,individual,phone_transcript,analytics_dashboard,feature_request,medium,in_progress,standard,Our team needs more advanced options for analytics dashboard.,Thanks for your feature suggestion. Our team is reviewing this and will follow up within 24 hours.,,,1,neutral,0,0,web,
TCKT_060904,2023-10-18 11:13:10,CUST_05766,individual,email,login_auth,bug,medium,resolved,standard,The login auth feature is not saving my changes.,Thanks for reporting this bug. Our team is reviewing this and will follow up within 24 hours.,Patched the bug and deployed a fix to production.,14.13,0,neutral,4,0,api_client,APAC
TCKT_060920,2023-10-16 00:46:14,CUST_08559,non_profit,chat,mobile_app,performance,low,resolved,standard,Queries in the mobile app module are timing out.,We understand performance issues can be frustrating. We will look into this and get back to you within the next 48 hours.,Optimized queries and increased resource allocation.,47.92,0,very_negative,0,1,desktop_app,EU
TCKT_060972,2023-10-25 21:22:36,CUST_07759,individual,web_form,notifications,performance,low,resolved,gold,Overall performance has degraded in the last few days.,We understand performance issues can be frustrating. We will look into this and get back to you within the next 48 hours.,Optimized queries and increased resource allocation.,41.4,0,very_negative,2,0,desktop_app,
TCKT_060977,2023-10-25 00:41:42,CUST_06095,individual,chat,api_integration,bug,low,resolved,gold,The page keeps crashing whenever I try to open the api integration section.,Thanks for reporting this bug. We will look into this and get back to you within the next 48 hours.,Patched the bug and deployed a fix to production.,36.49,0,very_negative,0,0,ios,LATAM
TCKT_061055,2023-10-29 08:24:19,CUST_04195,enterprise,web_form,mobile_app,feature_request,high,open,gold,Our team needs more advanced options for mobile app.,Thanks for your feature suggestion. We are prioritizing this and will update you as soon as possible.,,,0,positive,4,0,web,MEA
TCKT_061066,2023-10-28 11:42:33,CUST_05142,non_profit,in_app,data_export,how_to,medium,resolved,gold,How can I export my data from the data export section?,Happy to help with your question. Our team is reviewing this and will follow up within 24 hours.,Provided step-by-step instructions and relevant documentation.,9.11,0,neutral,4,0,ios,
TCKT_061073,2023-10-21 04:24:51,CUST_02704,non_profit,email,data_export,security_concern,medium,resolved,gold,There seems to be a vulnerability in the data export functionality.,We take security very seriously. Our team is reviewing this and will follow up within 24 hours.,"Investigated logs, mitigated the issue, and updated security settings.",37.48,0,neutral,3,0,web,LATAM
TCKT_061317,2023-10-02 11:52:51,CUST_05541,small_business,email,data_export,bug,high,on_hold,gold,The data export feature is not saving my changes.,Thanks for reporting this bug. We are prioritizing this and will update you as soon as possible.,,,0,neutral,0,1,web,LATAM
TCKT_061496,2023-10-31 09:54:08,CUST_08586,non_profit,web_form,api_integration,performance,high,resolved,gold,Overall performance has degraded in the last few days.,We understand performance issues can be frustrating. We are prioritizing this and will update you as soon as possible.,Optimized queries and increased resource allocation.,1.53,0,neutral,3,0,desktop_app,LATAM
TCKT_061585,2023-10-31 05:27:07,CUST_06452,education,web_form,billing,account_access,medium,resolved,standard,My 2FA code is not working when I try to sign in.,Sorry to hear you're having trouble accessing your account. Our team is reviewing this and will follow up within 24 hours.,Reset account credentials and confirmed successful login.,36.71,0,neutral,0,1,ios,
TCKT_061635,2023-10-17 11:12:45,CUST_00802,small_business,phone_transcript,data_export,security_concern,medium,in_progress,standard,There seems to be a vulnerability in the data export functionality.,We take security very seriously. Our team is reviewing this and will follow up within 24 hours.,,,0,neutral,0,0,api_client,
TCKT_061640,2023-10-10 13:42:47,CUST_08274,enterprise,in_app,notifications,security_concern,high,in_progress,gold,We need details about your data encryption and compliance.,We take security very seriously. We are prioritizing this and will update you as soon as possible.,,,0,very_negative,1,1,android,LATAM
TCKT_061659,2023-10-21 14:00:26,CUST_03645,enterprise,chat,mobile_app,security_concern,low,resolved,gold,There seems to be a vulnerability in the mobile app functionality.,We take security very seriously. We will look into this and get back to you within the next 48 hours.,"Investigated logs, mitigated the issue, and updated security settings.",17.95,0,neutral,0,1,web,MEA
TCKT_061664,2023-10-21 19:29:13,CUST_03016,enterprise,in_app,api_integration,account_access,low,open,standard,I cannot log in; the system says my password is incorrect.,Sorry to hear you're having trouble accessing your account. We will look into this and get back to you within the next 48 hours.,,,0,negative,0,0,android,APAC
TCKT_061724,2023-10-06 07:08:47,CUST_00342,education,chat,api_integration,feature_request,low,open,gold,It would be great to have api integration support in your product.,Thanks for your feature suggestion. We will look into this and get back to you within the next 48 hours.,,,0,neutral,0,1,ios,MEA
TCKT_061726,2023-10-27 14:44:46,CUST_07825,education,web_form,login_auth,performance,high,on_hold,standard,The login auth page is very slow and takes a long time to load.,We understand performance issues can be frustrating. We are prioritizing this and will update you as soon as possible.,,,0,negative,3,1,web,MEA
TCKT_061729,2023-10-03 05:57:14,CUST_00216,small_business,chat,api_integration,billing_problem,urgent,resolved,gold,My invoice amount is incorrect compared to the plan I selected.,Thanks for reaching out about the billing issue. This has been escalated to our on-call team for immediate attention.,Adjusted the invoice and issued a refund where applicable.,1.68,0,positive,4,0,web,LATAM
TCKT_061730,2023-10-03 11:12:52,CUST_03155,individual,in_app,analytics_dashboard,billing_problem,low,closed_no_action,gold,I was charged twice for my subscription this month.,Thanks for reaching out about the billing issue. We will look into this and get back to you within the next 48 hours.,Ticket closed without further action after no response from the customer.,61.1,0,very_negative,1,1,web,
TCKT_061887,2023-10-15 17:47:44,CUST_02720,non_profit,email,api_integration,how_to,high,in_progress,platinum,How can I export my data from the api integration section?,Happy to help with your question. We are prioritizing this and will update you as soon as possible.,,,0,negative,3,0,ios,EU
TCKT_061954,2023-10-18 22:11:48,CUST_05063,small_business,email,analytics_dashboard,bug,medium,in_progress,gold,I am seeing an error message when I click on analytics dashboard.,Thanks for reporting this bug. Our team is reviewing this and will follow up within 24 hours.,,,0,negative,2,0,ios,MEA
TCKT_061959,2023-10-24 07:21:55,CUST_09814,individual,chat,data_export,performance,medium,in_progress,standard,Queries in the data export module are timing out.,We understand performance issues can be frustrating. Our team is reviewing this and will follow up within 24 hours.,,,0,neutral,3,0,android,MEA
TCKT_061969,2023-10-01 11:31:50,CUST_02743,enterprise,web_form,mobile_app,other,low,in_progress,gold,I have a general question about my account.,Thanks for contacting support. We will look into this and get back to you within the next 48 hours.,,,0,neutral,3,0,ios,
TCKT_061999,2023-10-13 22:38:19,CUST_06226,enterprise,in_app,mobile_app,feature_request,medium,open,standard,Can you add an option to customize mobile app?,Thanks for your feature suggestion. Our team is reviewing this and will follow up within 24 hours.,,,0,positive,5,0,desktop_app,
TCKT_062024,2023-10-22 11:43:30,CUST_05209,education,chat,api_integration,bug,medium,open,gold,The page keeps crashing whenever I try to open the api integration section.,Thanks for reporting this bug. Our team is reviewing this and will follow up within 24 hours.,,,0,neutral,3,0,desktop_app,LATAM
TCKT_062112,2023-10-28 10:13:52,CUST_04545,enterprise,phone_transcript,login_auth,account_access,medium,on_hold,standard,My account was locked after multiple failed login attempts.,Sorry to hear you're having trouble accessing your account. Our team is reviewing this and will follow up within 24 hours.,,,0,very_negative,1,0,ios,LATAM
TCKT_062122,2023-10-31 12:40:01,CUST_05046,education,email,mobile_app,feature_request,high,resolved,standard,It would be great to have mobile app support in your product.,Thanks for your feature suggestion. We are prioritizing this and will update you as soon as possible.,Captured the request and added it to the product backlog.,10.6,0,positive,0,0,android,
TCKT_062183,2023-10-03 20:02:40,CUST_02248,small_business,chat,login_auth,security_concern,high,on_hold,standard,I noticed a suspicious login on my account.,We take security very seriously. We are prioritizing this and will update you as soon as possible.,,,0,negative,0,1,ios,EU
TCKT_062229,2023-10-11 01:37:29,CUST_03958,individual,in_app,mobile_app,other,low,resolved,standard,"Something seems off, can you please check my workspace?",Thanks for contacting support. We will look into this and get back to you within the next 48 hours.,Provided general guidance and confirmed the issue was resolved.,71.8,0,neutral,4,0,desktop_app,MEA
TCKT_062337,2023-10-14 23:19:49,CUST_08194,small_business,chat,mobile_app,other,medium,in_progress,gold,I have a general question about my account.,Thanks for contacting support. Our team is reviewing this and will follow up within 24 hours.,,,0,negative,3,0,web,
TCKT_062363,2023-10-04 08:19:36,CUST_03883,individual,chat,analytics_dashboard,performance,low,resolved,standard,The analytics dashboard page is very slow and takes a long time to load.,We understand performance issues can be frustrating. We will look into this and get back to you within the next 48 hours.,Optimized queries and increased resource allocation.,61.57,0,very_positive,5,0,ios,APAC
TCKT_062380,2023-10-13 21:52:56,CUST_08968,small_business,in_app,data_export,account_access,urgent,on_hold,standard,I cannot log in; the system says my password is incorrect.,Sorry to hear you're having trouble accessing your account. This has been escalated to our on-call team for immediate attention.,,,0,neutral,4,0,android,APAC
TCKT_062493,2023-10-20 14:08:40,CUST_05959,education,email,api_integration,account_access,low,resolved,gold,My account was locked after multiple failed login attempts.,Sorry to hear you're having trouble accessing your account. We will look into this and get back to you within the next 48 hours.,Reset account credentials and confirmed successful login.,69.23,0,very_negative,2,1,desktop_app,
TCKT_062504,2023-10-20 06:32:34,CUST_07030,small_business,email,notifications,feature_request,high,resolved,standard,It would be great to have notifications support in your product.,Thanks for your feature suggestion. We are prioritizing this and will update you as soon as possible.,Captured the request and added it to the product backlog.,21.77,0,neutral,0,1,ios,EU
TCKT_062515,2023-10-20 00:24:25,CUST_08901,non_profit,chat,api_integration,billing_problem,low,on_hold,gold,My invoice amount is incorrect compared to the plan I selected.,Thanks for reaching out about the billing issue. We will look into this and get back to you within the next 48 hours.,,,0,neutral,0,0,android,
TCKT_062526,2023-10-23 03:44:30,CUST_06047,non_profit,web_form,billing,other,low,resolved,gold,I have a general question about my account.,Thanks for contacting support. We will look into this and get back to you within the next 48 hours.,Provided general guidance and confirmed the issue was resolved.,12.71,0,positive,5,0,ios,MEA
TCKT_062585,2023-10-26 18:28:28,CUST_05242,non_profit,in_app,api_integration,bug,low,in_progress,gold,I am seeing an error message when I click on api integration.,Thanks for reporting this bug. We will look into this and get back to you within the next 48 hours.,,,1,very_negative,0,0,android,
TCKT_062616,2023-10-10 19:32:30,CUST_09372,education,web_form,login_auth,security_concern,medium,open,standard,I noticed a suspicious login on my account.,We take security very seriously. Our team is reviewing this and will follow up within 24 hours.,,,0,neutral,0,0,ios,LATAM
TCKT_062666,2023-10-19 18:29:58,CUST_04369,individual,in_app,notifications,feature_request,low,resolved,standard,Can you add an option to customize notifications?,Thanks for your feature suggestion. We will look into this and get back to you within the next 48 hours.,Captured the request and added it to the product backlog.,71.56,0,positive,5,0,desktop_app,MEA
TCKT_062667,2023-10-20 18:39:36,CUST_09343,non_profit,web_form,data_export,security_concern,low,resolved,standard,I noticed a suspicious login on my account.,We take security very seriously. We will look into this and get back to you within the next 48 hours.,"Investigated logs, mitigated the issue, and updated security settings.",20.17,0,very_positive,0,0,android,EU
TCKT_062681,2023-10-17 15:19:52,CUST_03635,individual,in_app,analytics_dashboard,security_concern,high,in_progress,gold,We need details about your data encryption and compliance.,We take security very seriously. We are prioritizing this and will update you as soon as possible.,,,0,very_negative,2,0,web,LATAM
TCKT_062696,2023-10-10 11:50:56,CUST_06412,enterprise,phone_transcript,data_export,other,low,resolved,platinum,I need help but I'm not sure which category this fits in.,Thanks for contacting support. We will look into this and get back to you within the next 48 hours.,Provided general guidance and confirmed the issue was resolved.,63.56,0,very_positive,0,1,web,
TCKT_062822,2023-10-29 14:11:49,CUST_02459,education,phone_transcript,api_integration,account_access,medium,open,gold,I cannot log in; the system says my password is incorrect.,Sorry to hear you're having trouble accessing your account. Our team is reviewing this and will follow up within 24 hours.,,,0,negative,3,0,api_client,APAC
TCKT_062882,2023-10-22 07:34:10,CUST_06615,non_profit,web_form,billing,other,medium,resolved,gold,I have a general question about my account.,Thanks for contacting support. Our team is reviewing this and will follow up within 24 hours.,Provided general guidance and confirmed the issue was resolved.,13.49,0,positive,4,0,ios,LATAM
TCKT_062940,2023-10-08 20:30:32,CUST_07857,non_profit,chat,mobile_app,feature_request,medium,closed_no_action,gold,Can you add an option to customize mobile app?,Thanks for your feature suggestion. Our team is reviewing this and will follow up within 24 hours.,Ticket closed without further action after no response from the customer.,111.95,0,negative,2,1,web,LATAM
TCKT_062950,2023-10-28 16:54:57,CUST_06485,enterprise,web_form,api_integration,how_to,low,resolved,standard,How can I export my data from the api integration section?,Happy to help with your question. We will look into this and get back to you within the next 48 hours.,Provided step-by-step instructions and relevant documentation.,63.75,0,positive,4,0,android,
TCKT_062960,2023-10-17 08:50:39,CUST_08225,education,in_app,notifications,billing_problem,medium,resolved,standard,I was charged twice for my subscription this month.,Thanks for reaching out about the billing issue. Our team is reviewing this and will follow up within 24 hours.,Adjusted the invoice and issued a refund where applicable.,35.33,0,positive,5,0,ios,
TCKT_062989,2023-10-23 00:17:31,CUST_00896,non_profit,phone_transcript,mobile_app,account_access,low,resolved,gold,I cannot log in; the system says my password is incorrect.,Sorry to hear you're having trouble accessing your account. We will look into this and get back to you within the next 48 hours.,Reset account credentials and confirmed successful login.,40.79,1,negative,0,0,web,LATAM
TCKT_063040,2023-10-10 22:07:02,CUST_06297,non_profit,web_form,analytics_dashboard,performance,low,resolved,platinum,Queries in the analytics dashboard module are timing out.,We understand performance issues can be frustrating. We will look into this and get back to you within the next 48 hours.,Optimized queries and increased resource allocation.,19.16,0,very_negative,1,0,desktop_app,LATAM
TCKT_063056,2023-10-20 02:13:49,CUST_07827,individual,email,mobile_app,account_access,urgent,resolved,gold,My 2FA code is not working when I try to sign in.,Sorry to hear you're having trouble accessing your account. This has been escalated to our on-call team for immediate attention.,Reset account credentials and confirmed successful login.,4.83,0,very_negative,1,0,ios,EU
TCKT_063137,2023-10-26 02:02:37,CUST_05321,education,email,billing,feature_request,medium,resolved,platinum,Our team needs more advanced options for billing.,Thanks for your feature suggestion. Our team is reviewing this and will follow up within 24 hours.,Captured the request and added it to the product backlog.,38.78,0,positive,4,0,api_client,
TCKT_063166,2023-10-08 09:28:50,CUST_01476,enterprise,email,mobile_app,other,low,in_progress,platinum,I have a general question about my account.,Thanks for contacting support. We will look into this and get back to you within the next 48 hours.,,,0,neutral,3,1,desktop_app,
TCKT_063175,2023-10-16 07:53:54,CUST_00803,individual,chat,login_auth,how_to,medium,resolved,standard,Can you explain how to configure login auth properly?,Happy to help with your question. Our team is reviewing this and will follow up within 24 hours.,Provided step-by-step instructions and relevant documentation.,27.59,0,neutral,4,0,desktop_app,LATAM
TCKT_063195,2023-10-09 00:59:23,CUST_09323,small_business,phone_transcript,mobile_app,other,low,on_hold,standard,I need help but I'm not sure which category this fits in.,Thanks for contacting support. We will look into this and get back to you within the next 48 hours.,,,0,positive,5,1,web,LATAM
TCKT_063237,2023-10-03 18:02:51,CUST_01464,individual,web_form,analytics_dashboard,performance,medium,in_progress,gold,The analytics dashboard page is very slow and takes a long time to load.,We understand performance issues can be frustrating. Our team is reviewing this and will follow up within 24 hours.,,,1,negative,0,0,api_client,
TCKT_063239,2023-10-28 11:58:05,CUST_08419,small_business,web_form,analytics_dashboard,how_to,medium,resolved,standard,I need help setting up analytics dashboard for my team.,Happy to help with your question. Our team is reviewing this and will follow up within 24 hours.,Provided step-by-step instructions and relevant documentation.,43.01,0,neutral,0,0,android,APAC
TCKT_063445,2023-10-02 08:46:48,CUST_05843,enterprise,in_app,api_integration,bug,medium,resolved,standard,The api integration feature is not saving my changes.,Thanks for reporting this bug. Our team is reviewing this and will follow up within 24 hours.,Patched the bug and deployed a fix to production.,25.85,0,positive,5,1,ios,
TCKT_063464,2023-10-29 02:08:11,CUST_07096,education,phone_transcript,analytics_dashboard,billing_problem,low,resolved,standard,My invoice amount is incorrect compared to the plan I selected.,Thanks for reaching out about the billing issue. We will look into this and get back to you within the next 48 hours.,Adjusted the invoice and issued a refund where applicable.,43.78,0,positive,4,1,desktop_app,LATAM
TCKT_063470,2023-10-04 12:54:38,CUST_05780,non_profit,email,data_export,feature_request,medium,in_progress,gold,It would be great to have data export support in your product.,Thanks for your feature suggestion. Our team is reviewing this and will follow up within 24 hours.,,,0,very_positive,5,0,android,APAC
TCKT_063523,2023-10-29 06:53:36,CUST_09243,individual,email,billing,account_access,medium,resolved,gold,I cannot log in; the system says my password is incorrect.,Sorry to hear you're having trouble accessing your account. Our team is reviewing this and will follow up within 24 hours.,Reset account credentials and confirmed successful login.,4.62,0,very_negative,1,0,api_client,EU
TCKT_063529,2023-10-11 12:24:38,CUST_06454,education,chat,login_auth,other,urgent,open,standard,"Something seems off, can you please check my workspace?",Thanks for contacting support. This has been escalated to our on-call team for immediate attention.,,,0,negative,0,0,api_client,EU
TCKT_063547,2023-10-27 14:00:31,CUST_07414,non_profit,web_form,billing,feature_request,low,open,standard,Our team needs more advanced options for billing.,Thanks for your feature suggestion. We will look into this and get back to you within the next 48 hours.,,,0,very_positive,5,1,android,LATAM
TCKT_063562,2023-10-28 18:14:49,CUST_04664,small_business,in_app,analytics_dashboard,security_concern,medium,on_hold,standard,I noticed a suspicious login on my account.,We take security very seriously. Our team is reviewing this and will follow up within 24 hours.,,,0,neutral,0,0,ios,APAC
TCKT_063663,2023-10-30 21:45:13,CUST_07749,enterprise,chat,billing,other,low,open,standard,I have a general question about my account.,Thanks for contacting support. We will look into this and get back to you within the next 48 hours.,,,0,very_positive,5,0,android,LATAM
TCKT_063712,2023-10-22 12:59:21,CUST_02288,education,email,analytics_dashboard,performance,low,resolved,standard,Queries in the analytics dashboard module are timing out.,We understand performance issues can be frustrating. We will look into this and get back to you within the next 48 hours.,Optimized queries and increased resource allocation.,21.77,0,negative,2,0,web,EU
TCKT_063772,2023-10-25 18:17:12,CUST_05976,non_profit,email,notifications,performance,high,resolved,standard,Queries in the notifications module are timing out.,We understand performance issues can be frustrating. We are prioritizing this and will update you as soon as possible.,Optimized queries and increased resource allocation.,21.42,1,very_negative,1,0,desktop_app,MEA
TCKT_063773,2023-10-30 13:45:04,CUST_05902,enterprise,email,api_integration,how_to,low,on_hold,gold,How can I export my data from the api integration section?,Happy to help with your question. We will look into this and get back to you within the next 48 hours.,,,0,positive,4,1,ios,EU
TCKT_063783,2023-10-21 04:41:12,CUST_00674,education,phone_transcript,mobile_app,billing_problem,low,resolved,gold,I was charged twice for my subscription this month.,Thanks for reaching out about the billing issue. We will look into this and get back to you within the next 48 hours.,Adjusted the invoice and issued a refund where applicable.,38.12,0,negative,3,0,desktop_app,EU
TCKT_063786,2023-10-18 18:10:00,CUST_00222,non_profit,email,mobile_app,how_to,high,closed_no_action,standard,I need help setting up mobile app for my team.,Happy to help with your question. We are prioritizing this and will update you as soon as possible.,Ticket closed without further action after no response from the customer.,33.71,0,neutral,3,1,desktop_app,APAC
TCKT_063788,2023-10-26 23:06:04,CUST_09419,enterprise,in_app,analytics_dashboard,account_access,medium,resolved,standard,My 2FA code is not working when I try to sign in.,Sorry to hear you're having trouble accessing your account. Our team is reviewing this and will follow up within 24 hours.,Reset account credentials and confirmed successful login.,31.18,0,neutral,0,1,desktop_app,LATAM
TCKT_063839,2023-10-29 05:44:08,CUST_07767,individual,in_app,mobile_app,performance,low,resolved,standard,Overall performance has degraded in the last few days.,We understand performance issues can be frustrating. We will look into this and get back to you within the next 48 hours.,Optimized queries and increased resource allocation.,46.38,0,negative,0,0,web,LATAM
TCKT_063842,2023-10-17 21:38:33,CUST_09532,enterprise,email,login_auth,security_concern,low,in_progress,standard,There seems to be a vulnerability in the login auth functionality.,We take security very seriously. We will look into this and get back to you within the next 48 hours.,,,0,very_positive,5,0,desktop_app,
TCKT_063866,2023-10-26 06:08:26,CUST_03607,non_profit,web_form,mobile_app,billing_problem,low,closed_no_action,gold,My invoice amount is incorrect compared to the plan I selected.,Thanks for reaching out about the billing issue. We will look into this and get back to you within the next 48 hours.,Ticket closed without further action after no response from the customer.,116.87,0,negative,0,0,desktop_app,EU
TCKT_063879,2023-10-15 13:26:04,CUST_00228,non_profit,web_form,billing,other,medium,resolved,standard,"Something seems off, can you please check my workspace?",Thanks for contacting support. Our team is reviewing this and will follow up within 24 hours.,Provided general guidance and confirmed the issue was resolved.,27.96,0,neutral,3,0,web,EU
TCKT_063882,2023-10-21 03:53:57,CUST_01891,enterprise,phone_transcript,login_auth,how_to,urgent,resolved,standard,I need help setting up login auth for my team.,Happy to help with your question. This has been escalated to our on-call team for immediate attention.,Provided step-by-step instructions and relevant documentation.,3.87,0,very_positive,5,0,ios,
TCKT_063945,2023-10-04 16:19:53,CUST_08165,education,chat,mobile_app,other,low,in_progress,gold,"Something seems off, can you please check my workspace?",Thanks for contacting support. We will look into this and get back to you within the next 48 hours.,,,0,very_positive,0,0,ios,LATAM
TCKT_063952,2023-10-02 09:34:11,CUST_00812,education,phone_transcript,billing,billing_problem,high,closed_no_action,standard,My invoice amount is incorrect compared to the plan I selected.,Thanks for reaching out about the billing issue. We are prioritizing this and will update you as soon as possible.,Ticket closed without further action after no response from the customer.,154.07,0,neutral,4,0,web,LATAM
TCKT_064009,2023-10-28 22:20:16,CUST_06480,education,web_form,billing,bug,high,in_progress,standard,The page keeps crashing whenever I try to open the billing section.,Thanks for reporting this bug. We are prioritizing this and will update you as soon as possible.,,,0,neutral,0,0,android,
TCKT_064045,2023-10-08 09:46:08,CUST_02003,education,in_app,api_integration,feature_request,medium,resolved,standard,Our team needs more advanced options for api integration.,Thanks for your feature suggestion. Our team is reviewing this and will follow up within 24 hours.,Captured the request and added it to the product backlog.,47.29,0,neutral,4,1,web,MEA
TCKT_064067,2023-10-02 09:37:38,CUST_09665,non_profit,in_app,notifications,performance,medium,in_progress,standard,Overall performance has degraded in the last few days.,We understand performance issues can be frustrating. Our team is reviewing this and will follow up within 24 hours.,,,0,positive,5,0,api_client,APAC
TCKT_064076,2023-10-22 10:41:47,CUST_06991,enterprise,email,analytics_dashboard,feature_request,high,resolved,standard,It would be great to have analytics dashboard support in your product.,Thanks for your feature suggestion. We are prioritizing this and will update you as soon as possible.,Captured the request and added it to the product backlog.,19.76,0,positive,0,0,api_client,APAC
TCKT_064218,2023-10-29 19:49:03,CUST_06242,non_profit,in_app,notifications,performance,high,resolved,standard,Overall performance has degraded in the last few days.,We understand performance issues can be frustrating. We are prioritizing this and will update you as soon as possible.,Optimized queries and increased resource allocation.,5.85,0,very_negative,1,0,web,
TCKT_064231,2023-10-07 01:01:42,CUST_08717,individual,web_form,data_export,how_to,low,resolved,standard,How can I export my data from the data export section?,Happy to help with your question. We will look into this and get back to you within the next 48 hours.,Provided step-by-step instructions and relevant documentation.,70.78,0,very_positive,0,0,web,EU
TCKT_064395,2023-10-11 21:26:32,CUST_00492,non_profit,in_app,analytics_dashboard,other,high,resolved,standard,"Something seems off, can you please check my workspace?",Thanks for contacting support. We are prioritizing this and will update you as soon as possible.,Provided general guidance and confirmed the issue was resolved.,2.38,0,positive,0,0,ios,LATAM
TCKT_064526,2023-10-06 15:06:08,CUST_02208,individual,web_form,notifications,other,medium,resolved,gold,I need help but I'm not sure which category this fits in.,Thanks for contacting support. Our team is reviewing this and will follow up within 24 hours.,Provided general guidance and confirmed the issue was resolved.,43.41,0,very_positive,5,0,desktop_app,APAC
TCKT_064550,2023-10-08 22:53:12,CUST_02166,non_profit,in_app,notifications,account_access,medium,open,gold,My account was locked after multiple failed login attempts.,Sorry to hear you're having trouble accessing your account. Our team is reviewing this and will follow up within 24 hours.,,,0,negative,0,0,desktop_app,LATAM
TCKT_064551,2023-10-18 15:36:46,CUST_02289,individual,web_form,notifications,billing_problem,medium,resolved,gold,I downgraded my plan but I am still being billed for the higher tier.,Thanks for reaching out about the billing issue. Our team is reviewing this and will follow up within 24 hours.,Adjusted the invoice and issued a refund where applicable.,46.93,0,very_negative,0,0,android,
TCKT_064589,2023-10-01 01:32:07,CUST_09285,education,web_form,api_integration,billing_problem,low,on_hold,standard,I was charged twice for my subscription this month.,Thanks for reaching out about the billing issue. We will look into this and get back to you within the next 48 hours.,,,0,very_negative,0,0,android,LATAM
TCKT_064609,2023-10-11 06:57:01,CUST_09295,non_profit,chat,mobile_app,billing_problem,low,resolved,standard,I downgraded my plan but I am still being billed for the higher tier.,Thanks for reaching out about the billing issue. We will look into this and get back to you within the next 48 hours.,Adjusted the invoice and issued a refund where applicable.,31.56,0,negative,3,0,android,MEA
TCKT_064660,2023-10-24 01:53:53,CUST_06338,education,web_form,data_export,how_to,high,on_hold,standard,How can I export my data from the data export section?,Happy to help with your question. We are prioritizing this and will update you as soon as possible.,,,0,neutral,0,0,desktop_app,APAC
TCKT_064661,2023-10-26 22:10:31,CUST_07140,education,in_app,mobile_app,other,low,resolved,standard,I have a general question about my account.,Thanks for contacting support. We will look into this and get back to you within the next 48 hours.,Provided general guidance and confirmed the issue was resolved.,10.47,0,neutral,0,0,desktop_app,MEA
TCKT_064694,2023-10-22 00:03:33,CUST_05274,individual,email,login_auth,how_to,low,on_hold,gold,I need help setting up login auth for my team.,Happy to help with your question. We will look into this and get back to you within the next 48 hours.,,,0,positive,0,0,api_client,MEA
TCKT_064735,2023-10-07 08:31:57,CUST_06146,non_profit,email,mobile_app,performance,medium,closed_no_action,standard,The mobile app page is very slow and takes a long time to load.,We understand performance issues can be frustrating. Our team is reviewing this and will follow up within 24 hours.,Ticket closed without further action after no response from the customer.,160.0,0,neutral,3,0,api_client,LATAM
TCKT_064747,2023-10-27 19:17:47,CUST_08959,small_business,chat,analytics_dashboard,security_concern,medium,in_progress,standard,There seems to be a vulnerability in the analytics dashboard functionality.,We take security very seriously. Our team is reviewing this and will follow up within 24 hours.,,,0,very_negative,2,0,desktop_app,APAC
TCKT_064912,2023-10-10 21:11:20,CUST_07564,enterprise,phone_transcript,analytics_dashboard,how_to,low,resolved,standard,I need help setting up analytics dashboard for my team.,Happy to help with your question. We will look into this and get back to you within the next 48 hours.,Provided step-by-step instructions and relevant documentation.,20.18,0,positive,4,0,web,MEA
TCKT_064987,2023-10-03 19:14:57,CUST_03087,small_business,chat,data_export,other,medium,on_hold,platinum,I have a general question about my account.,Thanks for contacting support. Our team is reviewing this and will follow up within 24 hours.,,,0,neutral,0,0,web,LATAM
TCKT_065031,2023-10-22 19:02:32,CUST_08317,non_profit,in_app,notifications,billing_problem,high,resolved,standard,I was charged twice for my subscription this month.,Thanks for reaching out about the billing issue. We are prioritizing this and will update you as soon as possible.,Adjusted the invoice and issued a refund where applicable.,15.37,0,negative,0,0,ios,LATAM
TCKT_065053,2023-10-08 01:27:56,CUST_03501,enterprise,in_app,login_auth,other,medium,resolved,platinum,"Something seems off, can you please check my workspace?",Thanks for contacting support. Our team is reviewing this and will follow up within 24 hours.,Provided general guidance and confirmed the issue was resolved.,18.32,0,neutral,4,1,ios,LATAM
TCKT_065117,2023-10-24 17:54:30,CUST_07184,non_profit,web_form,mobile_app,security_concern,urgent,open,standard,I noticed a suspicious login on my account.,We take security very seriously. This has been escalated to our on-call team for immediate attention.,,,0,neutral,4,0,web,LATAM
TCKT_065148,2023-10-18 14:42:53,CUST_05434,small_business,in_app,notifications,account_access,high,resolved,gold,My account was locked after multiple failed login attempts.,Sorry to hear you're having trouble accessing your account. We are prioritizing this and will update you as soon as possible.,Reset account credentials and confirmed successful login.,19.97,0,negative,2,0,web,APAC
TCKT_065207,2023-10-14 15:11:24,CUST_07072,small_business,web_form,notifications,security_concern,medium,closed_no_action,standard,We need details about your data encryption and compliance.,We take security very seriously. Our team is reviewing this and will follow up within 24 hours.,Ticket closed without further action after no response from the customer.,220.14,0,very_negative,2,0,ios,
TCKT_065311,2023-10-11 18:09:51,CUST_07770,non_profit,web_form,analytics_dashboard,billing_problem,low,resolved,standard,I was charged twice for my subscription this month.,Thanks for reaching out about the billing issue. We will look into this and get back to you within the next 48 hours.,Adjusted the invoice and issued a refund where applicable.,65.57,0,negative,3,0,ios,APAC
TCKT_065412,2023-10-03 10:12:57,CUST_00884,individual,email,api_integration,bug,medium,resolved,standard,The page keeps crashing whenever I try to open the api integration section.,Thanks for reporting this bug. Our team is reviewing this and will follow up within 24 hours.,Patched the bug and deployed a fix to production.,35.62,0,negative,0,0,web,EU
TCKT_065468,2023-10-10 09:06:56,CUST_01005,non_profit,phone_transcript,billing,bug,medium,open,gold,The billing feature is not saving my changes.,Thanks for reporting this bug. Our team is reviewing this and will follow up within 24 hours.,,,0,very_positive,5,0,api_client,
TCKT_065474,2023-10-21 17:10:37,CUST_08399,enterprise,in_app,analytics_dashboard,other,low,resolved,standard,I have a general question about my account.,Thanks for contacting support. We will look into this and get back to you within the next 48 hours.,Provided general guidance and confirmed the issue was resolved.,17.52,0,negative,2,0,ios,APAC
TCKT_065488,2023-10-02 20:19:54,CUST_01019,education,in_app,analytics_dashboard,feature_request,medium,resolved,standard,It would be great to have analytics dashboard support in your product.,Thanks for your feature suggestion. Our team is reviewing this and will follow up within 24 hours.,Captured the request and added it to the product backlog.,17.17,0,neutral,4,0,android,LATAM
TCKT_065560,2023-10-25 10:13:46,CUST_02293,small_business,chat,notifications,how_to,low,closed_no_action,standard,Can you explain how to configure notifications properly?,Happy to help with your question. We will look into this and get back to you within the next 48 hours.,Ticket closed without further action after no response from the customer.,40.71,0,very_positive,0,0,android,
TCKT_065607,2023-10-01 10:26:14,CUST_07367,education,phone_transcript,mobile_app,account_access,medium,resolved,standard,My account was locked after multiple failed login attempts.,Sorry to hear you're having trouble accessing your account. Our team is reviewing this and will follow up within 24 hours.,Reset account credentials and confirmed successful login.,30.2,0,very_negative,1,0,api_client,MEA
TCKT_065608,2023-10-19 04:04:37,CUST_00006,non_profit,chat,mobile_app,security_concern,low,on_hold,standard,We need details about your data encryption and compliance.,We take security very seriously. We will look into this and get back to you within the next 48 hours.,,,0,very_negative,2,0,api_client,LATAM
TCKT_065629,2023-10-15 06:40:21,CUST_00501,non_profit,phone_transcript,api_integration,billing_problem,low,closed_no_action,gold,I downgraded my plan but I am still being billed for the higher tier.,Thanks for reaching out about the billing issue. We will look into this and get back to you within the next 48 hours.,Ticket closed without further action after no response from the customer.,48.71,0,neutral,3,0,desktop_app,MEA
TCKT_065656,2023-10-12 20:21:24,CUST_00041,education,chat,mobile_app,performance,medium,resolved,standard,Overall performance has degraded in the last few days.,We understand performance issues can be frustrating. Our team is reviewing this and will follow up within 24 hours.,Optimized queries and increased resource allocation.,29.49,0,negative,3,0,android,EU
TCKT_065685,2023-10-28 17:34:34,CUST_04252,education,email,billing,security_concern,low,resolved,platinum,There seems to be a vulnerability in the billing functionality.,We take security very seriously. We will look into this and get back to you within the next 48 hours.,"Investigated logs, mitigated the issue, and updated security settings.",45.64,1,very_negative,2,0,ios,EU
TCKT_065742,2023-10-04 03:49:24,CUST_02932,individual,chat,data_export,security_concern,low,in_progress,standard,There seems to be a vulnerability in the data export functionality.,We take security very seriously. We will look into this and get back to you within the next 48 hours.,,,0,very_negative,2,1,ios,EU
TCKT_065772,2023-10-16 19:53:03,CUST_04924,small_business,web_form,login_auth,security_concern,urgent,open,standard,We need details about your data encryption and compliance.,We take security very seriously. This has been escalated to our on-call team for immediate attention.,,,0,very_negative,2,0,web,LATAM
TCKT_065817,2023-10-25 00:56:22,CUST_08826,non_profit,web_form,mobile_app,performance,medium,open,standard,Queries in the mobile app module are timing out.,We understand performance issues can be frustrating. Our team is reviewing this and will follow up within 24 hours.,,,0,negative,3,0,api_client,MEA
TCKT_065870,2023-10-29 11:21:39,CUST_09219,enterprise,phone_transcript,data_export,feature_request,medium,on_hold,standard,Our team needs more advanced options for data export.,Thanks for your feature suggestion. Our team is reviewing this and will follow up within 24 hours.,,,0,very_positive,5,1,desktop_app,
TCKT_065894,2023-10-08 22:59:14,CUST_06591,small_business,in_app,mobile_app,how_to,medium,resolved,standard,I need help setting up mobile app for my team.,Happy to help with your question. Our team is reviewing this and will follow up within 24 hours.,Provided step-by-step instructions and relevant documentation.,8.54,0,very_negative,0,0,ios,LATAM
TCKT_065913,2023-10-01 04:59:39,CUST_06835,individual,email,login_auth,performance,medium,closed_no_action,standard,Overall performance has degraded in the last few days.,We understand performance issues can be frustrating. Our team is reviewing this and will follow up within 24 hours.,Ticket closed without further action after no response from the customer.,194.54,0,negative,3,0,api_client,LATAM
TCKT_066042,2023-10-02 00:52:39,CUST_04630,education,web_form,mobile_app,billing_problem,low,in_progress,platinum,My invoice amount is incorrect compared to the plan I selected.,Thanks for reaching out about the billing issue. We will look into this and get back to you within the next 48 hours.,,,0,negative,2,1,api_client,EU
TCKT_066053,2023-10-13 21:18:09,CUST_08987,non_profit,email,data_export,feature_request,medium,resolved,standard,It would be great to have data export support in your product.,Thanks for your feature suggestion. Our team is reviewing this and will follow up within 24 hours.,Captured the request and added it to the product backlog.,13.55,0,very_positive,0,0,api_client,APAC
TCKT_066098,2023-10-15 22:17:20,CUST_07845,small_business,in_app,mobile_app,security_concern,medium,on_hold,standard,There seems to be a vulnerability in the mobile app functionality.,We take security very seriously. Our team is reviewing this and will follow up within 24 hours.,,,0,neutral,3,0,ios,
TCKT_066127,2023-10-11 23:39:57,CUST_03150,individual,phone_transcript,notifications,performance,low,resolved,gold,Queries in the notifications module are timing out.,We understand performance issues can be frustrating. We will look into this and get back to you within the next 48 hours.,Optimized queries and increased resource allocation.,15.67,0,negative,2,0,web,EU
TCKT_066132,2023-10-19 17:21:27,CUST_07737,education,phone_transcript,api_integration,security_concern,low,resolved,standard,We need details about your data encryption and compliance.,We take security very seriously. We will look into this and get back to you within the next 48 hours.,"Investigated logs, mitigated the issue, and updated security settings.",53.55,0,very_negative,1,0,web,
TCKT_066206,2023-10-26 17:36:04,CUST_06344,small_business,in_app,login_auth,account_access,medium,resolved,standard,My account was locked after multiple failed login attempts.,Sorry to hear you're having trouble accessing your account. Our team is reviewing this and will follow up within 24 hours.,Reset account credentials and confirmed successful login.,23.76,0,neutral,4,0,api_client,LATAM
TCKT_066207,2023-10-16 00:00:27,CUST_05357,education,email,mobile_app,security_concern,high,in_progress,standard,We need details about your data encryption and compliance.,We take security very seriously. We are prioritizing this and will update you as soon as possible.,,,0,very_negative,1,1,api_client,EU
TCKT_066222,2023-10-31 03:32:09,CUST_09029,individual,chat,billing,performance,urgent,in_progress,gold,The billing page is very slow and takes a long time to load.,We understand performance issues can be frustrating. This has been escalated to our on-call team for immediate attention.,,,0,negative,3,0,desktop_app,MEA
TCKT_066244,2023-10-24 19:47:20,CUST_08065,education,chat,analytics_dashboard,how_to,low,resolved,standard,How can I export my data from the analytics dashboard section?,Happy to help with your question. We will look into this and get back to you within the next 48 hours.,Provided step-by-step instructions and relevant documentation.,33.63,0,neutral,3,0,ios,EU
TCKT_066246,2023-10-12 04:46:54,CUST_04682,enterprise,email,data_export,performance,medium,resolved,standard,The data export page is very slow and takes a long time to load.,We understand performance issues can be frustrating. Our team is reviewing this and will follow up within 24 hours.,Optimized queries and increased resource allocation.,12.04,0,negative,2,0,android,EU
TCKT_066306,2023-10-05 23:03:40,CUST_00769,enterprise,chat,notifications,security_concern,medium,closed_no_action,standard,There seems to be a vulnerability in the notifications functionality.,We take security very seriously. Our team is reviewing this and will follow up within 24 hours.,Ticket closed without further action after no response from the customer.,191.95,0,positive,5,0,api_client,EU
TCKT_066429,2023-10-23 14:40:16,CUST_09588,education,in_app,analytics_dashboard,how_to,high,on_hold,gold,I need help setting up analytics dashboard for my team.,Happy to help with your question. We are prioritizing this and will update you as soon as possible.,,,0,positive,5,0,android,MEA
TCKT_066469,2023-10-27 04:09:46,CUST_05761,non_profit,phone_transcript,mobile_app,how_to,low,resolved,platinum,Can you explain how to configure mobile app properly?,Happy to help with your question. We will look into this and get back to you within the next 48 hours.,Provided step-by-step instructions and relevant documentation.,27.93,0,very_positive,0,0,desktop_app,
TCKT_066505,2023-10-26 22:14:00,CUST_01747,enterprise,email,notifications,security_concern,medium,resolved,gold,We need details about your data encryption and compliance.,We take security very seriously. Our team is reviewing this and will follow up within 24 hours.,"Investigated logs, mitigated the issue, and updated security settings.",4.88,0,positive,4,0,ios,LATAM
TCKT_066536,2023-10-08 18:20:45,CUST_02094,non_profit,email,notifications,account_access,low,resolved,standard,I cannot log in; the system says my password is incorrect.,Sorry to hear you're having trouble accessing your account. We will look into this and get back to you within the next 48 hours.,Reset account credentials and confirmed successful login.,70.71,0,neutral,0,0,web,LATAM
TCKT_066561,2023-10-20 22:37:28,CUST_09913,small_business,email,billing,security_concern,medium,resolved,standard,We need details about your data encryption and compliance.,We take security very seriously. Our team is reviewing this and will follow up within 24 hours.,"Investigated logs, mitigated the issue, and updated security settings.",6.79,0,neutral,3,1,web,LATAM
TCKT_066668,2023-10-07 11:33:56,CUST_03012,education,email,login_auth,billing_problem,low,resolved,platinum,I was charged twice for my subscription this month.,Thanks for reaching out about the billing issue. We will look into this and get back to you within the next 48 hours.,Adjusted the invoice and issued a refund where applicable.,54.99,0,negative,0,1,ios,MEA
TCKT_066737,2023-10-01 22:20:08,CUST_07394,non_profit,in_app,login_auth,other,high,in_progress,standard,"Something seems off, can you please check my workspace?",Thanks for contacting support. We are prioritizing this and will update you as soon as possible.,,,0,negative,2,0,desktop_app,
TCKT_066785,2023-10-24 13:55:08,CUST_00286,non_profit,chat,login_auth,feature_request,medium,resolved,standard,Can you add an option to customize login auth?,Thanks for your feature suggestion. Our team is reviewing this and will follow up within 24 hours.,Captured the request and added it to the product backlog.,44.76,1,neutral,3,1,android,APAC
TCKT_066807,2023-10-29 07:43:34,CUST_07280,individual,email,billing,bug,medium,resolved,standard,I am seeing an error message when I click on billing.,Thanks for reporting this bug. Our team is reviewing this and will follow up within 24 hours.,Patched the bug and deployed a fix to production.,34.43,0,neutral,3,0,android,MEA
TCKT_066831,2023-10-26 13:47:27,CUST_07577,enterprise,in_app,mobile_app,performance,medium,closed_no_action,standard,The mobile app page is very slow and takes a long time to load.,We understand performance issues can be frustrating. Our team is reviewing this and will follow up within 24 hours.,Ticket closed without further action after no response from the customer.,162.34,0,neutral,0,1,web,
TCKT_066854,2023-10-30 02:30:48,CUST_08989,enterprise,chat,api_integration,how_to,urgent,resolved,standard,Can you explain how to configure api integration properly?,Happy to help with your question. This has been escalated to our on-call team for immediate attention.,Provided step-by-step instructions and relevant documentation.,1.89,0,neutral,0,0,web,LATAM
TCKT_066945,2023-10-03 23:45:29,CUST_01448,small_business,in_app,mobile_app,how_to,low,on_hold,gold,I need help setting up mobile app for my team.,Happy to help with your question. We will look into this and get back to you within the next 48 hours.,,,0,positive,4,0,android,APAC
TCKT_067039,2023-10-20 04:07:10,CUST_05363,education,email,api_integration,other,medium,open,standard,"Something seems off, can you please check my workspace?",Thanks for contacting support. Our team is reviewing this and will follow up within 24 hours.,,,0,neutral,3,0,desktop_app,MEA
TCKT_067174,2023-10-21 09:23:38,CUST_05792,individual,web_form,api_integration,other,low,resolved,standard,"Something seems off, can you please check my workspace?",Thanks for contacting support. We will look into this and get back to you within the next 48 hours.,Provided general guidance and confirmed the issue was resolved.,49.31,0,positive,0,1,android,
TCKT_067178,2023-10-28 18:54:22,CUST_09582,enterprise,in_app,api_integration,security_concern,low,in_progress,standard,We need details about your data encryption and compliance.,We take security very seriously. We will look into this and get back to you within the next 48 hours.,,,0,very_negative,1,0,ios,LATAM
TCKT_067262,2023-10-06 19:39:07,CUST_08675,enterprise,web_form,billing,other,medium,in_progress,gold,I need help but I'm not sure which category this fits in.,Thanks for contacting support. Our team is reviewing this and will follow up within 24 hours.,,,0,positive,0,0,android,
TCKT_067391,2023-10-30 22:09:15,CUST_04943,small_business,email,login_auth,billing_problem,medium,resolved,standard,My invoice amount is incorrect compared to the plan I selected.,Thanks for reaching out about the billing issue. Our team is reviewing this and will follow up within 24 hours.,Adjusted the invoice and issued a refund where applicable.,46.7,0,neutral,3,0,android,MEA
TCKT_067521,2023-10-21 23:58:28,CUST_05296,enterprise,email,analytics_dashboard,account_access,low,on_hold,gold,My 2FA code is not working when I try to sign in.,Sorry to hear you're having trouble accessing your account. We will look into this and get back to you within the next 48 hours.,,,0,negative,2,0,android,
TCKT_067606,2023-10-07 00:25:33,CUST_06878,non_profit,in_app,analytics_dashboard,how_to,high,resolved,gold,I need help setting up analytics dashboard for my team.,Happy to help with your question. We are prioritizing this and will update you as soon as possible.,Provided step-by-step instructions and relevant documentation.,12.41,0,very_positive,0,0,api_client,MEA
TCKT_067611,2023-10-20 01:33:15,CUST_01755,non_profit,in_app,analytics_dashboard,account_access,low,in_progress,gold,I cannot log in; the system says my password is incorrect.,Sorry to hear you're having trouble accessing your account. We will look into this and get back to you within the next 48 hours.,,,0,very_negative,0,0,ios,EU
TCKT_067616,2023-10-25 07:40:25,CUST_00631,education,email,mobile_app,bug,low,open,gold,The page keeps crashing whenever I try to open the mobile app section.,Thanks for reporting this bug. We will look into this and get back to you within the next 48 hours.,,,0,very_positive,0,1,api_client,APAC
TCKT_067656,2023-10-19 01:56:12,CUST_03554,non_profit,chat,login_auth,billing_problem,low,open,standard,I downgraded my plan but I am still being billed for the higher tier.,Thanks for reaching out about the billing issue. We will look into this and get back to you within the next 48 hours.,,,0,negative,2,1,api_client,APAC
TCKT_067657,2023-10-19 00:56:11,CUST_09926,individual,in_app,mobile_app,account_access,medium,open,gold,My account was locked after multiple failed login attempts.,Sorry to hear you're having trouble accessing your account. Our team is reviewing this and will follow up within 24 hours.,,,0,positive,5,0,android,
TCKT_067695,2023-10-13 01:41:17,CUST_07703,individual,chat,billing,security_concern,high,resolved,gold,I noticed a suspicious login on my account.,We take security very seriously. We are prioritizing this and will update you as soon as possible.,"Investigated logs, mitigated the issue, and updated security settings.",22.74,0,very_negative,2,1,web,EU
TCKT_067741,2023-10-23 16:37:07,CUST_03054,individual,email,mobile_app,security_concern,low,resolved,standard,We need details about your data encryption and compliance.,We take security very seriously. We will look into this and get back to you within the next 48 hours.,"Investigated logs, mitigated the issue, and updated security settings.",70.61,0,positive,0,0,desktop_app,MEA
TCKT_067809,2023-10-10 05:25:41,CUST_02585,small_business,phone_transcript,api_integration,security_concern,high,resolved,platinum,There seems to be a vulnerability in the api integration functionality.,We take security very seriously. We are prioritizing this and will update you as soon as possible.,"Investigated logs, mitigated the issue, and updated security settings.",7.61,0,negative,3,1,ios,MEA
TCKT_067816,2023-10-20 11:57:21,CUST_07518,small_business,in_app,notifications,other,low,open,standard,I need help but I'm not sure which category this fits in.,Thanks for contacting support. We will look into this and get back to you within the next 48 hours.,,,0,neutral,0,1,api_client,
TCKT_067862,2023-10-31 06:20:55,CUST_01962,education,chat,billing,performance,low,resolved,gold,The billing page is very slow and takes a long time to load.,We understand performance issues can be frustrating. We will look into this and get back to you within the next 48 hours.,Optimized queries and increased resource allocation.,46.02,0,very_negative,2,0,ios,EU
TCKT_067885,2023-10-26 19:37:54,CUST_03889,enterprise,email,data_export,performance,low,open,standard,Overall performance has degraded in the last few days.,We understand performance issues can be frustrating. We will look into this and get back to you within the next 48 hours.,,,0,negative,3,0,android,LATAM
TCKT_067961,2023-10-11 04:07:54,CUST_05137,small_business,web_form,analytics_dashboard,performance,high,closed_no_action,standard,The analytics dashboard page is very slow and takes a long time to load.,We understand performance issues can be frustrating. We are prioritizing this and will update you as soon as possible.,Ticket closed without further action after no response from the customer.,233.35,0,very_negative,0,1,android,MEA
TCKT_068017,2023-10-11 09:01:24,CUST_06347,small_business,email,notifications,bug,medium,on_hold,gold,The notifications feature is not saving my changes.,Thanks for reporting this bug. Our team is reviewing this and will follow up within 24 hours.,,,0,neutral,4,0,android,EU
TCKT_068023,2023-10-10 23:33:01,CUST_00736,individual,phone_transcript,notifications,performance,medium,resolved,standard,Queries in the notifications module are timing out.,We understand performance issues can be frustrating. Our team is reviewing this and will follow up within 24 hours.,Optimized queries and increased resource allocation.,27.48,0,negative,3,0,ios,EU
TCKT_068038,2023-10-23 23:24:23,CUST_02101,enterprise,chat,data_export,other,low,resolved,standard,"Something seems off, can you please check my workspace?",Thanks for contacting support. We will look into this and get back to you within the next 48 hours.,Provided general guidance and confirmed the issue was resolved.,31.08,0,neutral,3,0,web,LATAM
TCKT_068071,2023-10-10 19:26:47,CUST_04740,individual,chat,billing,performance,medium,resolved,gold,The billing page is very slow and takes a long time to load.,We understand performance issues can be frustrating. Our team is reviewing this and will follow up within 24 hours.,Optimized queries and increased resource allocation.,25.96,0,negative,0,0,web,EU
TCKT_068083,2023-10-16 05:15:10,CUST_03857,enterprise,in_app,notifications,feature_request,low,resolved,gold,It would be great to have notifications support in your product.,Thanks for your feature suggestion. We will look into this and get back to you within the next 48 hours.,Captured the request and added it to the product backlog.,14.02,0,neutral,3,0,web,EU
TCKT_068090,2023-10-16 01:52:30,CUST_06659,non_profit,chat,login_auth,account_access,high,resolved,gold,My 2FA code is not working when I try to sign in.,Sorry to hear you're having trouble accessing your account. We are prioritizing this and will update you as soon as possible.,Reset account credentials and confirmed successful login.,20.7,0,neutral,4,0,android,APAC
TCKT_068188,2023-10-10 04:42:00,CUST_05424,education,phone_transcript,notifications,billing_problem,high,in_progress,standard,I was charged twice for my subscription this month.,Thanks for reaching out about the billing issue. We are prioritizing this and will update you as soon as possible.,,,0,very_negative,2,0,api_client,EU
TCKT_068228,2023-10-10 14:07:07,CUST_08267,non_profit,chat,billing,other,medium,resolved,standard,"Something seems off, can you please check my workspace?",Thanks for contacting support. Our team is reviewing this and will follow up within 24 hours.,Provided general guidance and confirmed the issue was resolved.,10.54,0,positive,5,0,ios,APAC
TCKT_068242,2023-10-11 03:25:38,CUST_01618,non_profit,phone_transcript,mobile_app,security_concern,low,resolved,gold,We need details about your data encryption and compliance.,We take security very seriously. We will look into this and get back to you within the next 48 hours.,"Investigated logs, mitigated the issue, and updated security settings.",70.46,0,neutral,4,0,web,MEA
TCKT_068286,2023-10-11 02:31:56,CUST_03633,enterprise,in_app,mobile_app,how_to,high,closed_no_action,platinum,How can I export my data from the mobile app section?,Happy to help with your question. We are prioritizing this and will update you as soon as possible.,Ticket closed without further action after no response from the customer.,141.53,0,negative,0,0,api_client,MEA
TCKT_068379,2023-10-22 00:07:54,CUST_00678,individual,in_app,login_auth,performance,low,in_progress,gold,Overall performance has degraded in the last few days.,We understand performance issues can be frustrating. We will look into this and get back to you within the next 48 hours.,,,0,neutral,4,1,api_client,LATAM
TCKT_068381,2023-10-25 13:40:43,CUST_05563,individual,email,billing,how_to,high,resolved,gold,I need help setting up billing for my team.,Happy to help with your question. We are prioritizing this and will update you as soon as possible.,Provided step-by-step instructions and relevant documentation.,5.4,0,neutral,3,0,ios,APAC
TCKT_068452,2023-10-12 14:44:10,CUST_03663,individual,in_app,login_auth,performance,low,resolved,standard,Overall performance has degraded in the last few days.,We understand performance issues can be frustrating. We will look into this and get back to you within the next 48 hours.,Optimized queries and increased resource allocation.,32.29,0,negative,3,0,desktop_app,
TCKT_068477,2023-10-30 12:04:32,CUST_05586,individual,email,login_auth,how_to,medium,resolved,gold,I need help setting up login auth for my team.,Happy to help with your question. Our team is reviewing this and will follow up within 24 hours.,Provided step-by-step instructions and relevant documentation.,17.45,0,neutral,3,0,desktop_app,MEA
TCKT_068562,2023-10-06 19:43:47,CUST_00166,non_profit,chat,billing,other,medium,on_hold,platinum,I have a general question about my account.,Thanks for contacting support. Our team is reviewing this and will follow up within 24 hours.,,,0,neutral,0,0,api_client,APAC
TCKT_068598,2023-10-11 15:59:05,CUST_01246,education,chat,billing,bug,medium,in_progress,standard,The billing feature is not saving my changes.,Thanks for reporting this bug. Our team is reviewing this and will follow up within 24 hours.,,,0,positive,4,0,ios,LATAM
TCKT_068628,2023-10-02 02:19:11,CUST_04249,enterprise,in_app,data_export,performance,high,resolved,standard,Queries in the data export module are timing out.,We understand performance issues can be frustrating. We are prioritizing this and will update you as soon as possible.,Optimized queries and increased resource allocation.,16.63,0,positive,4,0,web,
TCKT_068685,2023-10-13 23:24:14,CUST_03328,education,web_form,mobile_app,security_concern,medium,in_progress,standard,I noticed a suspicious login on my account.,We take security very seriously. Our team is reviewing this and will follow up within 24 hours.,,,0,negative,3,0,web,APAC
TCKT_068732,2023-10-22 00:01:47,CUST_03886,non_profit,web_form,api_integration,other,low,resolved,gold,I need help but I'm not sure which category this fits in.,Thanks for contacting support. We will look into this and get back to you within the next 48 hours.,Provided general guidance and confirmed the issue was resolved.,31.83,0,very_positive,0,0,api_client,
TCKT_068739,2023-10-03 13:22:06,CUST_00708,education,phone_transcript,data_export,billing_problem,urgent,resolved,gold,I was charged twice for my subscription this month.,Thanks for reaching out about the billing issue. This has been escalated to our on-call team for immediate attention.,Adjusted the invoice and issued a refund where applicable.,7.97,0,neutral,0,0,api_client,EU
TCKT_068759,2023-10-30 21:32:04,CUST_00893,education,web_form,login_auth,performance,low,resolved,standard,Overall performance has degraded in the last few days.,We understand performance issues can be frustrating. We will look into this and get back to you within the next 48 hours.,Optimized queries and increased resource allocation.,34.8,0,negative,2,0,ios,MEA
TCKT_068844,2023-10-16 06:49:40,CUST_01286,enterprise,in_app,mobile_app,other,high,resolved,standard,I have a general question about my account.,Thanks for contacting support. We are prioritizing this and will update you as soon as possible.,Provided general guidance and confirmed the issue was resolved.,19.37,0,very_positive,5,0,api_client,LATAM
TCKT_068865,2023-10-14 01:43:41,CUST_01797,individual,in_app,api_integration,billing_problem,medium,resolved,standard,My invoice amount is incorrect compared to the plan I selected.,Thanks for reaching out about the billing issue. Our team is reviewing this and will follow up within 24 hours.,Adjusted the invoice and issued a refund where applicable.,19.01,0,very_negative,0,0,web,APAC
TCKT_068918,2023-10-29 06:18:49,CUST_05966,non_profit,in_app,api_integration,bug,low,closed_no_action,standard,I am seeing an error message when I click on api integration.,Thanks for reporting this bug. We will look into this and get back to you within the next 48 hours.,Ticket closed without further action after no response from the customer.,177.5,0,neutral,0,1,ios,MEA
TCKT_068930,2023-10-25 11:29:06,CUST_00559,small_business,phone_transcript,billing,security_concern,urgent,resolved,standard,We need details about your data encryption and compliance.,We take security very seriously. This has been escalated to our on-call team for immediate attention.,"Investigated logs, mitigated the issue, and updated security settings.",6.05,0,very_negative,1,1,desktop_app,LATAM
TCKT_068933,2023-10-28 01:10:40,CUST_04335,individual,phone_transcript,billing,billing_problem,high,resolved,gold,I was charged twice for my subscription this month.,Thanks for reaching out about the billing issue. We are prioritizing this and will update you as soon as possible.,Adjusted the invoice and issued a refund where applicable.,11.89,0,very_negative,0,0,api_client,MEA
TCKT_068937,2023-10-26 06:01:20,CUST_02919,non_profit,phone_transcript,mobile_app,other,high,resolved,standard,"Something seems off, can you please check my workspace?",Thanks for contacting support. We are prioritizing this and will update you as soon as possible.,Provided general guidance and confirmed the issue was resolved.,12.84,0,neutral,3,0,android,APAC
TCKT_068988,2023-10-30 04:49:51,CUST_04353,education,chat,notifications,performance,medium,in_progress,standard,Queries in the notifications module are timing out.,We understand performance issues can be frustrating. Our team is reviewing this and will follow up within 24 hours.,,,0,negative,0,0,api_client,
TCKT_069025,2023-10-25 03:31:22,CUST_05021,individual,in_app,billing,account_access,urgent,in_progress,gold,My account was locked after multiple failed login attempts.,Sorry to hear you're having trouble accessing your account. This has been escalated to our on-call team for immediate attention.,,,0,very_negative,0,0,api_client,EU
TCKT_069030,2023-10-25 15:58:24,CUST_05650,non_profit,chat,mobile_app,other,high,open,gold,I have a general question about my account.,Thanks for contacting support. We are prioritizing this and will update you as soon as possible.,,,1,neutral,3,0,android,
TCKT_069069,2023-10-27 14:37:29,CUST_07035,enterprise,phone_transcript,login_auth,account_access,medium,resolved,gold,I cannot log in; the system says my password is incorrect.,Sorry to hear you're having trouble accessing your account. Our team is reviewing this and will follow up within 24 hours.,Reset account credentials and confirmed successful login.,45.99,0,negative,2,0,ios,
TCKT_069078,2023-10-07 20:27:47,CUST_03940,non_profit,phone_transcript,notifications,other,low,resolved,standard,I have a general question about my account.,Thanks for contacting support. We will look into this and get back to you within the next 48 hours.,Provided general guidance and confirmed the issue was resolved.,11.73,0,negative,3,0,android,APAC
TCKT_069114,2023-10-22 10:00:49,CUST_03861,non_profit,phone_transcript,billing,security_concern,low,resolved,standard,There seems to be a vulnerability in the billing functionality.,We take security very seriously. We will look into this and get back to you within the next 48 hours.,"Investigated logs, mitigated the issue, and updated security settings.",58.38,0,neutral,0,0,desktop_app,MEA
TCKT_069285,2023-10-11 22:07:11,CUST_07057,individual,chat,api_integration,performance,medium,resolved,standard,Overall performance has degraded in the last few days.,We understand performance issues can be frustrating. Our team is reviewing this and will follow up within 24 hours.,Optimized queries and increased resource allocation.,33.39,0,very_negative,1,0,android,
TCKT_069295,2023-10-07 09:04:09,CUST_01205,non_profit,phone_transcript,api_integration,billing_problem,low,on_hold,platinum,I downgraded my plan but I am still being billed for the higher tier.,Thanks for reaching out about the billing issue. We will look into this and get back to you within the next 48 hours.,,,0,very_negative,0,0,android,MEA
TCKT_069378,2023-10-05 05:10:30,CUST_07923,small_business,email,api_integration,performance,low,closed_no_action,standard,Overall performance has degraded in the last few days.,We understand performance issues can be frustrating. We will look into this and get back to you within the next 48 hours.,Ticket closed without further action after no response from the customer.,28.17,0,negative,0,0,ios,EU
TCKT_069414,2023-10-23 16:05:25,CUST_01723,individual,email,data_export,billing_problem,medium,in_progress,gold,My invoice amount is incorrect compared to the plan I selected.,Thanks for reaching out about the billing issue. Our team is reviewing this and will follow up within 24 hours.,,,0,positive,5,0,api_client,EU
TCKT_069453,2023-10-12 07:22:18,CUST_04883,education,in_app,mobile_app,performance,medium,resolved,gold,Queries in the mobile app module are timing out.,We understand performance issues can be frustrating. Our team is reviewing this and will follow up within 24 hours.,Optimized queries and increased resource allocation.,45.85,0,negative,3,0,android,MEA
TCKT_069465,2023-10-16 16:07:13,CUST_01239,small_business,in_app,billing,how_to,medium,resolved,standard,How can I export my data from the billing section?,Happy to help with your question. Our team is reviewing this and will follow up within 24 hours.,Provided step-by-step instructions and relevant documentation.,26.06,0,positive,5,0,web,APAC
TCKT_069535,2023-10-01 06:30:10,CUST_07934,individual,web_form,api_integration,billing_problem,medium,resolved,standard,I downgraded my plan but I am still being billed for the higher tier.,Thanks for reaching out about the billing issue. Our team is reviewing this and will follow up within 24 hours.,Adjusted the invoice and issued a refund where applicable.,36.48,0,neutral,4,0,android,EU
TCKT_069538,2023-10-06 01:01:57,CUST_09603,individual,chat,login_auth,security_concern,medium,resolved,gold,We need details about your data encryption and compliance.,We take security very seriously. Our team is reviewing this and will follow up within 24 hours.,"Investigated logs, mitigated the issue, and updated security settings.",30.27,1,very_negative,2,1,ios,APAC
TCKT_069689,2023-10-05 05:03:57,CUST_04723,non_profit,in_app,login_auth,feature_request,low,closed_no_action,gold,Our team needs more advanced options for login auth.,Thanks for your feature suggestion. We will look into this and get back to you within the next 48 hours.,Ticket closed without further action after no response from the customer.,130.69,0,neutral,4,0,api_client,
TCKT_069726,2023-10-08 15:10:39,CUST_06002,small_business,phone_transcript,notifications,account_access,low,resolved,standard,My account was locked after multiple failed login attempts.,Sorry to hear you're having trouble accessing your account. We will look into this and get back to you within the next 48 hours.,Reset account credentials and confirmed successful login.,60.54,0,very_negative,0,0,web,APAC
TCKT_069819,2023-10-12 20:39:20,CUST_09587,enterprise,in_app,billing,other,high,resolved,standard,I need help but I'm not sure which category this fits in.,Thanks for contacting support. We are prioritizing this and will update you as soon as possible.,Provided general guidance and confirmed the issue was resolved.,8.09,0,neutral,3,0,web,EU
TCKT_069835,2023-10-30 02:31:32,CUST_01939,small_business,in_app,mobile_app,security_concern,urgent,in_progress,standard,I noticed a suspicious login on my account.,We take security very seriously. This has been escalated to our on-call team for immediate attention.,,,0,very_positive,5,0,ios,APAC
TCKT_069883,2023-10-30 21:56:27,CUST_00663,education,web_form,notifications,other,high,open,standard,I have a general question about my account.,Thanks for contacting support. We are prioritizing this and will update you as soon as possible.,,,0,negative,3,0,api_client,EU
TCKT_069897,2023-10-06 19:01:51,CUST_01278,small_business,chat,billing,security_concern,low,open,gold,There seems to be a vulnerability in the billing functionality.,We take security very seriously. We will look into this and get back to you within the next 48 hours.,,,0,negative,3,0,web,APAC
TCKT_069902,2023-10-20 16:35:35,CUST_02194,enterprise,in_app,data_export,performance,medium,open,standard,The data export page is very slow and takes a long time to load.,We understand performance issues can be frustrating. Our team is reviewing this and will follow up within 24 hours.,,,0,very_negative,1,0,api_client,
TCKT_069984,2023-10-03 16:16:35,CUST_00071,small_business,chat,api_integration,security_concern,low,resolved,standard,I noticed a suspicious login on my account.,We take security very seriously. We will look into this and get back to you within the next 48 hours.,"Investigated logs, mitigated the issue, and updated security settings.",69.58,0,negative,0,0,ios,EU
TCKT_070058,2023-10-23 12:10:18,CUST_09624,enterprise,web_form,notifications,security_concern,low,resolved,standard,We need details about your data encryption and compliance.,We take security very seriously. We will look into this and get back to you within the next 48 hours.,"Investigated logs, mitigated the issue, and updated security settings.",62.72,0,positive,4,0,ios,LATAM
TCKT_070108,2023-10-20 07:50:52,CUST_00999,individual,chat,login_auth,how_to,medium,on_hold,standard,I need help setting up login auth for my team.,Happy to help with your question. Our team is reviewing this and will follow up within 24 hours.,,,0,very_negative,1,0,web,APAC
TCKT_070141,2023-10-15 19:19:23,CUST_03966,small_business,in_app,mobile_app,account_access,medium,in_progress,standard,My 2FA code is not working when I try to sign in.,Sorry to hear you're having trouble accessing your account. Our team is reviewing this and will follow up within 24 hours.,,,0,neutral,3,1,desktop_app,
TCKT_070146,2023-10-21 14:16:37,CUST_02649,non_profit,in_app,notifications,performance,urgent,open,gold,The notifications page is very slow and takes a long time to load.,We understand performance issues can be frustrating. This has been escalated to our on-call team for immediate attention.,,,0,neutral,0,0,web,
TCKT_070160,2023-10-10 01:54:33,CUST_05559,small_business,email,notifications,feature_request,urgent,open,standard,It would be great to have notifications support in your product.,Thanks for your feature suggestion. This has been escalated to our on-call team for immediate attention.,,,0,neutral,4,1,web,LATAM
TCKT_070193,2023-10-24 23:03:04,CUST_07486,non_profit,email,data_export,how_to,low,open,platinum,How can I export my data from the data export section?,Happy to help with your question. We will look into this and get back to you within the next 48 hours.,,,0,positive,4,0,ios,LATAM
TCKT_070204,2023-10-09 01:10:04,CUST_00923,education,email,billing,how_to,low,resolved,standard,I need help setting up billing for my team.,Happy to help with your question. We will look into this and get back to you within the next 48 hours.,Provided step-by-step instructions and relevant documentation.,15.09,0,positive,5,0,web,EU
TCKT_070236,2023-10-16 23:32:37,CUST_09011,education,email,api_integration,other,low,resolved,standard,"Something seems off, can you please check my workspace?",Thanks for contacting support. We will look into this and get back to you within the next 48 hours.,Provided general guidance and confirmed the issue was resolved.,37.08,0,neutral,4,0,web,
TCKT_070289,2023-10-18 14:02:11,CUST_00171,enterprise,in_app,data_export,billing_problem,high,resolved,platinum,I was charged twice for my subscription this month.,Thanks for reaching out about the billing issue. We are prioritizing this and will update you as soon as possible.,Adjusted the invoice and issued a refund where applicable.,15.13,0,negative,2,0,desktop_app,
TCKT_070325,2023-10-30 20:40:52,CUST_05679,individual,chat,data_export,performance,low,resolved,platinum,Queries in the data export module are timing out.,We understand performance issues can be frustrating. We will look into this and get back to you within the next 48 hours.,Optimized queries and increased resource allocation.,52.4,0,negative,2,0,web,
TCKT_070333,2023-10-04 11:40:45,CUST_02256,non_profit,email,analytics_dashboard,other,urgent,resolved,gold,I have a general question about my account.,Thanks for contacting support. This has been escalated to our on-call team for immediate attention.,Provided general guidance and confirmed the issue was resolved.,0.14,1,neutral,4,0,android,LATAM
TCKT_070406,2023-10-12 16:57:23,CUST_01604,enterprise,chat,analytics_dashboard,account_access,medium,resolved,standard,I cannot log in; the system says my password is incorrect.,Sorry to hear you're having trouble accessing your account. Our team is reviewing this and will follow up within 24 hours.,Reset account credentials and confirmed successful login.,21.4,0,very_negative,1,0,api_client,EU
TCKT_070449,2023-10-31 11:29:57,CUST_02825,individual,phone_transcript,notifications,other,low,in_progress,standard,I have a general question about my account.,Thanks for contacting support. We will look into this and get back to you within the next 48 hours.,,,0,neutral,3,0,ios,LATAM
TCKT_070475,2023-10-06 01:28:11,CUST_09202,small_business,chat,api_integration,bug,medium,in_progress,gold,I am seeing an error message when I click on api integration.,Thanks for reporting this bug. Our team is reviewing this and will follow up within 24 hours.,,,0,very_positive,5,1,api_client,EU
TCKT_070511,2023-10-22 21:57:22,CUST_01496,enterprise,web_form,mobile_app,bug,medium,resolved,standard,The mobile app feature is not saving my changes.,Thanks for reporting this bug. Our team is reviewing this and will follow up within 24 hours.,Patched the bug and deployed a fix to production.,8.48,0,negative,3,0,desktop_app,
TCKT_070576,2023-10-21 17:36:59,CUST_02356,education,email,api_integration,billing_problem,low,resolved,gold,My invoice amount is incorrect compared to the plan I selected.,Thanks for reaching out about the billing issue. We will look into this and get back to you within the next 48 hours.,Adjusted the invoice and issued a refund where applicable.,39.47,0,negative,3,1,desktop_app,MEA
TCKT_070672,2023-10-07 15:34:00,CUST_03501,non_profit,web_form,analytics_dashboard,feature_request,low,resolved,standard,Our team needs more advanced options for analytics dashboard.,Thanks for your feature suggestion. We will look into this and get back to you within the next 48 hours.,Captured the request and added it to the product backlog.,20.68,0,negative,2,0,web,LATAM
TCKT_070705,2023-10-26 02:53:24,CUST_07924,small_business,email,analytics_dashboard,performance,medium,closed_no_action,platinum,The analytics dashboard page is very slow and takes a long time to load.,We understand performance issues can be frustrating. Our team is reviewing this and will follow up within 24 hours.,Ticket closed without further action after no response from the customer.,220.85,0,very_negative,2,0,web,EU
TCKT_070708,2023-10-31 05:38:19,CUST_04718,small_business,phone_transcript,notifications,billing_problem,medium,in_progress,standard,I downgraded my plan but I am still being billed for the higher tier.,Thanks for reaching out about the billing issue. Our team is reviewing this and will follow up within 24 hours.,,,0,positive,5,0,api_client,
TCKT_070723,2023-10-21 17:07:21,CUST_02865,small_business,chat,api_integration,how_to,medium,in_progress,standard,I need help setting up api integration for my team.,Happy to help with your question. Our team is reviewing this and will follow up within 24 hours.,,,0,positive,4,0,api_client,
TCKT_070829,2023-10-27 16:34:33,CUST_02037,individual,email,api_integration,feature_request,low,on_hold,standard,It would be great to have api integration support in your product.,Thanks for your feature suggestion. We will look into this and get back to you within the next 48 hours.,,,1,neutral,0,0,ios,EU
TCKT_070835,2023-10-13 14:28:10,CUST_06707,enterprise,in_app,analytics_dashboard,other,medium,open,standard,I need help but I'm not sure which category this fits in.,Thanks for contacting support. Our team is reviewing this and will follow up within 24 hours.,,,0,neutral,4,0,web,
TCKT_070842,2023-10-04 01:32:16,CUST_03410,non_profit,web_form,analytics_dashboard,bug,low,open,standard,I am seeing an error message when I click on analytics dashboard.,Thanks for reporting this bug. We will look into this and get back to you within the next 48 hours.,,,0,negative,3,0,web,
TCKT_070855,2023-10-30 19:26:38,CUST_05178,small_business,chat,billing,billing_problem,low,in_progress,gold,My invoice amount is incorrect compared to the plan I selected.,Thanks for reaching out about the billing issue. We will look into this and get back to you within the next 48 hours.,,,0,neutral,3,0,ios,LATAM
TCKT_070945,2023-10-23 06:45:34,CUST_01912,non_profit,phone_transcript,notifications,how_to,low,in_progress,standard,How can I export my data from the notifications section?,Happy to help with your question. We will look into this and get back to you within the next 48 hours.,,,0,very_positive,0,0,ios,APAC
TCKT_070952,2023-10-06 17:31:03,CUST_06790,education,web_form,login_auth,billing_problem,high,resolved,standard,My invoice amount is incorrect compared to the plan I selected.,Thanks for reaching out about the billing issue. We are prioritizing this and will update you as soon as possible.,Adjusted the invoice and issued a refund where applicable.,20.47,0,negative,0,0,api_client,MEA
TCKT_070964,2023-10-17 22:07:19,CUST_08041,small_business,in_app,billing,bug,low,resolved,gold,I am seeing an error message when I click on billing.,Thanks for reporting this bug. We will look into this and get back to you within the next 48 hours.,Patched the bug and deployed a fix to production.,54.57,0,positive,0,0,ios,LATAM
TCKT_071013,2023-10-18 16:05:18,CUST_02094,non_profit,in_app,api_integration,performance,medium,resolved,standard,Overall performance has degraded in the last few days.,We understand performance issues can be frustrating. Our team is reviewing this and will follow up within 24 hours.,Optimized queries and increased resource allocation.,18.67,0,negative,0,1,web,APAC
TCKT_071015,2023-10-16 00:04:49,CUST_06235,non_profit,phone_transcript,notifications,how_to,high,resolved,gold,I need help setting up notifications for my team.,Happy to help with your question. We are prioritizing this and will update you as soon as possible.,Provided step-by-step instructions and relevant documentation.,21.64,0,positive,0,0,api_client,EU
TCKT_071038,2023-10-14 09:33:53,CUST_01478,non_profit,email,api_integration,billing_problem,medium,resolved,gold,My invoice amount is incorrect compared to the plan I selected.,Thanks for reaching out about the billing issue. Our team is reviewing this and will follow up within 24 hours.,Adjusted the invoice and issued a refund where applicable.,25.89,0,very_negative,1,0,android,LATAM
TCKT_071069,2023-10-02 09:48:50,CUST_05575,education,email,mobile_app,security_concern,high,resolved,standard,There seems to be a vulnerability in the mobile app functionality.,We take security very seriously. We are prioritizing this and will update you as soon as possible.,"Investigated logs, mitigated the issue, and updated security settings.",9.66,0,very_negative,0,1,android,
TCKT_071081,2023-10-20 09:07:51,CUST_08996,enterprise,chat,analytics_dashboard,how_to,medium,resolved,standard,How can I export my data from the analytics dashboard section?,Happy to help with your question. Our team is reviewing this and will follow up within 24 hours.,Provided step-by-step instructions and relevant documentation.,35.37,0,neutral,0,0,ios,LATAM
TCKT_071106,2023-10-12 23:28:37,CUST_01312,individual,in_app,api_integration,other,low,resolved,standard,I have a general question about my account.,Thanks for contacting support. We will look into this and get back to you within the next 48 hours.,Provided general guidance and confirmed the issue was resolved.,55.03,0,positive,0,0,api_client,MEA
TCKT_071143,2023-10-05 12:40:30,CUST_01279,enterprise,email,analytics_dashboard,feature_request,high,closed_no_action,standard,It would be great to have analytics dashboard support in your product.,Thanks for your feature suggestion. We are prioritizing this and will update you as soon as possible.,Ticket closed without further action after no response from the customer.,200.94,0,very_positive,5,0,ios,APAC
TCKT_071299,2023-10-04 20:00:44,CUST_02796,education,chat,data_export,other,low,resolved,standard,"Something seems off, can you please check my workspace?",Thanks for contacting support. We will look into this and get back to you within the next 48 hours.,Provided general guidance and confirmed the issue was resolved.,20.26,0,very_positive,5,1,desktop_app,APAC
TCKT_071313,2023-10-05 03:39:42,CUST_04131,enterprise,email,billing,account_access,low,on_hold,platinum,I cannot log in; the system says my password is incorrect.,Sorry to hear you're having trouble accessing your account. We will look into this and get back to you within the next 48 hours.,,,0,negative,3,0,desktop_app,
TCKT_071316,2023-10-10 17:29:52,CUST_03737,small_business,in_app,mobile_app,how_to,medium,closed_no_action,gold,I need help setting up mobile app for my team.,Happy to help with your question. Our team is reviewing this and will follow up within 24 hours.,Ticket closed without further action after no response from the customer.,169.22,0,positive,0,1,desktop_app,LATAM
TCKT_071427,2023-10-08 13:48:50,CUST_01954,individual,chat,billing,billing_problem,high,resolved,standard,My invoice amount is incorrect compared to the plan I selected.,Thanks for reaching out about the billing issue. We are prioritizing this and will update you as soon as possible.,Adjusted the invoice and issued a refund where applicable.,4.05,0,negative,2,0,desktop_app,
TCKT_071433,2023-10-11 10:30:16,CUST_01122,individual,email,data_export,billing_problem,medium,resolved,standard,I was charged twice for my subscription this month.,Thanks for reaching out about the billing issue. Our team is reviewing this and will follow up within 24 hours.,Adjusted the invoice and issued a refund where applicable.,12.93,0,neutral,4,0,web,APAC
TCKT_071443,2023-10-06 05:44:28,CUST_02897,individual,chat,login_auth,account_access,low,in_progress,standard,My 2FA code is not working when I try to sign in.,Sorry to hear you're having trouble accessing your account. We will look into this and get back to you within the next 48 hours.,,,0,neutral,4,1,api_client,LATAM
TCKT_071489,2023-10-08 22:14:04,CUST_07583,non_profit,in_app,mobile_app,account_access,medium,resolved,gold,My 2FA code is not working when I try to sign in.,Sorry to hear you're having trouble accessing your account. Our team is reviewing this and will follow up within 24 hours.,Reset account credentials and confirmed successful login.,15.34,0,positive,0,1,api_client,
TCKT_071532,2023-10-06 12:45:08,CUST_07219,individual,phone_transcript,billing,bug,low,resolved,standard,The billing feature is not saving my changes.,Thanks for reporting this bug. We will look into this and get back to you within the next 48 hours.,Patched the bug and deployed a fix to production.,64.7,0,negative,2,0,api_client,APAC
TCKT_071582,2023-10-08 05:45:15,CUST_03922,education,in_app,mobile_app,security_concern,low,resolved,standard,We need details about your data encryption and compliance.,We take security very seriously. We will look into this and get back to you within the next 48 hours.,"Investigated logs, mitigated the issue, and updated security settings.",68.85,0,negative,2,0,ios,MEA
TCKT_071593,2023-10-06 06:37:44,CUST_09440,small_business,phone_transcript,login_auth,bug,high,resolved,standard,The login auth feature is not saving my changes.,Thanks for reporting this bug. We are prioritizing this and will update you as soon as possible.,Patched the bug and deployed a fix to production.,1.02,0,very_positive,5,1,ios,MEA
TCKT_071603,2023-10-25 09:54:23,CUST_00968,education,phone_transcript,billing,bug,low,resolved,standard,The page keeps crashing whenever I try to open the billing section.,Thanks for reporting this bug. We will look into this and get back to you within the next 48 hours.,Patched the bug and deployed a fix to production.,61.58,0,neutral,4,1,web,EU
TCKT_071619,2023-10-06 09:14:23,CUST_09004,education,in_app,notifications,account_access,high,resolved,standard,My 2FA code is not working when I try to sign in.,Sorry to hear you're having trouble accessing your account. We are prioritizing this and will update you as soon as possible.,Reset account credentials and confirmed successful login.,8.5,0,very_negative,0,0,desktop_app,LATAM
TCKT_071737,2023-10-21 11:29:35,CUST_00540,education,web_form,analytics_dashboard,how_to,high,in_progress,standard,I need help setting up analytics dashboard for my team.,Happy to help with your question. We are prioritizing this and will update you as soon as possible.,,,1,neutral,3,0,desktop_app,
TCKT_071754,2023-10-17 14:31:46,CUST_08711,individual,phone_transcript,mobile_app,performance,high,on_hold,gold,Overall performance has degraded in the last few days.,We understand performance issues can be frustrating. We are prioritizing this and will update you as soon as possible.,,,0,very_negative,0,0,web,APAC
TCKT_071804,2023-10-01 19:35:36,CUST_02761,enterprise,web_form,mobile_app,how_to,low,closed_no_action,gold,How can I export my data from the mobile app section?,Happy to help with your question. We will look into this and get back to you within the next 48 hours.,Ticket closed without further action after no response from the customer.,215.92,0,positive,0,0,ios,EU
TCKT_071806,2023-10-26 16:07:26,CUST_02821,individual,in_app,billing,other,low,on_hold,gold,I need help but I'm not sure which category this fits in.,Thanks for contacting support. We will look into this and get back to you within the next 48 hours.,,,0,very_negative,0,0,android,
TCKT_071821,2023-10-09 10:14:20,CUST_00734,individual,email,mobile_app,account_access,urgent,resolved,gold,I cannot log in; the system says my password is incorrect.,Sorry to hear you're having trouble accessing your account. This has been escalated to our on-call team for immediate attention.,Reset account credentials and confirmed successful login.,2.91,0,positive,4,0,android,LATAM
TCKT_071890,2023-10-18 08:07:34,CUST_02597,individual,chat,api_integration,other,low,in_progress,gold,I need help but I'm not sure which category this fits in.,Thanks for contacting support. We will look into this and get back to you within the next 48 hours.,,,0,negative,2,0,ios,EU
TCKT_071905,2023-10-08 10:08:02,CUST_06414,enterprise,email,api_integration,bug,low,in_progress,gold,The api integration feature is not saving my changes.,Thanks for reporting this bug. We will look into this and get back to you within the next 48 hours.,,,0,positive,5,1,web,EU
TCKT_071919,2023-10-02 07:05:09,CUST_08104,education,phone_transcript,notifications,bug,medium,resolved,standard,The page keeps crashing whenever I try to open the notifications section.,Thanks for reporting this bug. Our team is reviewing this and will follow up within 24 hours.,Patched the bug and deployed a fix to production.,42.09,0,neutral,4,0,web,
TCKT_071922,2023-10-12 12:26:24,CUST_04706,small_business,phone_transcript,analytics_dashboard,how_to,urgent,resolved,standard,I need help setting up analytics dashboard for my team.,Happy to help with your question. This has been escalated to our on-call team for immediate attention.,Provided step-by-step instructions and relevant documentation.,5.22,0,neutral,3,0,web,
TCKT_071929,2023-10-26 02:02:10,CUST_00181,non_profit,email,notifications,account_access,medium,closed_no_action,gold,My account was locked after multiple failed login attempts.,Sorry to hear you're having trouble accessing your account. Our team is reviewing this and will follow up within 24 hours.,Ticket closed without further action after no response from the customer.,234.88,0,very_negative,1,0,android,APAC
TCKT_072069,2023-10-10 03:53:29,CUST_05552,non_profit,phone_transcript,billing,bug,medium,resolved,standard,The page keeps crashing whenever I try to open the billing section.,Thanks for reporting this bug. Our team is reviewing this and will follow up within 24 hours.,Patched the bug and deployed a fix to production.,36.03,0,neutral,3,1,web,EU
TCKT_072086,2023-10-12 00:43:48,CUST_06714,enterprise,email,data_export,other,low,in_progress,standard,I need help but I'm not sure which category this fits in.,Thanks for contacting support. We will look into this and get back to you within the next 48 hours.,,,0,positive,5,0,desktop_app,EU
TCKT_072111,2023-10-30 00:26:01,CUST_02874,small_business,email,mobile_app,account_access,medium,in_progress,gold,My 2FA code is not working when I try to sign in.,Sorry to hear you're having trouble accessing your account. Our team is reviewing this and will follow up within 24 hours.,,,0,negative,2,0,ios,MEA
TCKT_072124,2023-10-22 13:42:02,CUST_02577,education,web_form,billing,other,low,in_progress,gold,"Something seems off, can you please check my workspace?",Thanks for contacting support. We will look into this and get back to you within the next 48 hours.,,,0,neutral,4,0,web,LATAM
TCKT_072202,2023-10-26 00:30:16,CUST_06567,enterprise,phone_transcript,mobile_app,bug,low,resolved,standard,The page keeps crashing whenever I try to open the mobile app section.,Thanks for reporting this bug. We will look into this and get back to you within the next 48 hours.,Patched the bug and deployed a fix to production.,16.1,0,positive,0,0,api_client,APAC
TCKT_072223,2023-10-23 10:31:07,CUST_05909,non_profit,phone_transcript,analytics_dashboard,other,high,in_progress,gold,I have a general question about my account.,Thanks for contacting support. We are prioritizing this and will update you as soon as possible.,,,0,neutral,4,0,ios,MEA
TCKT_072228,2023-10-10 12:19:40,CUST_00689,enterprise,web_form,api_integration,security_concern,medium,resolved,standard,We need details about your data encryption and compliance.,We take security very seriously. Our team is reviewing this and will follow up within 24 hours.,"Investigated logs, mitigated the issue, and updated security settings.",8.73,0,negative,2,0,desktop_app,MEA
TCKT_072240,2023-10-12 20:35:51,CUST_04834,small_business,email,mobile_app,bug,medium,resolved,standard,The page keeps crashing whenever I try to open the mobile app section.,Thanks for reporting this bug. Our team is reviewing this and will follow up within 24 hours.,Patched the bug and deployed a fix to production.,36.04,0,positive,5,1,ios,
TCKT_072264,2023-10-09 03:16:11,CUST_00549,individual,in_app,billing,bug,low,in_progress,standard,I am seeing an error message when I click on billing.,Thanks for reporting this bug. We will look into this and get back to you within the next 48 hours.,,,0,positive,4,0,android,
TCKT_072297,2023-10-14 19:11:46,CUST_09429,individual,email,notifications,bug,medium,resolved,standard,The page keeps crashing whenever I try to open the notifications section.,Thanks for reporting this bug. Our team is reviewing this and will follow up within 24 hours.,Patched the bug and deployed a fix to production.,4.23,1,negative,2,1,ios,APAC
TCKT_072307,2023-10-03 18:41:39,CUST_06236,small_business,in_app,login_auth,feature_request,medium,on_hold,gold,Our team needs more advanced options for login auth.,Thanks for your feature suggestion. Our team is reviewing this and will follow up within 24 hours.,,,0,positive,4,0,desktop_app,LATAM
TCKT_072470,2023-10-20 15:13:57,CUST_03336,education,phone_transcript,notifications,billing_problem,urgent,resolved,standard,My invoice amount is incorrect compared to the plan I selected.,Thanks for reaching out about the billing issue. This has been escalated to our on-call team for immediate attention.,Adjusted the invoice and issued a refund where applicable.,6.43,0,negative,0,0,android,APAC
TCKT_072515,2023-10-10 03:16:32,CUST_02170,small_business,chat,mobile_app,other,high,resolved,gold,I have a general question about my account.,Thanks for contacting support. We are prioritizing this and will update you as soon as possible.,Provided general guidance and confirmed the issue was resolved.,3.74,0,neutral,4,0,android,EU
TCKT_072556,2023-10-02 14:11:38,CUST_03484,individual,web_form,billing,other,low,on_hold,standard,I need help but I'm not sure which category this fits in.,Thanks for contacting support. We will look into this and get back to you within the next 48 hours.,,,0,neutral,0,0,desktop_app,MEA
TCKT_072984,2023-10-24 23:47:09,CUST_03074,individual,in_app,analytics_dashboard,feature_request,low,resolved,standard,It would be great to have analytics dashboard support in your product.,Thanks for your feature suggestion. We will look into this and get back to you within the next 48 hours.,Captured the request and added it to the product backlog.,11.84,0,negative,3,1,web,
TCKT_073042,2023-10-31 11:31:36,CUST_00633,non_profit,web_form,api_integration,other,medium,resolved,standard,I need help but I'm not sure which category this fits in.,Thanks for contacting support. Our team is reviewing this and will follow up within 24 hours.,Provided general guidance and confirmed the issue was resolved.,18.09,0,positive,0,0,desktop_app,MEA
TCKT_073091,2023-10-07 18:12:58,CUST_04905,non_profit,chat,mobile_app,how_to,low,resolved,standard,Can you explain how to configure mobile app properly?,Happy to help with your question. We will look into this and get back to you within the next 48 hours.,Provided step-by-step instructions and relevant documentation.,58.26,0,neutral,3,0,desktop_app,APAC
TCKT_073098,2023-10-18 00:19:16,CUST_01419,non_profit,chat,mobile_app,performance,low,resolved,gold,Overall performance has degraded in the last few days.,We understand performance issues can be frustrating. We will look into this and get back to you within the next 48 hours.,Optimized queries and increased resource allocation.,40.77,0,negative,3,0,desktop_app,MEA
TCKT_073132,2023-10-14 09:45:22,CUST_08542,education,phone_transcript,mobile_app,bug,low,open,standard,The mobile app feature is not saving my changes.,Thanks for reporting this bug. We will look into this and get back to you within the next 48 hours.,,,0,neutral,4,0,desktop_app,
TCKT_073171,2023-10-09 19:10:21,CUST_08124,individual,chat,data_export,bug,high,in_progress,standard,The page keeps crashing whenever I try to open the data export section.,Thanks for reporting this bug. We are prioritizing this and will update you as soon as possible.,,,0,very_positive,0,0,web,APAC
TCKT_073190,2023-10-13 18:36:31,CUST_06184,small_business,in_app,login_auth,account_access,medium,in_progress,standard,My 2FA code is not working when I try to sign in.,Sorry to hear you're having trouble accessing your account. Our team is reviewing this and will follow up within 24 hours.,,,0,neutral,0,1,web,LATAM
TCKT_073218,2023-10-05 02:14:28,CUST_08806,individual,chat,mobile_app,billing_problem,high,open,standard,I was charged twice for my subscription this month.,Thanks for reaching out about the billing issue. We are prioritizing this and will update you as soon as possible.,,,0,negative,0,0,desktop_app,EU
TCKT_073255,2023-10-15 21:14:53,CUST_05206,non_profit,chat,mobile_app,other,medium,in_progress,platinum,I need help but I'm not sure which category this fits in.,Thanks for contacting support. Our team is reviewing this and will follow up within 24 hours.,,,0,negative,3,0,desktop_app,MEA
TCKT_073418,2023-10-09 21:45:52,CUST_01253,small_business,chat,billing,how_to,medium,resolved,standard,How can I export my data from the billing section?,Happy to help with your question. Our team is reviewing this and will follow up within 24 hours.,Provided step-by-step instructions and relevant documentation.,39.14,0,negative,2,0,ios,EU
TCKT_073443,2023-10-02 23:46:43,CUST_00565,individual,phone_transcript,analytics_dashboard,feature_request,medium,closed_no_action,standard,Our team needs more advanced options for analytics dashboard.,Thanks for your feature suggestion. Our team is reviewing this and will follow up within 24 hours.,Ticket closed without further action after no response from the customer.,71.08,0,neutral,4,0,ios,APAC
TCKT_073446,2023-10-05 08:51:11,CUST_08703,enterprise,email,analytics_dashboard,feature_request,medium,in_progress,standard,Our team needs more advanced options for analytics dashboard.,Thanks for your feature suggestion. Our team is reviewing this and will follow up within 24 hours.,,,0,negative,2,0,desktop_app,APAC
TCKT_073481,2023-10-22 17:19:51,CUST_07249,individual,web_form,analytics_dashboard,feature_request,low,resolved,standard,Our team needs more advanced options for analytics dashboard.,Thanks for your feature suggestion. We will look into this and get back to you within the next 48 hours.,Captured the request and added it to the product backlog.,51.69,0,neutral,4,0,web,EU
TCKT_073484,2023-10-11 17:26:49,CUST_07809,enterprise,chat,data_export,performance,medium,resolved,gold,The data export page is very slow and takes a long time to load.,We understand performance issues can be frustrating. Our team is reviewing this and will follow up within 24 hours.,Optimized queries and increased resource allocation.,9.34,0,positive,0,1,ios,APAC
TCKT_073494,2023-10-10 18:35:56,CUST_01877,non_profit,chat,login_auth,security_concern,medium,in_progress,platinum,I noticed a suspicious login on my account.,We take security very seriously. Our team is reviewing this and will follow up within 24 hours.,,,0,negative,0,0,api_client,
TCKT_073534,2023-10-24 17:38:09,CUST_07796,enterprise,in_app,api_integration,bug,low,resolved,platinum,I am seeing an error message when I click on api integration.,Thanks for reporting this bug. We will look into this and get back to you within the next 48 hours.,Patched the bug and deployed a fix to production.,71.91,0,negative,2,0,desktop_app,EU
TCKT_073555,2023-10-30 14:00:31,CUST_09337,individual,phone_transcript,login_auth,other,urgent,resolved,platinum,I have a general question about my account.,Thanks for contacting support. This has been escalated to our on-call team for immediate attention.,Provided general guidance and confirmed the issue was resolved.,3.84,1,positive,4,0,web,MEA
TCKT_073566,2023-10-21 13:18:49,CUST_09100,small_business,in_app,billing,bug,high,closed_no_action,gold,I am seeing an error message when I click on billing.,Thanks for reporting this bug. We are prioritizing this and will update you as soon as possible.,Ticket closed without further action after no response from the customer.,92.44,0,very_negative,0,1,android,
TCKT_073587,2023-10-10 05:02:29,CUST_07707,small_business,phone_transcript,data_export,performance,medium,open,gold,The data export page is very slow and takes a long time to load.,We understand performance issues can be frustrating. Our team is reviewing this and will follow up within 24 hours.,,,0,negative,3,1,ios,MEA
TCKT_073599,2023-10-03 21:03:44,CUST_06119,enterprise,web_form,api_integration,account_access,low,in_progress,standard,I cannot log in; the system says my password is incorrect.,Sorry to hear you're having trouble accessing your account. We will look into this and get back to you within the next 48 hours.,,,0,very_negative,1,1,desktop_app,MEA
TCKT_073602,2023-10-18 12:40:59,CUST_09199,individual,chat,billing,how_to,medium,on_hold,standard,How can I export my data from the billing section?,Happy to help with your question. Our team is reviewing this and will follow up within 24 hours.,,,0,neutral,3,0,ios,APAC
TCKT_073653,2023-10-05 13:42:48,CUST_07498,enterprise,chat,data_export,other,low,on_hold,standard,"Something seems off, can you please check my workspace?",Thanks for contacting support. We will look into this and get back to you within the next 48 hours.,,,0,neutral,3,0,api_client,EU
TCKT_073662,2023-10-30 04:09:13,CUST_09551,individual,chat,analytics_dashboard,feature_request,low,resolved,standard,Our team needs more advanced options for analytics dashboard.,Thanks for your feature suggestion. We will look into this and get back to you within the next 48 hours.,Captured the request and added it to the product backlog.,23.91,0,positive,5,0,desktop_app,MEA
TCKT_073669,2023-10-29 19:12:05,CUST_03474,education,chat,mobile_app,security_concern,high,open,platinum,There seems to be a vulnerability in the mobile app functionality.,We take security very seriously. We are prioritizing this and will update you as soon as possible.,,,0,very_negative,0,0,web,APAC
TCKT_073688,2023-10-05 01:23:16,CUST_02838,education,email,billing,other,medium,resolved,gold,I need help but I'm not sure which category this fits in.,Thanks for contacting support. Our team is reviewing this and will follow up within 24 hours.,Provided general guidance and confirmed the issue was resolved.,19.2,0,positive,0,0,api_client,MEA
TCKT_073695,2023-10-04 22:44:08,CUST_06758,non_profit,phone_transcript,api_integration,account_access,low,resolved,standard,My account was locked after multiple failed login attempts.,Sorry to hear you're having trouble accessing your account. We will look into this and get back to you within the next 48 hours.,Reset account credentials and confirmed successful login.,67.79,0,neutral,0,1,web,APAC
TCKT_073719,2023-10-06 08:54:25,CUST_03862,education,email,notifications,other,low,resolved,gold,I have a general question about my account.,Thanks for contacting support. We will look into this and get back to you within the next 48 hours.,Provided general guidance and confirmed the issue was resolved.,21.54,0,very_positive,5,0,desktop_app,APAC
TCKT_073736,2023-10-26 00:20:00,CUST_09005,non_profit,web_form,data_export,performance,low,resolved,standard,Overall performance has degraded in the last few days.,We understand performance issues can be frustrating. We will look into this and get back to you within the next 48 hours.,Optimized queries and increased resource allocation.,28.16,0,very_negative,2,0,api_client,
TCKT_073746,2023-10-09 11:16:22,CUST_07011,non_profit,email,data_export,bug,low,closed_no_action,standard,I am seeing an error message when I click on data export.,Thanks for reporting this bug. We will look into this and get back to you within the next 48 hours.,Ticket closed without further action after no response from the customer.,29.06,0,very_negative,0,1,desktop_app,EU
TCKT_073760,2023-10-03 18:26:07,CUST_09614,non_profit,email,mobile_app,performance,low,on_hold,standard,Overall performance has degraded in the last few days.,We understand performance issues can be frustrating. We will look into this and get back to you within the next 48 hours.,,,0,very_negative,2,0,web,
TCKT_073816,2023-10-05 04:01:03,CUST_01808,non_profit,phone_transcript,data_export,how_to,low,resolved,platinum,I need help setting up data export for my team.,Happy to help with your question. We will look into this and get back to you within the next 48 hours.,Provided step-by-step instructions and relevant documentation.,10.71,0,neutral,3,1,desktop_app,EU
TCKT_073826,2023-10-06 00:24:57,CUST_09440,enterprise,email,api_integration,other,low,resolved,gold,"Something seems off, can you please check my workspace?",Thanks for contacting support. We will look into this and get back to you within the next 48 hours.,Provided general guidance and confirmed the issue was resolved.,30.67,0,positive,5,0,desktop_app,
TCKT_073886,2023-10-14 09:46:51,CUST_05934,small_business,email,analytics_dashboard,security_concern,medium,resolved,standard,I noticed a suspicious login on my account.,We take security very seriously. Our team is reviewing this and will follow up within 24 hours.,"Investigated logs, mitigated the issue, and updated security settings.",15.38,0,very_negative,0,0,ios,EU
TCKT_074021,2023-10-14 07:31:00,CUST_05880,enterprise,phone_transcript,api_integration,other,medium,resolved,standard,I need help but I'm not sure which category this fits in.,Thanks for contacting support. Our team is reviewing this and will follow up within 24 hours.,Provided general guidance and confirmed the issue was resolved.,16.26,0,neutral,4,0,api_client,MEA
TCKT_074074,2023-10-17 05:38:19,CUST_06806,education,chat,analytics_dashboard,feature_request,high,on_hold,standard,Can you add an option to customize analytics dashboard?,Thanks for your feature suggestion. We are prioritizing this and will update you as soon as possible.,,,0,neutral,3,0,android,APAC
TCKT_074158,2023-10-23 01:47:34,CUST_08078,education,in_app,login_auth,security_concern,high,in_progress,gold,I noticed a suspicious login on my account.,We take security very seriously. We are prioritizing this and will update you as soon as possible.,,,0,very_positive,0,0,ios,MEA
TCKT_074165,2023-10-11 04:34:39,CUST_03401,individual,in_app,login_auth,security_concern,low,open,standard,I noticed a suspicious login on my account.,We take security very seriously. We will look into this and get back to you within the next 48 hours.,,,0,negative,2,0,ios,EU
TCKT_074203,2023-10-20 09:08:29,CUST_02968,individual,chat,api_integration,how_to,low,on_hold,standard,How can I export my data from the api integration section?,Happy to help with your question. We will look into this and get back to you within the next 48 hours.,,,0,very_positive,5,0,ios,APAC
TCKT_074205,2023-10-27 16:18:47,CUST_00044,enterprise,phone_transcript,billing,security_concern,low,on_hold,gold,There seems to be a vulnerability in the billing functionality.,We take security very seriously. We will look into this and get back to you within the next 48 hours.,,,0,neutral,4,0,desktop_app,LATAM
TCKT_074209,2023-10-31 00:03:17,CUST_07385,individual,email,api_integration,billing_problem,low,resolved,gold,I downgraded my plan but I am still being billed for the higher tier.,Thanks for reaching out about the billing issue. We will look into this and get back to you within the next 48 hours.,Adjusted the invoice and issued a refund where applicable.,69.21,0,negative,0,0,ios,
TCKT_074278,2023-10-01 16:06:29,CUST_03092,education,chat,analytics_dashboard,feature_request,high,open,standard,Can you add an option to customize analytics dashboard?,Thanks for your feature suggestion. We are prioritizing this and will update you as soon as possible.,,,0,neutral,3,0,android,MEA
TCKT_074379,2023-10-03 04:32:54,CUST_06856,non_profit,in_app,data_export,security_concern,low,open,gold,There seems to be a vulnerability in the data export functionality.,We take security very seriously. We will look into this and get back to you within the next 48 hours.,,,1,negative,2,1,web,APAC
TCKT_074392,2023-10-29 18:48:30,CUST_00905,education,web_form,login_auth,feature_request,medium,on_hold,gold,Can you add an option to customize login auth?,Thanks for your feature suggestion. Our team is reviewing this and will follow up within 24 hours.,,,0,neutral,0,0,api_client,
TCKT_074394,2023-10-02 07:05:07,CUST_02890,non_profit,web_form,mobile_app,feature_request,high,open,platinum,Our team needs more advanced options for mobile app.,Thanks for your feature suggestion. We are prioritizing this and will update you as soon as possible.,,,1,very_positive,0,1,web,MEA
TCKT_074410,2023-10-26 17:33:09,CUST_01494,small_business,phone_transcript,billing,billing_problem,urgent,open,standard,I was charged twice for my subscription this month.,Thanks for reaching out about the billing issue. This has been escalated to our on-call team for immediate attention.,,,0,very_positive,5,1,ios,APAC
TCKT_074447,2023-10-04 03:58:34,CUST_09577,individual,email,data_export,other,low,resolved,gold,I have a general question about my account.,Thanks for contacting support. We will look into this and get back to you within the next 48 hours.,Provided general guidance and confirmed the issue was resolved.,15.48,0,negative,3,1,android,EU
TCKT_074470,2023-10-05 12:02:12,CUST_04764,non_profit,email,billing,how_to,medium,resolved,platinum,Can you explain how to configure billing properly?,Happy to help with your question. Our team is reviewing this and will follow up within 24 hours.,Provided step-by-step instructions and relevant documentation.,23.72,0,neutral,4,0,ios,EU
TCKT_074481,2023-10-31 15:19:11,CUST_03617,non_profit,in_app,login_auth,bug,medium,open,standard,I am seeing an error message when I click on login auth.,Thanks for reporting this bug. Our team is reviewing this and will follow up within 24 hours.,,,0,neutral,3,0,ios,
TCKT_074510,2023-10-03 19:58:51,CUST_07917,small_business,web_form,mobile_app,account_access,high,on_hold,gold,I cannot log in; the system says my password is incorrect.,Sorry to hear you're having trouble accessing your account. We are prioritizing this and will update you as soon as possible.,,,0,very_negative,2,0,android,
TCKT_074569,2023-10-16 14:12:32,CUST_01680,small_business,web_form,data_export,how_to,medium,resolved,standard,Can you explain how to configure data export properly?,Happy to help with your question. Our team is reviewing this and will follow up within 24 hours.,Provided step-by-step instructions and relevant documentation.,8.05,0,negative,2,0,ios,LATAM
TCKT_074607,2023-10-09 17:50:25,CUST_00824,small_business,chat,notifications,how_to,high,on_hold,standard,Can you explain how to configure notifications properly?,Happy to help with your question. We are prioritizing this and will update you as soon as possible.,,,0,neutral,3,0,android,EU
TCKT_074647,2023-10-23 02:04:06,CUST_02815,individual,web_form,api_integration,performance,urgent,resolved,platinum,The api integration page is very slow and takes a long time to load.,We understand performance issues can be frustrating. This has been escalated to our on-call team for immediate attention.,Optimized queries and increased resource allocation.,2.27,0,neutral,4,0,web,EU
TCKT_074672,2023-10-21 16:44:05,CUST_00319,non_profit,web_form,billing,bug,medium,resolved,standard,I am seeing an error message when I click on billing.,Thanks for reporting this bug. Our team is reviewing this and will follow up within 24 hours.,Patched the bug and deployed a fix to production.,44.56,0,positive,5,0,desktop_app,APAC
TCKT_074683,2023-10-16 02:09:42,CUST_09297,non_profit,email,billing,account_access,low,resolved,standard,My 2FA code is not working when I try to sign in.,Sorry to hear you're having trouble accessing your account. We will look into this and get back to you within the next 48 hours.,Reset account credentials and confirmed successful login.,41.36,0,negative,0,1,ios,MEA
TCKT_074721,2023-10-12 06:35:47,CUST_07558,education,chat,analytics_dashboard,other,low,in_progress,gold,I have a general question about my account.,Thanks for contacting support. We will look into this and get back to you within the next 48 hours.,,,0,positive,0,0,ios,MEA
TCKT_074805,2023-10-07 11:14:52,CUST_00674,education,phone_transcript,billing,security_concern,high,open,gold,There seems to be a vulnerability in the billing functionality.,We take security very seriously. We are prioritizing this and will update you as soon as possible.,,,0,positive,5,0,ios,LATAM
TCKT_074898,2023-10-21 20:59:00,CUST_03587,small_business,email,login_auth,performance,medium,open,standard,Overall performance has degraded in the last few days.,We understand performance issues can be frustrating. Our team is reviewing this and will follow up within 24 hours.,,,1,very_negative,2,0,api_client,APAC
TCKT_074935,2023-10-06 04:38:27,CUST_06587,individual,web_form,mobile_app,performance,low,open,gold,Overall performance has degraded in the last few days.,We understand performance issues can be frustrating. We will look into this and get back to you within the next 48 hours.,,,0,negative,2,0,desktop_app,APAC
TCKT_075072,2023-10-02 16:41:28,CUST_06410,non_profit,in_app,data_export,security_concern,medium,resolved,platinum,There seems to be a vulnerability in the data export functionality.,We take security very seriously. Our team is reviewing this and will follow up within 24 hours.,"Investigated logs, mitigated the issue, and updated security settings.",40.08,0,neutral,4,0,web,LATAM
TCKT_075090,2023-10-04 10:28:32,CUST_06276,small_business,chat,analytics_dashboard,security_concern,low,in_progress,standard,I noticed a suspicious login on my account.,We take security very seriously. We will look into this and get back to you within the next 48 hours.,,,0,very_negative,0,1,web,EU
TCKT_075104,2023-10-31 19:27:04,CUST_08163,individual,email,api_integration,feature_request,high,resolved,gold,Our team needs more advanced options for api integration.,Thanks for your feature suggestion. We are prioritizing this and will update you as soon as possible.,Captured the request and added it to the product backlog.,9.32,0,positive,0,1,android,
TCKT_075106,2023-10-27 10:33:47,CUST_01793,small_business,phone_transcript,billing,account_access,medium,open,standard,My 2FA code is not working when I try to sign in.,Sorry to hear you're having trouble accessing your account. Our team is reviewing this and will follow up within 24 hours.,,,0,very_negative,0,1,desktop_app,
TCKT_075144,2023-10-01 04:25:43,CUST_03567,small_business,phone_transcript,billing,other,medium,resolved,standard,I have a general question about my account.,Thanks for contacting support. Our team is reviewing this and will follow up within 24 hours.,Provided general guidance and confirmed the issue was resolved.,23.79,0,positive,0,0,ios,
TCKT_075214,2023-10-15 13:22:08,CUST_04915,enterprise,phone_transcript,notifications,feature_request,medium,resolved,platinum,Our team needs more advanced options for notifications.,Thanks for your feature suggestion. Our team is reviewing this and will follow up within 24 hours.,Captured the request and added it to the product backlog.,28.51,1,positive,4,0,ios,
TCKT_075227,2023-10-02 20:24:55,CUST_09762,non_profit,email,analytics_dashboard,bug,medium,open,standard,The page keeps crashing whenever I try to open the analytics dashboard section.,Thanks for reporting this bug. Our team is reviewing this and will follow up within 24 hours.,,,1,negative,2,0,ios,APAC
TCKT_075359,2023-10-28 08:00:05,CUST_01194,individual,web_form,login_auth,security_concern,high,in_progress,standard,I noticed a suspicious login on my account.,We take security very seriously. We are prioritizing this and will update you as soon as possible.,,,0,very_negative,1,1,api_client,EU
TCKT_075534,2023-10-28 23:02:03,CUST_05273,small_business,in_app,billing,how_to,medium,open,standard,How can I export my data from the billing section?,Happy to help with your question. Our team is reviewing this and will follow up within 24 hours.,,,0,very_positive,5,0,ios,MEA
TCKT_075544,2023-10-17 01:01:57,CUST_04149,education,email,api_integration,billing_problem,low,resolved,standard,My invoice amount is incorrect compared to the plan I selected.,Thanks for reaching out about the billing issue. We will look into this and get back to you within the next 48 hours.,Adjusted the invoice and issued a refund where applicable.,30.05,0,negative,0,0,ios,APAC
TCKT_075624,2023-10-10 22:30:11,CUST_03493,non_profit,chat,api_integration,feature_request,high,open,standard,Can you add an option to customize api integration?,Thanks for your feature suggestion. We are prioritizing this and will update you as soon as possible.,,,0,neutral,3,0,web,EU
TCKT_075684,2023-10-29 05:21:13,CUST_03045,individual,in_app,mobile_app,how_to,medium,resolved,standard,I need help setting up mobile app for my team.,Happy to help with your question. Our team is reviewing this and will follow up within 24 hours.,Provided step-by-step instructions and relevant documentation.,41.18,1,neutral,3,0,web,EU
TCKT_075723,2023-10-21 13:48:46,CUST_02818,education,chat,login_auth,feature_request,high,resolved,standard,It would be great to have login auth support in your product.,Thanks for your feature suggestion. We are prioritizing this and will update you as soon as possible.,Captured the request and added it to the product backlog.,14.12,0,very_positive,0,1,web,EU
TCKT_075731,2023-10-25 04:36:09,CUST_06825,education,web_form,notifications,how_to,low,resolved,gold,I need help setting up notifications for my team.,Happy to help with your question. We will look into this and get back to you within the next 48 hours.,Provided step-by-step instructions and relevant documentation.,9.98,0,very_positive,5,0,android,EU
TCKT_075845,2023-10-02 19:07:11,CUST_02814,education,web_form,mobile_app,account_access,medium,on_hold,gold,My account was locked after multiple failed login attempts.,Sorry to hear you're having trouble accessing your account. Our team is reviewing this and will follow up within 24 hours.,,,0,neutral,3,1,android,EU
TCKT_075928,2023-10-19 11:20:09,CUST_06087,small_business,phone_transcript,analytics_dashboard,bug,low,in_progress,gold,The page keeps crashing whenever I try to open the analytics dashboard section.,Thanks for reporting this bug. We will look into this and get back to you within the next 48 hours.,,,0,neutral,4,0,api_client,LATAM
TCKT_075988,2023-10-29 05:12:58,CUST_06406,enterprise,web_form,analytics_dashboard,billing_problem,low,resolved,gold,My invoice amount is incorrect compared to the plan I selected.,Thanks for reaching out about the billing issue. We will look into this and get back to you within the next 48 hours.,Adjusted the invoice and issued a refund where applicable.,26.48,0,negative,2,0,desktop_app,MEA
TCKT_076030,2023-10-28 23:49:29,CUST_06663,small_business,web_form,mobile_app,billing_problem,low,closed_no_action,gold,My invoice amount is incorrect compared to the plan I selected.,Thanks for reaching out about the billing issue. We will look into this and get back to you within the next 48 hours.,Ticket closed without further action after no response from the customer.,104.77,0,negative,3,0,api_client,
TCKT_076054,2023-10-30 17:06:18,CUST_04982,enterprise,email,api_integration,billing_problem,medium,open,standard,I downgraded my plan but I am still being billed for the higher tier.,Thanks for reaching out about the billing issue. Our team is reviewing this and will follow up within 24 hours.,,,0,very_negative,0,0,api_client,MEA
TCKT_076055,2023-10-30 10:37:33,CUST_09295,small_business,email,analytics_dashboard,how_to,medium,on_hold,gold,I need help setting up analytics dashboard for my team.,Happy to help with your question. Our team is reviewing this and will follow up within 24 hours.,,,1,neutral,3,0,desktop_app,
TCKT_076098,2023-10-06 08:07:45,CUST_07228,non_profit,in_app,analytics_dashboard,other,high,open,gold,"Something seems off, can you please check my workspace?",Thanks for contacting support. We are prioritizing this and will update you as soon as possible.,,,0,neutral,4,0,android,LATAM
TCKT_076186,2023-10-04 08:13:43,CUST_07321,education,in_app,notifications,account_access,low,on_hold,standard,I cannot log in; the system says my password is incorrect.,Sorry to hear you're having trouble accessing your account. We will look into this and get back to you within the next 48 hours.,,,0,negative,2,0,web,
TCKT_076520,2023-10-12 18:11:42,CUST_00574,individual,phone_transcript,billing,account_access,medium,resolved,standard,I cannot log in; the system says my password is incorrect.,Sorry to hear you're having trouble accessing your account. Our team is reviewing this and will follow up within 24 hours.,Reset account credentials and confirmed successful login.,28.16,0,negative,3,0,ios,
TCKT_076580,2023-10-01 06:35:48,CUST_03835,enterprise,chat,billing,other,low,resolved,standard,I have a general question about my account.,Thanks for contacting support. We will look into this and get back to you within the next 48 hours.,Provided general guidance and confirmed the issue was resolved.,45.67,0,positive,5,0,api_client,APAC
TCKT_076601,2023-10-31 10:45:25,CUST_09061,enterprise,in_app,api_integration,feature_request,low,resolved,standard,Our team needs more advanced options for api integration.,Thanks for your feature suggestion. We will look into this and get back to you within the next 48 hours.,Captured the request and added it to the product backlog.,39.43,0,neutral,4,1,desktop_app,LATAM
TCKT_076649,2023-10-09 20:27:03,CUST_03510,individual,chat,notifications,bug,medium,on_hold,gold,The page keeps crashing whenever I try to open the notifications section.,Thanks for reporting this bug. Our team is reviewing this and will follow up within 24 hours.,,,0,negative,3,0,android,LATAM
TCKT_076656,2023-10-10 19:43:53,CUST_05035,non_profit,phone_transcript,notifications,billing_problem,low,resolved,standard,I was charged twice for my subscription this month.,Thanks for reaching out about the billing issue. We will look into this and get back to you within the next 48 hours.,Adjusted the invoice and issued a refund where applicable.,36.66,0,neutral,4,0,android,LATAM
TCKT_076673,2023-10-09 17:00:02,CUST_00472,individual,email,analytics_dashboard,account_access,high,in_progress,standard,My account was locked after multiple failed login attempts.,Sorry to hear you're having trouble accessing your account. We are prioritizing this and will update you as soon as possible.,,,0,negative,3,1,android,LATAM
TCKT_076751,2023-10-20 07:38:24,CUST_02049,individual,chat,login_auth,account_access,low,open,standard,My account was locked after multiple failed login attempts.,Sorry to hear you're having trouble accessing your account. We will look into this and get back to you within the next 48 hours.,,,0,neutral,0,0,api_client,MEA
TCKT_076784,2023-10-01 12:09:26,CUST_03628,non_profit,phone_transcript,analytics_dashboard,how_to,high,resolved,standard,I need help setting up analytics dashboard for my team.,Happy to help with your question. We are prioritizing this and will update you as soon as possible.,Provided step-by-step instructions and relevant documentation.,3.6,0,very_negative,1,0,api_client,MEA
TCKT_076804,2023-10-26 06:42:37,CUST_08643,non_profit,email,analytics_dashboard,performance,medium,closed_no_action,gold,The analytics dashboard page is very slow and takes a long time to load.,We understand performance issues can be frustrating. Our team is reviewing this and will follow up within 24 hours.,Ticket closed without further action after no response from the customer.,61.64,0,negative,2,0,api_client,MEA
TCKT_076828,2023-10-11 19:23:18,CUST_02114,non_profit,phone_transcript,analytics_dashboard,billing_problem,medium,resolved,gold,I downgraded my plan but I am still being billed for the higher tier.,Thanks for reaching out about the billing issue. Our team is reviewing this and will follow up within 24 hours.,Adjusted the invoice and issued a refund where applicable.,7.04,0,negative,3,1,android,LATAM
TCKT_076856,2023-10-02 00:46:12,CUST_06478,education,in_app,billing,other,medium,closed_no_action,standard,"Something seems off, can you please check my workspace?",Thanks for contacting support. Our team is reviewing this and will follow up within 24 hours.,Ticket closed without further action after no response from the customer.,190.35,0,positive,4,1,ios,
TCKT_076923,2023-10-19 17:11:55,CUST_09184,small_business,in_app,data_export,other,high,in_progress,standard,I have a general question about my account.,Thanks for contacting support. We are prioritizing this and will update you as soon as possible.,,,0,very_positive,5,0,desktop_app,LATAM
TCKT_076979,2023-10-26 18:00:38,CUST_03837,non_profit,in_app,mobile_app,feature_request,low,in_progress,standard,Our team needs more advanced options for mobile app.,Thanks for your feature suggestion. We will look into this and get back to you within the next 48 hours.,,,0,neutral,0,0,android,LATAM
TCKT_077018,2023-10-20 10:14:57,CUST_08901,education,phone_transcript,api_integration,security_concern,medium,resolved,gold,I noticed a suspicious login on my account.,We take security very seriously. Our team is reviewing this and will follow up within 24 hours.,"Investigated logs, mitigated the issue, and updated security settings.",20.62,0,positive,0,0,ios,APAC
TCKT_077042,2023-10-07 23:06:45,CUST_05663,individual,in_app,analytics_dashboard,bug,medium,on_hold,platinum,I am seeing an error message when I click on analytics dashboard.,Thanks for reporting this bug. Our team is reviewing this and will follow up within 24 hours.,,,0,very_negative,2,1,ios,LATAM
TCKT_077072,2023-10-04 02:03:07,CUST_04981,individual,web_form,login_auth,bug,medium,resolved,standard,I am seeing an error message when I click on login auth.,Thanks for reporting this bug. Our team is reviewing this and will follow up within 24 hours.,Patched the bug and deployed a fix to production.,16.7,0,neutral,0,0,android,EU
TCKT_077117,2023-10-30 06:38:01,CUST_02854,small_business,chat,login_auth,how_to,medium,resolved,standard,How can I export my data from the login auth section?,Happy to help with your question. Our team is reviewing this and will follow up within 24 hours.,Provided step-by-step instructions and relevant documentation.,18.01,0,very_positive,5,1,api_client,
TCKT_077168,2023-10-11 08:44:08,CUST_00377,enterprise,chat,data_export,feature_request,medium,on_hold,gold,Our team needs more advanced options for data export.,Thanks for your feature suggestion. Our team is reviewing this and will follow up within 24 hours.,,,0,very_positive,5,0,ios,APAC
TCKT_077183,2023-10-31 17:56:29,CUST_09985,education,web_form,login_auth,bug,low,resolved,gold,The login auth feature is not saving my changes.,Thanks for reporting this bug. We will look into this and get back to you within the next 48 hours.,Patched the bug and deployed a fix to production.,8.91,0,positive,0,1,ios,APAC
TCKT_077187,2023-10-24 12:19:23,CUST_08131,non_profit,in_app,billing,how_to,medium,resolved,platinum,I need help setting up billing for my team.,Happy to help with your question. Our team is reviewing this and will follow up within 24 hours.,Provided step-by-step instructions and relevant documentation.,23.9,0,neutral,0,0,web,MEA
TCKT_077304,2023-10-16 09:11:05,CUST_04474,non_profit,chat,notifications,account_access,medium,resolved,gold,My account was locked after multiple failed login attempts.,Sorry to hear you're having trouble accessing your account. Our team is reviewing this and will follow up within 24 hours.,Reset account credentials and confirmed successful login.,8.75,0,neutral,0,0,ios,EU
TCKT_077335,2023-10-06 14:39:38,CUST_09449,education,email,billing,feature_request,low,resolved,platinum,Can you add an option to customize billing?,Thanks for your feature suggestion. We will look into this and get back to you within the next 48 hours.,Captured the request and added it to the product backlog.,46.79,0,neutral,4,0,web,APAC
TCKT_077387,2023-10-04 03:41:41,CUST_08779,non_profit,chat,login_auth,feature_request,high,open,standard,It would be great to have login auth support in your product.,Thanks for your feature suggestion. We are prioritizing this and will update you as soon as possible.,,,0,positive,5,1,desktop_app,EU
TCKT_077413,2023-10-10 09:32:27,CUST_06969,small_business,email,api_integration,other,medium,in_progress,standard,"Something seems off, can you please check my workspace?",Thanks for contacting support. Our team is reviewing this and will follow up within 24 hours.,,,0,very_negative,2,0,desktop_app,
TCKT_077462,2023-10-17 12:06:03,CUST_01212,enterprise,in_app,api_integration,feature_request,low,resolved,platinum,Our team needs more advanced options for api integration.,Thanks for your feature suggestion. We will look into this and get back to you within the next 48 hours.,Captured the request and added it to the product backlog.,60.21,0,very_positive,0,0,desktop_app,LATAM
TCKT_077553,2023-10-29 06:05:52,CUST_00853,small_business,chat,login_auth,performance,low,open,gold,Queries in the login auth module are timing out.,We understand performance issues can be frustrating. We will look into this and get back to you within the next 48 hours.,,,0,very_negative,0,0,ios,
TCKT_077587,2023-10-29 12:54:07,CUST_05112,small_business,phone_transcript,notifications,how_to,low,open,standard,Can you explain how to configure notifications properly?,Happy to help with your question. We will look into this and get back to you within the next 48 hours.,,,0,very_positive,0,0,api_client,APAC
TCKT_077614,2023-10-25 00:57:43,CUST_04738,enterprise,email,mobile_app,how_to,high,in_progress,standard,Can you explain how to configure mobile app properly?,Happy to help with your question. We are prioritizing this and will update you as soon as possible.,,,0,very_positive,5,0,api_client,APAC
TCKT_077640,2023-10-07 01:55:20,CUST_06780,enterprise,web_form,mobile_app,other,urgent,closed_no_action,platinum,I have a general question about my account.,Thanks for contacting support. This has been escalated to our on-call team for immediate attention.,Ticket closed without further action after no response from the customer.,52.21,0,neutral,3,0,web,LATAM
TCKT_077645,2023-10-25 06:17:37,CUST_02177,small_business,phone_transcript,login_auth,security_concern,low,resolved,standard,I noticed a suspicious login on my account.,We take security very seriously. We will look into this and get back to you within the next 48 hours.,"Investigated logs, mitigated the issue, and updated security settings.",41.98,0,negative,0,0,api_client,APAC
TCKT_077711,2023-10-13 13:27:17,CUST_08346,individual,web_form,billing,other,low,resolved,standard,"Something seems off, can you please check my workspace?",Thanks for contacting support. We will look into this and get back to you within the next 48 hours.,Provided general guidance and confirmed the issue was resolved.,59.5,1,positive,0,0,web,EU
TCKT_077723,2023-10-28 05:58:01,CUST_07903,education,phone_transcript,billing,billing_problem,low,resolved,standard,I downgraded my plan but I am still being billed for the higher tier.,Thanks for reaching out about the billing issue. We will look into this and get back to you within the next 48 hours.,Adjusted the invoice and issued a refund where applicable.,28.55,0,very_negative,1,0,android,MEA
TCKT_077848,2023-10-22 13:41:19,CUST_07847,individual,phone_transcript,mobile_app,account_access,high,open,standard,My 2FA code is not working when I try to sign in.,Sorry to hear you're having trouble accessing your account. We are prioritizing this and will update you as soon as possible.,,,0,negative,2,0,api_client,EU
TCKT_077856,2023-10-25 03:07:57,CUST_04789,education,phone_transcript,login_auth,account_access,low,closed_no_action,standard,I cannot log in; the system says my password is incorrect.,Sorry to hear you're having trouble accessing your account. We will look into this and get back to you within the next 48 hours.,Ticket closed without further action after no response from the customer.,226.87,0,neutral,0,0,web,APAC
TCKT_077902,2023-10-10 12:05:16,CUST_01973,individual,chat,analytics_dashboard,how_to,medium,resolved,gold,Can you explain how to configure analytics dashboard properly?,Happy to help with your question. Our team is reviewing this and will follow up within 24 hours.,Provided step-by-step instructions and relevant documentation.,35.05,0,positive,5,0,android,MEA
TCKT_077919,2023-10-13 06:15:24,CUST_05304,individual,web_form,notifications,account_access,low,resolved,gold,My 2FA code is not working when I try to sign in.,Sorry to hear you're having trouble accessing your account. We will look into this and get back to you within the next 48 hours.,Reset account credentials and confirmed successful login.,19.46,0,neutral,4,0,desktop_app,LATAM
TCKT_077964,2023-10-17 19:54:17,CUST_05061,individual,in_app,data_export,other,low,resolved,standard,I have a general question about my account.,Thanks for contacting support. We will look into this and get back to you within the next 48 hours.,Provided general guidance and confirmed the issue was resolved.,26.97,0,neutral,4,1,ios,EU
TCKT_078067,2023-10-17 22:26:39,CUST_00040,individual,web_form,api_integration,billing_problem,low,in_progress,standard,I downgraded my plan but I am still being billed for the higher tier.,Thanks for reaching out about the billing issue. We will look into this and get back to you within the next 48 hours.,,,0,very_positive,5,1,web,LATAM
TCKT_078131,2023-10-20 23:09:19,CUST_07808,non_profit,in_app,mobile_app,performance,medium,resolved,standard,Overall performance has degraded in the last few days.,We understand performance issues can be frustrating. Our team is reviewing this and will follow up within 24 hours.,Optimized queries and increased resource allocation.,14.66,0,negative,0,0,ios,LATAM
TCKT_078267,2023-10-04 20:26:49,CUST_07106,small_business,phone_transcript,data_export,account_access,medium,on_hold,platinum,My 2FA code is not working when I try to sign in.,Sorry to hear you're having trouble accessing your account. Our team is reviewing this and will follow up within 24 hours.,,,0,neutral,0,0,ios,APAC
TCKT_078269,2023-10-15 18:15:28,CUST_02699,education,email,login_auth,feature_request,low,resolved,gold,Can you add an option to customize login auth?,Thanks for your feature suggestion. We will look into this and get back to you within the next 48 hours.,Captured the request and added it to the product backlog.,50.71,0,positive,5,0,desktop_app,LATAM
TCKT_078294,2023-10-30 15:04:40,CUST_07250,small_business,in_app,login_auth,billing_problem,urgent,closed_no_action,standard,I was charged twice for my subscription this month.,Thanks for reaching out about the billing issue. This has been escalated to our on-call team for immediate attention.,Ticket closed without further action after no response from the customer.,129.89,0,neutral,3,1,web,MEA
TCKT_078334,2023-10-12 19:35:23,CUST_02434,individual,phone_transcript,login_auth,other,low,resolved,gold,"Something seems off, can you please check my workspace?",Thanks for contacting support. We will look into this and get back to you within the next 48 hours.,Provided general guidance and confirmed the issue was resolved.,65.12,0,neutral,3,0,android,MEA
TCKT_078355,2023-10-23 01:15:52,CUST_02094,enterprise,in_app,mobile_app,feature_request,high,in_progress,standard,Our team needs more advanced options for mobile app.,Thanks for your feature suggestion. We are prioritizing this and will update you as soon as possible.,,,0,neutral,0,1,web,
TCKT_078359,2023-10-30 06:37:07,CUST_05317,individual,in_app,data_export,billing_problem,medium,open,standard,I downgraded my plan but I am still being billed for the higher tier.,Thanks for reaching out about the billing issue. Our team is reviewing this and will follow up within 24 hours.,,,0,very_negative,2,1,desktop_app,
TCKT_078446,2023-10-27 09:02:17,CUST_08365,education,web_form,login_auth,security_concern,medium,resolved,standard,There seems to be a vulnerability in the login auth functionality.,We take security very seriously. Our team is reviewing this and will follow up within 24 hours.,"Investigated logs, mitigated the issue, and updated security settings.",36.26,0,neutral,3,0,desktop_app,
TCKT_078497,2023-10-26 22:27:26,CUST_03394,enterprise,in_app,api_integration,performance,low,on_hold,gold,Queries in the api integration module are timing out.,We understand performance issues can be frustrating. We will look into this and get back to you within the next 48 hours.,,,0,negative,0,0,ios,
TCKT_078545,2023-10-18 01:18:00,CUST_01578,non_profit,phone_transcript,mobile_app,feature_request,low,resolved,standard,Our team needs more advanced options for mobile app.,Thanks for your feature suggestion. We will look into this and get back to you within the next 48 hours.,Captured the request and added it to the product backlog.,49.39,0,neutral,0,0,api_client,APAC
TCKT_078552,2023-10-21 00:04:28,CUST_07841,small_business,in_app,login_auth,feature_request,low,in_progress,gold,It would be great to have login auth support in your product.,Thanks for your feature suggestion. We will look into this and get back to you within the next 48 hours.,,,0,neutral,3,0,web,EU
TCKT_078755,2023-10-15 22:39:26,CUST_08206,education,chat,analytics_dashboard,security_concern,low,open,platinum,There seems to be a vulnerability in the analytics dashboard functionality.,We take security very seriously. We will look into this and get back to you within the next 48 hours.,,,0,very_negative,0,1,android,
TCKT_078762,2023-10-05 01:26:04,CUST_08424,enterprise,chat,billing,other,low,resolved,platinum,I have a general question about my account.,Thanks for contacting support. We will look into this and get back to you within the next 48 hours.,Provided general guidance and confirmed the issue was resolved.,56.86,0,very_positive,0,0,desktop_app,
TCKT_078810,2023-10-26 17:56:15,CUST_06013,non_profit,chat,api_integration,security_concern,medium,resolved,standard,I noticed a suspicious login on my account.,We take security very seriously. Our team is reviewing this and will follow up within 24 hours.,"Investigated logs, mitigated the issue, and updated security settings.",23.9,0,very_negative,0,0,web,LATAM
TCKT_078836,2023-10-24 13:51:24,CUST_02350,education,web_form,login_auth,account_access,high,open,standard,My account was locked after multiple failed login attempts.,Sorry to hear you're having trouble accessing your account. We are prioritizing this and will update you as soon as possible.,,,1,positive,4,0,ios,MEA
TCKT_078862,2023-10-11 20:55:26,CUST_04915,enterprise,chat,notifications,performance,high,resolved,gold,The notifications page is very slow and takes a long time to load.,We understand performance issues can be frustrating. We are prioritizing this and will update you as soon as possible.,Optimized queries and increased resource allocation.,20.78,0,neutral,4,1,web,MEA
TCKT_078878,2023-10-04 08:42:04,CUST_01723,enterprise,phone_transcript,api_integration,other,high,resolved,standard,I have a general question about my account.,Thanks for contacting support. We are prioritizing this and will update you as soon as possible.,Provided general guidance and confirmed the issue was resolved.,9.81,0,very_negative,1,1,android,EU
TCKT_078934,2023-10-29 12:22:00,CUST_09652,education,phone_transcript,api_integration,how_to,medium,resolved,standard,How can I export my data from the api integration section?,Happy to help with your question. Our team is reviewing this and will follow up within 24 hours.,Provided step-by-step instructions and relevant documentation.,34.37,0,positive,0,0,web,APAC
TCKT_078939,2023-10-12 16:01:16,CUST_06866,small_business,chat,analytics_dashboard,security_concern,medium,open,standard,We need details about your data encryption and compliance.,We take security very seriously. Our team is reviewing this and will follow up within 24 hours.,,,0,very_negative,1,0,android,APAC
TCKT_078955,2023-10-11 22:20:42,CUST_09938,small_business,chat,login_auth,account_access,low,in_progress,standard,My account was locked after multiple failed login attempts.,Sorry to hear you're having trouble accessing your account. We will look into this and get back to you within the next 48 hours.,,,0,very_negative,1,0,api_client,APAC
TCKT_078958,2023-10-23 06:58:53,CUST_00305,small_business,web_form,data_export,other,high,resolved,standard,I have a general question about my account.,Thanks for contacting support. We are prioritizing this and will update you as soon as possible.,Provided general guidance and confirmed the issue was resolved.,15.68,0,neutral,4,0,ios,APAC
TCKT_079017,2023-10-30 13:40:45,CUST_06611,education,chat,data_export,billing_problem,low,resolved,gold,I was charged twice for my subscription this month.,Thanks for reaching out about the billing issue. We will look into this and get back to you within the next 48 hours.,Adjusted the invoice and issued a refund where applicable.,63.46,0,negative,0,1,desktop_app,MEA
TCKT_079026,2023-10-31 13:21:44,CUST_01402,education,chat,analytics_dashboard,billing_problem,high,resolved,gold,I downgraded my plan but I am still being billed for the higher tier.,Thanks for reaching out about the billing issue. We are prioritizing this and will update you as soon as possible.,Adjusted the invoice and issued a refund where applicable.,4.17,0,neutral,0,1,desktop_app,EU
TCKT_079157,2023-10-25 19:27:45,CUST_04194,enterprise,phone_transcript,api_integration,billing_problem,high,on_hold,platinum,I downgraded my plan but I am still being billed for the higher tier.,Thanks for reaching out about the billing issue. We are prioritizing this and will update you as soon as possible.,,,0,negative,0,0,ios,
TCKT_079216,2023-10-16 02:32:11,CUST_04990,education,phone_transcript,notifications,billing_problem,medium,resolved,standard,I downgraded my plan but I am still being billed for the higher tier.,Thanks for reaching out about the billing issue. Our team is reviewing this and will follow up within 24 hours.,Adjusted the invoice and issued a refund where applicable.,32.55,0,neutral,4,1,api_client,APAC
TCKT_079240,2023-10-03 11:27:46,CUST_03689,individual,email,billing,bug,high,open,gold,The billing feature is not saving my changes.,Thanks for reporting this bug. We are prioritizing this and will update you as soon as possible.,,,0,negative,2,0,ios,LATAM
TCKT_079274,2023-10-27 17:03:44,CUST_04955,small_business,web_form,analytics_dashboard,other,low,resolved,standard,I need help but I'm not sure which category this fits in.,Thanks for contacting support. We will look into this and get back to you within the next 48 hours.,Provided general guidance and confirmed the issue was resolved.,63.54,0,very_negative,0,1,ios,APAC
TCKT_079340,2023-10-27 11:45:01,CUST_09667,non_profit,phone_transcript,analytics_dashboard,other,medium,in_progress,standard,I have a general question about my account.,Thanks for contacting support. Our team is reviewing this and will follow up within 24 hours.,,,0,very_positive,0,1,desktop_app,
TCKT_079363,2023-10-20 02:30:52,CUST_01431,education,web_form,notifications,bug,medium,resolved,gold,I am seeing an error message when I click on notifications.,Thanks for reporting this bug. Our team is reviewing this and will follow up within 24 hours.,Patched the bug and deployed a fix to production.,31.66,0,negative,3,1,android,LATAM
TCKT_079403,2023-10-01 01:05:21,CUST_09755,small_business,email,mobile_app,other,medium,resolved,gold,I have a general question about my account.,Thanks for contacting support. Our team is reviewing this and will follow up within 24 hours.,Provided general guidance and confirmed the issue was resolved.,41.69,0,neutral,4,0,android,APAC
TCKT_079416,2023-10-06 23:21:11,CUST_01827,individual,chat,notifications,other,medium,on_hold,standard,"Something seems off, can you please check my workspace?",Thanks for contacting support. Our team is reviewing this and will follow up within 24 hours.,,,0,very_positive,5,0,android,MEA
TCKT_079505,2023-10-22 02:47:57,CUST_04437,individual,email,notifications,account_access,low,resolved,platinum,My account was locked after multiple failed login attempts.,Sorry to hear you're having trouble accessing your account. We will look into this and get back to you within the next 48 hours.,Reset account credentials and confirmed successful login.,45.14,0,negative,3,1,web,MEA
TCKT_079527,2023-10-11 05:29:44,CUST_04318,enterprise,in_app,analytics_dashboard,feature_request,low,resolved,gold,It would be great to have analytics dashboard support in your product.,Thanks for your feature suggestion. We will look into this and get back to you within the next 48 hours.,Captured the request and added it to the product backlog.,69.53,0,neutral,0,0,android,LATAM
TCKT_079587,2023-10-25 02:53:00,CUST_01165,small_business,in_app,data_export,security_concern,high,resolved,standard,There seems to be a vulnerability in the data export functionality.,We take security very seriously. We are prioritizing this and will update you as soon as possible.,"Investigated logs, mitigated the issue, and updated security settings.",20.93,0,positive,0,0,web,LATAM
TCKT_079628,2023-10-18 09:38:24,CUST_01676,individual,web_form,notifications,bug,low,closed_no_action,gold,The notifications feature is not saving my changes.,Thanks for reporting this bug. We will look into this and get back to you within the next 48 hours.,Ticket closed without further action after no response from the customer.,177.44,0,positive,0,1,ios,MEA
TCKT_079668,2023-10-28 12:44:15,CUST_08752,individual,in_app,api_integration,billing_problem,medium,resolved,standard,I downgraded my plan but I am still being billed for the higher tier.,Thanks for reaching out about the billing issue. Our team is reviewing this and will follow up within 24 hours.,Adjusted the invoice and issued a refund where applicable.,9.66,0,very_negative,2,0,desktop_app,EU
TCKT_079685,2023-10-13 13:07:27,CUST_03849,small_business,in_app,notifications,security_concern,medium,resolved,gold,We need details about your data encryption and compliance.,We take security very seriously. Our team is reviewing this and will follow up within 24 hours.,"Investigated logs, mitigated the issue, and updated security settings.",44.58,0,very_positive,0,0,android,
TCKT_079787,2023-10-05 17:14:21,CUST_06474,enterprise,chat,notifications,bug,medium,in_progress,standard,I am seeing an error message when I click on notifications.,Thanks for reporting this bug. Our team is reviewing this and will follow up within 24 hours.,,,0,positive,0,1,android,APAC
TCKT_079937,2023-10-10 19:50:45,CUST_05734,small_business,chat,notifications,performance,urgent,resolved,gold,Overall performance has degraded in the last few days.,We understand performance issues can be frustrating. This has been escalated to our on-call team for immediate attention.,Optimized queries and increased resource allocation.,5.92,0,negative,0,0,ios,
TCKT_079978,2023-10-01 14:01:52,CUST_01652,enterprise,web_form,data_export,performance,low,in_progress,standard,Overall performance has degraded in the last few days.,We understand performance issues can be frustrating. We will look into this and get back to you within the next 48 hours.,,,0,very_negative,1,0,web,EU
TCKT_080113,2023-10-23 06:03:24,CUST_08969,enterprise,web_form,login_auth,feature_request,medium,resolved,standard,Can you add an option to customize login auth?,Thanks for your feature suggestion. Our team is reviewing this and will follow up within 24 hours.,Captured the request and added it to the product backlog.,38.16,0,negative,2,1,desktop_app,APAC
TCKT_080249,2023-10-05 19:55:41,CUST_01834,small_business,web_form,billing,how_to,low,in_progress,platinum,I need help setting up billing for my team.,Happy to help with your question. We will look into this and get back to you within the next 48 hours.,,,0,positive,4,0,android,EU
TCKT_080331,2023-10-03 22:01:00,CUST_02479,non_profit,phone_transcript,mobile_app,feature_request,high,open,gold,Our team needs more advanced options for mobile app.,Thanks for your feature suggestion. We are prioritizing this and will update you as soon as possible.,,,0,neutral,3,0,api_client,LATAM
TCKT_080433,2023-10-01 02:44:27,CUST_05086,enterprise,email,analytics_dashboard,account_access,medium,closed_no_action,gold,I cannot log in; the system says my password is incorrect.,Sorry to hear you're having trouble accessing your account. Our team is reviewing this and will follow up within 24 hours.,Ticket closed without further action after no response from the customer.,58.47,0,very_negative,0,1,ios,LATAM
TCKT_080466,2023-10-19 21:23:47,CUST_03316,small_business,chat,login_auth,other,medium,resolved,gold,I have a general question about my account.,Thanks for contacting support. Our team is reviewing this and will follow up within 24 hours.,Provided general guidance and confirmed the issue was resolved.,30.88,0,neutral,4,1,web,LATAM
TCKT_080513,2023-10-19 00:44:30,CUST_05220,enterprise,email,notifications,security_concern,high,open,platinum,I noticed a suspicious login on my account.,We take security very seriously. We are prioritizing this and will update you as soon as possible.,,,0,negative,3,0,api_client,APAC
TCKT_080517,2023-10-26 01:29:36,CUST_06349,non_profit,email,data_export,other,high,in_progress,gold,"Something seems off, can you please check my workspace?",Thanks for contacting support. We are prioritizing this and will update you as soon as possible.,,,0,neutral,4,0,android,APAC
TCKT_080541,2023-10-31 23:18:00,CUST_03973,non_profit,chat,data_export,how_to,urgent,resolved,gold,How can I export my data from the data export section?,Happy to help with your question. This has been escalated to our on-call team for immediate attention.,Provided step-by-step instructions and relevant documentation.,3.98,0,negative,0,1,web,LATAM
TCKT_080830,2023-10-07 19:30:11,CUST_06002,small_business,phone_transcript,api_integration,how_to,low,resolved,standard,How can I export my data from the api integration section?,Happy to help with your question. We will look into this and get back to you within the next 48 hours.,Provided step-by-step instructions and relevant documentation.,41.99,0,neutral,3,1,ios,MEA
TCKT_080863,2023-10-05 23:14:48,CUST_08737,individual,in_app,notifications,security_concern,high,open,platinum,We need details about your data encryption and compliance.,We take security very seriously. We are prioritizing this and will update you as soon as possible.,,,0,very_negative,0,1,web,EU
TCKT_080876,2023-10-12 11:10:59,CUST_08654,individual,chat,mobile_app,performance,low,in_progress,standard,Queries in the mobile app module are timing out.,We understand performance issues can be frustrating. We will look into this and get back to you within the next 48 hours.,,,0,very_negative,0,1,desktop_app,LATAM
TCKT_080952,2023-10-24 00:36:08,CUST_09769,education,in_app,notifications,other,high,in_progress,gold,I have a general question about my account.,Thanks for contacting support. We are prioritizing this and will update you as soon as possible.,,,0,negative,0,0,ios,APAC
TCKT_080991,2023-10-03 01:49:42,CUST_07910,enterprise,email,data_export,other,high,on_hold,gold,"Something seems off, can you please check my workspace?",Thanks for contacting support. We are prioritizing this and will update you as soon as possible.,,,0,negative,3,0,ios,APAC
TCKT_081020,2023-10-12 12:45:54,CUST_00701,small_business,email,data_export,other,low,closed_no_action,gold,I have a general question about my account.,Thanks for contacting support. We will look into this and get back to you within the next 48 hours.,Ticket closed without further action after no response from the customer.,53.49,0,neutral,0,1,android,LATAM
TCKT_081028,2023-10-30 05:54:40,CUST_05148,small_business,chat,billing,performance,high,resolved,standard,Queries in the billing module are timing out.,We understand performance issues can be frustrating. We are prioritizing this and will update you as soon as possible.,Optimized queries and increased resource allocation.,19.19,0,very_negative,2,0,ios,APAC
TCKT_081069,2023-10-16 23:57:24,CUST_03889,education,phone_transcript,notifications,security_concern,medium,open,gold,There seems to be a vulnerability in the notifications functionality.,We take security very seriously. Our team is reviewing this and will follow up within 24 hours.,,,0,negative,2,0,web,
TCKT_081124,2023-10-24 14:28:21,CUST_07631,individual,email,api_integration,other,medium,on_hold,standard,I have a general question about my account.,Thanks for contacting support. Our team is reviewing this and will follow up within 24 hours.,,,0,neutral,4,0,web,APAC
TCKT_081176,2023-10-03 17:39:20,CUST_03059,non_profit,chat,api_integration,other,low,closed_no_action,standard,I need help but I'm not sure which category this fits in.,Thanks for contacting support. We will look into this and get back to you within the next 48 hours.,Ticket closed without further action after no response from the customer.,109.47,0,negative,2,0,api_client,MEA
TCKT_081197,2023-10-15 10:21:49,CUST_06529,enterprise,chat,notifications,other,medium,open,gold,"Something seems off, can you please check my workspace?",Thanks for contacting support. Our team is reviewing this and will follow up within 24 hours.,,,0,very_negative,2,0,ios,LATAM
TCKT_081210,2023-10-07 15:36:41,CUST_06473,small_business,phone_transcript,api_integration,account_access,high,resolved,standard,My account was locked after multiple failed login attempts.,Sorry to hear you're having trouble accessing your account. We are prioritizing this and will update you as soon as possible.,Reset account credentials and confirmed successful login.,4.84,0,negative,2,0,api_client,APAC
TCKT_081253,2023-10-12 02:45:44,CUST_00614,non_profit,in_app,billing,bug,high,open,gold,I am seeing an error message when I click on billing.,Thanks for reporting this bug. We are prioritizing this and will update you as soon as possible.,,,0,positive,4,0,ios,EU
TCKT_081277,2023-10-25 11:00:36,CUST_05572,enterprise,chat,data_export,feature_request,high,resolved,standard,It would be great to have data export support in your product.,Thanks for your feature suggestion. We are prioritizing this and will update you as soon as possible.,Captured the request and added it to the product backlog.,12.57,0,neutral,3,0,ios,EU
TCKT_081294,2023-10-11 11:38:46,CUST_00134,non_profit,chat,analytics_dashboard,billing_problem,high,resolved,standard,My invoice amount is incorrect compared to the plan I selected.,Thanks for reaching out about the billing issue. We are prioritizing this and will update you as soon as possible.,Adjusted the invoice and issued a refund where applicable.,10.01,0,very_positive,0,0,api_client,APAC
TCKT_081307,2023-10-13 00:33:49,CUST_05395,enterprise,email,billing,account_access,medium,resolved,standard,I cannot log in; the system says my password is incorrect.,Sorry to hear you're having trouble accessing your account. Our team is reviewing this and will follow up within 24 hours.,Reset account credentials and confirmed successful login.,45.65,0,positive,5,0,ios,APAC
TCKT_081311,2023-10-10 13:03:09,CUST_05689,education,phone_transcript,data_export,feature_request,medium,resolved,standard,Our team needs more advanced options for data export.,Thanks for your feature suggestion. Our team is reviewing this and will follow up within 24 hours.,Captured the request and added it to the product backlog.,7.39,0,neutral,3,0,ios,
TCKT_081318,2023-10-18 02:48:36,CUST_08460,individual,phone_transcript,notifications,account_access,medium,resolved,standard,My 2FA code is not working when I try to sign in.,Sorry to hear you're having trouble accessing your account. Our team is reviewing this and will follow up within 24 hours.,Reset account credentials and confirmed successful login.,43.57,0,negative,0,0,desktop_app,LATAM
TCKT_081338,2023-10-20 05:23:40,CUST_00367,enterprise,chat,mobile_app,other,high,resolved,gold,"Something seems off, can you please check my workspace?",Thanks for contacting support. We are prioritizing this and will update you as soon as possible.,Provided general guidance and confirmed the issue was resolved.,12.17,0,neutral,3,0,ios,LATAM
TCKT_081354,2023-10-08 23:53:04,CUST_05332,small_business,phone_transcript,billing,other,low,in_progress,standard,I need help but I'm not sure which category this fits in.,Thanks for contacting support. We will look into this and get back to you within the next 48 hours.,,,0,negative,2,1,android,APAC
TCKT_081410,2023-10-24 19:02:37,CUST_00633,enterprise,phone_transcript,login_auth,how_to,medium,resolved,standard,How can I export my data from the login auth section?,Happy to help with your question. Our team is reviewing this and will follow up within 24 hours.,Provided step-by-step instructions and relevant documentation.,36.94,0,very_positive,5,0,web,
TCKT_081412,2023-10-02 18:17:20,CUST_06495,non_profit,in_app,api_integration,bug,low,on_hold,standard,I am seeing an error message when I click on api integration.,Thanks for reporting this bug. We will look into this and get back to you within the next 48 hours.,,,0,positive,5,0,api_client,MEA
TCKT_081425,2023-10-12 16:30:22,CUST_09914,enterprise,phone_transcript,notifications,other,low,resolved,standard,"Something seems off, can you please check my workspace?",Thanks for contacting support. We will look into this and get back to you within the next 48 hours.,Provided general guidance and confirmed the issue was resolved.,43.85,0,positive,5,1,ios,LATAM
TCKT_081437,2023-10-29 11:45:09,CUST_00187,enterprise,email,notifications,bug,high,resolved,gold,I am seeing an error message when I click on notifications.,Thanks for reporting this bug. We are prioritizing this and will update you as soon as possible.,Patched the bug and deployed a fix to production.,19.16,0,very_positive,5,0,api_client,MEA
TCKT_081527,2023-10-13 12:56:55,CUST_04751,individual,phone_transcript,data_export,account_access,low,resolved,gold,My 2FA code is not working when I try to sign in.,Sorry to hear you're having trouble accessing your account. We will look into this and get back to you within the next 48 hours.,Reset account credentials and confirmed successful login.,12.37,0,very_positive,0,1,ios,
TCKT_081548,2023-10-13 07:05:37,CUST_01043,education,web_form,mobile_app,bug,medium,in_progress,platinum,The mobile app feature is not saving my changes.,Thanks for reporting this bug. Our team is reviewing this and will follow up within 24 hours.,,,0,positive,5,0,desktop_app,APAC
TCKT_081655,2023-10-02 17:28:58,CUST_06842,enterprise,in_app,notifications,account_access,low,closed_no_action,standard,My 2FA code is not working when I try to sign in.,Sorry to hear you're having trouble accessing your account. We will look into this and get back to you within the next 48 hours.,Ticket closed without further action after no response from the customer.,38.21,0,neutral,0,0,ios,
TCKT_081686,2023-10-23 08:44:44,CUST_04443,enterprise,web_form,mobile_app,bug,low,resolved,gold,The page keeps crashing whenever I try to open the mobile app section.,Thanks for reporting this bug. We will look into this and get back to you within the next 48 hours.,Patched the bug and deployed a fix to production.,67.63,0,positive,5,0,web,APAC
TCKT_081687,2023-10-13 15:59:22,CUST_05314,individual,phone_transcript,api_integration,bug,low,on_hold,gold,The page keeps crashing whenever I try to open the api integration section.,Thanks for reporting this bug. We will look into this and get back to you within the next 48 hours.,,,0,neutral,4,1,api_client,APAC
TCKT_081700,2023-10-06 03:11:40,CUST_07735,enterprise,web_form,login_auth,account_access,medium,resolved,standard,I cannot log in; the system says my password is incorrect.,Sorry to hear you're having trouble accessing your account. Our team is reviewing this and will follow up within 24 hours.,Reset account credentials and confirmed successful login.,36.29,0,negative,2,0,ios,MEA
TCKT_081792,2023-10-14 00:44:53,CUST_01729,small_business,web_form,api_integration,feature_request,medium,on_hold,standard,Can you add an option to customize api integration?,Thanks for your feature suggestion. Our team is reviewing this and will follow up within 24 hours.,,,0,neutral,3,0,web,EU
TCKT_081865,2023-10-09 22:46:02,CUST_02426,individual,phone_transcript,login_auth,billing_problem,urgent,open,platinum,My invoice amount is incorrect compared to the plan I selected.,Thanks for reaching out about the billing issue. This has been escalated to our on-call team for immediate attention.,,,0,negative,0,0,web,MEA
TCKT_081947,2023-10-24 15:53:51,CUST_07528,small_business,email,mobile_app,performance,low,on_hold,standard,Overall performance has degraded in the last few days.,We understand performance issues can be frustrating. We will look into this and get back to you within the next 48 hours.,,,0,neutral,4,1,ios,
TCKT_081968,2023-10-06 21:49:40,CUST_04786,education,email,analytics_dashboard,billing_problem,low,resolved,gold,I downgraded my plan but I am still being billed for the higher tier.,Thanks for reaching out about the billing issue. We will look into this and get back to you within the next 48 hours.,Adjusted the invoice and issued a refund where applicable.,30.87,0,negative,0,1,desktop_app,MEA
TCKT_081992,2023-10-08 19:06:20,CUST_05718,non_profit,web_form,analytics_dashboard,how_to,low,resolved,standard,How can I export my data from the analytics dashboard section?,Happy to help with your question. We will look into this and get back to you within the next 48 hours.,Provided step-by-step instructions and relevant documentation.,70.71,0,negative,2,0,web,APAC
TCKT_082143,2023-10-06 07:14:10,CUST_00814,enterprise,in_app,data_export,feature_request,medium,resolved,gold,It would be great to have data export support in your product.,Thanks for your feature suggestion. Our team is reviewing this and will follow up within 24 hours.,Captured the request and added it to the product backlog.,30.42,0,neutral,4,0,android,EU
TCKT_082177,2023-10-16 02:12:22,CUST_05971,individual,in_app,data_export,feature_request,low,open,standard,Can you add an option to customize data export?,Thanks for your feature suggestion. We will look into this and get back to you within the next 48 hours.,,,0,very_negative,2,1,ios,APAC
TCKT_082215,2023-10-17 23:46:37,CUST_06434,non_profit,web_form,mobile_app,billing_problem,low,closed_no_action,gold,I was charged twice for my subscription this month.,Thanks for reaching out about the billing issue. We will look into this and get back to you within the next 48 hours.,Ticket closed without further action after no response from the customer.,131.29,0,very_negative,2,0,desktop_app,MEA
TCKT_082232,2023-10-19 19:12:23,CUST_00940,education,web_form,analytics_dashboard,security_concern,low,resolved,standard,I noticed a suspicious login on my account.,We take security very seriously. We will look into this and get back to you within the next 48 hours.,"Investigated logs, mitigated the issue, and updated security settings.",60.12,0,neutral,4,0,web,
TCKT_082249,2023-10-01 22:32:55,CUST_06068,non_profit,phone_transcript,mobile_app,bug,medium,resolved,standard,The mobile app feature is not saving my changes.,Thanks for reporting this bug. Our team is reviewing this and will follow up within 24 hours.,Patched the bug and deployed a fix to production.,35.8,0,very_negative,2,0,api_client,MEA
TCKT_082366,2023-10-16 04:00:13,CUST_08705,education,web_form,analytics_dashboard,security_concern,medium,on_hold,standard,There seems to be a vulnerability in the analytics dashboard functionality.,We take security very seriously. Our team is reviewing this and will follow up within 24 hours.,,,0,negative,3,0,ios,LATAM
TCKT_082369,2023-10-06 05:49:35,CUST_03834,enterprise,chat,api_integration,account_access,low,in_progress,gold,My 2FA code is not working when I try to sign in.,Sorry to hear you're having trouble accessing your account. We will look into this and get back to you within the next 48 hours.,,,0,negative,3,0,api_client,MEA
TCKT_082414,2023-10-06 04:12:42,CUST_08898,small_business,chat,billing,performance,low,resolved,gold,The billing page is very slow and takes a long time to load.,We understand performance issues can be frustrating. We will look into this and get back to you within the next 48 hours.,Optimized queries and increased resource allocation.,31.94,0,neutral,3,0,desktop_app,MEA
TCKT_082430,2023-10-18 05:10:56,CUST_07875,small_business,web_form,analytics_dashboard,security_concern,medium,resolved,standard,I noticed a suspicious login on my account.,We take security very seriously. Our team is reviewing this and will follow up within 24 hours.,"Investigated logs, mitigated the issue, and updated security settings.",38.49,0,negative,3,0,desktop_app,LATAM
TCKT_082460,2023-10-05 05:00:05,CUST_03406,enterprise,phone_transcript,notifications,performance,low,resolved,standard,The notifications page is very slow and takes a long time to load.,We understand performance issues can be frustrating. We will look into this and get back to you within the next 48 hours.,Optimized queries and increased resource allocation.,62.27,0,positive,4,0,api_client,APAC
TCKT_082493,2023-10-14 10:58:52,CUST_08064,non_profit,chat,mobile_app,feature_request,medium,resolved,standard,It would be great to have mobile app support in your product.,Thanks for your feature suggestion. Our team is reviewing this and will follow up within 24 hours.,Captured the request and added it to the product backlog.,35.59,0,neutral,0,0,ios,EU
TCKT_082562,2023-10-22 19:19:51,CUST_07492,enterprise,phone_transcript,mobile_app,other,medium,resolved,standard,"Something seems off, can you please check my workspace?",Thanks for contacting support. Our team is reviewing this and will follow up within 24 hours.,Provided general guidance and confirmed the issue was resolved.,47.68,0,neutral,4,1,android,APAC
TCKT_082641,2023-10-09 11:29:41,CUST_00507,individual,in_app,analytics_dashboard,other,medium,closed_no_action,gold,"Something seems off, can you please check my workspace?",Thanks for contacting support. Our team is reviewing this and will follow up within 24 hours.,Ticket closed without further action after no response from the customer.,193.49,0,negative,2,0,android,APAC
TCKT_082651,2023-10-12 16:08:52,CUST_05182,education,chat,data_export,account_access,low,resolved,standard,I cannot log in; the system says my password is incorrect.,Sorry to hear you're having trouble accessing your account. We will look into this and get back to you within the next 48 hours.,Reset account credentials and confirmed successful login.,49.75,0,positive,0,0,desktop_app,LATAM
TCKT_082701,2023-10-11 01:28:06,CUST_09208,enterprise,phone_transcript,mobile_app,how_to,medium,in_progress,standard,How can I export my data from the mobile app section?,Happy to help with your question. Our team is reviewing this and will follow up within 24 hours.,,,0,neutral,3,0,desktop_app,
TCKT_082797,2023-10-31 00:14:30,CUST_05350,individual,phone_transcript,api_integration,security_concern,low,in_progress,gold,There seems to be a vulnerability in the api integration functionality.,We take security very seriously. We will look into this and get back to you within the next 48 hours.,,,0,very_positive,5,1,desktop_app,EU
TCKT_082834,2023-10-28 15:43:05,CUST_08124,individual,web_form,data_export,account_access,medium,in_progress,gold,My 2FA code is not working when I try to sign in.,Sorry to hear you're having trouble accessing your account. Our team is reviewing this and will follow up within 24 hours.,,,0,positive,0,1,android,LATAM
TCKT_082865,2023-10-26 03:53:22,CUST_06800,enterprise,web_form,login_auth,account_access,medium,in_progress,standard,My account was locked after multiple failed login attempts.,Sorry to hear you're having trouble accessing your account. Our team is reviewing this and will follow up within 24 hours.,,,0,very_negative,2,1,desktop_app,APAC
TCKT_083019,2023-10-26 04:03:48,CUST_05199,non_profit,web_form,billing,account_access,low,closed_no_action,gold,My 2FA code is not working when I try to sign in.,Sorry to hear you're having trouble accessing your account. We will look into this and get back to you within the next 48 hours.,Ticket closed without further action after no response from the customer.,143.04,0,neutral,4,0,desktop_app,
TCKT_083021,2023-10-16 07:39:36,CUST_00289,small_business,email,billing,billing_problem,low,resolved,standard,My invoice amount is incorrect compared to the plan I selected.,Thanks for reaching out about the billing issue. We will look into this and get back to you within the next 48 hours.,Adjusted the invoice and issued a refund where applicable.,36.36,0,negative,0,0,desktop_app,EU
TCKT_083045,2023-10-27 14:26:49,CUST_04101,individual,in_app,api_integration,billing_problem,medium,closed_no_action,standard,I downgraded my plan but I am still being billed for the higher tier.,Thanks for reaching out about the billing issue. Our team is reviewing this and will follow up within 24 hours.,Ticket closed without further action after no response from the customer.,114.59,0,neutral,0,0,api_client,LATAM
TCKT_083237,2023-10-10 15:36:36,CUST_01884,individual,email,notifications,other,low,resolved,standard,"Something seems off, can you please check my workspace?",Thanks for contacting support. We will look into this and get back to you within the next 48 hours.,Provided general guidance and confirmed the issue was resolved.,37.59,0,neutral,0,0,ios,APAC
TCKT_083244,2023-10-27 19:29:50,CUST_02740,individual,chat,login_auth,how_to,medium,on_hold,standard,Can you explain how to configure login auth properly?,Happy to help with your question. Our team is reviewing this and will follow up within 24 hours.,,,0,neutral,4,1,web,
TCKT_083258,2023-10-06 09:15:10,CUST_01506,education,phone_transcript,data_export,feature_request,high,resolved,gold,Our team needs more advanced options for data export.,Thanks for your feature suggestion. We are prioritizing this and will update you as soon as possible.,Captured the request and added it to the product backlog.,4.07,0,neutral,4,0,web,MEA
TCKT_083306,2023-10-21 12:05:40,CUST_09520,enterprise,web_form,notifications,account_access,medium,on_hold,gold,I cannot log in; the system says my password is incorrect.,Sorry to hear you're having trouble accessing your account. Our team is reviewing this and will follow up within 24 hours.,,,0,negative,3,1,desktop_app,MEA
TCKT_083344,2023-10-25 13:14:40,CUST_09458,education,chat,login_auth,performance,medium,in_progress,standard,Queries in the login auth module are timing out.,We understand performance issues can be frustrating. Our team is reviewing this and will follow up within 24 hours.,,,0,positive,5,0,ios,
TCKT_083448,2023-10-05 10:02:32,CUST_05682,small_business,chat,api_integration,account_access,high,closed_no_action,standard,My account was locked after multiple failed login attempts.,Sorry to hear you're having trouble accessing your account. We are prioritizing this and will update you as soon as possible.,Ticket closed without further action after no response from the customer.,182.18,0,negative,3,0,api_client,
TCKT_083451,2023-10-08 15:00:05,CUST_03375,enterprise,web_form,billing,feature_request,low,closed_no_action,gold,Can you add an option to customize billing?,Thanks for your feature suggestion. We will look into this and get back to you within the next 48 hours.,Ticket closed without further action after no response from the customer.,227.51,0,neutral,3,0,web,EU
TCKT_083544,2023-10-27 19:14:44,CUST_05249,education,web_form,billing,how_to,low,resolved,platinum,Can you explain how to configure billing properly?,Happy to help with your question. We will look into this and get back to you within the next 48 hours.,Provided step-by-step instructions and relevant documentation.,44.11,0,negative,2,0,web,LATAM
TCKT_083548,2023-10-13 21:42:36,CUST_08348,non_profit,phone_transcript,mobile_app,account_access,medium,closed_no_action,gold,I cannot log in; the system says my password is incorrect.,Sorry to hear you're having trouble accessing your account. Our team is reviewing this and will follow up within 24 hours.,Ticket closed without further action after no response from the customer.,204.8,0,neutral,3,0,web,MEA
TCKT_083573,2023-10-04 10:11:24,CUST_01741,education,chat,analytics_dashboard,other,medium,open,platinum,I need help but I'm not sure which category this fits in.,Thanks for contacting support. Our team is reviewing this and will follow up within 24 hours.,,,0,neutral,3,0,web,APAC
TCKT_083585,2023-10-02 14:22:58,CUST_07402,non_profit,email,data_export,bug,low,in_progress,standard,I am seeing an error message when I click on data export.,Thanks for reporting this bug. We will look into this and get back to you within the next 48 hours.,,,1,neutral,0,0,api_client,
TCKT_083587,2023-10-30 18:19:02,CUST_06363,enterprise,chat,mobile_app,feature_request,high,in_progress,gold,Our team needs more advanced options for mobile app.,Thanks for your feature suggestion. We are prioritizing this and will update you as soon as possible.,,,0,negative,2,1,api_client,
TCKT_083620,2023-10-23 15:07:20,CUST_01673,enterprise,chat,billing,bug,medium,on_hold,standard,The billing feature is not saving my changes.,Thanks for reporting this bug. Our team is reviewing this and will follow up within 24 hours.,,,0,negative,0,0,android,LATAM
TCKT_083635,2023-10-30 17:22:43,CUST_06216,non_profit,in_app,mobile_app,feature_request,high,resolved,platinum,It would be great to have mobile app support in your product.,Thanks for your feature suggestion. We are prioritizing this and will update you as soon as possible.,Captured the request and added it to the product backlog.,9.41,0,negative,2,1,android,
TCKT_083757,2023-10-28 00:50:53,CUST_02231,small_business,web_form,notifications,security_concern,medium,resolved,standard,I noticed a suspicious login on my account.,We take security very seriously. Our team is reviewing this and will follow up within 24 hours.,"Investigated logs, mitigated the issue, and updated security settings.",39.62,0,negative,3,1,ios,APAC
TCKT_083882,2023-10-15 19:50:17,CUST_03621,enterprise,in_app,login_auth,how_to,high,resolved,standard,How can I export my data from the login auth section?,Happy to help with your question. We are prioritizing this and will update you as soon as possible.,Provided step-by-step instructions and relevant documentation.,20.85,0,neutral,0,0,api_client,APAC
TCKT_083965,2023-10-30 03:37:16,CUST_08463,small_business,chat,mobile_app,bug,high,in_progress,standard,The page keeps crashing whenever I try to open the mobile app section.,Thanks for reporting this bug. We are prioritizing this and will update you as soon as possible.,,,0,neutral,3,0,desktop_app,APAC
TCKT_083971,2023-10-24 06:00:53,CUST_02972,individual,in_app,data_export,billing_problem,medium,resolved,standard,I downgraded my plan but I am still being billed for the higher tier.,Thanks for reaching out about the billing issue. Our team is reviewing this and will follow up within 24 hours.,Adjusted the invoice and issued a refund where applicable.,21.13,0,very_negative,1,0,api_client,APAC
TCKT_084094,2023-10-09 16:37:47,CUST_08291,education,chat,mobile_app,how_to,low,resolved,standard,Can you explain how to configure mobile app properly?,Happy to help with your question. We will look into this and get back to you within the next 48 hours.,Provided step-by-step instructions and relevant documentation.,68.42,0,neutral,3,0,web,MEA
TCKT_084099,2023-10-24 00:33:13,CUST_01568,education,in_app,mobile_app,how_to,low,closed_no_action,standard,I need help setting up mobile app for my team.,Happy to help with your question. We will look into this and get back to you within the next 48 hours.,Ticket closed without further action after no response from the customer.,77.74,0,negative,0,0,ios,EU
TCKT_084111,2023-10-25 17:21:43,CUST_03220,enterprise,web_form,mobile_app,how_to,high,resolved,standard,How can I export my data from the mobile app section?,Happy to help with your question. We are prioritizing this and will update you as soon as possible.,Provided step-by-step instructions and relevant documentation.,13.19,0,positive,4,0,api_client,
TCKT_084146,2023-10-13 05:02:23,CUST_03391,small_business,in_app,notifications,account_access,high,closed_no_action,gold,My 2FA code is not working when I try to sign in.,Sorry to hear you're having trouble accessing your account. We are prioritizing this and will update you as soon as possible.,Ticket closed without further action after no response from the customer.,34.27,0,negative,0,1,web,LATAM
TCKT_084172,2023-10-27 13:28:03,CUST_08011,non_profit,in_app,login_auth,bug,urgent,resolved,gold,The page keeps crashing whenever I try to open the login auth section.,Thanks for reporting this bug. This has been escalated to our on-call team for immediate attention.,Patched the bug and deployed a fix to production.,7.41,0,very_positive,0,0,ios,APAC
TCKT_084212,2023-10-29 01:17:11,CUST_03819,individual,email,notifications,performance,low,resolved,standard,Overall performance has degraded in the last few days.,We understand performance issues can be frustrating. We will look into this and get back to you within the next 48 hours.,Optimized queries and increased resource allocation.,54.56,1,positive,0,0,android,APAC
TCKT_084237,2023-10-20 03:51:55,CUST_05545,individual,in_app,billing,performance,medium,in_progress,standard,Overall performance has degraded in the last few days.,We understand performance issues can be frustrating. Our team is reviewing this and will follow up within 24 hours.,,,1,positive,5,0,ios,EU
TCKT_084263,2023-10-02 12:37:14,CUST_08755,non_profit,email,notifications,how_to,medium,closed_no_action,standard,Can you explain how to configure notifications properly?,Happy to help with your question. Our team is reviewing this and will follow up within 24 hours.,Ticket closed without further action after no response from the customer.,230.7,0,positive,5,1,web,EU
TCKT_084300,2023-10-12 15:28:26,CUST_06368,non_profit,email,data_export,other,high,resolved,standard,I have a general question about my account.,Thanks for contacting support. We are prioritizing this and will update you as soon as possible.,Provided general guidance and confirmed the issue was resolved.,4.8,0,neutral,4,1,ios,MEA
TCKT_084365,2023-10-29 20:42:55,CUST_05626,non_profit,email,api_integration,feature_request,medium,in_progress,standard,Our team needs more advanced options for api integration.,Thanks for your feature suggestion. Our team is reviewing this and will follow up within 24 hours.,,,0,neutral,4,1,ios,EU
TCKT_084375,2023-10-22 14:54:56,CUST_00147,individual,in_app,notifications,billing_problem,medium,resolved,gold,My invoice amount is incorrect compared to the plan I selected.,Thanks for reaching out about the billing issue. Our team is reviewing this and will follow up within 24 hours.,Adjusted the invoice and issued a refund where applicable.,35.3,0,neutral,3,1,ios,
TCKT_084418,2023-10-05 22:18:39,CUST_00498,non_profit,web_form,mobile_app,performance,medium,resolved,gold,The mobile app page is very slow and takes a long time to load.,We understand performance issues can be frustrating. Our team is reviewing this and will follow up within 24 hours.,Optimized queries and increased resource allocation.,28.6,0,very_negative,2,0,desktop_app,MEA
TCKT_084468,2023-10-21 00:19:18,CUST_08438,non_profit,in_app,billing,billing_problem,high,resolved,gold,My invoice amount is incorrect compared to the plan I selected.,Thanks for reaching out about the billing issue. We are prioritizing this and will update you as soon as possible.,Adjusted the invoice and issued a refund where applicable.,10.48,0,negative,3,0,android,
TCKT_084471,2023-10-13 00:09:28,CUST_00422,enterprise,chat,analytics_dashboard,security_concern,medium,resolved,gold,I noticed a suspicious login on my account.,We take security very seriously. Our team is reviewing this and will follow up within 24 hours.,"Investigated logs, mitigated the issue, and updated security settings.",13.64,0,negative,3,0,api_client,LATAM
TCKT_084569,2023-10-03 05:47:02,CUST_01712,non_profit,chat,login_auth,how_to,low,resolved,gold,I need help setting up login auth for my team.,Happy to help with your question. We will look into this and get back to you within the next 48 hours.,Provided step-by-step instructions and relevant documentation.,35.08,0,positive,0,0,android,EU
TCKT_084588,2023-10-09 02:55:28,CUST_06133,enterprise,phone_transcript,data_export,feature_request,low,on_hold,standard,Can you add an option to customize data export?,Thanks for your feature suggestion. We will look into this and get back to you within the next 48 hours.,,,0,neutral,4,0,android,EU
TCKT_084601,2023-10-13 14:57:42,CUST_07286,enterprise,email,notifications,security_concern,low,closed_no_action,gold,I noticed a suspicious login on my account.,We take security very seriously. We will look into this and get back to you within the next 48 hours.,Ticket closed without further action after no response from the customer.,37.66,0,neutral,4,1,desktop_app,APAC
TCKT_084658,2023-10-13 06:34:11,CUST_09151,small_business,in_app,billing,performance,low,resolved,standard,The billing page is very slow and takes a long time to load.,We understand performance issues can be frustrating. We will look into this and get back to you within the next 48 hours.,Optimized queries and increased resource allocation.,24.03,0,neutral,3,0,api_client,APAC
TCKT_084666,2023-10-27 05:15:39,CUST_04927,enterprise,email,analytics_dashboard,account_access,low,resolved,platinum,My 2FA code is not working when I try to sign in.,Sorry to hear you're having trouble accessing your account. We will look into this and get back to you within the next 48 hours.,Reset account credentials and confirmed successful login.,34.97,0,negative,2,0,api_client,APAC
TCKT_084684,2023-10-24 21:19:45,CUST_07072,enterprise,web_form,mobile_app,account_access,low,resolved,standard,My 2FA code is not working when I try to sign in.,Sorry to hear you're having trouble accessing your account. We will look into this and get back to you within the next 48 hours.,Reset account credentials and confirmed successful login.,60.6,0,very_negative,2,1,android,LATAM
TCKT_084720,2023-10-30 20:02:37,CUST_08693,small_business,in_app,mobile_app,performance,low,in_progress,standard,Queries in the mobile app module are timing out.,We understand performance issues can be frustrating. We will look into this and get back to you within the next 48 hours.,,,0,negative,0,1,ios,MEA
TCKT_084838,2023-10-15 23:25:43,CUST_05146,education,phone_transcript,mobile_app,how_to,medium,resolved,gold,I need help setting up mobile app for my team.,Happy to help with your question. Our team is reviewing this and will follow up within 24 hours.,Provided step-by-step instructions and relevant documentation.,43.26,0,neutral,3,0,desktop_app,LATAM
TCKT_084863,2023-10-07 13:50:46,CUST_02965,enterprise,in_app,notifications,other,high,in_progress,standard,"Something seems off, can you please check my workspace?",Thanks for contacting support. We are prioritizing this and will update you as soon as possible.,,,0,very_negative,2,0,desktop_app,MEA
TCKT_084880,2023-10-22 13:08:36,CUST_02796,enterprise,email,api_integration,performance,urgent,on_hold,gold,The api integration page is very slow and takes a long time to load.,We understand performance issues can be frustrating. This has been escalated to our on-call team for immediate attention.,,,0,negative,3,0,web,LATAM
TCKT_084885,2023-10-12 22:08:34,CUST_03700,non_profit,in_app,billing,other,low,resolved,standard,"Something seems off, can you please check my workspace?",Thanks for contacting support. We will look into this and get back to you within the next 48 hours.,Provided general guidance and confirmed the issue was resolved.,48.87,0,very_positive,5,0,desktop_app,APAC
TCKT_084887,2023-10-26 05:47:40,CUST_00893,enterprise,email,analytics_dashboard,other,low,resolved,standard,I need help but I'm not sure which category this fits in.,Thanks for contacting support. We will look into this and get back to you within the next 48 hours.,Provided general guidance and confirmed the issue was resolved.,15.23,0,negative,3,0,web,EU
TCKT_085021,2023-10-27 08:45:52,CUST_01213,individual,phone_transcript,notifications,security_concern,low,in_progress,standard,There seems to be a vulnerability in the notifications functionality.,We take security very seriously. We will look into this and get back to you within the next 48 hours.,,,0,very_negative,2,0,api_client,APAC
TCKT_085024,2023-10-04 07:44:51,CUST_06831,non_profit,in_app,data_export,security_concern,high,on_hold,standard,We need details about your data encryption and compliance.,We take security very seriously. We are prioritizing this and will update you as soon as possible.,,,0,neutral,0,0,android,APAC
TCKT_085036,2023-10-15 10:15:27,CUST_08463,small_business,chat,api_integration,other,low,resolved,standard,I have a general question about my account.,Thanks for contacting support. We will look into this and get back to you within the next 48 hours.,Provided general guidance and confirmed the issue was resolved.,50.69,0,neutral,4,0,api_client,MEA
TCKT_085065,2023-10-31 13:06:31,CUST_04872,enterprise,chat,analytics_dashboard,feature_request,high,resolved,gold,It would be great to have analytics dashboard support in your product.,Thanks for your feature suggestion. We are prioritizing this and will update you as soon as possible.,Captured the request and added it to the product backlog.,4.69,0,negative,3,0,android,LATAM
TCKT_085076,2023-10-28 05:01:32,CUST_04183,non_profit,in_app,mobile_app,billing_problem,low,closed_no_action,standard,I was charged twice for my subscription this month.,Thanks for reaching out about the billing issue. We will look into this and get back to you within the next 48 hours.,Ticket closed without further action after no response from the customer.,125.76,0,very_positive,5,0,api_client,LATAM
TCKT_085113,2023-10-23 18:30:12,CUST_05042,small_business,web_form,data_export,other,medium,resolved,standard,"Something seems off, can you please check my workspace?",Thanks for contacting support. Our team is reviewing this and will follow up within 24 hours.,Provided general guidance and confirmed the issue was resolved.,29.57,0,negative,0,1,api_client,
TCKT_085139,2023-10-05 05:14:13,CUST_04064,education,in_app,billing,billing_problem,low,in_progress,gold,My invoice amount is incorrect compared to the plan I selected.,Thanks for reaching out about the billing issue. We will look into this and get back to you within the next 48 hours.,,,0,neutral,3,0,desktop_app,EU
TCKT_085213,2023-10-13 23:57:12,CUST_01344,small_business,web_form,notifications,account_access,high,in_progress,standard,I cannot log in; the system says my password is incorrect.,Sorry to hear you're having trouble accessing your account. We are prioritizing this and will update you as soon as possible.,,,0,very_negative,1,0,web,MEA
TCKT_085353,2023-10-14 02:04:24,CUST_09011,small_business,phone_transcript,login_auth,billing_problem,high,on_hold,standard,My invoice amount is incorrect compared to the plan I selected.,Thanks for reaching out about the billing issue. We are prioritizing this and will update you as soon as possible.,,,0,negative,0,0,android,MEA
TCKT_085406,2023-10-16 17:14:16,CUST_01624,enterprise,email,mobile_app,security_concern,low,resolved,standard,We need details about your data encryption and compliance.,We take security very seriously. We will look into this and get back to you within the next 48 hours.,"Investigated logs, mitigated the issue, and updated security settings.",21.36,0,neutral,0,0,web,EU
TCKT_085427,2023-10-30 02:36:51,CUST_01327,individual,chat,notifications,account_access,low,open,standard,My account was locked after multiple failed login attempts.,Sorry to hear you're having trouble accessing your account. We will look into this and get back to you within the next 48 hours.,,,0,negative,2,0,web,APAC
TCKT_085433,2023-10-09 07:49:39,CUST_07528,small_business,phone_transcript,notifications,how_to,medium,resolved,standard,I need help setting up notifications for my team.,Happy to help with your question. Our team is reviewing this and will follow up within 24 hours.,Provided step-by-step instructions and relevant documentation.,11.66,0,neutral,3,0,desktop_app,MEA
TCKT_085435,2023-10-24 09:47:37,CUST_06671,non_profit,email,notifications,billing_problem,low,resolved,standard,I downgraded my plan but I am still being billed for the higher tier.,Thanks for reaching out about the billing issue. We will look into this and get back to you within the next 48 hours.,Adjusted the invoice and issued a refund where applicable.,57.37,1,positive,5,0,web,MEA
TCKT_085443,2023-10-10 16:59:47,CUST_01459,non_profit,chat,data_export,feature_request,high,open,platinum,It would be great to have data export support in your product.,Thanks for your feature suggestion. We are prioritizing this and will update you as soon as possible.,,,0,negative,2,0,web,
TCKT_085606,2023-10-18 10:51:00,CUST_02549,enterprise,chat,analytics_dashboard,performance,low,in_progress,gold,Queries in the analytics dashboard module are timing out.,We understand performance issues can be frustrating. We will look into this and get back to you within the next 48 hours.,,,0,negative,3,1,desktop_app,EU
TCKT_085697,2023-10-06 01:44:19,CUST_07157,small_business,email,login_auth,how_to,low,on_hold,standard,Can you explain how to configure login auth properly?,Happy to help with your question. We will look into this and get back to you within the next 48 hours.,,,0,positive,4,1,web,
TCKT_085718,2023-10-16 15:52:29,CUST_05103,non_profit,web_form,billing,performance,high,in_progress,standard,Queries in the billing module are timing out.,We understand performance issues can be frustrating. We are prioritizing this and will update you as soon as possible.,,,0,negative,3,0,web,APAC
TCKT_085723,2023-10-09 18:40:40,CUST_06604,enterprise,in_app,analytics_dashboard,billing_problem,low,resolved,standard,I downgraded my plan but I am still being billed for the higher tier.,Thanks for reaching out about the billing issue. We will look into this and get back to you within the next 48 hours.,Adjusted the invoice and issued a refund where applicable.,43.88,0,very_negative,2,0,desktop_app,MEA
TCKT_085727,2023-10-27 23:40:49,CUST_08763,enterprise,chat,analytics_dashboard,feature_request,low,resolved,standard,It would be great to have analytics dashboard support in your product.,Thanks for your feature suggestion. We will look into this and get back to you within the next 48 hours.,Captured the request and added it to the product backlog.,16.33,0,positive,5,0,web,EU
TCKT_085754,2023-10-10 06:05:11,CUST_08544,enterprise,chat,analytics_dashboard,bug,low,resolved,standard,The page keeps crashing whenever I try to open the analytics dashboard section.,Thanks for reporting this bug. We will look into this and get back to you within the next 48 hours.,Patched the bug and deployed a fix to production.,10.63,0,neutral,3,0,api_client,MEA
TCKT_085776,2023-10-30 00:51:39,CUST_01350,education,email,analytics_dashboard,feature_request,medium,on_hold,standard,Can you add an option to customize analytics dashboard?,Thanks for your feature suggestion. Our team is reviewing this and will follow up within 24 hours.,,,0,positive,0,0,api_client,EU
TCKT_085778,2023-10-09 23:51:54,CUST_05873,small_business,in_app,api_integration,how_to,low,in_progress,standard,Can you explain how to configure api integration properly?,Happy to help with your question. We will look into this and get back to you within the next 48 hours.,,,0,negative,2,0,android,APAC
TCKT_085807,2023-10-29 15:54:55,CUST_05548,non_profit,web_form,login_auth,security_concern,medium,resolved,standard,I noticed a suspicious login on my account.,We take security very seriously. Our team is reviewing this and will follow up within 24 hours.,"Investigated logs, mitigated the issue, and updated security settings.",26.74,0,very_negative,0,0,desktop_app,APAC
TCKT_085850,2023-10-20 09:15:52,CUST_00773,education,in_app,notifications,billing_problem,high,resolved,standard,I downgraded my plan but I am still being billed for the higher tier.,Thanks for reaching out about the billing issue. We are prioritizing this and will update you as soon as possible.,Adjusted the invoice and issued a refund where applicable.,17.47,0,positive,0,0,web,LATAM
TCKT_085901,2023-10-26 02:23:01,CUST_08382,enterprise,web_form,billing,other,high,in_progress,standard,I have a general question about my account.,Thanks for contacting support. We are prioritizing this and will update you as soon as possible.,,,0,neutral,3,1,api_client,MEA
TCKT_085919,2023-10-14 17:31:22,CUST_01062,non_profit,phone_transcript,notifications,account_access,medium,closed_no_action,platinum,My account was locked after multiple failed login attempts.,Sorry to hear you're having trouble accessing your account. Our team is reviewing this and will follow up within 24 hours.,Ticket closed without further action after no response from the customer.,34.98,0,neutral,4,0,android,EU
TCKT_085943,2023-10-02 08:47:05,CUST_09463,education,phone_transcript,login_auth,account_access,high,resolved,gold,My 2FA code is not working when I try to sign in.,Sorry to hear you're having trouble accessing your account. We are prioritizing this and will update you as soon as possible.,Reset account credentials and confirmed successful login.,14.53,0,very_negative,0,0,web,EU
TCKT_085949,2023-10-06 08:57:40,CUST_09347,non_profit,web_form,notifications,security_concern,low,in_progress,standard,I noticed a suspicious login on my account.,We take security very seriously. We will look into this and get back to you within the next 48 hours.,,,0,negative,3,1,android,
TCKT_085993,2023-10-29 18:07:50,CUST_06086,individual,web_form,billing,how_to,high,on_hold,standard,How can I export my data from the billing section?,Happy to help with your question. We are prioritizing this and will update you as soon as possible.,,,0,neutral,4,1,ios,MEA
TCKT_086033,2023-10-15 09:59:14,CUST_06889,enterprise,phone_transcript,billing,bug,medium,open,standard,I am seeing an error message when I click on billing.,Thanks for reporting this bug. Our team is reviewing this and will follow up within 24 hours.,,,0,very_negative,1,1,android,LATAM
TCKT_086066,2023-10-17 02:53:07,CUST_07915,education,web_form,login_auth,account_access,urgent,resolved,platinum,My 2FA code is not working when I try to sign in.,Sorry to hear you're having trouble accessing your account. This has been escalated to our on-call team for immediate attention.,Reset account credentials and confirmed successful login.,7.6,0,positive,4,0,desktop_app,MEA
TCKT_086086,2023-10-02 13:15:02,CUST_01840,enterprise,in_app,notifications,feature_request,low,resolved,standard,Our team needs more advanced options for notifications.,Thanks for your feature suggestion. We will look into this and get back to you within the next 48 hours.,Captured the request and added it to the product backlog.,61.81,0,negative,2,0,desktop_app,LATAM
TCKT_086136,2023-10-11 11:34:44,CUST_04737,individual,in_app,billing,billing_problem,high,resolved,standard,I downgraded my plan but I am still being billed for the higher tier.,Thanks for reaching out about the billing issue. We are prioritizing this and will update you as soon as possible.,Adjusted the invoice and issued a refund where applicable.,16.43,0,negative,3,1,desktop_app,LATAM
TCKT_086147,2023-10-14 23:53:57,CUST_05204,enterprise,in_app,data_export,performance,medium,on_hold,standard,The data export page is very slow and takes a long time to load.,We understand performance issues can be frustrating. Our team is reviewing this and will follow up within 24 hours.,,,0,very_positive,0,0,api_client,APAC
TCKT_086150,2023-10-06 08:24:54,CUST_01973,education,email,data_export,how_to,high,on_hold,standard,How can I export my data from the data export section?,Happy to help with your question. We are prioritizing this and will update you as soon as possible.,,,1,very_negative,0,0,api_client,LATAM
TCKT_086153,2023-10-27 22:10:14,CUST_09340,enterprise,chat,billing,security_concern,medium,on_hold,standard,We need details about your data encryption and compliance.,We take security very seriously. Our team is reviewing this and will follow up within 24 hours.,,,0,very_negative,2,0,api_client,LATAM
TCKT_086192,2023-10-18 06:08:13,CUST_00282,education,phone_transcript,billing,security_concern,low,resolved,standard,We need details about your data encryption and compliance.,We take security very seriously. We will look into this and get back to you within the next 48 hours.,"Investigated logs, mitigated the issue, and updated security settings.",15.08,0,neutral,3,1,ios,LATAM
TCKT_086248,2023-10-12 07:43:47,CUST_09423,education,in_app,mobile_app,billing_problem,high,in_progress,standard,My invoice amount is incorrect compared to the plan I selected.,Thanks for reaching out about the billing issue. We are prioritizing this and will update you as soon as possible.,,,0,negative,2,0,api_client,LATAM
TCKT_086252,2023-10-02 10:46:43,CUST_02109,non_profit,chat,login_auth,other,medium,open,platinum,I have a general question about my account.,Thanks for contacting support. Our team is reviewing this and will follow up within 24 hours.,,,0,negative,2,1,android,MEA
TCKT_086281,2023-10-21 15:09:45,CUST_07790,small_business,phone_transcript,mobile_app,billing_problem,urgent,resolved,standard,I downgraded my plan but I am still being billed for the higher tier.,Thanks for reaching out about the billing issue. This has been escalated to our on-call team for immediate attention.,Adjusted the invoice and issued a refund where applicable.,2.81,0,negative,3,0,android,APAC
TCKT_086446,2023-10-15 17:51:51,CUST_07927,individual,chat,billing,other,high,resolved,standard,I need help but I'm not sure which category this fits in.,Thanks for contacting support. We are prioritizing this and will update you as soon as possible.,Provided general guidance and confirmed the issue was resolved.,1.45,0,neutral,0,0,android,
TCKT_086629,2023-10-21 11:56:06,CUST_01221,enterprise,phone_transcript,mobile_app,other,high,resolved,standard,I have a general question about my account.,Thanks for contacting support. We are prioritizing this and will update you as soon as possible.,Provided general guidance and confirmed the issue was resolved.,7.55,0,positive,4,1,api_client,
TCKT_086769,2023-10-23 06:13:56,CUST_07019,non_profit,web_form,mobile_app,bug,high,closed_no_action,standard,The page keeps crashing whenever I try to open the mobile app section.,Thanks for reporting this bug. We are prioritizing this and will update you as soon as possible.,Ticket closed without further action after no response from the customer.,120.75,0,neutral,3,0,desktop_app,LATAM
TCKT_086843,2023-10-15 13:58:05,CUST_05343,individual,phone_transcript,notifications,security_concern,urgent,resolved,gold,We need details about your data encryption and compliance.,We take security very seriously. This has been escalated to our on-call team for immediate attention.,"Investigated logs, mitigated the issue, and updated security settings.",2.4,0,very_negative,2,1,ios,APAC
TCKT_086851,2023-10-28 14:56:59,CUST_07660,individual,email,analytics_dashboard,how_to,low,resolved,standard,Can you explain how to configure analytics dashboard properly?,Happy to help with your question. We will look into this and get back to you within the next 48 hours.,Provided step-by-step instructions and relevant documentation.,63.7,0,very_positive,5,0,desktop_app,LATAM
TCKT_086883,2023-10-20 21:57:20,CUST_07849,education,web_form,login_auth,security_concern,medium,resolved,standard,I noticed a suspicious login on my account.,We take security very seriously. Our team is reviewing this and will follow up within 24 hours.,"Investigated logs, mitigated the issue, and updated security settings.",31.81,0,very_positive,5,0,android,MEA
TCKT_086919,2023-10-28 20:07:51,CUST_06900,education,email,notifications,feature_request,low,on_hold,standard,Can you add an option to customize notifications?,Thanks for your feature suggestion. We will look into this and get back to you within the next 48 hours.,,,0,positive,0,1,desktop_app,
TCKT_087034,2023-10-18 22:47:36,CUST_06215,enterprise,email,api_integration,performance,medium,resolved,standard,The api integration page is very slow and takes a long time to load.,We understand performance issues can be frustrating. Our team is reviewing this and will follow up within 24 hours.,Optimized queries and increased resource allocation.,12.4,0,negative,3,0,android,EU
TCKT_087041,2023-10-21 05:21:26,CUST_07377,enterprise,web_form,data_export,how_to,medium,resolved,gold,Can you explain how to configure data export properly?,Happy to help with your question. Our team is reviewing this and will follow up within 24 hours.,Provided step-by-step instructions and relevant documentation.,31.5,0,neutral,3,1,desktop_app,APAC
TCKT_087148,2023-10-28 00:37:07,CUST_00664,individual,phone_transcript,notifications,account_access,low,resolved,gold,My 2FA code is not working when I try to sign in.,Sorry to hear you're having trouble accessing your account. We will look into this and get back to you within the next 48 hours.,Reset account credentials and confirmed successful login.,26.02,0,negative,2,0,desktop_app,APAC
TCKT_087179,2023-10-18 23:50:56,CUST_01799,education,in_app,api_integration,account_access,low,resolved,standard,My 2FA code is not working when I try to sign in.,Sorry to hear you're having trouble accessing your account. We will look into this and get back to you within the next 48 hours.,Reset account credentials and confirmed successful login.,40.2,0,negative,2,1,android,EU
TCKT_087180,2023-10-08 11:58:38,CUST_01625,individual,in_app,analytics_dashboard,other,low,in_progress,platinum,I have a general question about my account.,Thanks for contacting support. We will look into this and get back to you within the next 48 hours.,,,0,positive,5,0,desktop_app,LATAM
TCKT_087184,2023-10-31 04:13:02,CUST_00368,non_profit,in_app,billing,performance,low,resolved,platinum,Overall performance has degraded in the last few days.,We understand performance issues can be frustrating. We will look into this and get back to you within the next 48 hours.,Optimized queries and increased resource allocation.,19.95,0,negative,3,0,desktop_app,EU
TCKT_087209,2023-10-11 14:52:55,CUST_00573,education,chat,billing,security_concern,low,resolved,gold,There seems to be a vulnerability in the billing functionality.,We take security very seriously. We will look into this and get back to you within the next 48 hours.,"Investigated logs, mitigated the issue, and updated security settings.",24.55,0,negative,0,0,android,LATAM
TCKT_087242,2023-10-19 20:42:07,CUST_07432,education,web_form,billing,account_access,high,resolved,standard,I cannot log in; the system says my password is incorrect.,Sorry to hear you're having trouble accessing your account. We are prioritizing this and will update you as soon as possible.,Reset account credentials and confirmed successful login.,7.06,0,very_negative,0,1,ios,EU
TCKT_087254,2023-10-24 08:51:36,CUST_07826,individual,chat,analytics_dashboard,security_concern,low,resolved,gold,There seems to be a vulnerability in the analytics dashboard functionality.,We take security very seriously. We will look into this and get back to you within the next 48 hours.,"Investigated logs, mitigated the issue, and updated security settings.",47.03,0,very_negative,0,0,android,
TCKT_087295,2023-10-14 20:52:14,CUST_07939,non_profit,phone_transcript,billing,security_concern,low,resolved,standard,I noticed a suspicious login on my account.,We take security very seriously. We will look into this and get back to you within the next 48 hours.,"Investigated logs, mitigated the issue, and updated security settings.",54.22,0,negative,3,0,api_client,
TCKT_087331,2023-10-19 03:54:13,CUST_04820,small_business,email,analytics_dashboard,how_to,low,open,standard,I need help setting up analytics dashboard for my team.,Happy to help with your question. We will look into this and get back to you within the next 48 hours.,,,0,very_positive,0,0,web,EU
TCKT_087374,2023-10-19 01:26:21,CUST_04634,individual,phone_transcript,data_export,account_access,high,resolved,standard,My 2FA code is not working when I try to sign in.,Sorry to hear you're having trouble accessing your account. We are prioritizing this and will update you as soon as possible.,Reset account credentials and confirmed successful login.,8.13,0,negative,0,0,android,APAC
TCKT_087423,2023-10-27 06:50:39,CUST_03420,small_business,phone_transcript,analytics_dashboard,account_access,medium,in_progress,gold,I cannot log in; the system says my password is incorrect.,Sorry to hear you're having trouble accessing your account. Our team is reviewing this and will follow up within 24 hours.,,,0,very_negative,0,0,android,LATAM
TCKT_087459,2023-10-15 01:59:45,CUST_06239,non_profit,email,mobile_app,billing_problem,medium,resolved,standard,My invoice amount is incorrect compared to the plan I selected.,Thanks for reaching out about the billing issue. Our team is reviewing this and will follow up within 24 hours.,Adjusted the invoice and issued a refund where applicable.,31.41,0,very_negative,1,0,api_client,APAC
TCKT_087488,2023-10-24 22:32:10,CUST_07494,non_profit,chat,api_integration,bug,low,in_progress,platinum,I am seeing an error message when I click on api integration.,Thanks for reporting this bug. We will look into this and get back to you within the next 48 hours.,,,0,neutral,0,0,desktop_app,
TCKT_087527,2023-10-13 21:27:23,CUST_07644,small_business,phone_transcript,mobile_app,feature_request,medium,resolved,standard,It would be great to have mobile app support in your product.,Thanks for your feature suggestion. Our team is reviewing this and will follow up within 24 hours.,Captured the request and added it to the product backlog.,25.33,0,very_positive,5,0,desktop_app,MEA
TCKT_087572,2023-10-26 15:17:23,CUST_09496,non_profit,web_form,api_integration,security_concern,low,resolved,standard,We need details about your data encryption and compliance.,We take security very seriously. We will look into this and get back to you within the next 48 hours.,"Investigated logs, mitigated the issue, and updated security settings.",21.1,0,neutral,3,0,api_client,APAC
TCKT_087645,2023-10-06 09:26:15,CUST_03996,education,phone_transcript,api_integration,account_access,medium,resolved,standard,My 2FA code is not working when I try to sign in.,Sorry to hear you're having trouble accessing your account. Our team is reviewing this and will follow up within 24 hours.,Reset account credentials and confirmed successful login.,41.29,0,negative,3,0,desktop_app,EU
TCKT_087721,2023-10-09 11:25:16,CUST_08385,individual,in_app,login_auth,performance,low,resolved,gold,Queries in the login auth module are timing out.,We understand performance issues can be frustrating. We will look into this and get back to you within the next 48 hours.,Optimized queries and increased resource allocation.,51.01,0,neutral,4,0,api_client,
TCKT_087864,2023-10-06 02:40:25,CUST_09969,small_business,email,notifications,performance,medium,in_progress,gold,The notifications page is very slow and takes a long time to load.,We understand performance issues can be frustrating. Our team is reviewing this and will follow up within 24 hours.,,,0,very_negative,1,0,ios,LATAM
TCKT_087869,2023-10-10 22:16:34,CUST_07640,enterprise,in_app,billing,other,high,resolved,platinum,I need help but I'm not sure which category this fits in.,Thanks for contacting support. We are prioritizing this and will update you as soon as possible.,Provided general guidance and confirmed the issue was resolved.,3.87,0,neutral,0,0,ios,MEA
TCKT_087963,2023-10-10 11:54:42,CUST_06587,small_business,web_form,api_integration,performance,medium,resolved,platinum,Queries in the api integration module are timing out.,We understand performance issues can be frustrating. Our team is reviewing this and will follow up within 24 hours.,Optimized queries and increased resource allocation.,23.86,0,very_negative,1,0,android,MEA
TCKT_088105,2023-10-21 11:35:06,CUST_03922,education,email,data_export,performance,low,resolved,standard,Queries in the data export module are timing out.,We understand performance issues can be frustrating. We will look into this and get back to you within the next 48 hours.,Optimized queries and increased resource allocation.,59.6,0,very_negative,1,0,desktop_app,MEA
TCKT_088158,2023-10-18 08:05:32,CUST_07235,small_business,in_app,analytics_dashboard,account_access,low,on_hold,platinum,My 2FA code is not working when I try to sign in.,Sorry to hear you're having trouble accessing your account. We will look into this and get back to you within the next 48 hours.,,,0,very_negative,1,0,desktop_app,LATAM
TCKT_088195,2023-10-06 22:23:44,CUST_07209,enterprise,phone_transcript,billing,security_concern,high,in_progress,gold,There seems to be a vulnerability in the billing functionality.,We take security very seriously. We are prioritizing this and will update you as soon as possible.,,,0,very_negative,0,0,web,LATAM
TCKT_088281,2023-10-06 20:34:44,CUST_01562,small_business,email,data_export,feature_request,high,closed_no_action,standard,It would be great to have data export support in your product.,Thanks for your feature suggestion. We are prioritizing this and will update you as soon as possible.,Ticket closed without further action after no response from the customer.,93.13,0,very_positive,5,1,web,LATAM
TCKT_088283,2023-10-17 19:12:01,CUST_01666,education,chat,data_export,security_concern,low,resolved,standard,I noticed a suspicious login on my account.,We take security very seriously. We will look into this and get back to you within the next 48 hours.,"Investigated logs, mitigated the issue, and updated security settings.",19.11,0,negative,0,0,desktop_app,EU
TCKT_088312,2023-10-13 06:00:54,CUST_09100,small_business,email,data_export,account_access,medium,on_hold,standard,I cannot log in; the system says my password is incorrect.,Sorry to hear you're having trouble accessing your account. Our team is reviewing this and will follow up within 24 hours.,,,0,negative,3,0,web,MEA
TCKT_088319,2023-10-31 15:07:32,CUST_04369,small_business,chat,mobile_app,billing_problem,medium,resolved,standard,My invoice amount is incorrect compared to the plan I selected.,Thanks for reaching out about the billing issue. Our team is reviewing this and will follow up within 24 hours.,Adjusted the invoice and issued a refund where applicable.,19.68,0,negative,2,0,desktop_app,
TCKT_088329,2023-10-12 18:00:53,CUST_04093,education,web_form,login_auth,feature_request,high,in_progress,standard,Can you add an option to customize login auth?,Thanks for your feature suggestion. We are prioritizing this and will update you as soon as possible.,,,0,neutral,4,0,desktop_app,EU
TCKT_088440,2023-10-10 07:20:38,CUST_03516,individual,in_app,api_integration,bug,medium,in_progress,standard,I am seeing an error message when I click on api integration.,Thanks for reporting this bug. Our team is reviewing this and will follow up within 24 hours.,,,0,negative,2,1,desktop_app,
TCKT_088531,2023-10-05 15:50:15,CUST_03885,non_profit,web_form,billing,performance,high,resolved,standard,Overall performance has degraded in the last few days.,We understand performance issues can be frustrating. We are prioritizing this and will update you as soon as possible.,Optimized queries and increased resource allocation.,3.09,1,negative,3,0,web,APAC
TCKT_088549,2023-10-29 05:05:24,CUST_06992,education,chat,api_integration,how_to,high,resolved,gold,I need help setting up api integration for my team.,Happy to help with your question. We are prioritizing this and will update you as soon as possible.,Provided step-by-step instructions and relevant documentation.,21.52,0,positive,5,0,web,LATAM
TCKT_088618,2023-10-22 11:41:10,CUST_05159,small_business,email,analytics_dashboard,bug,low,resolved,platinum,I am seeing an error message when I click on analytics dashboard.,Thanks for reporting this bug. We will look into this and get back to you within the next 48 hours.,Patched the bug and deployed a fix to production.,37.2,0,positive,0,0,ios,MEA
TCKT_088623,2023-10-06 02:26:38,CUST_02159,education,web_form,billing,feature_request,high,in_progress,gold,Can you add an option to customize billing?,Thanks for your feature suggestion. We are prioritizing this and will update you as soon as possible.,,,0,neutral,3,1,web,
TCKT_088626,2023-10-22 05:34:48,CUST_03568,small_business,phone_transcript,api_integration,performance,low,resolved,gold,Queries in the api integration module are timing out.,We understand performance issues can be frustrating. We will look into this and get back to you within the next 48 hours.,Optimized queries and increased resource allocation.,55.49,0,very_negative,2,0,ios,EU
TCKT_088660,2023-10-29 03:45:04,CUST_05568,individual,in_app,analytics_dashboard,account_access,high,in_progress,gold,My 2FA code is not working when I try to sign in.,Sorry to hear you're having trouble accessing your account. We are prioritizing this and will update you as soon as possible.,,,0,neutral,4,0,desktop_app,MEA
TCKT_088695,2023-10-10 06:35:58,CUST_08018,non_profit,phone_transcript,mobile_app,performance,medium,on_hold,platinum,The mobile app page is very slow and takes a long time to load.,We understand performance issues can be frustrating. Our team is reviewing this and will follow up within 24 hours.,,,0,negative,3,0,desktop_app,APAC
TCKT_088765,2023-10-04 20:15:21,CUST_05964,individual,phone_transcript,api_integration,other,medium,in_progress,standard,I have a general question about my account.,Thanks for contacting support. Our team is reviewing this and will follow up within 24 hours.,,,0,very_positive,0,1,desktop_app,LATAM
TCKT_088825,2023-10-13 09:59:35,CUST_05859,individual,web_form,billing,security_concern,medium,open,standard,I noticed a suspicious login on my account.,We take security very seriously. Our team is reviewing this and will follow up within 24 hours.,,,0,negative,2,0,desktop_app,MEA
TCKT_088882,2023-10-03 15:44:14,CUST_07755,education,in_app,data_export,billing_problem,low,resolved,standard,My invoice amount is incorrect compared to the plan I selected.,Thanks for reaching out about the billing issue. We will look into this and get back to you within the next 48 hours.,Adjusted the invoice and issued a refund where applicable.,33.01,0,negative,0,0,ios,APAC
TCKT_088975,2023-10-03 13:03:23,CUST_06900,education,web_form,api_integration,billing_problem,medium,closed_no_action,standard,My invoice amount is incorrect compared to the plan I selected.,Thanks for reaching out about the billing issue. Our team is reviewing this and will follow up within 24 hours.,Ticket closed without further action after no response from the customer.,217.45,0,very_negative,2,0,api_client,LATAM
TCKT_089114,2023-10-16 20:23:08,CUST_04571,enterprise,in_app,mobile_app,security_concern,medium,resolved,standard,We need details about your data encryption and compliance.,We take security very seriously. Our team is reviewing this and will follow up within 24 hours.,"Investigated logs, mitigated the issue, and updated security settings.",47.89,0,very_positive,5,0,web,EU
TCKT_089161,2023-10-21 23:02:04,CUST_01796,education,phone_transcript,analytics_dashboard,billing_problem,low,on_hold,standard,I downgraded my plan but I am still being billed for the higher tier.,Thanks for reaching out about the billing issue. We will look into this and get back to you within the next 48 hours.,,,0,negative,3,0,ios,EU
TCKT_089197,2023-10-04 10:50:23,CUST_05978,small_business,web_form,login_auth,billing_problem,medium,in_progress,gold,I downgraded my plan but I am still being billed for the higher tier.,Thanks for reaching out about the billing issue. Our team is reviewing this and will follow up within 24 hours.,,,0,neutral,4,1,android,LATAM
TCKT_089223,2023-10-06 21:54:35,CUST_05253,individual,phone_transcript,mobile_app,billing_problem,low,resolved,standard,I downgraded my plan but I am still being billed for the higher tier.,Thanks for reaching out about the billing issue. We will look into this and get back to you within the next 48 hours.,Adjusted the invoice and issued a refund where applicable.,38.87,0,very_negative,2,0,web,MEA
TCKT_089253,2023-10-25 04:43:59,CUST_02026,small_business,phone_transcript,mobile_app,billing_problem,low,in_progress,gold,I downgraded my plan but I am still being billed for the higher tier.,Thanks for reaching out about the billing issue. We will look into this and get back to you within the next 48 hours.,,,0,negative,2,0,web,APAC
TCKT_089259,2023-10-17 04:41:25,CUST_01867,enterprise,chat,billing,billing_problem,low,closed_no_action,standard,I was charged twice for my subscription this month.,Thanks for reaching out about the billing issue. We will look into this and get back to you within the next 48 hours.,Ticket closed without further action after no response from the customer.,213.36,0,negative,0,0,web,EU
TCKT_089301,2023-10-27 01:13:30,CUST_02322,enterprise,chat,analytics_dashboard,billing_problem,urgent,closed_no_action,standard,I downgraded my plan but I am still being billed for the higher tier.,Thanks for reaching out about the billing issue. This has been escalated to our on-call team for immediate attention.,Ticket closed without further action after no response from the customer.,103.35,0,neutral,3,1,api_client,
TCKT_089328,2023-10-29 09:35:23,CUST_05572,individual,in_app,notifications,security_concern,medium,resolved,standard,We need details about your data encryption and compliance.,We take security very seriously. Our team is reviewing this and will follow up within 24 hours.,"Investigated logs, mitigated the issue, and updated security settings.",19.51,0,negative,2,0,ios,LATAM
TCKT_089355,2023-10-29 01:11:33,CUST_01985,small_business,email,api_integration,performance,medium,resolved,standard,The api integration page is very slow and takes a long time to load.,We understand performance issues can be frustrating. Our team is reviewing this and will follow up within 24 hours.,Optimized queries and increased resource allocation.,36.33,0,neutral,0,1,web,LATAM
TCKT_089432,2023-10-02 18:01:09,CUST_09904,individual,web_form,login_auth,how_to,medium,resolved,gold,How can I export my data from the login auth section?,Happy to help with your question. Our team is reviewing this and will follow up within 24 hours.,Provided step-by-step instructions and relevant documentation.,39.53,0,neutral,4,0,ios,EU
TCKT_089457,2023-10-30 19:55:32,CUST_09260,non_profit,phone_transcript,analytics_dashboard,account_access,medium,resolved,gold,My account was locked after multiple failed login attempts.,Sorry to hear you're having trouble accessing your account. Our team is reviewing this and will follow up within 24 hours.,Reset account credentials and confirmed successful login.,12.93,1,very_negative,1,1,api_client,EU
TCKT_089502,2023-10-18 00:00:45,CUST_02048,small_business,email,billing,feature_request,low,in_progress,standard,It would be great to have billing support in your product.,Thanks for your feature suggestion. We will look into this and get back to you within the next 48 hours.,,,0,negative,2,0,api_client,APAC
TCKT_089607,2023-10-30 16:31:44,CUST_03035,small_business,in_app,mobile_app,other,low,on_hold,standard,"Something seems off, can you please check my workspace?",Thanks for contacting support. We will look into this and get back to you within the next 48 hours.,,,0,negative,2,0,ios,
TCKT_089616,2023-10-13 23:40:35,CUST_06456,individual,web_form,notifications,other,low,resolved,standard,I need help but I'm not sure which category this fits in.,Thanks for contacting support. We will look into this and get back to you within the next 48 hours.,Provided general guidance and confirmed the issue was resolved.,8.5,1,neutral,4,0,android,MEA
TCKT_089656,2023-10-31 20:38:40,CUST_09847,enterprise,phone_transcript,billing,billing_problem,medium,resolved,gold,I was charged twice for my subscription this month.,Thanks for reaching out about the billing issue. Our team is reviewing this and will follow up within 24 hours.,Adjusted the invoice and issued a refund where applicable.,8.67,0,negative,0,0,ios,
TCKT_089782,2023-10-16 15:44:15,CUST_03759,individual,chat,mobile_app,security_concern,medium,on_hold,gold,We need details about your data encryption and compliance.,We take security very seriously. Our team is reviewing this and will follow up within 24 hours.,,,0,very_negative,2,0,ios,LATAM
TCKT_089790,2023-10-17 17:20:02,CUST_03751,small_business,web_form,billing,account_access,low,closed_no_action,gold,My 2FA code is not working when I try to sign in.,Sorry to hear you're having trouble accessing your account. We will look into this and get back to you within the next 48 hours.,Ticket closed without further action after no response from the customer.,116.71,0,very_negative,2,0,api_client,MEA
TCKT_089843,2023-10-04 04:20:33,CUST_06308,enterprise,web_form,billing,security_concern,medium,in_progress,standard,I noticed a suspicious login on my account.,We take security very seriously. Our team is reviewing this and will follow up within 24 hours.,,,0,negative,2,0,android,
TCKT_089900,2023-10-08 06:36:16,CUST_03379,individual,phone_transcript,login_auth,how_to,medium,resolved,standard,Can you explain how to configure login auth properly?,Happy to help with your question. Our team is reviewing this and will follow up within 24 hours.,Provided step-by-step instructions and relevant documentation.,16.1,0,neutral,3,0,ios,
TCKT_089927,2023-10-08 20:56:06,CUST_08873,enterprise,web_form,api_integration,billing_problem,low,on_hold,standard,I was charged twice for my subscription this month.,Thanks for reaching out about the billing issue. We will look into this and get back to you within the next 48 hours.,,,0,neutral,0,0,android,LATAM
TCKT_090014,2023-10-05 10:00:49,CUST_03154,education,web_form,notifications,bug,high,resolved,platinum,The page keeps crashing whenever I try to open the notifications section.,Thanks for reporting this bug. We are prioritizing this and will update you as soon as possible.,Patched the bug and deployed a fix to production.,2.48,0,neutral,3,1,desktop_app,LATAM
TCKT_090171,2023-10-03 22:18:07,CUST_06445,education,in_app,billing,how_to,medium,resolved,standard,I need help setting up billing for my team.,Happy to help with your question. Our team is reviewing this and will follow up within 24 hours.,Provided step-by-step instructions and relevant documentation.,5.89,0,neutral,3,1,web,EU
TCKT_090202,2023-10-03 04:13:22,CUST_04286,enterprise,chat,data_export,feature_request,low,resolved,standard,Can you add an option to customize data export?,Thanks for your feature suggestion. We will look into this and get back to you within the next 48 hours.,Captured the request and added it to the product backlog.,60.46,0,very_positive,5,0,desktop_app,APAC
TCKT_090222,2023-10-12 05:59:24,CUST_00528,non_profit,web_form,analytics_dashboard,security_concern,low,resolved,standard,There seems to be a vulnerability in the analytics dashboard functionality.,We take security very seriously. We will look into this and get back to you within the next 48 hours.,"Investigated logs, mitigated the issue, and updated security settings.",64.48,0,negative,3,0,web,EU
TCKT_090242,2023-10-22 19:33:07,CUST_05362,small_business,in_app,data_export,feature_request,high,resolved,gold,Our team needs more advanced options for data export.,Thanks for your feature suggestion. We are prioritizing this and will update you as soon as possible.,Captured the request and added it to the product backlog.,15.84,0,positive,5,1,ios,EU
TCKT_090310,2023-10-19 05:10:32,CUST_06998,non_profit,web_form,api_integration,performance,medium,closed_no_action,standard,Overall performance has degraded in the last few days.,We understand performance issues can be frustrating. Our team is reviewing this and will follow up within 24 hours.,Ticket closed without further action after no response from the customer.,83.76,1,negative,0,1,ios,APAC
TCKT_090371,2023-10-01 05:14:25,CUST_01498,non_profit,in_app,notifications,performance,low,resolved,standard,Overall performance has degraded in the last few days.,We understand performance issues can be frustrating. We will look into this and get back to you within the next 48 hours.,Optimized queries and increased resource allocation.,65.57,0,negative,3,0,api_client,MEA
TCKT_090428,2023-10-26 21:34:16,CUST_07240,individual,phone_transcript,notifications,feature_request,low,closed_no_action,gold,Can you add an option to customize notifications?,Thanks for your feature suggestion. We will look into this and get back to you within the next 48 hours.,Ticket closed without further action after no response from the customer.,25.13,0,positive,5,0,web,MEA
TCKT_090473,2023-10-21 06:26:18,CUST_02005,non_profit,chat,api_integration,how_to,medium,resolved,standard,Can you explain how to configure api integration properly?,Happy to help with your question. Our team is reviewing this and will follow up within 24 hours.,Provided step-by-step instructions and relevant documentation.,43.43,0,negative,0,1,web,EU
TCKT_090544,2023-10-28 14:24:54,CUST_07359,small_business,in_app,api_integration,billing_problem,low,resolved,gold,My invoice amount is incorrect compared to the plan I selected.,Thanks for reaching out about the billing issue. We will look into this and get back to you within the next 48 hours.,Adjusted the invoice and issued a refund where applicable.,45.19,0,neutral,0,0,android,APAC
TCKT_090545,2023-10-30 02:19:40,CUST_02419,non_profit,web_form,mobile_app,security_concern,low,resolved,platinum,I noticed a suspicious login on my account.,We take security very seriously. We will look into this and get back to you within the next 48 hours.,"Investigated logs, mitigated the issue, and updated security settings.",37.89,0,neutral,4,0,api_client,MEA
TCKT_090582,2023-10-04 12:55:04,CUST_01283,education,in_app,login_auth,security_concern,medium,closed_no_action,standard,We need details about your data encryption and compliance.,We take security very seriously. Our team is reviewing this and will follow up within 24 hours.,Ticket closed without further action after no response from the customer.,141.6,0,very_negative,0,0,ios,EU
TCKT_090588,2023-10-29 01:46:21,CUST_02038,non_profit,email,login_auth,other,urgent,in_progress,gold,I have a general question about my account.,Thanks for contacting support. This has been escalated to our on-call team for immediate attention.,,,0,very_positive,5,0,android,LATAM
TCKT_090739,2023-10-26 23:51:09,CUST_07850,non_profit,email,login_auth,bug,medium,resolved,standard,I am seeing an error message when I click on login auth.,Thanks for reporting this bug. Our team is reviewing this and will follow up within 24 hours.,Patched the bug and deployed a fix to production.,47.94,0,negative,0,0,api_client,
TCKT_090740,2023-10-15 17:34:34,CUST_08925,education,phone_transcript,analytics_dashboard,how_to,medium,resolved,standard,I need help setting up analytics dashboard for my team.,Happy to help with your question. Our team is reviewing this and will follow up within 24 hours.,Provided step-by-step instructions and relevant documentation.,18.45,0,negative,3,0,android,APAC
TCKT_090778,2023-10-13 04:15:08,CUST_01084,enterprise,web_form,mobile_app,billing_problem,urgent,open,gold,My invoice amount is incorrect compared to the plan I selected.,Thanks for reaching out about the billing issue. This has been escalated to our on-call team for immediate attention.,,,0,neutral,3,0,desktop_app,LATAM
TCKT_090793,2023-10-14 00:00:28,CUST_04102,individual,chat,login_auth,account_access,low,resolved,platinum,My account was locked after multiple failed login attempts.,Sorry to hear you're having trouble accessing your account. We will look into this and get back to you within the next 48 hours.,Reset account credentials and confirmed successful login.,43.66,0,neutral,3,0,web,EU
TCKT_090836,2023-10-20 03:22:59,CUST_07853,individual,in_app,analytics_dashboard,security_concern,medium,resolved,standard,We need details about your data encryption and compliance.,We take security very seriously. Our team is reviewing this and will follow up within 24 hours.,"Investigated logs, mitigated the issue, and updated security settings.",5.34,0,positive,4,0,api_client,APAC
TCKT_090839,2023-10-22 04:34:50,CUST_08193,education,in_app,analytics_dashboard,security_concern,low,closed_no_action,standard,I noticed a suspicious login on my account.,We take security very seriously. We will look into this and get back to you within the next 48 hours.,Ticket closed without further action after no response from the customer.,61.4,0,negative,2,0,desktop_app,MEA
TCKT_090864,2023-10-08 05:01:55,CUST_03975,non_profit,web_form,analytics_dashboard,account_access,low,open,standard,I cannot log in; the system says my password is incorrect.,Sorry to hear you're having trouble accessing your account. We will look into this and get back to you within the next 48 hours.,,,1,neutral,3,1,api_client,APAC
TCKT_091063,2023-10-17 23:33:27,CUST_06263,individual,in_app,notifications,how_to,urgent,in_progress,gold,I need help setting up notifications for my team.,Happy to help with your question. This has been escalated to our on-call team for immediate attention.,,,0,negative,0,0,ios,EU
TCKT_091096,2023-10-14 08:47:21,CUST_03592,education,chat,analytics_dashboard,billing_problem,high,in_progress,platinum,I was charged twice for my subscription this month.,Thanks for reaching out about the billing issue. We are prioritizing this and will update you as soon as possible.,,,0,very_negative,1,0,api_client,LATAM
TCKT_091104,2023-10-29 13:13:00,CUST_08738,enterprise,in_app,mobile_app,other,medium,closed_no_action,standard,I have a general question about my account.,Thanks for contacting support. Our team is reviewing this and will follow up within 24 hours.,Ticket closed without further action after no response from the customer.,85.98,0,very_negative,1,0,android,MEA
TCKT_091370,2023-10-25 05:53:46,CUST_00649,individual,email,notifications,account_access,low,resolved,standard,My account was locked after multiple failed login attempts.,Sorry to hear you're having trouble accessing your account. We will look into this and get back to you within the next 48 hours.,Reset account credentials and confirmed successful login.,14.76,0,negative,0,0,web,APAC
TCKT_091398,2023-10-22 09:21:47,CUST_01094,education,in_app,login_auth,billing_problem,low,open,standard,I downgraded my plan but I am still being billed for the higher tier.,Thanks for reaching out about the billing issue. We will look into this and get back to you within the next 48 hours.,,,0,negative,2,0,android,
TCKT_091496,2023-10-17 01:04:38,CUST_09362,non_profit,chat,login_auth,account_access,medium,closed_no_action,gold,I cannot log in; the system says my password is incorrect.,Sorry to hear you're having trouble accessing your account. Our team is reviewing this and will follow up within 24 hours.,Ticket closed without further action after no response from the customer.,145.45,0,neutral,4,0,ios,EU
TCKT_091502,2023-10-12 20:06:20,CUST_09256,education,email,login_auth,other,low,resolved,platinum,I need help but I'm not sure which category this fits in.,Thanks for contacting support. We will look into this and get back to you within the next 48 hours.,Provided general guidance and confirmed the issue was resolved.,13.25,0,positive,5,0,android,MEA
TCKT_091550,2023-10-16 03:28:19,CUST_04757,small_business,chat,api_integration,billing_problem,medium,in_progress,platinum,I downgraded my plan but I am still being billed for the higher tier.,Thanks for reaching out about the billing issue. Our team is reviewing this and will follow up within 24 hours.,,,0,very_negative,1,0,ios,APAC
TCKT_091589,2023-10-09 14:52:05,CUST_05722,individual,web_form,data_export,security_concern,medium,resolved,standard,We need details about your data encryption and compliance.,We take security very seriously. Our team is reviewing this and will follow up within 24 hours.,"Investigated logs, mitigated the issue, and updated security settings.",40.29,0,neutral,0,0,ios,MEA
TCKT_091637,2023-10-06 14:50:51,CUST_06684,individual,in_app,mobile_app,other,medium,resolved,gold,I have a general question about my account.,Thanks for contacting support. Our team is reviewing this and will follow up within 24 hours.,Provided general guidance and confirmed the issue was resolved.,15.49,0,very_negative,2,1,desktop_app,MEA
TCKT_091699,2023-10-09 21:52:00,CUST_04598,small_business,email,api_integration,how_to,medium,resolved,gold,How can I export my data from the api integration section?,Happy to help with your question. Our team is reviewing this and will follow up within 24 hours.,Provided step-by-step instructions and relevant documentation.,12.16,0,neutral,3,0,desktop_app,APAC
TCKT_091735,2023-10-30 22:12:42,CUST_05133,individual,chat,notifications,other,low,in_progress,platinum,"Something seems off, can you please check my workspace?",Thanks for contacting support. We will look into this and get back to you within the next 48 hours.,,,0,neutral,4,0,web,APAC
TCKT_091736,2023-10-18 16:48:21,CUST_03667,education,in_app,data_export,bug,medium,resolved,standard,The data export feature is not saving my changes.,Thanks for reporting this bug. Our team is reviewing this and will follow up within 24 hours.,Patched the bug and deployed a fix to production.,41.31,0,neutral,4,0,web,APAC
TCKT_091817,2023-10-22 12:34:17,CUST_07872,small_business,email,login_auth,how_to,medium,open,standard,How can I export my data from the login auth section?,Happy to help with your question. Our team is reviewing this and will follow up within 24 hours.,,,0,neutral,4,1,web,MEA
TCKT_091884,2023-10-04 23:03:18,CUST_09587,small_business,phone_transcript,data_export,performance,medium,resolved,gold,Overall performance has degraded in the last few days.,We understand performance issues can be frustrating. Our team is reviewing this and will follow up within 24 hours.,Optimized queries and increased resource allocation.,23.67,1,very_negative,0,0,web,
TCKT_091887,2023-10-15 03:23:36,CUST_03130,non_profit,email,login_auth,security_concern,medium,closed_no_action,gold,We need details about your data encryption and compliance.,We take security very seriously. Our team is reviewing this and will follow up within 24 hours.,Ticket closed without further action after no response from the customer.,101.44,0,very_positive,5,0,ios,APAC
TCKT_091960,2023-10-16 00:00:07,CUST_02075,non_profit,email,mobile_app,bug,urgent,open,gold,The page keeps crashing whenever I try to open the mobile app section.,Thanks for reporting this bug. This has been escalated to our on-call team for immediate attention.,,,0,neutral,4,0,ios,EU
TCKT_091962,2023-10-30 21:10:25,CUST_05931,small_business,phone_transcript,data_export,performance,medium,resolved,standard,Overall performance has degraded in the last few days.,We understand performance issues can be frustrating. Our team is reviewing this and will follow up within 24 hours.,Optimized queries and increased resource allocation.,5.31,0,very_negative,0,0,api_client,
TCKT_092005,2023-10-02 05:13:56,CUST_06743,education,chat,data_export,performance,medium,in_progress,platinum,Queries in the data export module are timing out.,We understand performance issues can be frustrating. Our team is reviewing this and will follow up within 24 hours.,,,0,negative,3,1,web,LATAM
TCKT_092038,2023-10-12 13:24:54,CUST_06121,individual,phone_transcript,notifications,other,medium,on_hold,standard,I have a general question about my account.,Thanks for contacting support. Our team is reviewing this and will follow up within 24 hours.,,,0,very_negative,1,0,web,LATAM
TCKT_092102,2023-10-10 21:52:40,CUST_01511,non_profit,chat,data_export,feature_request,high,closed_no_action,standard,Can you add an option to customize data export?,Thanks for your feature suggestion. We are prioritizing this and will update you as soon as possible.,Ticket closed without further action after no response from the customer.,221.16,0,very_positive,5,0,desktop_app,MEA
TCKT_092139,2023-10-25 15:51:26,CUST_06458,individual,email,mobile_app,other,high,resolved,standard,I have a general question about my account.,Thanks for contacting support. We are prioritizing this and will update you as soon as possible.,Provided general guidance and confirmed the issue was resolved.,2.29,0,neutral,4,0,desktop_app,LATAM
TCKT_092208,2023-10-04 05:39:57,CUST_06211,education,email,notifications,performance,medium,on_hold,gold,The notifications page is very slow and takes a long time to load.,We understand performance issues can be frustrating. Our team is reviewing this and will follow up within 24 hours.,,,0,negative,3,0,android,EU
TCKT_092299,2023-10-04 16:54:05,CUST_02097,education,phone_transcript,mobile_app,performance,high,in_progress,standard,Queries in the mobile app module are timing out.,We understand performance issues can be frustrating. We are prioritizing this and will update you as soon as possible.,,,0,very_negative,0,0,api_client,LATAM
TCKT_092318,2023-10-20 14:17:43,CUST_09518,small_business,web_form,mobile_app,feature_request,medium,resolved,gold,Our team needs more advanced options for mobile app.,Thanks for your feature suggestion. Our team is reviewing this and will follow up within 24 hours.,Captured the request and added it to the product backlog.,29.17,0,very_positive,5,1,desktop_app,LATAM
TCKT_092353,2023-10-05 03:23:12,CUST_09941,small_business,web_form,mobile_app,performance,medium,closed_no_action,standard,Overall performance has degraded in the last few days.,We understand performance issues can be frustrating. Our team is reviewing this and will follow up within 24 hours.,Ticket closed without further action after no response from the customer.,229.14,0,neutral,4,0,desktop_app,EU
TCKT_092410,2023-10-24 15:12:57,CUST_06455,education,chat,api_integration,performance,low,closed_no_action,standard,Overall performance has degraded in the last few days.,We understand performance issues can be frustrating. We will look into this and get back to you within the next 48 hours.,Ticket closed without further action after no response from the customer.,141.21,1,negative,0,0,android,MEA
TCKT_092417,2023-10-08 10:44:50,CUST_05346,enterprise,email,data_export,how_to,low,resolved,standard,Can you explain how to configure data export properly?,Happy to help with your question. We will look into this and get back to you within the next 48 hours.,Provided step-by-step instructions and relevant documentation.,52.56,0,neutral,4,0,api_client,APAC
TCKT_092513,2023-10-28 07:27:30,CUST_00084,small_business,web_form,analytics_dashboard,bug,low,closed_no_action,gold,The page keeps crashing whenever I try to open the analytics dashboard section.,Thanks for reporting this bug. We will look into this and get back to you within the next 48 hours.,Ticket closed without further action after no response from the customer.,213.24,0,very_negative,2,1,api_client,LATAM
TCKT_092522,2023-10-18 11:22:08,CUST_00235,small_business,email,mobile_app,feature_request,low,resolved,standard,It would be great to have mobile app support in your product.,Thanks for your feature suggestion. We will look into this and get back to you within the next 48 hours.,Captured the request and added it to the product backlog.,18.28,0,negative,3,0,api_client,EU
TCKT_092538,2023-10-11 13:10:46,CUST_04917,enterprise,phone_transcript,api_integration,other,low,resolved,gold,"Something seems off, can you please check my workspace?",Thanks for contacting support. We will look into this and get back to you within the next 48 hours.,Provided general guidance and confirmed the issue was resolved.,22.18,0,positive,5,0,web,
TCKT_092595,2023-10-28 23:34:38,CUST_00023,individual,web_form,notifications,other,medium,resolved,standard,I have a general question about my account.,Thanks for contacting support. Our team is reviewing this and will follow up within 24 hours.,Provided general guidance and confirmed the issue was resolved.,10.22,0,neutral,4,1,android,LATAM
TCKT_092658,2023-10-22 10:17:19,CUST_03863,education,email,notifications,feature_request,low,resolved,standard,Can you add an option to customize notifications?,Thanks for your feature suggestion. We will look into this and get back to you within the next 48 hours.,Captured the request and added it to the product backlog.,8.66,0,negative,3,0,ios,
TCKT_092696,2023-10-31 10:31:52,CUST_08368,education,in_app,api_integration,feature_request,medium,resolved,standard,It would be great to have api integration support in your product.,Thanks for your feature suggestion. Our team is reviewing this and will follow up within 24 hours.,Captured the request and added it to the product backlog.,31.47,0,negative,0,1,android,LATAM
TCKT_092709,2023-10-10 10:01:55,CUST_07101,small_business,email,login_auth,other,high,resolved,standard,I have a general question about my account.,Thanks for contacting support. We are prioritizing this and will update you as soon as possible.,Provided general guidance and confirmed the issue was resolved.,12.38,0,neutral,4,0,web,LATAM
TCKT_092734,2023-10-24 18:22:21,CUST_06920,individual,in_app,login_auth,billing_problem,low,resolved,standard,I was charged twice for my subscription this month.,Thanks for reaching out about the billing issue. We will look into this and get back to you within the next 48 hours.,Adjusted the invoice and issued a refund where applicable.,23.03,0,very_negative,2,0,web,EU
TCKT_092759,2023-10-30 17:02:55,CUST_02054,small_business,email,billing,bug,high,in_progress,standard,The billing feature is not saving my changes.,Thanks for reporting this bug. We are prioritizing this and will update you as soon as possible.,,,0,neutral,0,0,android,EU
TCKT_092809,2023-10-01 07:15:18,CUST_08645,non_profit,in_app,login_auth,account_access,medium,closed_no_action,gold,I cannot log in; the system says my password is incorrect.,Sorry to hear you're having trouble accessing your account. Our team is reviewing this and will follow up within 24 hours.,Ticket closed without further action after no response from the customer.,54.52,0,negative,2,0,web,MEA
TCKT_092829,2023-10-01 17:23:24,CUST_05329,small_business,chat,notifications,other,high,open,standard,"Something seems off, can you please check my workspace?",Thanks for contacting support. We are prioritizing this and will update you as soon as possible.,,,0,positive,4,1,web,MEA
TCKT_092976,2023-10-18 03:57:24,CUST_05437,individual,in_app,api_integration,how_to,low,resolved,standard,Can you explain how to configure api integration properly?,Happy to help with your question. We will look into this and get back to you within the next 48 hours.,Provided step-by-step instructions and relevant documentation.,61.85,0,very_positive,0,0,desktop_app,EU
TCKT_093004,2023-10-14 11:09:37,CUST_09666,non_profit,email,analytics_dashboard,feature_request,medium,on_hold,gold,Can you add an option to customize analytics dashboard?,Thanks for your feature suggestion. Our team is reviewing this and will follow up within 24 hours.,,,0,neutral,4,0,android,MEA
TCKT_093061,2023-10-01 15:55:04,CUST_04122,education,in_app,analytics_dashboard,account_access,low,in_progress,standard,My account was locked after multiple failed login attempts.,Sorry to hear you're having trouble accessing your account. We will look into this and get back to you within the next 48 hours.,,,0,positive,5,0,web,LATAM
TCKT_093070,2023-10-08 08:06:45,CUST_06579,small_business,chat,mobile_app,bug,medium,resolved,platinum,The page keeps crashing whenever I try to open the mobile app section.,Thanks for reporting this bug. Our team is reviewing this and will follow up within 24 hours.,Patched the bug and deployed a fix to production.,43.56,0,positive,5,1,ios,
TCKT_093110,2023-10-29 13:06:32,CUST_00491,non_profit,phone_transcript,mobile_app,feature_request,low,in_progress,standard,Can you add an option to customize mobile app?,Thanks for your feature suggestion. We will look into this and get back to you within the next 48 hours.,,,0,neutral,3,0,android,
TCKT_093129,2023-10-13 08:23:34,CUST_03198,enterprise,in_app,notifications,account_access,high,in_progress,gold,My 2FA code is not working when I try to sign in.,Sorry to hear you're having trouble accessing your account. We are prioritizing this and will update you as soon as possible.,,,0,very_negative,1,0,ios,LATAM
TCKT_093241,2023-10-14 05:28:18,CUST_00657,enterprise,email,analytics_dashboard,other,medium,resolved,standard,"Something seems off, can you please check my workspace?",Thanks for contacting support. Our team is reviewing this and will follow up within 24 hours.,Provided general guidance and confirmed the issue was resolved.,20.66,0,neutral,4,0,ios,APAC
TCKT_093243,2023-10-04 06:20:29,CUST_03641,enterprise,chat,api_integration,bug,medium,resolved,standard,The api integration feature is not saving my changes.,Thanks for reporting this bug. Our team is reviewing this and will follow up within 24 hours.,Patched the bug and deployed a fix to production.,45.15,0,neutral,3,0,api_client,MEA
TCKT_093244,2023-10-27 16:43:56,CUST_01459,small_business,web_form,billing,security_concern,high,in_progress,standard,There seems to be a vulnerability in the billing functionality.,We take security very seriously. We are prioritizing this and will update you as soon as possible.,,,0,positive,0,0,desktop_app,MEA
TCKT_093278,2023-10-18 15:42:54,CUST_03592,enterprise,in_app,billing,account_access,high,in_progress,standard,I cannot log in; the system says my password is incorrect.,Sorry to hear you're having trouble accessing your account. We are prioritizing this and will update you as soon as possible.,,,0,neutral,3,0,api_client,EU
TCKT_093360,2023-10-07 22:48:40,CUST_01221,non_profit,phone_transcript,analytics_dashboard,billing_problem,medium,on_hold,gold,My invoice amount is incorrect compared to the plan I selected.,Thanks for reaching out about the billing issue. Our team is reviewing this and will follow up within 24 hours.,,,0,neutral,3,0,desktop_app,EU
TCKT_093403,2023-10-17 10:25:50,CUST_09680,individual,in_app,analytics_dashboard,other,medium,resolved,standard,I have a general question about my account.,Thanks for contacting support. Our team is reviewing this and will follow up within 24 hours.,Provided general guidance and confirmed the issue was resolved.,16.49,0,very_positive,5,0,api_client,EU
TCKT_093627,2023-10-30 14:18:42,CUST_03799,enterprise,in_app,analytics_dashboard,performance,high,in_progress,gold,The analytics dashboard page is very slow and takes a long time to load.,We understand performance issues can be frustrating. We are prioritizing this and will update you as soon as possible.,,,0,neutral,3,0,ios,APAC
TCKT_093663,2023-10-28 20:50:34,CUST_01150,education,chat,notifications,feature_request,low,in_progress,standard,It would be great to have notifications support in your product.,Thanks for your feature suggestion. We will look into this and get back to you within the next 48 hours.,,,0,neutral,3,0,api_client,APAC
TCKT_093712,2023-10-01 08:25:17,CUST_07594,small_business,web_form,api_integration,feature_request,medium,in_progress,standard,Can you add an option to customize api integration?,Thanks for your feature suggestion. Our team is reviewing this and will follow up within 24 hours.,,,0,neutral,3,0,android,EU
TCKT_093720,2023-10-31 01:09:16,CUST_00090,enterprise,chat,login_auth,performance,high,resolved,standard,The login auth page is very slow and takes a long time to load.,We understand performance issues can be frustrating. We are prioritizing this and will update you as soon as possible.,Optimized queries and increased resource allocation.,18.48,0,neutral,0,0,desktop_app,APAC
TCKT_093739,2023-10-12 20:40:06,CUST_03609,individual,in_app,notifications,billing_problem,medium,in_progress,standard,I was charged twice for my subscription this month.,Thanks for reaching out about the billing issue. Our team is reviewing this and will follow up within 24 hours.,,,0,positive,4,1,android,EU
TCKT_093754,2023-10-07 13:03:19,CUST_01294,individual,in_app,api_integration,other,high,open,standard,I need help but I'm not sure which category this fits in.,Thanks for contacting support. We are prioritizing this and will update you as soon as possible.,,,0,negative,3,0,desktop_app,APAC
TCKT_093771,2023-10-01 08:30:38,CUST_07215,non_profit,in_app,login_auth,security_concern,medium,resolved,standard,We need details about your data encryption and compliance.,We take security very seriously. Our team is reviewing this and will follow up within 24 hours.,"Investigated logs, mitigated the issue, and updated security settings.",32.14,0,negative,3,0,api_client,APAC
TCKT_093827,2023-10-01 17:09:28,CUST_06253,individual,phone_transcript,analytics_dashboard,security_concern,low,closed_no_action,standard,There seems to be a vulnerability in the analytics dashboard functionality.,We take security very seriously. We will look into this and get back to you within the next 48 hours.,Ticket closed without further action after no response from the customer.,155.5,0,positive,5,1,android,MEA
TCKT_093993,2023-10-30 04:22:00,CUST_01436,enterprise,email,billing,bug,low,in_progress,gold,The billing feature is not saving my changes.,Thanks for reporting this bug. We will look into this and get back to you within the next 48 hours.,,,0,neutral,0,0,android,LATAM
TCKT_094059,2023-10-02 22:36:02,CUST_00161,small_business,phone_transcript,analytics_dashboard,feature_request,low,on_hold,platinum,Our team needs more advanced options for analytics dashboard.,Thanks for your feature suggestion. We will look into this and get back to you within the next 48 hours.,,,0,positive,5,0,ios,LATAM
TCKT_094064,2023-10-08 06:22:53,CUST_09301,individual,in_app,analytics_dashboard,other,low,in_progress,gold,"Something seems off, can you please check my workspace?",Thanks for contacting support. We will look into this and get back to you within the next 48 hours.,,,1,very_positive,5,0,android,EU
TCKT_094099,2023-10-01 01:15:06,CUST_08891,small_business,email,notifications,feature_request,high,resolved,standard,It would be great to have notifications support in your product.,Thanks for your feature suggestion. We are prioritizing this and will update you as soon as possible.,Captured the request and added it to the product backlog.,20.83,0,neutral,4,1,android,
TCKT_094101,2023-10-25 07:30:20,CUST_06230,non_profit,email,data_export,billing_problem,high,resolved,standard,My invoice amount is incorrect compared to the plan I selected.,Thanks for reaching out about the billing issue. We are prioritizing this and will update you as soon as possible.,Adjusted the invoice and issued a refund where applicable.,19.92,0,positive,0,1,desktop_app,
TCKT_094155,2023-10-21 21:41:27,CUST_09773,enterprise,in_app,notifications,security_concern,low,resolved,standard,I noticed a suspicious login on my account.,We take security very seriously. We will look into this and get back to you within the next 48 hours.,"Investigated logs, mitigated the issue, and updated security settings.",16.74,0,neutral,4,0,web,MEA
TCKT_094179,2023-10-06 23:02:31,CUST_04280,education,chat,analytics_dashboard,how_to,medium,resolved,standard,Can you explain how to configure analytics dashboard properly?,Happy to help with your question. Our team is reviewing this and will follow up within 24 hours.,Provided step-by-step instructions and relevant documentation.,32.61,0,very_negative,1,0,web,EU
TCKT_094257,2023-10-21 06:32:55,CUST_02710,small_business,email,billing,feature_request,low,resolved,standard,It would be great to have billing support in your product.,Thanks for your feature suggestion. We will look into this and get back to you within the next 48 hours.,Captured the request and added it to the product backlog.,31.11,0,positive,0,0,ios,
TCKT_094452,2023-10-27 23:18:38,CUST_04791,enterprise,in_app,notifications,feature_request,high,on_hold,platinum,Our team needs more advanced options for notifications.,Thanks for your feature suggestion. We are prioritizing this and will update you as soon as possible.,,,0,positive,4,1,web,APAC
TCKT_094478,2023-10-14 05:28:56,CUST_01319,individual,web_form,login_auth,security_concern,low,resolved,gold,I noticed a suspicious login on my account.,We take security very seriously. We will look into this and get back to you within the next 48 hours.,"Investigated logs, mitigated the issue, and updated security settings.",21.62,0,negative,3,0,desktop_app,
TCKT_094559,2023-10-24 22:45:23,CUST_08044,enterprise,chat,api_integration,feature_request,low,in_progress,standard,It would be great to have api integration support in your product.,Thanks for your feature suggestion. We will look into this and get back to you within the next 48 hours.,,,0,neutral,4,1,web,MEA
TCKT_094579,2023-10-31 02:08:42,CUST_08147,individual,web_form,login_auth,other,low,in_progress,platinum,"Something seems off, can you please check my workspace?",Thanks for contacting support. We will look into this and get back to you within the next 48 hours.,,,0,very_positive,5,0,android,MEA
TCKT_094582,2023-10-25 11:49:21,CUST_03836,education,in_app,notifications,security_concern,low,resolved,standard,There seems to be a vulnerability in the notifications functionality.,We take security very seriously. We will look into this and get back to you within the next 48 hours.,"Investigated logs, mitigated the issue, and updated security settings.",26.43,0,positive,5,0,api_client,MEA
TCKT_094849,2023-10-02 12:42:23,CUST_01694,enterprise,in_app,billing,security_concern,medium,closed_no_action,standard,I noticed a suspicious login on my account.,We take security very seriously. Our team is reviewing this and will follow up within 24 hours.,Ticket closed without further action after no response from the customer.,92.27,0,positive,4,0,api_client,APAC
TCKT_094857,2023-10-13 05:12:06,CUST_07786,individual,web_form,mobile_app,feature_request,high,resolved,platinum,Our team needs more advanced options for mobile app.,Thanks for your feature suggestion. We are prioritizing this and will update you as soon as possible.,Captured the request and added it to the product backlog.,23.73,0,very_positive,0,1,web,LATAM
TCKT_094998,2023-10-31 11:08:07,CUST_08848,small_business,in_app,mobile_app,other,high,resolved,gold,I have a general question about my account.,Thanks for contacting support. We are prioritizing this and will update you as soon as possible.,Provided general guidance and confirmed the issue was resolved.,11.52,0,positive,5,1,web,EU
TCKT_095042,2023-10-06 11:39:26,CUST_08413,small_business,phone_transcript,billing,bug,high,resolved,standard,The billing feature is not saving my changes.,Thanks for reporting this bug. We are prioritizing this and will update you as soon as possible.,Patched the bug and deployed a fix to production.,20.23,0,very_negative,0,1,web,EU
TCKT_095047,2023-10-01 10:51:59,CUST_00177,education,email,billing,bug,low,closed_no_action,platinum,The billing feature is not saving my changes.,Thanks for reporting this bug. We will look into this and get back to you within the next 48 hours.,Ticket closed without further action after no response from the customer.,119.82,0,negative,2,0,android,APAC
TCKT_095056,2023-10-22 04:43:28,CUST_03057,enterprise,phone_transcript,api_integration,security_concern,high,in_progress,gold,There seems to be a vulnerability in the api integration functionality.,We take security very seriously. We are prioritizing this and will update you as soon as possible.,,,0,very_positive,5,0,ios,EU
TCKT_095110,2023-10-26 13:32:00,CUST_09756,small_business,email,api_integration,account_access,low,resolved,standard,My 2FA code is not working when I try to sign in.,Sorry to hear you're having trouble accessing your account. We will look into this and get back to you within the next 48 hours.,Reset account credentials and confirmed successful login.,42.42,0,negative,3,1,web,
TCKT_095151,2023-10-12 19:04:24,CUST_04939,education,web_form,login_auth,bug,high,resolved,standard,The page keeps crashing whenever I try to open the login auth section.,Thanks for reporting this bug. We are prioritizing this and will update you as soon as possible.,Patched the bug and deployed a fix to production.,20.16,0,very_positive,5,0,ios,LATAM
TCKT_095234,2023-10-19 13:42:05,CUST_04205,enterprise,in_app,analytics_dashboard,account_access,low,resolved,standard,My 2FA code is not working when I try to sign in.,Sorry to hear you're having trouble accessing your account. We will look into this and get back to you within the next 48 hours.,Reset account credentials and confirmed successful login.,31.97,0,neutral,3,0,web,MEA
TCKT_095298,2023-10-20 07:06:02,CUST_04066,education,web_form,api_integration,bug,low,resolved,gold,The api integration feature is not saving my changes.,Thanks for reporting this bug. We will look into this and get back to you within the next 48 hours.,Patched the bug and deployed a fix to production.,31.63,0,very_negative,2,0,web,
TCKT_095416,2023-10-09 10:36:26,CUST_05787,small_business,web_form,data_export,bug,low,in_progress,platinum,I am seeing an error message when I click on data export.,Thanks for reporting this bug. We will look into this and get back to you within the next 48 hours.,,,0,negative,0,0,api_client,MEA
TCKT_095659,2023-10-07 22:02:35,CUST_05637,individual,chat,analytics_dashboard,performance,high,resolved,standard,Queries in the analytics dashboard module are timing out.,We understand performance issues can be frustrating. We are prioritizing this and will update you as soon as possible.,Optimized queries and increased resource allocation.,23.09,0,positive,4,1,api_client,LATAM
TCKT_095663,2023-10-08 14:38:57,CUST_03245,education,web_form,data_export,feature_request,medium,resolved,standard,Can you add an option to customize data export?,Thanks for your feature suggestion. Our team is reviewing this and will follow up within 24 hours.,Captured the request and added it to the product backlog.,30.62,0,negative,2,0,ios,APAC
TCKT_095666,2023-10-12 20:28:32,CUST_09832,enterprise,in_app,api_integration,feature_request,medium,resolved,standard,Our team needs more advanced options for api integration.,Thanks for your feature suggestion. Our team is reviewing this and will follow up within 24 hours.,Captured the request and added it to the product backlog.,47.29,0,neutral,3,0,android,EU
TCKT_095742,2023-10-27 11:32:57,CUST_09970,small_business,in_app,billing,account_access,low,in_progress,standard,My account was locked after multiple failed login attempts.,Sorry to hear you're having trouble accessing your account. We will look into this and get back to you within the next 48 hours.,,,0,neutral,3,0,ios,
TCKT_095759,2023-10-29 12:46:05,CUST_06587,individual,in_app,analytics_dashboard,billing_problem,low,resolved,gold,My invoice amount is incorrect compared to the plan I selected.,Thanks for reaching out about the billing issue. We will look into this and get back to you within the next 48 hours.,Adjusted the invoice and issued a refund where applicable.,65.54,0,negative,3,0,api_client,EU
TCKT_096138,2023-10-07 19:04:40,CUST_02755,individual,email,api_integration,feature_request,high,resolved,gold,It would be great to have api integration support in your product.,Thanks for your feature suggestion. We are prioritizing this and will update you as soon as possible.,Captured the request and added it to the product backlog.,5.9,0,negative,3,0,web,LATAM
TCKT_096193,2023-10-05 16:25:02,CUST_03403,enterprise,phone_transcript,billing,billing_problem,medium,on_hold,gold,My invoice amount is incorrect compared to the plan I selected.,Thanks for reaching out about the billing issue. Our team is reviewing this and will follow up within 24 hours.,,,0,negative,2,0,web,APAC
TCKT_096280,2023-10-25 21:47:15,CUST_01171,non_profit,email,notifications,other,low,in_progress,platinum,"Something seems off, can you please check my workspace?",Thanks for contacting support. We will look into this and get back to you within the next 48 hours.,,,0,negative,2,1,web,MEA
TCKT_096360,2023-10-18 11:38:21,CUST_08188,small_business,in_app,data_export,feature_request,high,closed_no_action,standard,Can you add an option to customize data export?,Thanks for your feature suggestion. We are prioritizing this and will update you as soon as possible.,Ticket closed without further action after no response from the customer.,224.0,0,neutral,3,0,api_client,EU
TCKT_096379,2023-10-19 15:51:29,CUST_08494,education,phone_transcript,login_auth,bug,medium,resolved,gold,I am seeing an error message when I click on login auth.,Thanks for reporting this bug. Our team is reviewing this and will follow up within 24 hours.,Patched the bug and deployed a fix to production.,26.05,0,neutral,3,1,desktop_app,MEA
TCKT_096406,2023-10-02 23:37:36,CUST_06768,individual,chat,data_export,bug,low,open,gold,The data export feature is not saving my changes.,Thanks for reporting this bug. We will look into this and get back to you within the next 48 hours.,,,0,very_positive,5,0,api_client,EU
TCKT_096445,2023-10-18 03:57:09,CUST_00398,individual,phone_transcript,analytics_dashboard,account_access,low,closed_no_action,standard,My account was locked after multiple failed login attempts.,Sorry to hear you're having trouble accessing your account. We will look into this and get back to you within the next 48 hours.,Ticket closed without further action after no response from the customer.,35.61,0,positive,5,0,android,LATAM
TCKT_096459,2023-10-02 10:06:51,CUST_08149,individual,in_app,data_export,how_to,medium,open,standard,How can I export my data from the data export section?,Happy to help with your question. Our team is reviewing this and will follow up within 24 hours.,,,0,neutral,3,1,desktop_app,MEA
TCKT_096480,2023-10-04 23:47:48,CUST_02502,non_profit,phone_transcript,mobile_app,other,low,in_progress,gold,"Something seems off, can you please check my workspace?",Thanks for contacting support. We will look into this and get back to you within the next 48 hours.,,,1,positive,4,0,android,APAC
TCKT_096504,2023-10-05 09:02:50,CUST_01961,education,email,analytics_dashboard,how_to,high,resolved,standard,How can I export my data from the analytics dashboard section?,Happy to help with your question. We are prioritizing this and will update you as soon as possible.,Provided step-by-step instructions and relevant documentation.,5.36,0,neutral,3,0,android,LATAM
TCKT_096614,2023-10-30 20:36:48,CUST_09461,enterprise,web_form,notifications,account_access,medium,open,standard,My account was locked after multiple failed login attempts.,Sorry to hear you're having trouble accessing your account. Our team is reviewing this and will follow up within 24 hours.,,,1,negative,3,0,api_client,EU
TCKT_096617,2023-10-21 06:16:38,CUST_01738,enterprise,web_form,analytics_dashboard,billing_problem,high,on_hold,standard,I was charged twice for my subscription this month.,Thanks for reaching out about the billing issue. We are prioritizing this and will update you as soon as possible.,,,0,positive,4,0,desktop_app,MEA
TCKT_096670,2023-10-15 00:48:19,CUST_05585,education,chat,mobile_app,account_access,low,closed_no_action,gold,I cannot log in; the system says my password is incorrect.,Sorry to hear you're having trouble accessing your account. We will look into this and get back to you within the next 48 hours.,Ticket closed without further action after no response from the customer.,236.69,0,neutral,4,0,desktop_app,APAC
TCKT_096673,2023-10-30 03:45:26,CUST_08963,small_business,phone_transcript,mobile_app,other,low,on_hold,gold,I need help but I'm not sure which category this fits in.,Thanks for contacting support. We will look into this and get back to you within the next 48 hours.,,,0,very_negative,1,0,desktop_app,EU
TCKT_096684,2023-10-04 23:11:18,CUST_06545,enterprise,email,billing,security_concern,high,resolved,standard,I noticed a suspicious login on my account.,We take security very seriously. We are prioritizing this and will update you as soon as possible.,"Investigated logs, mitigated the issue, and updated security settings.",22.47,1,positive,0,0,ios,MEA
TCKT_096688,2023-10-09 06:26:50,CUST_05634,small_business,phone_transcript,notifications,performance,low,resolved,standard,Queries in the notifications module are timing out.,We understand performance issues can be frustrating. We will look into this and get back to you within the next 48 hours.,Optimized queries and increased resource allocation.,70.53,0,negative,0,0,android,EU
TCKT_096976,2023-10-02 10:37:15,CUST_00874,individual,in_app,analytics_dashboard,bug,medium,open,gold,The page keeps crashing whenever I try to open the analytics dashboard section.,Thanks for reporting this bug. Our team is reviewing this and will follow up within 24 hours.,,,0,neutral,4,0,android,MEA
TCKT_097241,2023-10-28 22:46:36,CUST_01075,education,chat,billing,performance,low,closed_no_action,gold,The billing page is very slow and takes a long time to load.,We understand performance issues can be frustrating. We will look into this and get back to you within the next 48 hours.,Ticket closed without further action after no response from the customer.,88.35,0,neutral,0,0,desktop_app,
TCKT_097251,2023-10-12 01:39:01,CUST_05931,non_profit,in_app,billing,other,high,resolved,platinum,"Something seems off, can you please check my workspace?",Thanks for contacting support. We are prioritizing this and will update you as soon as possible.,Provided general guidance and confirmed the issue was resolved.,15.17,0,negative,3,0,android,MEA
TCKT_097280,2023-10-04 13:23:13,CUST_06471,enterprise,email,billing,how_to,medium,closed_no_action,standard,I need help setting up billing for my team.,Happy to help with your question. Our team is reviewing this and will follow up within 24 hours.,Ticket closed without further action after no response from the customer.,124.26,1,negative,2,0,android,EU
TCKT_097297,2023-10-02 15:24:58,CUST_04407,non_profit,phone_transcript,data_export,bug,medium,resolved,standard,I am seeing an error message when I click on data export.,Thanks for reporting this bug. Our team is reviewing this and will follow up within 24 hours.,Patched the bug and deployed a fix to production.,21.83,0,positive,0,0,desktop_app,MEA
TCKT_097303,2023-10-07 22:24:26,CUST_00652,enterprise,email,data_export,other,medium,resolved,gold,I need help but I'm not sure which category this fits in.,Thanks for contacting support. Our team is reviewing this and will follow up within 24 hours.,Provided general guidance and confirmed the issue was resolved.,8.39,0,neutral,0,1,android,
TCKT_097323,2023-10-14 08:31:36,CUST_03989,small_business,chat,analytics_dashboard,performance,urgent,resolved,standard,Overall performance has degraded in the last few days.,We understand performance issues can be frustrating. This has been escalated to our on-call team for immediate attention.,Optimized queries and increased resource allocation.,2.13,0,very_negative,1,1,desktop_app,APAC
TCKT_097349,2023-10-07 04:27:02,CUST_08292,education,chat,login_auth,account_access,medium,resolved,standard,I cannot log in; the system says my password is incorrect.,Sorry to hear you're having trouble accessing your account. Our team is reviewing this and will follow up within 24 hours.,Reset account credentials and confirmed successful login.,7.94,0,very_negative,1,1,android,
TCKT_097400,2023-10-25 09:34:18,CUST_05393,small_business,web_form,analytics_dashboard,bug,high,in_progress,standard,The page keeps crashing whenever I try to open the analytics dashboard section.,Thanks for reporting this bug. We are prioritizing this and will update you as soon as possible.,,,0,positive,0,0,web,APAC
TCKT_097465,2023-10-06 17:10:12,CUST_01200,non_profit,email,mobile_app,feature_request,urgent,closed_no_action,standard,It would be great to have mobile app support in your product.,Thanks for your feature suggestion. This has been escalated to our on-call team for immediate attention.,Ticket closed without further action after no response from the customer.,199.8,0,neutral,4,1,ios,EU
TCKT_097474,2023-10-08 17:32:40,CUST_08274,small_business,phone_transcript,data_export,performance,medium,resolved,standard,Overall performance has degraded in the last few days.,We understand performance issues can be frustrating. Our team is reviewing this and will follow up within 24 hours.,Optimized queries and increased resource allocation.,46.83,0,negative,3,0,desktop_app,
TCKT_097478,2023-10-31 03:25:45,CUST_02475,small_business,email,api_integration,billing_problem,medium,resolved,standard,I downgraded my plan but I am still being billed for the higher tier.,Thanks for reaching out about the billing issue. Our team is reviewing this and will follow up within 24 hours.,Adjusted the invoice and issued a refund where applicable.,20.59,0,very_negative,2,0,api_client,APAC
TCKT_097526,2023-10-20 22:01:58,CUST_04502,individual,web_form,billing,bug,low,in_progress,gold,I am seeing an error message when I click on billing.,Thanks for reporting this bug. We will look into this and get back to you within the next 48 hours.,,,0,neutral,4,0,android,LATAM
TCKT_097545,2023-10-06 11:50:43,CUST_01227,individual,in_app,api_integration,how_to,medium,in_progress,standard,Can you explain how to configure api integration properly?,Happy to help with your question. Our team is reviewing this and will follow up within 24 hours.,,,0,negative,2,0,api_client,
TCKT_097590,2023-10-06 04:03:53,CUST_08696,education,chat,login_auth,bug,medium,open,gold,I am seeing an error message when I click on login auth.,Thanks for reporting this bug. Our team is reviewing this and will follow up within 24 hours.,,,0,positive,4,0,desktop_app,APAC
TCKT_097597,2023-10-10 05:01:13,CUST_00440,individual,phone_transcript,data_export,how_to,urgent,resolved,standard,Can you explain how to configure data export properly?,Happy to help with your question. This has been escalated to our on-call team for immediate attention.,Provided step-by-step instructions and relevant documentation.,1.61,1,positive,5,0,api_client,LATAM
TCKT_097652,2023-10-20 07:26:00,CUST_09607,education,phone_transcript,notifications,feature_request,high,closed_no_action,platinum,Our team needs more advanced options for notifications.,Thanks for your feature suggestion. We are prioritizing this and will update you as soon as possible.,Ticket closed without further action after no response from the customer.,194.36,0,very_positive,5,0,android,LATAM
TCKT_097659,2023-10-16 16:13:27,CUST_02846,education,phone_transcript,analytics_dashboard,feature_request,urgent,in_progress,standard,Our team needs more advanced options for analytics dashboard.,Thanks for your feature suggestion. This has been escalated to our on-call team for immediate attention.,,,0,negative,2,1,ios,APAC
TCKT_097738,2023-10-30 04:23:03,CUST_08186,education,web_form,data_export,how_to,medium,resolved,standard,How can I export my data from the data export section?,Happy to help with your question. Our team is reviewing this and will follow up within 24 hours.,Provided step-by-step instructions and relevant documentation.,27.5,0,neutral,3,0,web,MEA
TCKT_097806,2023-10-13 01:10:47,CUST_09805,non_profit,chat,login_auth,other,medium,resolved,gold,"Something seems off, can you please check my workspace?",Thanks for contacting support. Our team is reviewing this and will follow up within 24 hours.,Provided general guidance and confirmed the issue was resolved.,27.57,0,negative,3,1,api_client,EU
TCKT_097902,2023-10-03 02:38:36,CUST_09918,small_business,web_form,api_integration,account_access,high,resolved,standard,My account was locked after multiple failed login attempts.,Sorry to hear you're having trouble accessing your account. We are prioritizing this and will update you as soon as possible.,Reset account credentials and confirmed successful login.,7.67,0,very_negative,1,1,ios,
TCKT_097935,2023-10-23 04:23:39,CUST_06200,non_profit,web_form,data_export,other,low,open,standard,I need help but I'm not sure which category this fits in.,Thanks for contacting support. We will look into this and get back to you within the next 48 hours.,,,0,very_negative,2,0,web,EU
TCKT_097939,2023-10-27 04:35:53,CUST_02463,small_business,email,analytics_dashboard,other,low,resolved,standard,I need help but I'm not sure which category this fits in.,Thanks for contacting support. We will look into this and get back to you within the next 48 hours.,Provided general guidance and confirmed the issue was resolved.,25.48,0,neutral,3,0,ios,EU
TCKT_098020,2023-10-12 04:57:11,CUST_08619,education,web_form,mobile_app,how_to,high,on_hold,standard,How can I export my data from the mobile app section?,Happy to help with your question. We are prioritizing this and will update you as soon as possible.,,,0,very_positive,0,0,android,EU
TCKT_098071,2023-10-30 17:35:32,CUST_05804,education,in_app,billing,account_access,low,resolved,standard,My account was locked after multiple failed login attempts.,Sorry to hear you're having trouble accessing your account. We will look into this and get back to you within the next 48 hours.,Reset account credentials and confirmed successful login.,61.31,1,negative,0,0,api_client,
TCKT_098113,2023-10-31 01:27:30,CUST_08628,individual,in_app,notifications,account_access,high,in_progress,standard,My account was locked after multiple failed login attempts.,Sorry to hear you're having trouble accessing your account. We are prioritizing this and will update you as soon as possible.,,,0,neutral,3,1,api_client,LATAM
TCKT_098121,2023-10-28 08:46:02,CUST_07425,small_business,in_app,notifications,other,low,open,gold,I have a general question about my account.,Thanks for contacting support. We will look into this and get back to you within the next 48 hours.,,,0,negative,3,0,android,EU
TCKT_098148,2023-10-08 13:02:31,CUST_04142,small_business,in_app,analytics_dashboard,how_to,low,resolved,gold,How can I export my data from the analytics dashboard section?,Happy to help with your question. We will look into this and get back to you within the next 48 hours.,Provided step-by-step instructions and relevant documentation.,40.62,0,neutral,3,0,desktop_app,APAC
TCKT_098185,2023-10-11 01:02:31,CUST_03489,small_business,in_app,notifications,feature_request,low,closed_no_action,standard,Our team needs more advanced options for notifications.,Thanks for your feature suggestion. We will look into this and get back to you within the next 48 hours.,Ticket closed without further action after no response from the customer.,160.25,0,negative,0,0,api_client,APAC
TCKT_098189,2023-10-13 13:45:47,CUST_09114,education,web_form,analytics_dashboard,how_to,high,on_hold,standard,I need help setting up analytics dashboard for my team.,Happy to help with your question. We are prioritizing this and will update you as soon as possible.,,,0,neutral,3,0,web,
TCKT_098194,2023-10-13 03:49:09,CUST_03716,non_profit,email,login_auth,security_concern,low,resolved,standard,I noticed a suspicious login on my account.,We take security very seriously. We will look into this and get back to you within the next 48 hours.,"Investigated logs, mitigated the issue, and updated security settings.",23.65,0,very_negative,0,0,ios,EU
TCKT_098266,2023-10-24 15:34:07,CUST_07771,small_business,in_app,data_export,performance,low,resolved,gold,The data export page is very slow and takes a long time to load.,We understand performance issues can be frustrating. We will look into this and get back to you within the next 48 hours.,Optimized queries and increased resource allocation.,10.76,0,negative,3,0,api_client,
TCKT_098297,2023-10-10 20:38:19,CUST_02959,small_business,chat,api_integration,security_concern,low,in_progress,standard,We need details about your data encryption and compliance.,We take security very seriously. We will look into this and get back to you within the next 48 hours.,,,0,negative,0,1,api_client,MEA
TCKT_098371,2023-10-31 00:37:01,CUST_04757,small_business,web_form,billing,other,low,resolved,gold,I need help but I'm not sure which category this fits in.,Thanks for contacting support. We will look into this and get back to you within the next 48 hours.,Provided general guidance and confirmed the issue was resolved.,66.38,0,very_negative,2,1,ios,EU
TCKT_098404,2023-10-17 01:59:22,CUST_05790,small_business,web_form,mobile_app,bug,low,on_hold,standard,The mobile app feature is not saving my changes.,Thanks for reporting this bug. We will look into this and get back to you within the next 48 hours.,,,0,negative,0,0,web,APAC
TCKT_098406,2023-10-17 04:08:22,CUST_01512,individual,chat,data_export,bug,urgent,on_hold,platinum,The page keeps crashing whenever I try to open the data export section.,Thanks for reporting this bug. This has been escalated to our on-call team for immediate attention.,,,0,negative,0,1,android,LATAM
TCKT_098420,2023-10-11 02:35:17,CUST_05669,education,in_app,login_auth,how_to,high,in_progress,standard,How can I export my data from the login auth section?,Happy to help with your question. We are prioritizing this and will update you as soon as possible.,,,0,positive,0,0,ios,APAC
TCKT_098462,2023-10-01 15:36:01,CUST_07084,enterprise,email,analytics_dashboard,billing_problem,medium,resolved,standard,I downgraded my plan but I am still being billed for the higher tier.,Thanks for reaching out about the billing issue. Our team is reviewing this and will follow up within 24 hours.,Adjusted the invoice and issued a refund where applicable.,15.47,0,very_negative,1,0,ios,MEA
TCKT_098550,2023-10-09 02:07:43,CUST_06875,education,in_app,data_export,security_concern,high,open,standard,There seems to be a vulnerability in the data export functionality.,We take security very seriously. We are prioritizing this and will update you as soon as possible.,,,0,very_negative,2,0,android,EU
TCKT_098553,2023-10-01 15:39:43,CUST_00852,non_profit,phone_transcript,notifications,performance,medium,resolved,gold,Overall performance has degraded in the last few days.,We understand performance issues can be frustrating. Our team is reviewing this and will follow up within 24 hours.,Optimized queries and increased resource allocation.,10.82,0,negative,3,0,desktop_app,
TCKT_098602,2023-10-03 02:07:41,CUST_02971,small_business,web_form,mobile_app,account_access,low,on_hold,standard,My account was locked after multiple failed login attempts.,Sorry to hear you're having trouble accessing your account. We will look into this and get back to you within the next 48 hours.,,,0,negative,3,0,ios,LATAM
TCKT_098652,2023-10-22 21:50:33,CUST_02265,individual,email,analytics_dashboard,billing_problem,high,resolved,standard,I downgraded my plan but I am still being billed for the higher tier.,Thanks for reaching out about the billing issue. We are prioritizing this and will update you as soon as possible.,Adjusted the invoice and issued a refund where applicable.,13.74,0,positive,4,1,ios,APAC
TCKT_098703,2023-10-07 17:35:29,CUST_09679,education,phone_transcript,api_integration,performance,low,resolved,gold,Queries in the api integration module are timing out.,We understand performance issues can be frustrating. We will look into this and get back to you within the next 48 hours.,Optimized queries and increased resource allocation.,69.08,0,negative,2,0,desktop_app,MEA
TCKT_098786,2023-10-20 02:55:04,CUST_01363,non_profit,web_form,billing,billing_problem,medium,resolved,standard,I downgraded my plan but I am still being billed for the higher tier.,Thanks for reaching out about the billing issue. Our team is reviewing this and will follow up within 24 hours.,Adjusted the invoice and issued a refund where applicable.,20.74,0,negative,2,0,ios,
TCKT_098800,2023-10-15 16:20:14,CUST_03479,non_profit,in_app,login_auth,bug,urgent,resolved,gold,The login auth feature is not saving my changes.,Thanks for reporting this bug. This has been escalated to our on-call team for immediate attention.,Patched the bug and deployed a fix to production.,1.26,0,very_negative,2,0,android,APAC
TCKT_098888,2023-10-05 09:09:00,CUST_02185,non_profit,web_form,mobile_app,bug,low,open,standard,The mobile app feature is not saving my changes.,Thanks for reporting this bug. We will look into this and get back to you within the next 48 hours.,,,0,neutral,4,0,api_client,MEA
TCKT_098899,2023-10-16 22:45:39,CUST_03821,non_profit,in_app,login_auth,security_concern,low,closed_no_action,standard,We need details about your data encryption and compliance.,We take security very seriously. We will look into this and get back to you within the next 48 hours.,Ticket closed without further action after no response from the customer.,109.15,0,positive,0,1,ios,APAC
TCKT_098916,2023-10-11 10:15:58,CUST_03470,education,phone_transcript,billing,performance,low,resolved,gold,Queries in the billing module are timing out.,We understand performance issues can be frustrating. We will look into this and get back to you within the next 48 hours.,Optimized queries and increased resource allocation.,9.19,0,positive,5,1,android,MEA
TCKT_098930,2023-10-06 11:33:21,CUST_03687,enterprise,chat,login_auth,account_access,medium,on_hold,gold,My 2FA code is not working when I try to sign in.,Sorry to hear you're having trouble accessing your account. Our team is reviewing this and will follow up within 24 hours.,,,0,negative,0,0,desktop_app,
TCKT_098959,2023-10-27 13:17:29,CUST_09376,individual,phone_transcript,analytics_dashboard,security_concern,low,resolved,gold,We need details about your data encryption and compliance.,We take security very seriously. We will look into this and get back to you within the next 48 hours.,"Investigated logs, mitigated the issue, and updated security settings.",24.68,0,neutral,3,0,desktop_app,
TCKT_099042,2023-10-28 02:24:35,CUST_09858,education,email,mobile_app,billing_problem,medium,resolved,standard,My invoice amount is incorrect compared to the plan I selected.,Thanks for reaching out about the billing issue. Our team is reviewing this and will follow up within 24 hours.,Adjusted the invoice and issued a refund where applicable.,4.43,0,very_negative,2,0,android,LATAM
TCKT_099087,2023-10-04 19:56:25,CUST_03256,education,in_app,login_auth,account_access,high,open,gold,My account was locked after multiple failed login attempts.,Sorry to hear you're having trouble accessing your account. We are prioritizing this and will update you as soon as possible.,,,1,neutral,4,1,web,MEA
TCKT_099107,2023-10-02 03:04:10,CUST_08784,enterprise,web_form,mobile_app,performance,low,resolved,gold,Overall performance has degraded in the last few days.,We understand performance issues can be frustrating. We will look into this and get back to you within the next 48 hours.,Optimized queries and increased resource allocation.,22.29,0,positive,0,0,ios,EU
TCKT_099190,2023-10-15 12:38:47,CUST_04549,small_business,web_form,billing,security_concern,medium,in_progress,standard,We need details about your data encryption and compliance.,We take security very seriously. Our team is reviewing this and will follow up within 24 hours.,,,0,negative,3,0,api_client,MEA
TCKT_099509,2023-10-24 06:38:51,CUST_07917,individual,email,billing,bug,low,resolved,standard,The billing feature is not saving my changes.,Thanks for reporting this bug. We will look into this and get back to you within the next 48 hours.,Patched the bug and deployed a fix to production.,32.74,0,neutral,0,0,desktop_app,
TCKT_099520,2023-10-06 04:48:50,CUST_00666,enterprise,in_app,billing,how_to,low,resolved,standard,I need help setting up billing for my team.,Happy to help with your question. We will look into this and get back to you within the next 48 hours.,Provided step-by-step instructions and relevant documentation.,19.29,0,positive,5,0,desktop_app,EU
TCKT_099538,2023-10-29 05:40:02,CUST_02882,education,phone_transcript,api_integration,security_concern,high,in_progress,standard,We need details about your data encryption and compliance.,We take security very seriously. We are prioritizing this and will update you as soon as possible.,,,0,neutral,4,1,desktop_app,MEA
TCKT_099539,2023-10-16 11:22:15,CUST_08564,education,in_app,data_export,security_concern,low,resolved,standard,I noticed a suspicious login on my account.,We take security very seriously. We will look into this and get back to you within the next 48 hours.,"Investigated logs, mitigated the issue, and updated security settings.",24.25,0,negative,2,0,android,EU
TCKT_099600,2023-10-06 13:33:03,CUST_09105,enterprise,in_app,login_auth,bug,medium,resolved,standard,The page keeps crashing whenever I try to open the login auth section.,Thanks for reporting this bug. Our team is reviewing this and will follow up within 24 hours.,Patched the bug and deployed a fix to production.,39.53,1,neutral,3,0,api_client,LATAM
TCKT_099615,2023-10-26 12:48:59,CUST_01907,small_business,email,notifications,security_concern,medium,closed_no_action,standard,I noticed a suspicious login on my account.,We take security very seriously. Our team is reviewing this and will follow up within 24 hours.,Ticket closed without further action after no response from the customer.,101.94,0,negative,0,1,android,LATAM
TCKT_099734,2023-10-02 11:26:31,CUST_09845,enterprise,phone_transcript,data_export,bug,low,resolved,standard,The data export feature is not saving my changes.,Thanks for reporting this bug. We will look into this and get back to you within the next 48 hours.,Patched the bug and deployed a fix to production.,34.9,0,positive,0,0,ios,EU
TCKT_099990,2023-10-09 03:53:50,CUST_09206,non_profit,email,billing,security_concern,high,resolved,gold,I noticed a suspicious login on my account.,We take security very seriously. We are prioritizing this and will update you as soon as possible.,"Investigated logs, mitigated the issue, and updated security settings.",15.12,0,very_negative,2,1,web,APAC
