ticket_id,created_at,customer_id,customer_segment,channel,product_area,issue_type,priority,status,sla_plan,initial_message,agent_first_reply,resolution_summary,resolution_time_hours,reopened,customer_sentiment,csat_score,has_attachment,platform,region
TCKT_000010,2023-04-26 19:33:56,CUST_02732,education,phone_transcript,login_auth,performance,medium,resolved,standard,Overall performance has degraded in the last few days.,We understand performance issues can be frustrating. Our team is reviewing this and will follow up within 24 hours.,Optimized queries and increased resource allocation.,9.26,0,neutral,4,0,android,APAC
TCKT_000011,2023-04-02 12:27:06,CUST_04489,individual,in_app,data_export,feature_request,medium,in_progress,standard,Our team needs more advanced options for data export.,Thanks for your feature suggestion. Our team is reviewing this and will follow up within 24 hours.,,,0,neutral,3,0,android,EU
TCKT_000017,2023-04-10 20:35:12,CUST_05250,non_profit,web_form,billing,bug,medium,resolved,standard,The page keeps crashing whenever I try to open the billing section.,Thanks for reporting this bug. Our team is reviewing this and will follow up within 24 hours.,Patched the bug and deployed a fix to production.,30.08,0,very_negative,1,0,android,EU
TCKT_000054,2023-04-03 10:12:18,CUST_02704,enterprise,chat,data_export,account_access,medium,closed_no_action,platinum,I cannot log in; the system says my password is incorrect.,Sorry to hear you're having trouble accessing your account. Our team is reviewing this and will follow up within 24 hours.,Ticket closed without further action after no response from the customer.,36.5,0,negative,0,1,desktop_app,MEA
TCKT_000168,2023-04-09 18:50:48,CUST_03098,enterprise,phone_transcript,data_export,security_concern,low,resolved,standard,I noticed a suspicious login on my account.,We take security very seriously. We will look into this and get back to you within the next 48 hours.,"Investigated logs, mitigated the issue, and updated security settings.",61.75,0,positive,5,0,android,EU
TCKT_000210,2023-04-23 14:47:46,CUST_03391,education,in_app,data_export,account_access,low,open,standard,I cannot log in; the system says my password is incorrect.,Sorry to hear you're having trouble accessing your account. We will look into this and get back to you within the next 48 hours.,,,0,neutral,3,0,android,LATAM
TCKT_000238,2023-04-21 00:12:39,CUST_06702,small_business,phone_transcript,notifications,other,medium,resolved,standard,I have a general question about my account.,Thanks for contacting support. Our team is reviewing this and will follow up within 24 hours.,Provided general guidance and confirmed the issue was resolved.,20.74,0,very_positive,0,1,android,EU
TCKT_000253,2023-04-08 17:45:20,CUST_05807,small_business,in_app,data_export,security_concern,high,in_progress,gold,I noticed a suspicious login on my account.,We take security very seriously. We are prioritizing this and will update you as soon as possible.,,,0,neutral,3,0,ios,EU
TCKT_000278,2023-04-18 17:44:05,CUST_07356,enterprise,web_form,login_auth,account_access,low,resolved,gold,My account was locked after multiple failed login attempts.,Sorry to hear you're having trouble accessing your account. We will look into this and get back to you within the next 48 hours.,Reset account credentials and confirmed successful login.,21.51,0,positive,4,0,desktop_app,EU
TCKT_000431,2023-04-12 16:47:31,CUST_08712,small_business,in_app,login_auth,feature_request,high,open,standard,Can you add an option to customize login auth?,Thanks for your feature suggestion. We are prioritizing this and will update you as soon as possible.,,,0,neutral,4,0,api_client,LATAM
TCKT_000530,2023-04-17 04:33:58,CUST_00925,non_profit,email,data_export,performance,medium,resolved,standard,Queries in the data export module are timing out.,We understand performance issues can be frustrating. Our team is reviewing this and will follow up within 24 hours.,Optimized queries and increased resource allocation.,11.31,0,positive,4,1,api_client,EU
TCKT_000538,2023-04-11 14:35:38,CUST_06702,enterprise,chat,data_export,performance,medium,resolved,gold,The data export page is very slow and takes a long time to load.,We understand performance issues can be frustrating. Our team is reviewing this and will follow up within 24 hours.,Optimized queries and increased resource allocation.,46.92,0,negative,2,0,api_client,EU
TCKT_000601,2023-04-02 18:53:45,CUST_05323,education,in_app,mobile_app,security_concern,medium,resolved,platinum,I noticed a suspicious login on my account.,We take security very seriously. Our team is reviewing this and will follow up within 24 hours.,"Investigated logs, mitigated the issue, and updated security settings.",46.93,0,very_negative,2,0,android,EU
TCKT_000743,2023-04-02 15:45:58,CUST_01156,non_profit,in_app,mobile_app,bug,medium,closed_no_action,platinum,The page keeps crashing whenever I try to open the mobile app section.,Thanks for reporting this bug. Our team is reviewing this and will follow up within 24 hours.,Ticket closed without further action after no response from the customer.,68.68,0,neutral,0,0,desktop_app,LATAM
TCKT_000802,2023-04-03 10:55:09,CUST_06130,small_business,phone_transcript,billing,feature_request,medium,on_hold,gold,It would be great to have billing support in your product.,Thanks for your feature suggestion. Our team is reviewing this and will follow up within 24 hours.,,,0,neutral,0,1,api_client,
TCKT_000938,2023-04-14 17:35:07,CUST_00977,non_profit,email,login_auth,performance,high,resolved,standard,Queries in the login auth module are timing out.,We understand performance issues can be frustrating. We are prioritizing this and will update you as soon as possible.,Optimized queries and increased resource allocation.,6.46,0,negative,2,0,ios,APAC
TCKT_000941,2023-04-16 12:42:24,CUST_03066,education,email,billing,security_concern,low,in_progress,gold,I noticed a suspicious login on my account.,We take security very seriously. We will look into this and get back to you within the next 48 hours.,,,0,negative,3,0,web,LATAM
TCKT_000970,2023-04-19 09:27:08,CUST_08977,non_profit,email,api_integration,other,low,resolved,standard,I need help but I'm not sure which category this fits in.,Thanks for contacting support. We will look into this and get back to you within the next 48 hours.,Provided general guidance and confirmed the issue was resolved.,10.64,0,negative,2,0,android,MEA
TCKT_000984,2023-04-20 00:57:45,CUST_05488,non_profit,chat,notifications,other,medium,resolved,platinum,"Something seems off, can you please check my workspace?",Thanks for contacting support. Our team is reviewing this and will follow up within 24 hours.,Provided general guidance and confirmed the issue was resolved.,14.76,0,positive,5,0,desktop_app,EU
TCKT_001087,2023-04-30 09:35:28,CUST_05354,education,in_app,billing,billing_problem,low,on_hold,gold,I downgraded my plan but I am still being billed for the higher tier.,Thanks for reaching out about the billing issue. We will look into this and get back to you within the next 48 hours.,,,0,neutral,4,0,desktop_app,LATAM
TCKT_001126,2023-04-05 00:33:35,CUST_01286,individual,web_form,data_export,performance,urgent,in_progress,gold,The data export page is very slow and takes a long time to load.,We understand performance issues can be frustrating. This has been escalated to our on-call team for immediate attention.,,,1,negative,2,1,web,LATAM
TCKT_001129,2023-04-23 05:01:37,CUST_05630,enterprise,chat,api_integration,security_concern,high,resolved,standard,I noticed a suspicious login on my account.,We take security very seriously. We are prioritizing this and will update you as soon as possible.,"Investigated logs, mitigated the issue, and updated security settings.",17.42,0,negative,0,0,android,LATAM
TCKT_001295,2023-04-29 07:24:11,CUST_07798,enterprise,email,notifications,bug,high,resolved,gold,I am seeing an error message when I click on notifications.,Thanks for reporting this bug. We are prioritizing this and will update you as soon as possible.,Patched the bug and deployed a fix to production.,2.95,0,negative,0,0,desktop_app,MEA
TCKT_001340,2023-04-13 08:47:29,CUST_00752,enterprise,email,analytics_dashboard,billing_problem,medium,resolved,standard,My invoice amount is incorrect compared to the plan I selected.,Thanks for reaching out about the billing issue. Our team is reviewing this and will follow up within 24 hours.,Adjusted the invoice and issued a refund where applicable.,34.84,0,positive,5,0,web,MEA
TCKT_001410,2023-04-21 01:02:17,CUST_08383,individual,phone_transcript,data_export,other,low,resolved,platinum,"Something seems off, can you please check my workspace?",Thanks for contacting support. We will look into this and get back to you within the next 48 hours.,Provided general guidance and confirmed the issue was resolved.,22.92,0,positive,0,0,ios,LATAM
TCKT_001491,2023-04-05 10:30:26,CUST_07056,education,chat,login_auth,account_access,medium,resolved,standard,I cannot log in; the system says my password is incorrect.,Sorry to hear you're having trouble accessing your account. Our team is reviewing this and will follow up within 24 hours.,Reset account credentials and confirmed successful login.,39.97,0,very_negative,0,0,ios,
TCKT_001495,2023-04-29 09:11:14,CUST_09401,enterprise,chat,api_integration,billing_problem,high,resolved,standard,I was charged twice for my subscription this month.,Thanks for reaching out about the billing issue. We are prioritizing this and will update you as soon as possible.,Adjusted the invoice and issued a refund where applicable.,10.46,0,neutral,0,0,desktop_app,
TCKT_001496,2023-04-18 21:46:09,CUST_06974,non_profit,web_form,mobile_app,feature_request,medium,resolved,gold,Can you add an option to customize mobile app?,Thanks for your feature suggestion. Our team is reviewing this and will follow up within 24 hours.,Captured the request and added it to the product backlog.,44.2,0,positive,0,0,android,LATAM
TCKT_001499,2023-04-30 13:13:26,CUST_05128,small_business,web_form,mobile_app,security_concern,low,closed_no_action,gold,I noticed a suspicious login on my account.,We take security very seriously. We will look into this and get back to you within the next 48 hours.,Ticket closed without further action after no response from the customer.,26.9,0,very_negative,2,0,ios,EU
TCKT_001509,2023-04-03 14:47:06,CUST_06734,individual,email,login_auth,security_concern,low,in_progress,gold,We need details about your data encryption and compliance.,We take security very seriously. We will look into this and get back to you within the next 48 hours.,,,0,negative,0,0,ios,MEA
TCKT_001510,2023-04-22 12:06:42,CUST_00391,small_business,web_form,notifications,how_to,low,in_progress,standard,I need help setting up notifications for my team.,Happy to help with your question. We will look into this and get back to you within the next 48 hours.,,,0,negative,2,1,desktop_app,APAC
TCKT_001607,2023-04-18 03:41:20,CUST_01363,small_business,chat,analytics_dashboard,other,low,on_hold,standard,I have a general question about my account.,Thanks for contacting support. We will look into this and get back to you within the next 48 hours.,,,0,neutral,4,1,ios,APAC
TCKT_001663,2023-04-27 23:55:03,CUST_02103,non_profit,web_form,notifications,how_to,low,resolved,standard,How can I export my data from the notifications section?,Happy to help with your question. We will look into this and get back to you within the next 48 hours.,Provided step-by-step instructions and relevant documentation.,30.39,0,positive,5,0,desktop_app,LATAM
TCKT_001781,2023-04-23 22:03:58,CUST_09864,non_profit,email,billing,other,low,resolved,standard,"Something seems off, can you please check my workspace?",Thanks for contacting support. We will look into this and get back to you within the next 48 hours.,Provided general guidance and confirmed the issue was resolved.,10.39,0,neutral,0,0,web,LATAM
TCKT_001843,2023-04-07 15:58:52,CUST_03006,small_business,email,api_integration,bug,medium,resolved,standard,The page keeps crashing whenever I try to open the api integration section.,Thanks for reporting this bug. Our team is reviewing this and will follow up within 24 hours.,Patched the bug and deployed a fix to production.,27.12,0,positive,0,0,desktop_app,MEA
TCKT_001851,2023-04-17 20:47:42,CUST_00590,non_profit,web_form,mobile_app,how_to,low,resolved,gold,How can I export my data from the mobile app section?,Happy to help with your question. We will look into this and get back to you within the next 48 hours.,Provided step-by-step instructions and relevant documentation.,45.7,0,very_positive,5,0,android,MEA
TCKT_001890,2023-04-27 12:50:57,CUST_07438,small_business,web_form,billing,feature_request,medium,resolved,standard,It would be great to have billing support in your product.,Thanks for your feature suggestion. Our team is reviewing this and will follow up within 24 hours.,Captured the request and added it to the product backlog.,40.89,0,negative,2,0,desktop_app,APAC
TCKT_001992,2023-04-19 04:33:12,CUST_00208,enterprise,in_app,mobile_app,how_to,high,in_progress,platinum,I need help setting up mobile app for my team.,Happy to help with your question. We are prioritizing this and will update you as soon as possible.,,,0,neutral,4,0,desktop_app,MEA
TCKT_002000,2023-04-15 15:21:41,CUST_04694,small_business,email,notifications,security_concern,high,open,gold,I noticed a suspicious login on my account.,We take security very seriously. We are prioritizing this and will update you as soon as possible.,,,0,positive,5,0,api_client,MEA
TCKT_002025,2023-04-25 10:47:10,CUST_01383,small_business,phone_transcript,mobile_app,security_concern,low,on_hold,standard,There seems to be a vulnerability in the mobile app functionality.,We take security very seriously. We will look into this and get back to you within the next 48 hours.,,,0,very_negative,1,0,desktop_app,
TCKT_002079,2023-04-08 11:43:25,CUST_00559,education,web_form,notifications,how_to,medium,closed_no_action,gold,How can I export my data from the notifications section?,Happy to help with your question. Our team is reviewing this and will follow up within 24 hours.,Ticket closed without further action after no response from the customer.,203.1,0,very_positive,0,0,android,APAC
TCKT_002154,2023-04-16 20:47:09,CUST_06692,education,email,billing,security_concern,high,resolved,standard,We need details about your data encryption and compliance.,We take security very seriously. We are prioritizing this and will update you as soon as possible.,"Investigated logs, mitigated the issue, and updated security settings.",16.73,0,neutral,0,1,desktop_app,
TCKT_002163,2023-04-17 03:34:24,CUST_07740,individual,chat,analytics_dashboard,bug,medium,resolved,standard,The analytics dashboard feature is not saving my changes.,Thanks for reporting this bug. Our team is reviewing this and will follow up within 24 hours.,Patched the bug and deployed a fix to production.,24.65,1,neutral,4,1,desktop_app,MEA
TCKT_002178,2023-04-30 15:21:46,CUST_01723,enterprise,phone_transcript,login_auth,account_access,low,on_hold,standard,My 2FA code is not working when I try to sign in.,Sorry to hear you're having trouble accessing your account. We will look into this and get back to you within the next 48 hours.,,,0,negative,2,0,desktop_app,MEA
TCKT_002183,2023-04-25 20:08:56,CUST_02420,non_profit,chat,analytics_dashboard,billing_problem,medium,in_progress,gold,I was charged twice for my subscription this month.,Thanks for reaching out about the billing issue. Our team is reviewing this and will follow up within 24 hours.,,,0,negative,3,0,android,
TCKT_002189,2023-04-26 07:20:59,CUST_00756,small_business,phone_transcript,billing,how_to,low,in_progress,standard,I need help setting up billing for my team.,Happy to help with your question. We will look into this and get back to you within the next 48 hours.,,,1,very_positive,5,0,api_client,APAC
TCKT_002229,2023-04-14 00:57:39,CUST_06239,enterprise,email,data_export,feature_request,low,resolved,standard,Can you add an option to customize data export?,Thanks for your feature suggestion. We will look into this and get back to you within the next 48 hours.,Captured the request and added it to the product backlog.,28.24,0,positive,5,0,android,MEA
TCKT_002238,2023-04-26 17:07:43,CUST_02027,non_profit,web_form,login_auth,performance,medium,resolved,standard,The login auth page is very slow and takes a long time to load.,We understand performance issues can be frustrating. Our team is reviewing this and will follow up within 24 hours.,Optimized queries and increased resource allocation.,6.21,0,negative,2,0,api_client,
TCKT_002247,2023-04-22 09:36:46,CUST_06243,individual,chat,billing,bug,urgent,closed_no_action,standard,The page keeps crashing whenever I try to open the billing section.,Thanks for reporting this bug. This has been escalated to our on-call team for immediate attention.,Ticket closed without further action after no response from the customer.,135.33,0,neutral,4,0,ios,LATAM
TCKT_002351,2023-04-05 03:35:58,CUST_05519,enterprise,email,analytics_dashboard,feature_request,urgent,in_progress,standard,It would be great to have analytics dashboard support in your product.,Thanks for your feature suggestion. This has been escalated to our on-call team for immediate attention.,,,0,positive,5,0,api_client,EU
TCKT_002523,2023-04-12 20:34:17,CUST_05359,non_profit,in_app,data_export,security_concern,low,resolved,gold,We need details about your data encryption and compliance.,We take security very seriously. We will look into this and get back to you within the next 48 hours.,"Investigated logs, mitigated the issue, and updated security settings.",59.51,0,positive,0,1,api_client,LATAM
TCKT_002583,2023-04-21 06:32:13,CUST_08417,non_profit,in_app,api_integration,billing_problem,low,in_progress,gold,My invoice amount is incorrect compared to the plan I selected.,Thanks for reaching out about the billing issue. We will look into this and get back to you within the next 48 hours.,,,0,negative,3,0,web,LATAM
TCKT_002661,2023-04-14 22:07:12,CUST_07008,enterprise,in_app,api_integration,billing_problem,low,on_hold,gold,I was charged twice for my subscription this month.,Thanks for reaching out about the billing issue. We will look into this and get back to you within the next 48 hours.,,,0,negative,0,0,desktop_app,APAC
TCKT_002695,2023-04-15 18:04:09,CUST_06186,education,phone_transcript,data_export,performance,medium,resolved,platinum,The data export page is very slow and takes a long time to load.,We understand performance issues can be frustrating. Our team is reviewing this and will follow up within 24 hours.,Optimized queries and increased resource allocation.,8.55,0,negative,2,1,ios,MEA
TCKT_002704,2023-04-04 18:09:16,CUST_01747,non_profit,web_form,analytics_dashboard,billing_problem,low,resolved,standard,I downgraded my plan but I am still being billed for the higher tier.,Thanks for reaching out about the billing issue. We will look into this and get back to you within the next 48 hours.,Adjusted the invoice and issued a refund where applicable.,30.21,0,neutral,0,1,android,LATAM
TCKT_002760,2023-04-12 15:42:01,CUST_00243,small_business,phone_transcript,api_integration,billing_problem,low,on_hold,standard,I downgraded my plan but I am still being billed for the higher tier.,Thanks for reaching out about the billing issue. We will look into this and get back to you within the next 48 hours.,,,0,negative,3,0,api_client,EU
TCKT_002782,2023-04-27 21:53:37,CUST_09604,non_profit,in_app,mobile_app,how_to,high,resolved,platinum,How can I export my data from the mobile app section?,Happy to help with your question. We are prioritizing this and will update you as soon as possible.,Provided step-by-step instructions and relevant documentation.,2.81,0,neutral,4,0,android,EU
TCKT_002808,2023-04-10 09:12:07,CUST_04310,non_profit,in_app,notifications,account_access,low,open,platinum,I cannot log in; the system says my password is incorrect.,Sorry to hear you're having trouble accessing your account. We will look into this and get back to you within the next 48 hours.,,,0,neutral,0,0,desktop_app,MEA
TCKT_002839,2023-04-06 08:42:18,CUST_07002,small_business,email,login_auth,feature_request,medium,in_progress,gold,Can you add an option to customize login auth?,Thanks for your feature suggestion. Our team is reviewing this and will follow up within 24 hours.,,,0,neutral,0,0,api_client,EU
TCKT_002918,2023-04-06 23:45:56,CUST_07776,individual,email,api_integration,performance,high,closed_no_action,platinum,Overall performance has degraded in the last few days.,We understand performance issues can be frustrating. We are prioritizing this and will update you as soon as possible.,Ticket closed without further action after no response from the customer.,203.46,0,negative,0,0,desktop_app,MEA
TCKT_002924,2023-04-22 16:16:43,CUST_01442,non_profit,chat,billing,other,medium,closed_no_action,standard,"Something seems off, can you please check my workspace?",Thanks for contacting support. Our team is reviewing this and will follow up within 24 hours.,Ticket closed without further action after no response from the customer.,41.53,0,positive,4,0,ios,
TCKT_003029,2023-04-18 23:50:25,CUST_08311,education,in_app,data_export,how_to,low,resolved,standard,I need help setting up data export for my team.,Happy to help with your question. We will look into this and get back to you within the next 48 hours.,Provided step-by-step instructions and relevant documentation.,16.82,0,neutral,3,0,desktop_app,LATAM
TCKT_003108,2023-04-05 16:53:14,CUST_04667,non_profit,in_app,login_auth,account_access,low,resolved,standard,I cannot log in; the system says my password is incorrect.,Sorry to hear you're having trouble accessing your account. We will look into this and get back to you within the next 48 hours.,Reset account credentials and confirmed successful login.,9.61,0,neutral,3,1,ios,EU
TCKT_003130,2023-04-27 04:51:11,CUST_06276,non_profit,chat,api_integration,performance,low,resolved,gold,Overall performance has degraded in the last few days.,We understand performance issues can be frustrating. We will look into this and get back to you within the next 48 hours.,Optimized queries and increased resource allocation.,60.92,0,positive,4,0,android,APAC
TCKT_003155,2023-04-03 17:12:49,CUST_04407,non_profit,chat,billing,performance,low,closed_no_action,gold,Queries in the billing module are timing out.,We understand performance issues can be frustrating. We will look into this and get back to you within the next 48 hours.,Ticket closed without further action after no response from the customer.,102.45,1,very_negative,2,0,web,MEA
TCKT_003173,2023-04-11 19:04:21,CUST_05263,enterprise,email,analytics_dashboard,account_access,medium,resolved,standard,My 2FA code is not working when I try to sign in.,Sorry to hear you're having trouble accessing your account. Our team is reviewing this and will follow up within 24 hours.,Reset account credentials and confirmed successful login.,12.71,0,negative,0,0,android,
TCKT_003349,2023-04-04 11:47:23,CUST_00895,enterprise,chat,login_auth,performance,high,resolved,gold,Queries in the login auth module are timing out.,We understand performance issues can be frustrating. We are prioritizing this and will update you as soon as possible.,Optimized queries and increased resource allocation.,3.18,0,neutral,3,0,android,
TCKT_003355,2023-04-17 10:05:15,CUST_03707,small_business,in_app,data_export,account_access,medium,resolved,gold,My account was locked after multiple failed login attempts.,Sorry to hear you're having trouble accessing your account. Our team is reviewing this and will follow up within 24 hours.,Reset account credentials and confirmed successful login.,38.59,0,neutral,4,0,android,
TCKT_003435,2023-04-24 18:50:05,CUST_02751,enterprise,chat,billing,feature_request,medium,open,gold,Our team needs more advanced options for billing.,Thanks for your feature suggestion. Our team is reviewing this and will follow up within 24 hours.,,,0,neutral,4,0,api_client,
TCKT_003439,2023-04-23 09:40:33,CUST_05876,non_profit,phone_transcript,api_integration,performance,high,in_progress,gold,Queries in the api integration module are timing out.,We understand performance issues can be frustrating. We are prioritizing this and will update you as soon as possible.,,,0,very_negative,1,1,ios,MEA
TCKT_003540,2023-04-07 06:14:32,CUST_08593,education,email,analytics_dashboard,how_to,low,on_hold,standard,Can you explain how to configure analytics dashboard properly?,Happy to help with your question. We will look into this and get back to you within the next 48 hours.,,,0,neutral,0,0,android,MEA
TCKT_003558,2023-04-18 06:30:52,CUST_00178,education,in_app,data_export,billing_problem,urgent,resolved,gold,My invoice amount is incorrect compared to the plan I selected.,Thanks for reaching out about the billing issue. This has been escalated to our on-call team for immediate attention.,Adjusted the invoice and issued a refund where applicable.,5.21,0,positive,4,1,api_client,EU
TCKT_003631,2023-04-12 12:30:26,CUST_01378,enterprise,chat,mobile_app,feature_request,low,resolved,standard,Our team needs more advanced options for mobile app.,Thanks for your feature suggestion. We will look into this and get back to you within the next 48 hours.,Captured the request and added it to the product backlog.,71.99,0,negative,3,0,web,
TCKT_003639,2023-04-12 17:30:09,CUST_04124,non_profit,phone_transcript,notifications,performance,high,resolved,standard,Overall performance has degraded in the last few days.,We understand performance issues can be frustrating. We are prioritizing this and will update you as soon as possible.,Optimized queries and increased resource allocation.,2.57,1,negative,3,1,api_client,
TCKT_003674,2023-04-04 10:25:32,CUST_09730,education,email,notifications,billing_problem,low,in_progress,standard,My invoice amount is incorrect compared to the plan I selected.,Thanks for reaching out about the billing issue. We will look into this and get back to you within the next 48 hours.,,,0,very_negative,0,0,android,MEA
TCKT_003701,2023-04-30 07:45:33,CUST_08269,non_profit,phone_transcript,billing,billing_problem,urgent,open,gold,I downgraded my plan but I am still being billed for the higher tier.,Thanks for reaching out about the billing issue. This has been escalated to our on-call team for immediate attention.,,,0,neutral,3,0,api_client,EU
TCKT_003715,2023-04-06 16:22:10,CUST_08148,enterprise,phone_transcript,notifications,bug,medium,on_hold,gold,The page keeps crashing whenever I try to open the notifications section.,Thanks for reporting this bug. Our team is reviewing this and will follow up within 24 hours.,,,0,very_positive,5,0,api_client,EU
TCKT_003732,2023-04-28 09:35:32,CUST_00083,enterprise,chat,mobile_app,bug,high,closed_no_action,platinum,The page keeps crashing whenever I try to open the mobile app section.,Thanks for reporting this bug. We are prioritizing this and will update you as soon as possible.,Ticket closed without further action after no response from the customer.,168.99,0,neutral,0,1,android,
TCKT_003779,2023-04-22 12:01:45,CUST_06229,non_profit,phone_transcript,data_export,billing_problem,low,in_progress,standard,My invoice amount is incorrect compared to the plan I selected.,Thanks for reaching out about the billing issue. We will look into this and get back to you within the next 48 hours.,,,0,very_negative,1,0,android,LATAM
TCKT_003785,2023-04-02 01:52:16,CUST_03318,education,in_app,billing,account_access,high,resolved,standard,My account was locked after multiple failed login attempts.,Sorry to hear you're having trouble accessing your account. We are prioritizing this and will update you as soon as possible.,Reset account credentials and confirmed successful login.,12.77,0,negative,2,0,desktop_app,
TCKT_003802,2023-04-17 16:00:56,CUST_01960,non_profit,web_form,login_auth,account_access,medium,resolved,standard,My account was locked after multiple failed login attempts.,Sorry to hear you're having trouble accessing your account. Our team is reviewing this and will follow up within 24 hours.,Reset account credentials and confirmed successful login.,45.87,0,very_negative,0,0,android,MEA
TCKT_003914,2023-04-23 14:55:56,CUST_07338,education,in_app,analytics_dashboard,bug,low,resolved,standard,The page keeps crashing whenever I try to open the analytics dashboard section.,Thanks for reporting this bug. We will look into this and get back to you within the next 48 hours.,Patched the bug and deployed a fix to production.,45.7,0,negative,0,0,desktop_app,MEA
TCKT_003917,2023-04-20 10:39:51,CUST_05413,small_business,in_app,data_export,how_to,medium,in_progress,standard,Can you explain how to configure data export properly?,Happy to help with your question. Our team is reviewing this and will follow up within 24 hours.,,,0,very_negative,1,1,desktop_app,APAC
TCKT_003983,2023-04-03 09:17:30,CUST_00966,individual,email,login_auth,other,low,resolved,standard,"Something seems off, can you please check my workspace?",Thanks for contacting support. We will look into this and get back to you within the next 48 hours.,Provided general guidance and confirmed the issue was resolved.,53.13,0,neutral,3,1,android,EU
TCKT_004012,2023-04-23 20:50:11,CUST_05723,education,in_app,mobile_app,bug,low,closed_no_action,gold,I am seeing an error message when I click on mobile app.,Thanks for reporting this bug. We will look into this and get back to you within the next 48 hours.,Ticket closed without further action after no response from the customer.,98.86,0,neutral,3,0,ios,
TCKT_004127,2023-04-29 03:31:10,CUST_04633,enterprise,chat,api_integration,security_concern,high,resolved,gold,I noticed a suspicious login on my account.,We take security very seriously. We are prioritizing this and will update you as soon as possible.,"Investigated logs, mitigated the issue, and updated security settings.",11.71,0,positive,4,0,android,EU
TCKT_004255,2023-04-21 04:48:23,CUST_08049,non_profit,chat,login_auth,bug,low,in_progress,standard,I am seeing an error message when I click on login auth.,Thanks for reporting this bug. We will look into this and get back to you within the next 48 hours.,,,0,very_positive,5,0,ios,EU
TCKT_004296,2023-04-14 12:10:48,CUST_03676,education,web_form,notifications,other,high,resolved,gold,I have a general question about my account.,Thanks for contacting support. We are prioritizing this and will update you as soon as possible.,Provided general guidance and confirmed the issue was resolved.,7.52,1,negative,2,0,desktop_app,EU
TCKT_004322,2023-04-10 12:54:32,CUST_02382,small_business,phone_transcript,login_auth,account_access,low,resolved,standard,My 2FA code is not working when I try to sign in.,Sorry to hear you're having trouble accessing your account. We will look into this and get back to you within the next 48 hours.,Reset account credentials and confirmed successful login.,35.02,0,very_negative,0,0,api_client,
TCKT_004342,2023-04-23 13:13:35,CUST_06225,enterprise,web_form,analytics_dashboard,other,medium,resolved,gold,"Something seems off, can you please check my workspace?",Thanks for contacting support. Our team is reviewing this and will follow up within 24 hours.,Provided general guidance and confirmed the issue was resolved.,28.04,0,neutral,0,0,ios,
TCKT_004512,2023-04-05 16:52:37,CUST_03158,non_profit,in_app,billing,performance,low,resolved,standard,The billing page is very slow and takes a long time to load.,We understand performance issues can be frustrating. We will look into this and get back to you within the next 48 hours.,Optimized queries and increased resource allocation.,26.34,0,negative,3,1,android,
TCKT_004529,2023-04-01 09:45:58,CUST_02965,small_business,chat,mobile_app,performance,medium,resolved,gold,The mobile app page is very slow and takes a long time to load.,We understand performance issues can be frustrating. Our team is reviewing this and will follow up within 24 hours.,Optimized queries and increased resource allocation.,28.04,0,negative,0,0,desktop_app,APAC
TCKT_004587,2023-04-22 01:24:30,CUST_04257,individual,web_form,notifications,feature_request,urgent,on_hold,platinum,Can you add an option to customize notifications?,Thanks for your feature suggestion. This has been escalated to our on-call team for immediate attention.,,,0,positive,4,1,desktop_app,
TCKT_004719,2023-04-02 12:42:49,CUST_07592,small_business,email,data_export,performance,medium,on_hold,gold,Queries in the data export module are timing out.,We understand performance issues can be frustrating. Our team is reviewing this and will follow up within 24 hours.,,,0,very_negative,2,1,android,LATAM
TCKT_004720,2023-04-07 05:54:49,CUST_06746,enterprise,in_app,api_integration,how_to,medium,on_hold,standard,How can I export my data from the api integration section?,Happy to help with your question. Our team is reviewing this and will follow up within 24 hours.,,,0,neutral,0,1,api_client,EU
TCKT_004787,2023-04-17 19:49:07,CUST_08729,individual,in_app,billing,security_concern,medium,closed_no_action,standard,There seems to be a vulnerability in the billing functionality.,We take security very seriously. Our team is reviewing this and will follow up within 24 hours.,Ticket closed without further action after no response from the customer.,132.95,0,neutral,4,0,desktop_app,LATAM
TCKT_004794,2023-04-08 02:06:33,CUST_03278,education,web_form,mobile_app,how_to,medium,resolved,standard,Can you explain how to configure mobile app properly?,Happy to help with your question. Our team is reviewing this and will follow up within 24 hours.,Provided step-by-step instructions and relevant documentation.,36.77,0,neutral,4,1,api_client,
TCKT_004839,2023-04-16 22:57:27,CUST_07815,education,chat,login_auth,bug,urgent,resolved,standard,I am seeing an error message when I click on login auth.,Thanks for reporting this bug. This has been escalated to our on-call team for immediate attention.,Patched the bug and deployed a fix to production.,3.9,0,negative,3,0,api_client,EU
TCKT_004848,2023-04-29 21:34:47,CUST_09378,individual,in_app,data_export,bug,medium,resolved,standard,I am seeing an error message when I click on data export.,Thanks for reporting this bug. Our team is reviewing this and will follow up within 24 hours.,Patched the bug and deployed a fix to production.,12.08,0,neutral,4,1,android,APAC
TCKT_004856,2023-04-23 11:14:59,CUST_03175,small_business,phone_transcript,api_integration,performance,high,in_progress,standard,Overall performance has degraded in the last few days.,We understand performance issues can be frustrating. We are prioritizing this and will update you as soon as possible.,,,0,neutral,3,0,android,MEA
TCKT_004900,2023-04-25 06:04:06,CUST_03886,non_profit,chat,login_auth,performance,low,resolved,standard,Queries in the login auth module are timing out.,We understand performance issues can be frustrating. We will look into this and get back to you within the next 48 hours.,Optimized queries and increased resource allocation.,27.15,0,positive,5,0,api_client,APAC
TCKT_004953,2023-04-28 21:07:22,CUST_08799,enterprise,phone_transcript,analytics_dashboard,bug,low,resolved,standard,I am seeing an error message when I click on analytics dashboard.,Thanks for reporting this bug. We will look into this and get back to you within the next 48 hours.,Patched the bug and deployed a fix to production.,66.96,0,very_positive,5,0,api_client,APAC
TCKT_004961,2023-04-03 17:07:32,CUST_02836,enterprise,email,login_auth,performance,medium,closed_no_action,gold,Overall performance has degraded in the last few days.,We understand performance issues can be frustrating. Our team is reviewing this and will follow up within 24 hours.,Ticket closed without further action after no response from the customer.,227.74,0,very_positive,5,0,ios,APAC
TCKT_004966,2023-04-11 04:29:45,CUST_00470,non_profit,chat,notifications,bug,medium,resolved,standard,The page keeps crashing whenever I try to open the notifications section.,Thanks for reporting this bug. Our team is reviewing this and will follow up within 24 hours.,Patched the bug and deployed a fix to production.,41.7,0,very_positive,0,1,web,MEA
TCKT_004983,2023-04-12 12:03:37,CUST_09931,enterprise,in_app,login_auth,account_access,medium,in_progress,standard,My account was locked after multiple failed login attempts.,Sorry to hear you're having trouble accessing your account. Our team is reviewing this and will follow up within 24 hours.,,,0,negative,0,0,api_client,LATAM
TCKT_005014,2023-04-01 17:37:08,CUST_01162,education,email,notifications,how_to,medium,closed_no_action,standard,I need help setting up notifications for my team.,Happy to help with your question. Our team is reviewing this and will follow up within 24 hours.,Ticket closed without further action after no response from the customer.,26.5,1,neutral,4,0,desktop_app,EU
TCKT_005050,2023-04-17 11:46:38,CUST_08617,small_business,email,api_integration,security_concern,medium,closed_no_action,gold,We need details about your data encryption and compliance.,We take security very seriously. Our team is reviewing this and will follow up within 24 hours.,Ticket closed without further action after no response from the customer.,176.49,0,negative,3,1,web,LATAM
TCKT_005158,2023-04-09 15:58:55,CUST_08748,small_business,chat,notifications,feature_request,low,in_progress,standard,Our team needs more advanced options for notifications.,Thanks for your feature suggestion. We will look into this and get back to you within the next 48 hours.,,,0,positive,4,0,android,
TCKT_005235,2023-04-13 13:53:39,CUST_00302,education,email,analytics_dashboard,feature_request,medium,on_hold,standard,Can you add an option to customize analytics dashboard?,Thanks for your feature suggestion. Our team is reviewing this and will follow up within 24 hours.,,,0,neutral,4,1,ios,MEA
TCKT_005246,2023-04-22 00:59:00,CUST_02403,non_profit,web_form,login_auth,feature_request,urgent,resolved,standard,Our team needs more advanced options for login auth.,Thanks for your feature suggestion. This has been escalated to our on-call team for immediate attention.,Captured the request and added it to the product backlog.,6.14,0,very_negative,0,0,android,
TCKT_005270,2023-04-17 05:30:37,CUST_00473,small_business,phone_transcript,analytics_dashboard,feature_request,high,resolved,gold,It would be great to have analytics dashboard support in your product.,Thanks for your feature suggestion. We are prioritizing this and will update you as soon as possible.,Captured the request and added it to the product backlog.,17.31,0,very_positive,0,0,android,LATAM
TCKT_005281,2023-04-25 19:30:16,CUST_06106,small_business,chat,login_auth,feature_request,high,in_progress,gold,Our team needs more advanced options for login auth.,Thanks for your feature suggestion. We are prioritizing this and will update you as soon as possible.,,,0,negative,2,1,web,EU
TCKT_005283,2023-04-07 07:46:25,CUST_05504,education,email,billing,security_concern,medium,closed_no_action,platinum,I noticed a suspicious login on my account.,We take security very seriously. Our team is reviewing this and will follow up within 24 hours.,Ticket closed without further action after no response from the customer.,166.44,0,negative,3,0,android,MEA
TCKT_005287,2023-04-30 11:01:45,CUST_02338,small_business,in_app,api_integration,bug,medium,on_hold,platinum,The api integration feature is not saving my changes.,Thanks for reporting this bug. Our team is reviewing this and will follow up within 24 hours.,,,0,positive,0,0,web,EU
TCKT_005433,2023-04-10 23:02:37,CUST_09649,education,in_app,billing,security_concern,medium,resolved,gold,We need details about your data encryption and compliance.,We take security very seriously. Our team is reviewing this and will follow up within 24 hours.,"Investigated logs, mitigated the issue, and updated security settings.",17.2,0,negative,3,0,ios,APAC
TCKT_005463,2023-04-21 12:57:12,CUST_01347,individual,in_app,login_auth,other,high,resolved,standard,I have a general question about my account.,Thanks for contacting support. We are prioritizing this and will update you as soon as possible.,Provided general guidance and confirmed the issue was resolved.,16.9,0,neutral,0,0,desktop_app,APAC
TCKT_005616,2023-04-19 22:07:13,CUST_09232,non_profit,in_app,data_export,security_concern,medium,resolved,standard,I noticed a suspicious login on my account.,We take security very seriously. Our team is reviewing this and will follow up within 24 hours.,"Investigated logs, mitigated the issue, and updated security settings.",37.0,0,very_negative,1,1,web,MEA
TCKT_005622,2023-04-09 23:52:49,CUST_05597,education,web_form,analytics_dashboard,account_access,low,resolved,standard,My account was locked after multiple failed login attempts.,Sorry to hear you're having trouble accessing your account. We will look into this and get back to you within the next 48 hours.,Reset account credentials and confirmed successful login.,38.3,0,negative,0,0,ios,LATAM
TCKT_005689,2023-04-10 06:22:33,CUST_00849,small_business,web_form,analytics_dashboard,performance,medium,on_hold,gold,Overall performance has degraded in the last few days.,We understand performance issues can be frustrating. Our team is reviewing this and will follow up within 24 hours.,,,0,very_negative,0,0,desktop_app,LATAM
TCKT_005717,2023-04-06 03:46:48,CUST_02368,non_profit,chat,data_export,how_to,low,in_progress,standard,Can you explain how to configure data export properly?,Happy to help with your question. We will look into this and get back to you within the next 48 hours.,,,0,very_positive,5,0,api_client,MEA
TCKT_005730,2023-04-12 18:50:11,CUST_06516,individual,chat,data_export,security_concern,high,resolved,gold,There seems to be a vulnerability in the data export functionality.,We take security very seriously. We are prioritizing this and will update you as soon as possible.,"Investigated logs, mitigated the issue, and updated security settings.",21.73,0,negative,3,0,web,MEA
TCKT_005751,2023-04-23 14:23:17,CUST_00932,individual,phone_transcript,login_auth,billing_problem,low,in_progress,standard,I was charged twice for my subscription this month.,Thanks for reaching out about the billing issue. We will look into this and get back to you within the next 48 hours.,,,0,negative,0,0,api_client,
TCKT_005778,2023-04-28 19:15:31,CUST_05261,individual,chat,data_export,bug,high,resolved,gold,I am seeing an error message when I click on data export.,Thanks for reporting this bug. We are prioritizing this and will update you as soon as possible.,Patched the bug and deployed a fix to production.,22.54,0,neutral,3,0,web,
TCKT_005831,2023-04-11 08:25:20,CUST_07187,individual,phone_transcript,mobile_app,other,urgent,resolved,standard,I need help but I'm not sure which category this fits in.,Thanks for contacting support. This has been escalated to our on-call team for immediate attention.,Provided general guidance and confirmed the issue was resolved.,3.32,0,negative,2,0,desktop_app,LATAM
TCKT_005916,2023-04-11 15:16:57,CUST_05753,individual,phone_transcript,api_integration,billing_problem,high,in_progress,gold,I was charged twice for my subscription this month.,Thanks for reaching out about the billing issue. We are prioritizing this and will update you as soon as possible.,,,0,neutral,3,0,web,
TCKT_005992,2023-04-03 01:51:47,CUST_02887,individual,email,analytics_dashboard,bug,low,resolved,standard,I am seeing an error message when I click on analytics dashboard.,Thanks for reporting this bug. We will look into this and get back to you within the next 48 hours.,Patched the bug and deployed a fix to production.,14.49,0,positive,4,0,api_client,MEA
TCKT_005994,2023-04-08 05:04:23,CUST_06795,education,phone_transcript,notifications,performance,high,in_progress,standard,The notifications page is very slow and takes a long time to load.,We understand performance issues can be frustrating. We are prioritizing this and will update you as soon as possible.,,,0,very_negative,0,0,desktop_app,LATAM
TCKT_006129,2023-04-27 09:10:22,CUST_02564,individual,web_form,analytics_dashboard,how_to,medium,in_progress,standard,Can you explain how to configure analytics dashboard properly?,Happy to help with your question. Our team is reviewing this and will follow up within 24 hours.,,,0,very_positive,5,0,api_client,EU
TCKT_006180,2023-04-15 01:37:39,CUST_03265,enterprise,phone_transcript,api_integration,feature_request,medium,on_hold,standard,Can you add an option to customize api integration?,Thanks for your feature suggestion. Our team is reviewing this and will follow up within 24 hours.,,,0,very_negative,0,0,desktop_app,EU
TCKT_006193,2023-04-10 15:22:00,CUST_01827,non_profit,chat,api_integration,bug,medium,in_progress,platinum,The page keeps crashing whenever I try to open the api integration section.,Thanks for reporting this bug. Our team is reviewing this and will follow up within 24 hours.,,,1,positive,5,0,desktop_app,MEA
TCKT_006203,2023-04-01 10:32:45,CUST_00247,non_profit,email,notifications,billing_problem,low,resolved,standard,I was charged twice for my subscription this month.,Thanks for reaching out about the billing issue. We will look into this and get back to you within the next 48 hours.,Adjusted the invoice and issued a refund where applicable.,33.1,0,negative,3,0,desktop_app,LATAM
TCKT_006255,2023-04-22 12:25:49,CUST_00047,non_profit,in_app,analytics_dashboard,security_concern,low,in_progress,standard,I noticed a suspicious login on my account.,We take security very seriously. We will look into this and get back to you within the next 48 hours.,,,0,neutral,3,1,api_client,MEA
TCKT_006256,2023-04-12 14:28:52,CUST_08146,enterprise,web_form,mobile_app,account_access,low,resolved,standard,My 2FA code is not working when I try to sign in.,Sorry to hear you're having trouble accessing your account. We will look into this and get back to you within the next 48 hours.,Reset account credentials and confirmed successful login.,67.69,0,negative,0,0,android,LATAM
TCKT_006262,2023-04-14 23:46:32,CUST_03768,individual,email,mobile_app,feature_request,low,in_progress,platinum,It would be great to have mobile app support in your product.,Thanks for your feature suggestion. We will look into this and get back to you within the next 48 hours.,,,0,negative,0,1,ios,LATAM
TCKT_006263,2023-04-22 15:19:55,CUST_08599,small_business,phone_transcript,data_export,performance,medium,open,standard,The data export page is very slow and takes a long time to load.,We understand performance issues can be frustrating. Our team is reviewing this and will follow up within 24 hours.,,,1,neutral,0,0,desktop_app,EU
TCKT_006269,2023-04-16 07:14:13,CUST_08306,individual,in_app,api_integration,account_access,low,resolved,gold,I cannot log in; the system says my password is incorrect.,Sorry to hear you're having trouble accessing your account. We will look into this and get back to you within the next 48 hours.,Reset account credentials and confirmed successful login.,16.64,0,negative,2,0,ios,LATAM
TCKT_006368,2023-04-05 09:07:21,CUST_04186,education,phone_transcript,mobile_app,feature_request,urgent,closed_no_action,standard,Our team needs more advanced options for mobile app.,Thanks for your feature suggestion. This has been escalated to our on-call team for immediate attention.,Ticket closed without further action after no response from the customer.,156.87,0,positive,0,0,api_client,EU
TCKT_006381,2023-04-26 18:02:13,CUST_04134,non_profit,in_app,analytics_dashboard,billing_problem,low,in_progress,standard,I was charged twice for my subscription this month.,Thanks for reaching out about the billing issue. We will look into this and get back to you within the next 48 hours.,,,0,neutral,4,1,api_client,LATAM
TCKT_006443,2023-04-05 06:28:39,CUST_03603,non_profit,in_app,mobile_app,account_access,medium,in_progress,standard,My 2FA code is not working when I try to sign in.,Sorry to hear you're having trouble accessing your account. Our team is reviewing this and will follow up within 24 hours.,,,0,very_negative,1,0,desktop_app,EU
TCKT_006512,2023-04-22 17:55:17,CUST_01469,individual,in_app,data_export,performance,low,resolved,standard,Overall performance has degraded in the last few days.,We understand performance issues can be frustrating. We will look into this and get back to you within the next 48 hours.,Optimized queries and increased resource allocation.,20.22,0,negative,2,0,api_client,LATAM
TCKT_006533,2023-04-26 14:36:04,CUST_07881,education,chat,mobile_app,bug,high,in_progress,gold,I am seeing an error message when I click on mobile app.,Thanks for reporting this bug. We are prioritizing this and will update you as soon as possible.,,,0,positive,4,0,web,LATAM
TCKT_006541,2023-04-15 07:43:44,CUST_08558,enterprise,in_app,analytics_dashboard,billing_problem,low,in_progress,standard,I was charged twice for my subscription this month.,Thanks for reaching out about the billing issue. We will look into this and get back to you within the next 48 hours.,,,0,negative,3,0,api_client,
TCKT_006558,2023-04-29 01:53:26,CUST_03253,individual,web_form,login_auth,security_concern,low,resolved,platinum,We need details about your data encryption and compliance.,We take security very seriously. We will look into this and get back to you within the next 48 hours.,"Investigated logs, mitigated the issue, and updated security settings.",27.51,0,negative,3,0,api_client,
TCKT_006664,2023-04-13 09:05:01,CUST_09053,small_business,chat,login_auth,security_concern,medium,on_hold,platinum,There seems to be a vulnerability in the login auth functionality.,We take security very seriously. Our team is reviewing this and will follow up within 24 hours.,,,0,negative,3,1,android,
TCKT_006671,2023-04-27 01:48:05,CUST_06529,individual,phone_transcript,data_export,billing_problem,low,resolved,standard,I downgraded my plan but I am still being billed for the higher tier.,Thanks for reaching out about the billing issue. We will look into this and get back to you within the next 48 hours.,Adjusted the invoice and issued a refund where applicable.,68.6,0,negative,0,0,web,
TCKT_006681,2023-04-25 08:04:09,CUST_04280,enterprise,web_form,data_export,performance,high,resolved,standard,The data export page is very slow and takes a long time to load.,We understand performance issues can be frustrating. We are prioritizing this and will update you as soon as possible.,Optimized queries and increased resource allocation.,18.24,0,very_negative,0,1,android,
TCKT_006697,2023-04-06 03:48:01,CUST_03918,non_profit,web_form,data_export,other,medium,in_progress,standard,I need help but I'm not sure which category this fits in.,Thanks for contacting support. Our team is reviewing this and will follow up within 24 hours.,,,0,neutral,0,0,web,LATAM
TCKT_006767,2023-04-07 04:40:29,CUST_01622,education,email,api_integration,performance,high,in_progress,gold,Queries in the api integration module are timing out.,We understand performance issues can be frustrating. We are prioritizing this and will update you as soon as possible.,,,0,neutral,4,0,web,MEA
TCKT_006801,2023-04-24 02:16:11,CUST_01713,non_profit,email,mobile_app,billing_problem,low,open,standard,I downgraded my plan but I am still being billed for the higher tier.,Thanks for reaching out about the billing issue. We will look into this and get back to you within the next 48 hours.,,,0,neutral,0,0,desktop_app,APAC
TCKT_006822,2023-04-16 04:05:37,CUST_09000,small_business,email,analytics_dashboard,security_concern,medium,resolved,platinum,I noticed a suspicious login on my account.,We take security very seriously. Our team is reviewing this and will follow up within 24 hours.,"Investigated logs, mitigated the issue, and updated security settings.",9.12,0,negative,0,1,api_client,
TCKT_006876,2023-04-08 22:16:41,CUST_03628,education,in_app,login_auth,feature_request,high,resolved,gold,It would be great to have login auth support in your product.,Thanks for your feature suggestion. We are prioritizing this and will update you as soon as possible.,Captured the request and added it to the product backlog.,2.99,0,very_positive,5,0,android,
TCKT_006904,2023-04-16 15:33:03,CUST_03092,non_profit,chat,login_auth,feature_request,medium,in_progress,platinum,Our team needs more advanced options for login auth.,Thanks for your feature suggestion. Our team is reviewing this and will follow up within 24 hours.,,,0,neutral,3,0,desktop_app,EU
TCKT_006975,2023-04-09 13:11:55,CUST_06798,small_business,web_form,api_integration,bug,urgent,resolved,gold,The api integration feature is not saving my changes.,Thanks for reporting this bug. This has been escalated to our on-call team for immediate attention.,Patched the bug and deployed a fix to production.,2.93,0,very_negative,1,0,api_client,
TCKT_007006,2023-04-24 19:11:57,CUST_05040,non_profit,phone_transcript,analytics_dashboard,feature_request,medium,in_progress,standard,Can you add an option to customize analytics dashboard?,Thanks for your feature suggestion. Our team is reviewing this and will follow up within 24 hours.,,,0,neutral,4,1,ios,APAC
TCKT_007019,2023-04-27 14:32:04,CUST_06757,non_profit,email,analytics_dashboard,bug,low,in_progress,standard,The page keeps crashing whenever I try to open the analytics dashboard section.,Thanks for reporting this bug. We will look into this and get back to you within the next 48 hours.,,,0,negative,0,0,desktop_app,MEA
TCKT_007054,2023-04-04 03:44:18,CUST_00050,non_profit,chat,mobile_app,account_access,low,resolved,gold,I cannot log in; the system says my password is incorrect.,Sorry to hear you're having trouble accessing your account. We will look into this and get back to you within the next 48 hours.,Reset account credentials and confirmed successful login.,17.43,0,very_positive,5,1,api_client,EU
TCKT_007145,2023-04-23 01:40:22,CUST_09204,non_profit,web_form,data_export,performance,low,resolved,standard,Overall performance has degraded in the last few days.,We understand performance issues can be frustrating. We will look into this and get back to you within the next 48 hours.,Optimized queries and increased resource allocation.,47.72,0,negative,0,0,desktop_app,
TCKT_007189,2023-04-27 21:47:54,CUST_01187,non_profit,in_app,billing,feature_request,medium,resolved,standard,Can you add an option to customize billing?,Thanks for your feature suggestion. Our team is reviewing this and will follow up within 24 hours.,Captured the request and added it to the product backlog.,14.75,0,positive,0,0,desktop_app,APAC
TCKT_007207,2023-04-10 15:14:56,CUST_01213,education,chat,analytics_dashboard,bug,medium,resolved,standard,I am seeing an error message when I click on analytics dashboard.,Thanks for reporting this bug. Our team is reviewing this and will follow up within 24 hours.,Patched the bug and deployed a fix to production.,28.53,0,negative,2,0,web,EU
TCKT_007249,2023-04-28 06:03:43,CUST_07714,education,chat,data_export,bug,medium,resolved,standard,I am seeing an error message when I click on data export.,Thanks for reporting this bug. Our team is reviewing this and will follow up within 24 hours.,Patched the bug and deployed a fix to production.,27.97,0,negative,0,0,api_client,LATAM
TCKT_007328,2023-04-18 06:26:40,CUST_01506,individual,chat,mobile_app,billing_problem,medium,resolved,platinum,I downgraded my plan but I am still being billed for the higher tier.,Thanks for reaching out about the billing issue. Our team is reviewing this and will follow up within 24 hours.,Adjusted the invoice and issued a refund where applicable.,7.08,0,neutral,0,1,web,LATAM
TCKT_007353,2023-04-16 21:27:02,CUST_00921,education,email,notifications,security_concern,low,resolved,standard,We need details about your data encryption and compliance.,We take security very seriously. We will look into this and get back to you within the next 48 hours.,"Investigated logs, mitigated the issue, and updated security settings.",44.77,0,negative,0,1,android,LATAM
TCKT_007364,2023-04-30 19:11:45,CUST_05933,non_profit,chat,billing,other,low,resolved,standard,I need help but I'm not sure which category this fits in.,Thanks for contacting support. We will look into this and get back to you within the next 48 hours.,Provided general guidance and confirmed the issue was resolved.,69.68,0,neutral,3,0,api_client,APAC
TCKT_007378,2023-04-22 17:31:24,CUST_03494,non_profit,email,mobile_app,security_concern,medium,closed_no_action,platinum,There seems to be a vulnerability in the mobile app functionality.,We take security very seriously. Our team is reviewing this and will follow up within 24 hours.,Ticket closed without further action after no response from the customer.,201.47,0,neutral,3,0,ios,APAC
TCKT_007416,2023-04-11 22:28:04,CUST_01845,education,phone_transcript,notifications,bug,medium,resolved,standard,The page keeps crashing whenever I try to open the notifications section.,Thanks for reporting this bug. Our team is reviewing this and will follow up within 24 hours.,Patched the bug and deployed a fix to production.,30.57,0,neutral,4,0,web,APAC
TCKT_007497,2023-04-03 00:09:42,CUST_09536,enterprise,email,analytics_dashboard,bug,low,in_progress,gold,I am seeing an error message when I click on analytics dashboard.,Thanks for reporting this bug. We will look into this and get back to you within the next 48 hours.,,,0,positive,0,1,web,EU
TCKT_007515,2023-04-12 00:34:56,CUST_06653,non_profit,email,notifications,bug,medium,in_progress,standard,I am seeing an error message when I click on notifications.,Thanks for reporting this bug. Our team is reviewing this and will follow up within 24 hours.,,,1,negative,2,1,android,MEA
TCKT_007560,2023-04-11 12:52:57,CUST_06982,small_business,in_app,mobile_app,how_to,urgent,resolved,platinum,Can you explain how to configure mobile app properly?,Happy to help with your question. This has been escalated to our on-call team for immediate attention.,Provided step-by-step instructions and relevant documentation.,0.48,0,positive,4,0,desktop_app,MEA
TCKT_007584,2023-04-10 12:55:35,CUST_04201,small_business,phone_transcript,analytics_dashboard,other,medium,resolved,standard,"Something seems off, can you please check my workspace?",Thanks for contacting support. Our team is reviewing this and will follow up within 24 hours.,Provided general guidance and confirmed the issue was resolved.,18.12,0,neutral,4,0,desktop_app,MEA
TCKT_007621,2023-04-04 16:40:58,CUST_02345,individual,email,analytics_dashboard,feature_request,high,closed_no_action,standard,Can you add an option to customize analytics dashboard?,Thanks for your feature suggestion. We are prioritizing this and will update you as soon as possible.,Ticket closed without further action after no response from the customer.,48.78,0,positive,0,0,desktop_app,LATAM
TCKT_007622,2023-04-07 17:56:59,CUST_08663,non_profit,web_form,login_auth,billing_problem,high,resolved,standard,I was charged twice for my subscription this month.,Thanks for reaching out about the billing issue. We are prioritizing this and will update you as soon as possible.,Adjusted the invoice and issued a refund where applicable.,6.39,1,positive,0,0,desktop_app,EU
TCKT_007646,2023-04-09 21:54:19,CUST_07270,small_business,in_app,data_export,billing_problem,medium,resolved,standard,I downgraded my plan but I am still being billed for the higher tier.,Thanks for reaching out about the billing issue. Our team is reviewing this and will follow up within 24 hours.,Adjusted the invoice and issued a refund where applicable.,9.09,0,very_positive,5,0,android,APAC
TCKT_007673,2023-04-25 22:42:07,CUST_08404,individual,chat,notifications,account_access,high,in_progress,standard,My account was locked after multiple failed login attempts.,Sorry to hear you're having trouble accessing your account. We are prioritizing this and will update you as soon as possible.,,,1,negative,0,1,desktop_app,LATAM
TCKT_007709,2023-04-03 16:44:43,CUST_09766,individual,chat,mobile_app,account_access,high,resolved,gold,My 2FA code is not working when I try to sign in.,Sorry to hear you're having trouble accessing your account. We are prioritizing this and will update you as soon as possible.,Reset account credentials and confirmed successful login.,18.1,0,positive,5,0,web,LATAM
TCKT_007738,2023-04-30 05:56:38,CUST_05804,small_business,in_app,analytics_dashboard,account_access,low,resolved,gold,My account was locked after multiple failed login attempts.,Sorry to hear you're having trouble accessing your account. We will look into this and get back to you within the next 48 hours.,Reset account credentials and confirmed successful login.,11.59,0,neutral,3,1,web,LATAM
TCKT_007772,2023-04-27 18:15:15,CUST_04162,education,email,api_integration,feature_request,urgent,in_progress,platinum,Our team needs more advanced options for api integration.,Thanks for your feature suggestion. This has been escalated to our on-call team for immediate attention.,,,0,neutral,0,0,ios,
TCKT_007907,2023-04-02 11:01:12,CUST_03182,small_business,chat,mobile_app,feature_request,low,open,standard,It would be great to have mobile app support in your product.,Thanks for your feature suggestion. We will look into this and get back to you within the next 48 hours.,,,0,positive,0,0,ios,EU
TCKT_007983,2023-04-28 03:23:13,CUST_00785,small_business,phone_transcript,mobile_app,billing_problem,high,resolved,standard,I was charged twice for my subscription this month.,Thanks for reaching out about the billing issue. We are prioritizing this and will update you as soon as possible.,Adjusted the invoice and issued a refund where applicable.,8.5,0,negative,3,0,web,LATAM
TCKT_008093,2023-04-25 14:09:43,CUST_01199,enterprise,web_form,notifications,security_concern,low,resolved,gold,We need details about your data encryption and compliance.,We take security very seriously. We will look into this and get back to you within the next 48 hours.,"Investigated logs, mitigated the issue, and updated security settings.",21.57,0,very_negative,2,0,api_client,EU
TCKT_008115,2023-04-15 19:22:05,CUST_04749,individual,email,notifications,billing_problem,medium,in_progress,standard,My invoice amount is incorrect compared to the plan I selected.,Thanks for reaching out about the billing issue. Our team is reviewing this and will follow up within 24 hours.,,,0,neutral,0,0,web,EU
TCKT_008145,2023-04-26 07:33:27,CUST_08801,small_business,email,notifications,account_access,low,in_progress,gold,I cannot log in; the system says my password is incorrect.,Sorry to hear you're having trouble accessing your account. We will look into this and get back to you within the next 48 hours.,,,0,negative,3,0,android,LATAM
TCKT_008189,2023-04-26 15:57:31,CUST_04266,education,chat,login_auth,billing_problem,low,resolved,standard,I downgraded my plan but I am still being billed for the higher tier.,Thanks for reaching out about the billing issue. We will look into this and get back to you within the next 48 hours.,Adjusted the invoice and issued a refund where applicable.,53.47,0,neutral,0,1,android,LATAM
TCKT_008190,2023-04-06 23:12:48,CUST_07644,non_profit,phone_transcript,billing,account_access,medium,on_hold,standard,I cannot log in; the system says my password is incorrect.,Sorry to hear you're having trouble accessing your account. Our team is reviewing this and will follow up within 24 hours.,,,0,very_negative,1,0,ios,APAC
TCKT_008296,2023-04-07 23:40:00,CUST_02656,small_business,phone_transcript,notifications,performance,low,in_progress,standard,Queries in the notifications module are timing out.,We understand performance issues can be frustrating. We will look into this and get back to you within the next 48 hours.,,,0,negative,2,0,api_client,EU
TCKT_008376,2023-04-13 20:26:54,CUST_00390,enterprise,in_app,analytics_dashboard,feature_request,high,in_progress,standard,It would be great to have analytics dashboard support in your product.,Thanks for your feature suggestion. We are prioritizing this and will update you as soon as possible.,,,0,neutral,0,0,ios,APAC
TCKT_008456,2023-04-15 09:01:58,CUST_02649,individual,web_form,login_auth,feature_request,high,in_progress,standard,Our team needs more advanced options for login auth.,Thanks for your feature suggestion. We are prioritizing this and will update you as soon as possible.,,,0,positive,5,0,ios,
TCKT_008485,2023-04-02 02:59:06,CUST_08357,education,in_app,api_integration,feature_request,low,resolved,standard,It would be great to have api integration support in your product.,Thanks for your feature suggestion. We will look into this and get back to you within the next 48 hours.,Captured the request and added it to the product backlog.,22.22,0,neutral,0,0,desktop_app,MEA
TCKT_008563,2023-04-15 23:38:33,CUST_09683,individual,email,billing,bug,medium,resolved,standard,The page keeps crashing whenever I try to open the billing section.,Thanks for reporting this bug. Our team is reviewing this and will follow up within 24 hours.,Patched the bug and deployed a fix to production.,45.74,0,positive,0,1,desktop_app,LATAM
TCKT_008585,2023-04-22 15:11:44,CUST_00409,enterprise,web_form,notifications,performance,medium,open,standard,The notifications page is very slow and takes a long time to load.,We understand performance issues can be frustrating. Our team is reviewing this and will follow up within 24 hours.,,,0,very_negative,2,1,api_client,MEA
TCKT_008686,2023-04-06 06:16:46,CUST_01449,non_profit,chat,notifications,billing_problem,high,on_hold,standard,I was charged twice for my subscription this month.,Thanks for reaching out about the billing issue. We are prioritizing this and will update you as soon as possible.,,,0,very_negative,2,0,api_client,APAC
TCKT_008706,2023-04-21 15:40:27,CUST_04373,individual,web_form,mobile_app,billing_problem,low,resolved,standard,I was charged twice for my subscription this month.,Thanks for reaching out about the billing issue. We will look into this and get back to you within the next 48 hours.,Adjusted the invoice and issued a refund where applicable.,48.89,0,negative,2,1,web,
TCKT_008727,2023-04-22 09:47:48,CUST_00396,small_business,email,api_integration,other,low,resolved,gold,I have a general question about my account.,Thanks for contacting support. We will look into this and get back to you within the next 48 hours.,Provided general guidance and confirmed the issue was resolved.,52.15,0,neutral,3,0,desktop_app,EU
TCKT_008813,2023-04-18 18:07:40,CUST_01165,small_business,phone_transcript,analytics_dashboard,performance,low,resolved,standard,The analytics dashboard page is very slow and takes a long time to load.,We understand performance issues can be frustrating. We will look into this and get back to you within the next 48 hours.,Optimized queries and increased resource allocation.,51.82,0,neutral,4,1,ios,
TCKT_008864,2023-04-10 05:28:42,CUST_09161,non_profit,in_app,api_integration,performance,medium,resolved,gold,Queries in the api integration module are timing out.,We understand performance issues can be frustrating. Our team is reviewing this and will follow up within 24 hours.,Optimized queries and increased resource allocation.,25.77,0,negative,3,0,web,LATAM
TCKT_008902,2023-04-25 02:05:06,CUST_00332,enterprise,chat,data_export,performance,low,resolved,gold,Overall performance has degraded in the last few days.,We understand performance issues can be frustrating. We will look into this and get back to you within the next 48 hours.,Optimized queries and increased resource allocation.,44.55,0,negative,3,0,api_client,
TCKT_008921,2023-04-03 21:38:58,CUST_08921,non_profit,phone_transcript,data_export,account_access,medium,resolved,standard,My account was locked after multiple failed login attempts.,Sorry to hear you're having trouble accessing your account. Our team is reviewing this and will follow up within 24 hours.,Reset account credentials and confirmed successful login.,15.67,0,negative,0,1,android,
TCKT_009016,2023-04-15 18:22:37,CUST_04114,enterprise,chat,data_export,how_to,low,resolved,standard,How can I export my data from the data export section?,Happy to help with your question. We will look into this and get back to you within the next 48 hours.,Provided step-by-step instructions and relevant documentation.,70.53,0,positive,5,1,ios,MEA
TCKT_009057,2023-04-29 22:27:48,CUST_04394,education,email,login_auth,account_access,medium,closed_no_action,platinum,My account was locked after multiple failed login attempts.,Sorry to hear you're having trouble accessing your account. Our team is reviewing this and will follow up within 24 hours.,Ticket closed without further action after no response from the customer.,48.51,0,positive,0,0,web,APAC
TCKT_009077,2023-04-26 23:06:49,CUST_01879,small_business,chat,notifications,performance,low,in_progress,gold,Queries in the notifications module are timing out.,We understand performance issues can be frustrating. We will look into this and get back to you within the next 48 hours.,,,0,very_negative,1,0,api_client,APAC
TCKT_009091,2023-04-24 12:37:31,CUST_03387,individual,phone_transcript,billing,how_to,low,on_hold,standard,How can I export my data from the billing section?,Happy to help with your question. We will look into this and get back to you within the next 48 hours.,,,0,negative,3,1,desktop_app,MEA
TCKT_009226,2023-04-29 18:41:22,CUST_04409,enterprise,in_app,api_integration,billing_problem,low,open,platinum,My invoice amount is incorrect compared to the plan I selected.,Thanks for reaching out about the billing issue. We will look into this and get back to you within the next 48 hours.,,,0,neutral,4,0,api_client,MEA
TCKT_009229,2023-04-11 01:18:20,CUST_02495,enterprise,web_form,login_auth,other,medium,in_progress,standard,I have a general question about my account.,Thanks for contacting support. Our team is reviewing this and will follow up within 24 hours.,,,0,neutral,4,0,android,LATAM
TCKT_009230,2023-04-24 13:26:58,CUST_05879,individual,chat,mobile_app,account_access,high,on_hold,gold,My 2FA code is not working when I try to sign in.,Sorry to hear you're having trouble accessing your account. We are prioritizing this and will update you as soon as possible.,,,0,positive,5,0,api_client,MEA
TCKT_009265,2023-04-17 00:09:40,CUST_03789,small_business,in_app,notifications,other,high,resolved,standard,I have a general question about my account.,Thanks for contacting support. We are prioritizing this and will update you as soon as possible.,Provided general guidance and confirmed the issue was resolved.,6.56,0,positive,0,0,api_client,MEA
TCKT_009283,2023-04-23 15:05:19,CUST_00200,enterprise,email,data_export,security_concern,high,open,gold,There seems to be a vulnerability in the data export functionality.,We take security very seriously. We are prioritizing this and will update you as soon as possible.,,,0,negative,3,0,ios,APAC
TCKT_009322,2023-04-04 11:49:51,CUST_05680,enterprise,in_app,billing,other,low,on_hold,gold,"Something seems off, can you please check my workspace?",Thanks for contacting support. We will look into this and get back to you within the next 48 hours.,,,0,positive,0,0,desktop_app,EU
TCKT_009325,2023-04-22 01:26:02,CUST_04637,small_business,email,api_integration,feature_request,medium,in_progress,standard,Can you add an option to customize api integration?,Thanks for your feature suggestion. Our team is reviewing this and will follow up within 24 hours.,,,0,very_positive,5,0,android,LATAM
TCKT_009330,2023-04-17 09:15:49,CUST_06790,small_business,web_form,billing,other,medium,resolved,gold,"Something seems off, can you please check my workspace?",Thanks for contacting support. Our team is reviewing this and will follow up within 24 hours.,Provided general guidance and confirmed the issue was resolved.,19.04,0,neutral,4,0,ios,LATAM
TCKT_009416,2023-04-19 12:20:47,CUST_03899,small_business,phone_transcript,mobile_app,how_to,low,open,standard,I need help setting up mobile app for my team.,Happy to help with your question. We will look into this and get back to you within the next 48 hours.,,,0,positive,4,0,ios,EU
TCKT_009434,2023-04-14 12:54:01,CUST_09532,small_business,phone_transcript,login_auth,how_to,medium,in_progress,platinum,How can I export my data from the login auth section?,Happy to help with your question. Our team is reviewing this and will follow up within 24 hours.,,,0,neutral,3,0,api_client,APAC
TCKT_009495,2023-04-30 07:16:32,CUST_02163,education,email,mobile_app,how_to,medium,on_hold,standard,Can you explain how to configure mobile app properly?,Happy to help with your question. Our team is reviewing this and will follow up within 24 hours.,,,0,positive,0,0,web,LATAM
TCKT_009555,2023-04-20 09:27:54,CUST_05308,education,email,data_export,account_access,medium,on_hold,standard,My account was locked after multiple failed login attempts.,Sorry to hear you're having trouble accessing your account. Our team is reviewing this and will follow up within 24 hours.,,,0,very_negative,2,1,desktop_app,MEA
TCKT_009566,2023-04-30 21:13:57,CUST_04206,individual,web_form,notifications,other,low,resolved,standard,"Something seems off, can you please check my workspace?",Thanks for contacting support. We will look into this and get back to you within the next 48 hours.,Provided general guidance and confirmed the issue was resolved.,9.29,0,very_positive,5,1,android,
TCKT_009653,2023-04-07 18:07:43,CUST_06387,individual,in_app,login_auth,feature_request,low,open,standard,It would be great to have login auth support in your product.,Thanks for your feature suggestion. We will look into this and get back to you within the next 48 hours.,,,0,neutral,3,1,android,
TCKT_009789,2023-04-10 23:20:32,CUST_03812,small_business,chat,login_auth,other,medium,resolved,platinum,"Something seems off, can you please check my workspace?",Thanks for contacting support. Our team is reviewing this and will follow up within 24 hours.,Provided general guidance and confirmed the issue was resolved.,42.15,1,neutral,3,0,ios,MEA
TCKT_009823,2023-04-03 05:26:59,CUST_03896,individual,phone_transcript,analytics_dashboard,other,medium,resolved,standard,I need help but I'm not sure which category this fits in.,Thanks for contacting support. Our team is reviewing this and will follow up within 24 hours.,Provided general guidance and confirmed the issue was resolved.,43.64,0,positive,4,0,desktop_app,APAC
TCKT_009829,2023-04-12 18:13:13,CUST_00198,small_business,in_app,login_auth,security_concern,medium,in_progress,standard,There seems to be a vulnerability in the login auth functionality.,We take security very seriously. Our team is reviewing this and will follow up within 24 hours.,,,0,neutral,4,0,web,LATAM
TCKT_009840,2023-04-17 10:10:04,CUST_09244,non_profit,phone_transcript,data_export,account_access,high,closed_no_action,gold,I cannot log in; the system says my password is incorrect.,Sorry to hear you're having trouble accessing your account. We are prioritizing this and will update you as soon as possible.,Ticket closed without further action after no response from the customer.,134.09,0,negative,3,0,api_client,APAC
TCKT_009978,2023-04-12 05:35:53,CUST_07433,enterprise,web_form,mobile_app,account_access,high,resolved,standard,My 2FA code is not working when I try to sign in.,Sorry to hear you're having trouble accessing your account. We are prioritizing this and will update you as soon as possible.,Reset account credentials and confirmed successful login.,3.2,0,positive,5,0,desktop_app,APAC
TCKT_009990,2023-04-07 18:24:45,CUST_07843,small_business,in_app,login_auth,feature_request,medium,in_progress,gold,It would be great to have login auth support in your product.,Thanks for your feature suggestion. Our team is reviewing this and will follow up within 24 hours.,,,0,positive,0,0,desktop_app,MEA
TCKT_010027,2023-04-14 21:38:47,CUST_08105,small_business,chat,login_auth,account_access,low,in_progress,gold,My 2FA code is not working when I try to sign in.,Sorry to hear you're having trouble accessing your account. We will look into this and get back to you within the next 48 hours.,,,0,neutral,4,1,web,EU
TCKT_010037,2023-04-29 04:41:34,CUST_05550,small_business,email,mobile_app,bug,medium,resolved,gold,The page keeps crashing whenever I try to open the mobile app section.,Thanks for reporting this bug. Our team is reviewing this and will follow up within 24 hours.,Patched the bug and deployed a fix to production.,40.94,0,neutral,4,0,web,APAC
TCKT_010039,2023-04-26 10:17:30,CUST_09147,small_business,phone_transcript,billing,security_concern,medium,closed_no_action,gold,I noticed a suspicious login on my account.,We take security very seriously. Our team is reviewing this and will follow up within 24 hours.,Ticket closed without further action after no response from the customer.,223.35,0,neutral,4,0,api_client,EU
TCKT_010050,2023-04-29 11:17:50,CUST_00226,enterprise,email,billing,other,medium,resolved,standard,"Something seems off, can you please check my workspace?",Thanks for contacting support. Our team is reviewing this and will follow up within 24 hours.,Provided general guidance and confirmed the issue was resolved.,36.69,0,neutral,0,0,web,LATAM
TCKT_010108,2023-04-02 21:38:03,CUST_06354,enterprise,phone_transcript,api_integration,billing_problem,low,resolved,platinum,My invoice amount is incorrect compared to the plan I selected.,Thanks for reaching out about the billing issue. We will look into this and get back to you within the next 48 hours.,Adjusted the invoice and issued a refund where applicable.,49.52,0,negative,2,0,desktop_app,LATAM
TCKT_010170,2023-04-19 11:57:53,CUST_00859,enterprise,web_form,billing,bug,high,resolved,standard,I am seeing an error message when I click on billing.,Thanks for reporting this bug. We are prioritizing this and will update you as soon as possible.,Patched the bug and deployed a fix to production.,12.45,0,positive,5,0,api_client,MEA
TCKT_010231,2023-04-24 17:49:27,CUST_06698,education,chat,billing,performance,low,resolved,platinum,The billing page is very slow and takes a long time to load.,We understand performance issues can be frustrating. We will look into this and get back to you within the next 48 hours.,Optimized queries and increased resource allocation.,57.59,0,very_negative,1,0,ios,LATAM
TCKT_010352,2023-04-28 16:33:15,CUST_05186,individual,in_app,analytics_dashboard,security_concern,medium,in_progress,standard,I noticed a suspicious login on my account.,We take security very seriously. Our team is reviewing this and will follow up within 24 hours.,,,0,negative,3,0,web,EU
TCKT_010393,2023-04-24 14:27:31,CUST_04627,education,phone_transcript,login_auth,other,urgent,in_progress,standard,"Something seems off, can you please check my workspace?",Thanks for contacting support. This has been escalated to our on-call team for immediate attention.,,,0,neutral,4,1,web,MEA
TCKT_010398,2023-04-29 00:06:02,CUST_09812,enterprise,chat,data_export,billing_problem,low,resolved,gold,I was charged twice for my subscription this month.,Thanks for reaching out about the billing issue. We will look into this and get back to you within the next 48 hours.,Adjusted the invoice and issued a refund where applicable.,13.13,0,very_positive,5,0,ios,APAC
TCKT_010399,2023-04-27 13:50:48,CUST_06962,individual,chat,mobile_app,performance,low,resolved,platinum,Overall performance has degraded in the last few days.,We understand performance issues can be frustrating. We will look into this and get back to you within the next 48 hours.,Optimized queries and increased resource allocation.,21.99,0,negative,2,0,web,
TCKT_010465,2023-04-28 07:11:13,CUST_07824,individual,phone_transcript,billing,performance,medium,open,standard,Queries in the billing module are timing out.,We understand performance issues can be frustrating. Our team is reviewing this and will follow up within 24 hours.,,,0,positive,5,1,ios,
TCKT_010556,2023-04-15 00:51:16,CUST_05772,individual,email,notifications,how_to,medium,resolved,standard,Can you explain how to configure notifications properly?,Happy to help with your question. Our team is reviewing this and will follow up within 24 hours.,Provided step-by-step instructions and relevant documentation.,4.17,0,neutral,4,0,android,EU
TCKT_010588,2023-04-29 13:39:14,CUST_03657,non_profit,phone_transcript,analytics_dashboard,bug,medium,resolved,standard,The page keeps crashing whenever I try to open the analytics dashboard section.,Thanks for reporting this bug. Our team is reviewing this and will follow up within 24 hours.,Patched the bug and deployed a fix to production.,38.37,0,neutral,4,0,web,LATAM
TCKT_010597,2023-04-02 00:53:04,CUST_04052,individual,web_form,analytics_dashboard,other,low,closed_no_action,standard,"Something seems off, can you please check my workspace?",Thanks for contacting support. We will look into this and get back to you within the next 48 hours.,Ticket closed without further action after no response from the customer.,200.09,0,negative,0,1,ios,MEA
TCKT_010649,2023-04-16 20:58:28,CUST_02969,education,web_form,analytics_dashboard,other,urgent,open,platinum,"Something seems off, can you please check my workspace?",Thanks for contacting support. This has been escalated to our on-call team for immediate attention.,,,0,positive,4,0,api_client,
TCKT_010939,2023-04-12 00:52:57,CUST_02835,enterprise,web_form,analytics_dashboard,account_access,low,closed_no_action,standard,My 2FA code is not working when I try to sign in.,Sorry to hear you're having trouble accessing your account. We will look into this and get back to you within the next 48 hours.,Ticket closed without further action after no response from the customer.,227.72,0,neutral,3,0,ios,LATAM
TCKT_010961,2023-04-23 10:37:08,CUST_03587,small_business,chat,mobile_app,how_to,low,resolved,gold,How can I export my data from the mobile app section?,Happy to help with your question. We will look into this and get back to you within the next 48 hours.,Provided step-by-step instructions and relevant documentation.,40.51,0,neutral,3,0,android,MEA
TCKT_010967,2023-04-06 21:04:56,CUST_04266,non_profit,phone_transcript,login_auth,feature_request,low,resolved,standard,It would be great to have login auth support in your product.,Thanks for your feature suggestion. We will look into this and get back to you within the next 48 hours.,Captured the request and added it to the product backlog.,34.85,0,neutral,4,0,web,APAC
TCKT_011019,2023-04-23 19:37:17,CUST_01792,enterprise,in_app,login_auth,billing_problem,medium,resolved,gold,I downgraded my plan but I am still being billed for the higher tier.,Thanks for reaching out about the billing issue. Our team is reviewing this and will follow up within 24 hours.,Adjusted the invoice and issued a refund where applicable.,7.04,0,very_negative,0,0,api_client,LATAM
TCKT_011043,2023-04-12 05:10:25,CUST_07657,education,phone_transcript,data_export,other,low,resolved,standard,I need help but I'm not sure which category this fits in.,Thanks for contacting support. We will look into this and get back to you within the next 48 hours.,Provided general guidance and confirmed the issue was resolved.,19.71,0,negative,3,0,web,LATAM
TCKT_011082,2023-04-24 01:00:17,CUST_07900,individual,web_form,billing,bug,high,resolved,gold,The billing feature is not saving my changes.,Thanks for reporting this bug. We are prioritizing this and will update you as soon as possible.,Patched the bug and deployed a fix to production.,15.01,0,neutral,3,0,api_client,LATAM
TCKT_011163,2023-04-27 19:27:36,CUST_00480,enterprise,web_form,api_integration,how_to,high,in_progress,platinum,Can you explain how to configure api integration properly?,Happy to help with your question. We are prioritizing this and will update you as soon as possible.,,,0,neutral,4,1,web,LATAM
TCKT_011178,2023-04-21 14:10:31,CUST_03674,small_business,email,mobile_app,other,high,resolved,standard,"Something seems off, can you please check my workspace?",Thanks for contacting support. We are prioritizing this and will update you as soon as possible.,Provided general guidance and confirmed the issue was resolved.,18.36,0,neutral,4,0,android,
TCKT_011189,2023-04-06 12:12:13,CUST_03539,education,phone_transcript,mobile_app,billing_problem,medium,resolved,platinum,I was charged twice for my subscription this month.,Thanks for reaching out about the billing issue. Our team is reviewing this and will follow up within 24 hours.,Adjusted the invoice and issued a refund where applicable.,13.13,0,positive,4,0,ios,
TCKT_011216,2023-04-29 20:46:28,CUST_05937,individual,web_form,mobile_app,billing_problem,low,resolved,standard,I downgraded my plan but I am still being billed for the higher tier.,Thanks for reaching out about the billing issue. We will look into this and get back to you within the next 48 hours.,Adjusted the invoice and issued a refund where applicable.,16.58,1,very_negative,0,0,android,MEA
TCKT_011308,2023-04-10 13:01:21,CUST_00213,individual,in_app,analytics_dashboard,other,medium,in_progress,standard,I have a general question about my account.,Thanks for contacting support. Our team is reviewing this and will follow up within 24 hours.,,,0,positive,4,0,desktop_app,APAC
TCKT_011324,2023-04-23 04:38:06,CUST_08409,small_business,email,data_export,feature_request,low,resolved,standard,Can you add an option to customize data export?,Thanks for your feature suggestion. We will look into this and get back to you within the next 48 hours.,Captured the request and added it to the product backlog.,51.87,0,very_positive,5,0,api_client,MEA
TCKT_011372,2023-04-09 04:43:11,CUST_00005,non_profit,email,data_export,how_to,low,in_progress,gold,Can you explain how to configure data export properly?,Happy to help with your question. We will look into this and get back to you within the next 48 hours.,,,0,positive,5,0,api_client,EU
TCKT_011391,2023-04-22 09:18:08,CUST_04317,individual,email,login_auth,other,medium,closed_no_action,standard,I have a general question about my account.,Thanks for contacting support. Our team is reviewing this and will follow up within 24 hours.,Ticket closed without further action after no response from the customer.,118.84,0,negative,2,0,android,
TCKT_011423,2023-04-17 23:44:45,CUST_06616,enterprise,web_form,notifications,feature_request,low,resolved,gold,Our team needs more advanced options for notifications.,Thanks for your feature suggestion. We will look into this and get back to you within the next 48 hours.,Captured the request and added it to the product backlog.,53.58,0,neutral,3,0,ios,
TCKT_011440,2023-04-18 22:29:29,CUST_08332,individual,in_app,mobile_app,billing_problem,medium,in_progress,gold,I downgraded my plan but I am still being billed for the higher tier.,Thanks for reaching out about the billing issue. Our team is reviewing this and will follow up within 24 hours.,,,0,neutral,4,0,api_client,MEA
TCKT_011452,2023-04-30 07:12:09,CUST_06933,small_business,phone_transcript,notifications,feature_request,medium,resolved,standard,Our team needs more advanced options for notifications.,Thanks for your feature suggestion. Our team is reviewing this and will follow up within 24 hours.,Captured the request and added it to the product backlog.,20.32,0,very_positive,5,0,api_client,
TCKT_011497,2023-04-12 18:48:07,CUST_09328,individual,web_form,analytics_dashboard,performance,low,in_progress,standard,Queries in the analytics dashboard module are timing out.,We understand performance issues can be frustrating. We will look into this and get back to you within the next 48 hours.,,,0,negative,3,0,desktop_app,APAC
TCKT_011613,2023-04-18 15:09:33,CUST_08952,individual,web_form,billing,feature_request,medium,resolved,gold,Our team needs more advanced options for billing.,Thanks for your feature suggestion. Our team is reviewing this and will follow up within 24 hours.,Captured the request and added it to the product backlog.,43.3,0,neutral,4,0,desktop_app,MEA
TCKT_011633,2023-04-27 07:28:03,CUST_07138,non_profit,email,billing,security_concern,low,resolved,platinum,There seems to be a vulnerability in the billing functionality.,We take security very seriously. We will look into this and get back to you within the next 48 hours.,"Investigated logs, mitigated the issue, and updated security settings.",14.84,0,negative,3,0,ios,MEA
TCKT_011706,2023-04-23 07:53:51,CUST_01962,non_profit,in_app,notifications,feature_request,medium,resolved,platinum,Our team needs more advanced options for notifications.,Thanks for your feature suggestion. Our team is reviewing this and will follow up within 24 hours.,Captured the request and added it to the product backlog.,15.05,0,neutral,4,0,desktop_app,EU
TCKT_011805,2023-04-07 17:20:35,CUST_00386,non_profit,chat,login_auth,how_to,medium,closed_no_action,standard,I need help setting up login auth for my team.,Happy to help with your question. Our team is reviewing this and will follow up within 24 hours.,Ticket closed without further action after no response from the customer.,117.83,0,neutral,3,0,android,LATAM
TCKT_011814,2023-04-17 14:48:03,CUST_03526,small_business,in_app,data_export,feature_request,high,resolved,gold,Our team needs more advanced options for data export.,Thanks for your feature suggestion. We are prioritizing this and will update you as soon as possible.,Captured the request and added it to the product backlog.,1.64,0,neutral,4,1,android,LATAM
TCKT_011874,2023-04-10 23:20:19,CUST_06636,small_business,in_app,mobile_app,account_access,low,resolved,gold,My account was locked after multiple failed login attempts.,Sorry to hear you're having trouble accessing your account. We will look into this and get back to you within the next 48 hours.,Reset account credentials and confirmed successful login.,51.56,0,very_positive,0,0,web,
TCKT_011945,2023-04-22 18:17:50,CUST_04423,education,chat,mobile_app,performance,high,in_progress,standard,The mobile app page is very slow and takes a long time to load.,We understand performance issues can be frustrating. We are prioritizing this and will update you as soon as possible.,,,0,negative,3,0,api_client,MEA
TCKT_011979,2023-04-08 05:02:14,CUST_01092,individual,email,notifications,account_access,medium,resolved,standard,I cannot log in; the system says my password is incorrect.,Sorry to hear you're having trouble accessing your account. Our team is reviewing this and will follow up within 24 hours.,Reset account credentials and confirmed successful login.,29.8,0,positive,4,0,web,LATAM
TCKT_012217,2023-04-18 08:06:09,CUST_02611,education,web_form,login_auth,how_to,low,resolved,standard,Can you explain how to configure login auth properly?,Happy to help with your question. We will look into this and get back to you within the next 48 hours.,Provided step-by-step instructions and relevant documentation.,70.12,0,neutral,3,0,api_client,APAC
TCKT_012274,2023-04-01 23:34:22,CUST_05810,enterprise,in_app,mobile_app,other,medium,resolved,gold,I need help but I'm not sure which category this fits in.,Thanks for contacting support. Our team is reviewing this and will follow up within 24 hours.,Provided general guidance and confirmed the issue was resolved.,40.41,0,positive,4,0,desktop_app,EU
TCKT_012322,2023-04-07 15:55:50,CUST_07772,non_profit,phone_transcript,data_export,bug,medium,resolved,standard,The page keeps crashing whenever I try to open the data export section.,Thanks for reporting this bug. Our team is reviewing this and will follow up within 24 hours.,Patched the bug and deployed a fix to production.,29.75,0,negative,3,1,api_client,LATAM
TCKT_012445,2023-04-06 16:44:35,CUST_09505,non_profit,phone_transcript,notifications,billing_problem,low,in_progress,standard,I downgraded my plan but I am still being billed for the higher tier.,Thanks for reaching out about the billing issue. We will look into this and get back to you within the next 48 hours.,,,0,negative,0,0,desktop_app,EU
TCKT_012470,2023-04-03 19:55:24,CUST_08969,enterprise,chat,notifications,bug,low,closed_no_action,standard,The page keeps crashing whenever I try to open the notifications section.,Thanks for reporting this bug. We will look into this and get back to you within the next 48 hours.,Ticket closed without further action after no response from the customer.,154.25,1,neutral,4,1,ios,MEA
TCKT_012478,2023-04-06 11:26:45,CUST_01733,non_profit,chat,analytics_dashboard,billing_problem,high,resolved,standard,My invoice amount is incorrect compared to the plan I selected.,Thanks for reaching out about the billing issue. We are prioritizing this and will update you as soon as possible.,Adjusted the invoice and issued a refund where applicable.,16.49,0,neutral,3,0,android,
TCKT_012514,2023-04-13 12:14:57,CUST_02662,small_business,email,login_auth,bug,low,resolved,standard,I am seeing an error message when I click on login auth.,Thanks for reporting this bug. We will look into this and get back to you within the next 48 hours.,Patched the bug and deployed a fix to production.,10.04,0,neutral,3,0,api_client,EU
TCKT_012522,2023-04-02 23:06:51,CUST_04167,small_business,web_form,mobile_app,other,urgent,in_progress,standard,"Something seems off, can you please check my workspace?",Thanks for contacting support. This has been escalated to our on-call team for immediate attention.,,,1,neutral,0,1,web,LATAM
TCKT_012564,2023-04-16 06:43:30,CUST_00996,individual,in_app,billing,how_to,medium,in_progress,standard,How can I export my data from the billing section?,Happy to help with your question. Our team is reviewing this and will follow up within 24 hours.,,,0,neutral,3,0,api_client,APAC
TCKT_012572,2023-04-06 15:25:42,CUST_08381,non_profit,chat,analytics_dashboard,billing_problem,low,in_progress,gold,I was charged twice for my subscription this month.,Thanks for reaching out about the billing issue. We will look into this and get back to you within the next 48 hours.,,,0,negative,2,0,desktop_app,
TCKT_012718,2023-04-06 14:06:56,CUST_09040,small_business,phone_transcript,notifications,account_access,medium,on_hold,standard,I cannot log in; the system says my password is incorrect.,Sorry to hear you're having trouble accessing your account. Our team is reviewing this and will follow up within 24 hours.,,,0,very_negative,2,0,desktop_app,APAC
TCKT_012752,2023-04-18 19:18:03,CUST_01097,small_business,chat,login_auth,feature_request,urgent,on_hold,platinum,It would be great to have login auth support in your product.,Thanks for your feature suggestion. This has been escalated to our on-call team for immediate attention.,,,0,positive,0,0,android,EU
TCKT_012854,2023-04-03 22:03:37,CUST_07228,small_business,email,login_auth,other,low,resolved,standard,"Something seems off, can you please check my workspace?",Thanks for contacting support. We will look into this and get back to you within the next 48 hours.,Provided general guidance and confirmed the issue was resolved.,22.62,0,neutral,0,0,android,LATAM
TCKT_013011,2023-04-07 20:21:14,CUST_07417,education,web_form,billing,performance,low,in_progress,standard,Queries in the billing module are timing out.,We understand performance issues can be frustrating. We will look into this and get back to you within the next 48 hours.,,,0,neutral,3,0,api_client,MEA
TCKT_013012,2023-04-05 05:59:20,CUST_08227,non_profit,chat,login_auth,how_to,low,closed_no_action,standard,Can you explain how to configure login auth properly?,Happy to help with your question. We will look into this and get back to you within the next 48 hours.,Ticket closed without further action after no response from the customer.,50.29,0,neutral,4,0,desktop_app,APAC
TCKT_013031,2023-04-02 10:58:53,CUST_05969,individual,phone_transcript,login_auth,other,medium,resolved,standard,I need help but I'm not sure which category this fits in.,Thanks for contacting support. Our team is reviewing this and will follow up within 24 hours.,Provided general guidance and confirmed the issue was resolved.,8.6,0,negative,3,1,api_client,EU
TCKT_013070,2023-04-29 18:02:10,CUST_07672,non_profit,chat,data_export,other,high,resolved,standard,I have a general question about my account.,Thanks for contacting support. We are prioritizing this and will update you as soon as possible.,Provided general guidance and confirmed the issue was resolved.,11.96,0,very_negative,2,0,web,APAC
TCKT_013179,2023-04-12 11:47:12,CUST_01759,non_profit,in_app,login_auth,other,urgent,open,gold,I need help but I'm not sure which category this fits in.,Thanks for contacting support. This has been escalated to our on-call team for immediate attention.,,,0,negative,3,0,ios,
TCKT_013199,2023-04-02 00:36:01,CUST_05287,non_profit,chat,analytics_dashboard,billing_problem,high,in_progress,standard,I was charged twice for my subscription this month.,Thanks for reaching out about the billing issue. We are prioritizing this and will update you as soon as possible.,,,0,neutral,3,0,api_client,APAC
TCKT_013301,2023-04-06 16:08:40,CUST_03286,enterprise,chat,api_integration,performance,medium,resolved,gold,Queries in the api integration module are timing out.,We understand performance issues can be frustrating. Our team is reviewing this and will follow up within 24 hours.,Optimized queries and increased resource allocation.,34.48,1,neutral,0,0,ios,APAC
TCKT_013329,2023-04-11 06:29:52,CUST_03993,non_profit,in_app,api_integration,security_concern,urgent,in_progress,gold,There seems to be a vulnerability in the api integration functionality.,We take security very seriously. This has been escalated to our on-call team for immediate attention.,,,0,negative,2,0,android,MEA
TCKT_013339,2023-04-15 06:59:06,CUST_06823,education,chat,analytics_dashboard,performance,medium,closed_no_action,gold,Overall performance has degraded in the last few days.,We understand performance issues can be frustrating. Our team is reviewing this and will follow up within 24 hours.,Ticket closed without further action after no response from the customer.,84.87,0,very_positive,5,1,android,APAC
TCKT_013492,2023-04-16 01:04:17,CUST_05419,education,chat,notifications,performance,medium,resolved,gold,Queries in the notifications module are timing out.,We understand performance issues can be frustrating. Our team is reviewing this and will follow up within 24 hours.,Optimized queries and increased resource allocation.,37.46,0,very_negative,1,0,desktop_app,LATAM
TCKT_013518,2023-04-01 07:51:02,CUST_03201,individual,phone_transcript,api_integration,account_access,urgent,resolved,standard,I cannot log in; the system says my password is incorrect.,Sorry to hear you're having trouble accessing your account. This has been escalated to our on-call team for immediate attention.,Reset account credentials and confirmed successful login.,2.79,0,negative,3,0,ios,
TCKT_013529,2023-04-17 01:30:10,CUST_08693,enterprise,phone_transcript,data_export,bug,low,in_progress,standard,The page keeps crashing whenever I try to open the data export section.,Thanks for reporting this bug. We will look into this and get back to you within the next 48 hours.,,,0,very_negative,1,0,android,EU
TCKT_013532,2023-04-26 23:31:49,CUST_04046,non_profit,chat,api_integration,performance,low,resolved,gold,Queries in the api integration module are timing out.,We understand performance issues can be frustrating. We will look into this and get back to you within the next 48 hours.,Optimized queries and increased resource allocation.,29.84,0,very_negative,0,0,web,APAC
TCKT_013554,2023-04-03 21:55:41,CUST_00353,education,phone_transcript,notifications,how_to,low,resolved,standard,I need help setting up notifications for my team.,Happy to help with your question. We will look into this and get back to you within the next 48 hours.,Provided step-by-step instructions and relevant documentation.,36.75,0,neutral,4,1,api_client,MEA
TCKT_013571,2023-04-01 20:53:43,CUST_06914,individual,phone_transcript,login_auth,account_access,low,in_progress,standard,I cannot log in; the system says my password is incorrect.,Sorry to hear you're having trouble accessing your account. We will look into this and get back to you within the next 48 hours.,,,0,negative,0,0,desktop_app,MEA
TCKT_013653,2023-04-19 21:41:50,CUST_05144,non_profit,web_form,data_export,security_concern,low,resolved,gold,There seems to be a vulnerability in the data export functionality.,We take security very seriously. We will look into this and get back to you within the next 48 hours.,"Investigated logs, mitigated the issue, and updated security settings.",42.53,0,very_positive,5,0,ios,MEA
TCKT_013677,2023-04-16 15:56:51,CUST_05029,education,web_form,billing,feature_request,medium,resolved,gold,Our team needs more advanced options for billing.,Thanks for your feature suggestion. Our team is reviewing this and will follow up within 24 hours.,Captured the request and added it to the product backlog.,32.75,0,neutral,0,0,web,LATAM
TCKT_013875,2023-04-27 20:09:01,CUST_02043,non_profit,web_form,notifications,feature_request,low,resolved,standard,Can you add an option to customize notifications?,Thanks for your feature suggestion. We will look into this and get back to you within the next 48 hours.,Captured the request and added it to the product backlog.,63.56,0,neutral,4,1,api_client,
TCKT_013924,2023-04-28 04:49:41,CUST_00312,education,phone_transcript,data_export,billing_problem,low,open,standard,I was charged twice for my subscription this month.,Thanks for reaching out about the billing issue. We will look into this and get back to you within the next 48 hours.,,,0,negative,2,0,api_client,LATAM
TCKT_013941,2023-04-15 16:57:31,CUST_09874,non_profit,web_form,data_export,other,low,resolved,standard,I have a general question about my account.,Thanks for contacting support. We will look into this and get back to you within the next 48 hours.,Provided general guidance and confirmed the issue was resolved.,37.69,0,neutral,4,0,android,
TCKT_013950,2023-04-16 02:15:33,CUST_04258,enterprise,web_form,api_integration,bug,high,resolved,standard,The page keeps crashing whenever I try to open the api integration section.,Thanks for reporting this bug. We are prioritizing this and will update you as soon as possible.,Patched the bug and deployed a fix to production.,1.95,0,neutral,0,0,web,MEA
TCKT_013953,2023-04-27 08:00:45,CUST_05373,small_business,chat,data_export,security_concern,low,in_progress,standard,There seems to be a vulnerability in the data export functionality.,We take security very seriously. We will look into this and get back to you within the next 48 hours.,,,0,negative,0,1,desktop_app,EU
TCKT_014060,2023-04-24 09:42:57,CUST_07195,enterprise,chat,data_export,feature_request,low,in_progress,gold,Our team needs more advanced options for data export.,Thanks for your feature suggestion. We will look into this and get back to you within the next 48 hours.,,,0,positive,5,1,android,EU
TCKT_014063,2023-04-14 18:20:26,CUST_06487,education,email,api_integration,bug,high,on_hold,platinum,I am seeing an error message when I click on api integration.,Thanks for reporting this bug. We are prioritizing this and will update you as soon as possible.,,,0,neutral,4,0,api_client,LATAM
TCKT_014064,2023-04-19 22:31:23,CUST_08024,small_business,email,billing,billing_problem,high,resolved,standard,I downgraded my plan but I am still being billed for the higher tier.,Thanks for reaching out about the billing issue. We are prioritizing this and will update you as soon as possible.,Adjusted the invoice and issued a refund where applicable.,4.5,0,very_negative,0,1,api_client,APAC
TCKT_014154,2023-04-02 07:50:18,CUST_04720,education,chat,login_auth,account_access,low,resolved,standard,My 2FA code is not working when I try to sign in.,Sorry to hear you're having trouble accessing your account. We will look into this and get back to you within the next 48 hours.,Reset account credentials and confirmed successful login.,58.57,0,neutral,4,0,android,APAC
TCKT_014166,2023-04-12 00:41:44,CUST_00359,individual,web_form,api_integration,performance,low,in_progress,gold,The api integration page is very slow and takes a long time to load.,We understand performance issues can be frustrating. We will look into this and get back to you within the next 48 hours.,,,0,neutral,4,0,desktop_app,APAC
TCKT_014204,2023-04-25 23:50:15,CUST_02111,non_profit,email,data_export,billing_problem,high,resolved,standard,I downgraded my plan but I am still being billed for the higher tier.,Thanks for reaching out about the billing issue. We are prioritizing this and will update you as soon as possible.,Adjusted the invoice and issued a refund where applicable.,15.14,0,very_positive,5,0,desktop_app,
TCKT_014259,2023-04-06 10:52:44,CUST_01365,small_business,web_form,notifications,how_to,low,resolved,gold,I need help setting up notifications for my team.,Happy to help with your question. We will look into this and get back to you within the next 48 hours.,Provided step-by-step instructions and relevant documentation.,30.88,0,positive,5,1,desktop_app,
TCKT_014288,2023-04-18 16:55:39,CUST_05118,non_profit,email,login_auth,performance,medium,in_progress,standard,Overall performance has degraded in the last few days.,We understand performance issues can be frustrating. Our team is reviewing this and will follow up within 24 hours.,,,0,negative,2,0,android,APAC
TCKT_014299,2023-04-02 00:17:10,CUST_01306,non_profit,phone_transcript,login_auth,security_concern,medium,closed_no_action,standard,We need details about your data encryption and compliance.,We take security very seriously. Our team is reviewing this and will follow up within 24 hours.,Ticket closed without further action after no response from the customer.,235.26,0,negative,2,0,desktop_app,LATAM
TCKT_014456,2023-04-12 15:54:03,CUST_00582,education,phone_transcript,analytics_dashboard,how_to,low,in_progress,gold,Can you explain how to configure analytics dashboard properly?,Happy to help with your question. We will look into this and get back to you within the next 48 hours.,,,0,positive,4,1,web,APAC
TCKT_014557,2023-04-14 18:28:38,CUST_04760,individual,web_form,api_integration,how_to,low,in_progress,gold,How can I export my data from the api integration section?,Happy to help with your question. We will look into this and get back to you within the next 48 hours.,,,0,neutral,0,0,desktop_app,
TCKT_014594,2023-04-11 09:03:02,CUST_08447,small_business,phone_transcript,login_auth,performance,high,resolved,standard,The login auth page is very slow and takes a long time to load.,We understand performance issues can be frustrating. We are prioritizing this and will update you as soon as possible.,Optimized queries and increased resource allocation.,5.65,0,very_negative,1,1,ios,LATAM
TCKT_014680,2023-04-02 22:04:16,CUST_08302,enterprise,chat,data_export,other,low,closed_no_action,standard,"Something seems off, can you please check my workspace?",Thanks for contacting support. We will look into this and get back to you within the next 48 hours.,Ticket closed without further action after no response from the customer.,180.2,0,very_negative,2,0,desktop_app,APAC
TCKT_014691,2023-04-28 19:47:30,CUST_02759,enterprise,web_form,billing,feature_request,high,on_hold,standard,It would be great to have billing support in your product.,Thanks for your feature suggestion. We are prioritizing this and will update you as soon as possible.,,,0,neutral,0,0,desktop_app,LATAM
TCKT_014712,2023-04-08 10:48:25,CUST_05693,enterprise,chat,login_auth,security_concern,medium,resolved,gold,I noticed a suspicious login on my account.,We take security very seriously. Our team is reviewing this and will follow up within 24 hours.,"Investigated logs, mitigated the issue, and updated security settings.",30.01,0,neutral,4,0,desktop_app,
TCKT_014719,2023-04-27 05:52:01,CUST_07876,small_business,phone_transcript,mobile_app,other,medium,resolved,standard,I need help but I'm not sure which category this fits in.,Thanks for contacting support. Our team is reviewing this and will follow up within 24 hours.,Provided general guidance and confirmed the issue was resolved.,14.09,0,positive,4,0,ios,LATAM
TCKT_014821,2023-04-20 00:53:22,CUST_03046,non_profit,in_app,mobile_app,other,medium,resolved,standard,I need help but I'm not sure which category this fits in.,Thanks for contacting support. Our team is reviewing this and will follow up within 24 hours.,Provided general guidance and confirmed the issue was resolved.,9.03,0,neutral,4,0,web,
TCKT_014842,2023-04-14 08:28:43,CUST_08052,small_business,phone_transcript,notifications,feature_request,high,on_hold,standard,Our team needs more advanced options for notifications.,Thanks for your feature suggestion. We are prioritizing this and will update you as soon as possible.,,,0,neutral,4,0,android,LATAM
TCKT_014849,2023-04-23 15:50:35,CUST_01737,individual,phone_transcript,api_integration,account_access,high,open,standard,My account was locked after multiple failed login attempts.,Sorry to hear you're having trouble accessing your account. We are prioritizing this and will update you as soon as possible.,,,0,positive,0,0,android,LATAM
TCKT_014966,2023-04-08 09:04:24,CUST_00705,non_profit,web_form,api_integration,bug,low,in_progress,standard,The page keeps crashing whenever I try to open the api integration section.,Thanks for reporting this bug. We will look into this and get back to you within the next 48 hours.,,,0,very_negative,0,0,android,LATAM
TCKT_015021,2023-04-01 07:23:18,CUST_04327,enterprise,email,api_integration,billing_problem,medium,closed_no_action,standard,I was charged twice for my subscription this month.,Thanks for reaching out about the billing issue. Our team is reviewing this and will follow up within 24 hours.,Ticket closed without further action after no response from the customer.,108.16,0,neutral,4,0,web,MEA
TCKT_015032,2023-04-21 22:09:59,CUST_06429,non_profit,in_app,api_integration,bug,low,in_progress,standard,The page keeps crashing whenever I try to open the api integration section.,Thanks for reporting this bug. We will look into this and get back to you within the next 48 hours.,,,0,very_negative,1,0,ios,EU
TCKT_015042,2023-04-26 13:35:50,CUST_09094,small_business,phone_transcript,notifications,account_access,low,resolved,platinum,My 2FA code is not working when I try to sign in.,Sorry to hear you're having trouble accessing your account. We will look into this and get back to you within the next 48 hours.,Reset account credentials and confirmed successful login.,70.78,0,negative,0,0,api_client,EU
TCKT_015065,2023-04-16 01:06:24,CUST_07046,non_profit,in_app,mobile_app,performance,low,closed_no_action,gold,The mobile app page is very slow and takes a long time to load.,We understand performance issues can be frustrating. We will look into this and get back to you within the next 48 hours.,Ticket closed without further action after no response from the customer.,113.06,0,very_negative,2,0,android,
TCKT_015078,2023-04-14 23:23:20,CUST_09837,education,email,analytics_dashboard,how_to,medium,resolved,standard,Can you explain how to configure analytics dashboard properly?,Happy to help with your question. Our team is reviewing this and will follow up within 24 hours.,Provided step-by-step instructions and relevant documentation.,41.95,0,very_negative,2,0,ios,LATAM
TCKT_015174,2023-04-24 21:21:15,CUST_00553,non_profit,phone_transcript,login_auth,how_to,low,on_hold,standard,I need help setting up login auth for my team.,Happy to help with your question. We will look into this and get back to you within the next 48 hours.,,,0,positive,0,1,api_client,EU
TCKT_015187,2023-04-28 13:37:29,CUST_07595,education,chat,analytics_dashboard,security_concern,urgent,resolved,standard,I noticed a suspicious login on my account.,We take security very seriously. This has been escalated to our on-call team for immediate attention.,"Investigated logs, mitigated the issue, and updated security settings.",2.47,0,very_negative,1,0,api_client,EU
TCKT_015195,2023-04-08 11:12:34,CUST_05835,small_business,phone_transcript,api_integration,other,low,resolved,gold,"Something seems off, can you please check my workspace?",Thanks for contacting support. We will look into this and get back to you within the next 48 hours.,Provided general guidance and confirmed the issue was resolved.,60.23,0,very_positive,5,0,api_client,LATAM
TCKT_015261,2023-04-24 08:04:05,CUST_07550,education,phone_transcript,data_export,bug,low,resolved,standard,The data export feature is not saving my changes.,Thanks for reporting this bug. We will look into this and get back to you within the next 48 hours.,Patched the bug and deployed a fix to production.,21.1,1,positive,0,0,ios,MEA
TCKT_015270,2023-04-17 22:16:00,CUST_05580,individual,chat,mobile_app,how_to,urgent,open,standard,Can you explain how to configure mobile app properly?,Happy to help with your question. This has been escalated to our on-call team for immediate attention.,,,0,neutral,0,1,api_client,
TCKT_015345,2023-04-30 14:44:12,CUST_06726,education,chat,data_export,how_to,low,on_hold,standard,Can you explain how to configure data export properly?,Happy to help with your question. We will look into this and get back to you within the next 48 hours.,,,0,very_positive,5,1,desktop_app,EU
TCKT_015424,2023-04-12 21:02:13,CUST_01714,small_business,web_form,api_integration,other,high,resolved,standard,I have a general question about my account.,Thanks for contacting support. We are prioritizing this and will update you as soon as possible.,Provided general guidance and confirmed the issue was resolved.,18.28,1,neutral,4,1,desktop_app,LATAM
TCKT_015446,2023-04-29 11:16:42,CUST_02002,small_business,chat,analytics_dashboard,security_concern,medium,on_hold,platinum,We need details about your data encryption and compliance.,We take security very seriously. Our team is reviewing this and will follow up within 24 hours.,,,0,negative,0,0,web,MEA
TCKT_015473,2023-04-21 16:02:14,CUST_04956,small_business,email,api_integration,feature_request,medium,open,platinum,Can you add an option to customize api integration?,Thanks for your feature suggestion. Our team is reviewing this and will follow up within 24 hours.,,,0,positive,0,0,web,LATAM
TCKT_015484,2023-04-21 02:56:15,CUST_00158,enterprise,in_app,analytics_dashboard,bug,low,resolved,standard,The page keeps crashing whenever I try to open the analytics dashboard section.,Thanks for reporting this bug. We will look into this and get back to you within the next 48 hours.,Patched the bug and deployed a fix to production.,67.77,0,positive,0,0,web,
TCKT_015519,2023-04-06 13:05:21,CUST_06786,enterprise,chat,api_integration,bug,low,closed_no_action,standard,I am seeing an error message when I click on api integration.,Thanks for reporting this bug. We will look into this and get back to you within the next 48 hours.,Ticket closed without further action after no response from the customer.,215.14,0,very_negative,1,0,android,APAC
TCKT_015576,2023-04-02 13:34:24,CUST_01702,enterprise,email,analytics_dashboard,security_concern,low,resolved,standard,We need details about your data encryption and compliance.,We take security very seriously. We will look into this and get back to you within the next 48 hours.,"Investigated logs, mitigated the issue, and updated security settings.",32.44,0,neutral,0,0,web,EU
TCKT_015622,2023-04-11 02:46:21,CUST_05443,enterprise,chat,analytics_dashboard,performance,medium,closed_no_action,standard,Queries in the analytics dashboard module are timing out.,We understand performance issues can be frustrating. Our team is reviewing this and will follow up within 24 hours.,Ticket closed without further action after no response from the customer.,47.21,0,negative,3,1,ios,LATAM
TCKT_015639,2023-04-13 20:22:48,CUST_09470,non_profit,email,analytics_dashboard,billing_problem,low,resolved,gold,I was charged twice for my subscription this month.,Thanks for reaching out about the billing issue. We will look into this and get back to you within the next 48 hours.,Adjusted the invoice and issued a refund where applicable.,47.57,0,neutral,3,0,api_client,EU
TCKT_015659,2023-04-30 07:18:47,CUST_01293,non_profit,in_app,analytics_dashboard,other,medium,resolved,standard,I have a general question about my account.,Thanks for contacting support. Our team is reviewing this and will follow up within 24 hours.,Provided general guidance and confirmed the issue was resolved.,22.41,0,positive,4,0,api_client,EU
TCKT_015662,2023-04-12 12:16:29,CUST_05183,small_business,email,notifications,performance,low,resolved,gold,The notifications page is very slow and takes a long time to load.,We understand performance issues can be frustrating. We will look into this and get back to you within the next 48 hours.,Optimized queries and increased resource allocation.,25.96,0,negative,0,0,android,
TCKT_015785,2023-04-05 07:03:22,CUST_03208,individual,chat,mobile_app,security_concern,high,resolved,standard,There seems to be a vulnerability in the mobile app functionality.,We take security very seriously. We are prioritizing this and will update you as soon as possible.,"Investigated logs, mitigated the issue, and updated security settings.",3.86,0,very_negative,1,0,web,APAC
TCKT_015813,2023-04-23 05:36:40,CUST_01159,education,web_form,api_integration,how_to,low,resolved,standard,Can you explain how to configure api integration properly?,Happy to help with your question. We will look into this and get back to you within the next 48 hours.,Provided step-by-step instructions and relevant documentation.,52.48,1,neutral,4,0,api_client,LATAM
TCKT_015816,2023-04-01 05:59:36,CUST_06166,non_profit,phone_transcript,analytics_dashboard,how_to,low,open,gold,How can I export my data from the analytics dashboard section?,Happy to help with your question. We will look into this and get back to you within the next 48 hours.,,,0,very_positive,5,0,web,EU
TCKT_015888,2023-04-30 17:57:07,CUST_04882,enterprise,web_form,notifications,bug,high,open,standard,The page keeps crashing whenever I try to open the notifications section.,Thanks for reporting this bug. We are prioritizing this and will update you as soon as possible.,,,0,neutral,3,0,api_client,
TCKT_015890,2023-04-16 07:08:45,CUST_06108,small_business,email,notifications,other,low,closed_no_action,standard,"Something seems off, can you please check my workspace?",Thanks for contacting support. We will look into this and get back to you within the next 48 hours.,Ticket closed without further action after no response from the customer.,163.23,0,positive,5,0,android,LATAM
TCKT_015932,2023-04-07 23:47:05,CUST_09819,enterprise,email,api_integration,performance,low,resolved,standard,Queries in the api integration module are timing out.,We understand performance issues can be frustrating. We will look into this and get back to you within the next 48 hours.,Optimized queries and increased resource allocation.,69.6,0,neutral,4,0,web,APAC
TCKT_015968,2023-04-09 09:00:23,CUST_06107,enterprise,in_app,notifications,security_concern,low,resolved,standard,There seems to be a vulnerability in the notifications functionality.,We take security very seriously. We will look into this and get back to you within the next 48 hours.,"Investigated logs, mitigated the issue, and updated security settings.",12.49,0,neutral,3,0,api_client,APAC
TCKT_015974,2023-04-12 14:51:27,CUST_02588,non_profit,phone_transcript,data_export,security_concern,low,in_progress,gold,We need details about your data encryption and compliance.,We take security very seriously. We will look into this and get back to you within the next 48 hours.,,,0,negative,0,0,api_client,
TCKT_016003,2023-04-17 03:24:59,CUST_05589,education,email,notifications,feature_request,high,open,platinum,Can you add an option to customize notifications?,Thanks for your feature suggestion. We are prioritizing this and will update you as soon as possible.,,,1,negative,0,1,web,
TCKT_016084,2023-04-04 03:04:27,CUST_04425,individual,email,analytics_dashboard,performance,low,in_progress,standard,The analytics dashboard page is very slow and takes a long time to load.,We understand performance issues can be frustrating. We will look into this and get back to you within the next 48 hours.,,,0,neutral,4,0,desktop_app,
TCKT_016142,2023-04-16 03:27:32,CUST_02400,small_business,chat,api_integration,other,high,in_progress,platinum,I need help but I'm not sure which category this fits in.,Thanks for contacting support. We are prioritizing this and will update you as soon as possible.,,,0,positive,4,0,desktop_app,MEA
TCKT_016364,2023-04-09 03:08:13,CUST_03332,small_business,in_app,billing,how_to,high,resolved,standard,I need help setting up billing for my team.,Happy to help with your question. We are prioritizing this and will update you as soon as possible.,Provided step-by-step instructions and relevant documentation.,16.04,0,neutral,4,0,api_client,MEA
TCKT_016387,2023-04-09 01:15:58,CUST_09949,individual,email,api_integration,other,medium,in_progress,gold,I have a general question about my account.,Thanks for contacting support. Our team is reviewing this and will follow up within 24 hours.,,,0,very_positive,5,1,ios,APAC
TCKT_016459,2023-04-19 00:02:56,CUST_05831,individual,in_app,billing,account_access,low,open,gold,My 2FA code is not working when I try to sign in.,Sorry to hear you're having trouble accessing your account. We will look into this and get back to you within the next 48 hours.,,,0,very_negative,1,0,desktop_app,
TCKT_016470,2023-04-09 10:04:57,CUST_03913,individual,web_form,api_integration,security_concern,low,closed_no_action,standard,I noticed a suspicious login on my account.,We take security very seriously. We will look into this and get back to you within the next 48 hours.,Ticket closed without further action after no response from the customer.,121.25,1,positive,5,0,api_client,
TCKT_016534,2023-04-14 15:54:02,CUST_06375,enterprise,chat,mobile_app,how_to,high,closed_no_action,gold,How can I export my data from the mobile app section?,Happy to help with your question. We are prioritizing this and will update you as soon as possible.,Ticket closed without further action after no response from the customer.,132.06,0,positive,0,1,api_client,LATAM
TCKT_016536,2023-04-13 01:35:47,CUST_08457,education,chat,data_export,account_access,urgent,in_progress,gold,I cannot log in; the system says my password is incorrect.,Sorry to hear you're having trouble accessing your account. This has been escalated to our on-call team for immediate attention.,,,0,neutral,0,0,desktop_app,EU
TCKT_016584,2023-04-27 06:53:08,CUST_02866,non_profit,phone_transcript,api_integration,how_to,low,in_progress,standard,Can you explain how to configure api integration properly?,Happy to help with your question. We will look into this and get back to you within the next 48 hours.,,,0,negative,0,0,android,MEA
TCKT_016618,2023-04-04 15:29:51,CUST_08021,individual,web_form,mobile_app,billing_problem,low,resolved,standard,My invoice amount is incorrect compared to the plan I selected.,Thanks for reaching out about the billing issue. We will look into this and get back to you within the next 48 hours.,Adjusted the invoice and issued a refund where applicable.,30.5,0,negative,2,0,api_client,APAC
TCKT_016664,2023-04-01 20:31:57,CUST_09159,non_profit,in_app,login_auth,billing_problem,low,resolved,standard,I downgraded my plan but I am still being billed for the higher tier.,Thanks for reaching out about the billing issue. We will look into this and get back to you within the next 48 hours.,Adjusted the invoice and issued a refund where applicable.,44.82,0,very_negative,1,0,web,APAC
TCKT_016670,2023-04-16 01:52:09,CUST_06526,small_business,chat,login_auth,billing_problem,urgent,in_progress,platinum,I was charged twice for my subscription this month.,Thanks for reaching out about the billing issue. This has been escalated to our on-call team for immediate attention.,,,0,neutral,0,1,ios,MEA
TCKT_016690,2023-04-27 01:53:17,CUST_09988,small_business,web_form,notifications,security_concern,medium,resolved,standard,There seems to be a vulnerability in the notifications functionality.,We take security very seriously. Our team is reviewing this and will follow up within 24 hours.,"Investigated logs, mitigated the issue, and updated security settings.",31.38,0,negative,3,0,ios,LATAM
TCKT_016729,2023-04-10 08:14:20,CUST_06891,small_business,chat,notifications,how_to,high,in_progress,gold,Can you explain how to configure notifications properly?,Happy to help with your question. We are prioritizing this and will update you as soon as possible.,,,0,neutral,0,1,api_client,MEA
TCKT_016946,2023-04-24 06:59:36,CUST_03287,small_business,chat,login_auth,other,low,in_progress,standard,I need help but I'm not sure which category this fits in.,Thanks for contacting support. We will look into this and get back to you within the next 48 hours.,,,0,negative,2,0,desktop_app,MEA
TCKT_017164,2023-04-30 18:09:22,CUST_05252,individual,web_form,login_auth,performance,high,closed_no_action,gold,Overall performance has degraded in the last few days.,We understand performance issues can be frustrating. We are prioritizing this and will update you as soon as possible.,Ticket closed without further action after no response from the customer.,208.4,0,positive,0,0,android,APAC
TCKT_017207,2023-04-24 21:35:02,CUST_06814,enterprise,email,api_integration,other,low,resolved,standard,"Something seems off, can you please check my workspace?",Thanks for contacting support. We will look into this and get back to you within the next 48 hours.,Provided general guidance and confirmed the issue was resolved.,41.53,0,neutral,4,1,android,MEA
TCKT_017308,2023-04-21 00:39:06,CUST_02221,non_profit,web_form,mobile_app,other,low,resolved,standard,I need help but I'm not sure which category this fits in.,Thanks for contacting support. We will look into this and get back to you within the next 48 hours.,Provided general guidance and confirmed the issue was resolved.,11.03,0,neutral,3,1,desktop_app,LATAM
TCKT_017325,2023-04-01 15:50:55,CUST_07860,non_profit,web_form,data_export,performance,low,in_progress,standard,The data export page is very slow and takes a long time to load.,We understand performance issues can be frustrating. We will look into this and get back to you within the next 48 hours.,,,0,negative,3,0,android,
TCKT_017388,2023-04-26 18:25:15,CUST_08786,education,chat,data_export,bug,low,resolved,platinum,The page keeps crashing whenever I try to open the data export section.,Thanks for reporting this bug. We will look into this and get back to you within the next 48 hours.,Patched the bug and deployed a fix to production.,45.22,0,positive,0,0,android,MEA
TCKT_017400,2023-04-17 04:16:28,CUST_01577,education,web_form,data_export,bug,low,resolved,standard,I am seeing an error message when I click on data export.,Thanks for reporting this bug. We will look into this and get back to you within the next 48 hours.,Patched the bug and deployed a fix to production.,57.29,0,very_positive,5,1,android,EU
TCKT_017458,2023-04-04 17:11:47,CUST_01841,non_profit,email,analytics_dashboard,feature_request,medium,open,standard,It would be great to have analytics dashboard support in your product.,Thanks for your feature suggestion. Our team is reviewing this and will follow up within 24 hours.,,,0,very_positive,5,0,web,MEA
TCKT_017462,2023-04-12 17:03:46,CUST_01347,individual,web_form,login_auth,security_concern,medium,resolved,gold,We need details about your data encryption and compliance.,We take security very seriously. Our team is reviewing this and will follow up within 24 hours.,"Investigated logs, mitigated the issue, and updated security settings.",44.64,0,very_negative,2,0,desktop_app,EU
TCKT_017545,2023-04-30 14:39:46,CUST_05917,education,phone_transcript,billing,bug,urgent,resolved,standard,The page keeps crashing whenever I try to open the billing section.,Thanks for reporting this bug. This has been escalated to our on-call team for immediate attention.,Patched the bug and deployed a fix to production.,0.35,0,neutral,4,0,web,MEA
TCKT_017613,2023-04-20 01:52:33,CUST_04615,enterprise,in_app,analytics_dashboard,performance,low,in_progress,standard,Overall performance has degraded in the last few days.,We understand performance issues can be frustrating. We will look into this and get back to you within the next 48 hours.,,,0,very_negative,1,0,api_client,
TCKT_017620,2023-04-01 11:53:50,CUST_01383,education,chat,billing,performance,low,on_hold,platinum,Queries in the billing module are timing out.,We understand performance issues can be frustrating. We will look into this and get back to you within the next 48 hours.,,,0,negative,2,0,android,APAC
TCKT_017770,2023-04-07 04:51:12,CUST_05806,education,email,api_integration,bug,low,resolved,standard,I am seeing an error message when I click on api integration.,Thanks for reporting this bug. We will look into this and get back to you within the next 48 hours.,Patched the bug and deployed a fix to production.,64.93,0,very_positive,0,0,web,APAC
TCKT_017823,2023-04-22 14:18:13,CUST_05406,enterprise,phone_transcript,notifications,account_access,medium,resolved,standard,My account was locked after multiple failed login attempts.,Sorry to hear you're having trouble accessing your account. Our team is reviewing this and will follow up within 24 hours.,Reset account credentials and confirmed successful login.,37.55,0,negative,3,0,android,
TCKT_017877,2023-04-18 20:35:27,CUST_04682,individual,chat,analytics_dashboard,feature_request,medium,closed_no_action,gold,It would be great to have analytics dashboard support in your product.,Thanks for your feature suggestion. Our team is reviewing this and will follow up within 24 hours.,Ticket closed without further action after no response from the customer.,202.25,0,positive,4,0,api_client,
TCKT_017902,2023-04-17 03:23:29,CUST_02878,small_business,phone_transcript,billing,account_access,medium,open,platinum,I cannot log in; the system says my password is incorrect.,Sorry to hear you're having trouble accessing your account. Our team is reviewing this and will follow up within 24 hours.,,,0,neutral,4,0,android,LATAM
TCKT_018013,2023-04-07 08:55:36,CUST_02128,enterprise,chat,api_integration,how_to,high,on_hold,standard,How can I export my data from the api integration section?,Happy to help with your question. We are prioritizing this and will update you as soon as possible.,,,0,very_positive,0,0,android,APAC
TCKT_018053,2023-04-10 10:12:41,CUST_02240,enterprise,chat,analytics_dashboard,other,medium,resolved,platinum,I have a general question about my account.,Thanks for contacting support. Our team is reviewing this and will follow up within 24 hours.,Provided general guidance and confirmed the issue was resolved.,12.75,0,neutral,3,0,android,
TCKT_018110,2023-04-17 15:41:44,CUST_01221,individual,web_form,billing,other,high,closed_no_action,gold,I need help but I'm not sure which category this fits in.,Thanks for contacting support. We are prioritizing this and will update you as soon as possible.,Ticket closed without further action after no response from the customer.,195.54,1,positive,5,0,desktop_app,EU
TCKT_018173,2023-04-12 04:37:46,CUST_05883,education,in_app,mobile_app,feature_request,low,open,gold,Can you add an option to customize mobile app?,Thanks for your feature suggestion. We will look into this and get back to you within the next 48 hours.,,,0,neutral,4,0,android,
TCKT_018204,2023-04-11 21:59:30,CUST_08971,individual,email,analytics_dashboard,account_access,high,resolved,standard,I cannot log in; the system says my password is incorrect.,Sorry to hear you're having trouble accessing your account. We are prioritizing this and will update you as soon as possible.,Reset account credentials and confirmed successful login.,11.09,0,very_negative,0,0,api_client,LATAM
TCKT_018421,2023-04-06 08:28:26,CUST_01008,small_business,phone_transcript,notifications,performance,urgent,closed_no_action,standard,Overall performance has degraded in the last few days.,We understand performance issues can be frustrating. This has been escalated to our on-call team for immediate attention.,Ticket closed without further action after no response from the customer.,34.04,0,positive,0,1,api_client,EU
TCKT_018438,2023-04-06 18:13:24,CUST_06543,individual,email,mobile_app,feature_request,medium,open,standard,Can you add an option to customize mobile app?,Thanks for your feature suggestion. Our team is reviewing this and will follow up within 24 hours.,,,0,very_negative,2,1,api_client,EU
TCKT_018451,2023-04-07 13:26:33,CUST_00189,small_business,chat,notifications,other,low,in_progress,standard,I need help but I'm not sure which category this fits in.,Thanks for contacting support. We will look into this and get back to you within the next 48 hours.,,,0,neutral,0,0,ios,APAC
TCKT_018481,2023-04-26 08:15:17,CUST_03688,individual,phone_transcript,analytics_dashboard,account_access,low,closed_no_action,standard,I cannot log in; the system says my password is incorrect.,Sorry to hear you're having trouble accessing your account. We will look into this and get back to you within the next 48 hours.,Ticket closed without further action after no response from the customer.,227.08,0,neutral,0,1,desktop_app,MEA
TCKT_018492,2023-04-14 01:40:23,CUST_07778,enterprise,chat,notifications,bug,low,resolved,gold,I am seeing an error message when I click on notifications.,Thanks for reporting this bug. We will look into this and get back to you within the next 48 hours.,Patched the bug and deployed a fix to production.,16.58,0,neutral,4,0,web,
TCKT_018508,2023-04-06 23:20:24,CUST_06247,individual,web_form,notifications,other,low,in_progress,gold,I need help but I'm not sure which category this fits in.,Thanks for contacting support. We will look into this and get back to you within the next 48 hours.,,,0,neutral,3,1,desktop_app,EU
TCKT_018531,2023-04-11 02:22:50,CUST_00862,enterprise,phone_transcript,login_auth,bug,medium,resolved,platinum,The login auth feature is not saving my changes.,Thanks for reporting this bug. Our team is reviewing this and will follow up within 24 hours.,Patched the bug and deployed a fix to production.,7.09,0,neutral,4,1,ios,
TCKT_018563,2023-04-03 20:37:26,CUST_08831,enterprise,phone_transcript,billing,billing_problem,low,resolved,standard,My invoice amount is incorrect compared to the plan I selected.,Thanks for reaching out about the billing issue. We will look into this and get back to you within the next 48 hours.,Adjusted the invoice and issued a refund where applicable.,32.97,0,neutral,0,1,ios,LATAM
TCKT_018595,2023-04-19 23:17:07,CUST_06965,individual,web_form,api_integration,how_to,medium,resolved,standard,Can you explain how to configure api integration properly?,Happy to help with your question. Our team is reviewing this and will follow up within 24 hours.,Provided step-by-step instructions and relevant documentation.,12.96,0,negative,3,1,ios,APAC
TCKT_018669,2023-04-07 07:01:47,CUST_06605,non_profit,in_app,login_auth,security_concern,high,resolved,standard,I noticed a suspicious login on my account.,We take security very seriously. We are prioritizing this and will update you as soon as possible.,"Investigated logs, mitigated the issue, and updated security settings.",8.27,0,negative,2,0,desktop_app,EU
TCKT_018757,2023-04-16 09:43:54,CUST_00439,non_profit,email,notifications,account_access,low,closed_no_action,gold,My 2FA code is not working when I try to sign in.,Sorry to hear you're having trouble accessing your account. We will look into this and get back to you within the next 48 hours.,Ticket closed without further action after no response from the customer.,172.36,0,very_negative,2,0,web,MEA
TCKT_018800,2023-04-19 07:29:41,CUST_08167,individual,email,api_integration,account_access,medium,in_progress,gold,My 2FA code is not working when I try to sign in.,Sorry to hear you're having trouble accessing your account. Our team is reviewing this and will follow up within 24 hours.,,,0,very_negative,1,1,ios,LATAM
TCKT_018814,2023-04-03 09:09:34,CUST_03833,education,web_form,api_integration,security_concern,high,resolved,standard,There seems to be a vulnerability in the api integration functionality.,We take security very seriously. We are prioritizing this and will update you as soon as possible.,"Investigated logs, mitigated the issue, and updated security settings.",8.94,0,very_negative,0,0,api_client,MEA
TCKT_018910,2023-04-24 00:14:10,CUST_04101,non_profit,chat,billing,feature_request,low,in_progress,gold,Can you add an option to customize billing?,Thanks for your feature suggestion. We will look into this and get back to you within the next 48 hours.,,,0,very_negative,1,0,web,
TCKT_018988,2023-04-13 15:36:46,CUST_04907,non_profit,web_form,data_export,performance,urgent,open,standard,Queries in the data export module are timing out.,We understand performance issues can be frustrating. This has been escalated to our on-call team for immediate attention.,,,0,very_negative,1,0,api_client,LATAM
TCKT_019028,2023-04-24 02:33:19,CUST_06717,non_profit,chat,login_auth,other,medium,resolved,gold,"Something seems off, can you please check my workspace?",Thanks for contacting support. Our team is reviewing this and will follow up within 24 hours.,Provided general guidance and confirmed the issue was resolved.,7.45,1,neutral,0,1,android,EU
TCKT_019127,2023-04-02 09:28:49,CUST_01953,non_profit,chat,analytics_dashboard,bug,medium,resolved,standard,I am seeing an error message when I click on analytics dashboard.,Thanks for reporting this bug. Our team is reviewing this and will follow up within 24 hours.,Patched the bug and deployed a fix to production.,6.29,0,positive,0,0,desktop_app,APAC
TCKT_019134,2023-04-11 16:49:37,CUST_02405,education,email,api_integration,how_to,medium,in_progress,platinum,How can I export my data from the api integration section?,Happy to help with your question. Our team is reviewing this and will follow up within 24 hours.,,,1,positive,0,0,desktop_app,APAC
TCKT_019135,2023-04-18 08:41:49,CUST_06014,small_business,in_app,mobile_app,performance,medium,resolved,standard,The mobile app page is very slow and takes a long time to load.,We understand performance issues can be frustrating. Our team is reviewing this and will follow up within 24 hours.,Optimized queries and increased resource allocation.,38.74,0,neutral,3,1,android,EU
TCKT_019216,2023-04-21 10:24:38,CUST_03730,non_profit,email,login_auth,bug,low,resolved,standard,I am seeing an error message when I click on login auth.,Thanks for reporting this bug. We will look into this and get back to you within the next 48 hours.,Patched the bug and deployed a fix to production.,10.02,1,positive,0,0,ios,LATAM
TCKT_019288,2023-04-07 20:16:12,CUST_01376,enterprise,phone_transcript,login_auth,other,low,resolved,standard,I have a general question about my account.,Thanks for contacting support. We will look into this and get back to you within the next 48 hours.,Provided general guidance and confirmed the issue was resolved.,67.37,0,positive,4,1,desktop_app,APAC
TCKT_019321,2023-04-20 18:51:42,CUST_09725,individual,phone_transcript,analytics_dashboard,how_to,low,on_hold,gold,I need help setting up analytics dashboard for my team.,Happy to help with your question. We will look into this and get back to you within the next 48 hours.,,,0,negative,3,0,web,MEA
TCKT_019400,2023-04-06 17:24:51,CUST_01754,enterprise,phone_transcript,data_export,security_concern,medium,resolved,gold,I noticed a suspicious login on my account.,We take security very seriously. Our team is reviewing this and will follow up within 24 hours.,"Investigated logs, mitigated the issue, and updated security settings.",27.35,0,negative,2,0,api_client,APAC
TCKT_019432,2023-04-18 13:49:59,CUST_00055,small_business,chat,analytics_dashboard,performance,urgent,resolved,standard,Overall performance has degraded in the last few days.,We understand performance issues can be frustrating. This has been escalated to our on-call team for immediate attention.,Optimized queries and increased resource allocation.,5.42,0,neutral,0,0,desktop_app,APAC
TCKT_019440,2023-04-09 02:31:20,CUST_02408,education,email,mobile_app,security_concern,medium,resolved,standard,We need details about your data encryption and compliance.,We take security very seriously. Our team is reviewing this and will follow up within 24 hours.,"Investigated logs, mitigated the issue, and updated security settings.",7.25,0,negative,2,0,api_client,LATAM
TCKT_019547,2023-04-27 12:32:50,CUST_06813,individual,in_app,mobile_app,how_to,medium,open,standard,How can I export my data from the mobile app section?,Happy to help with your question. Our team is reviewing this and will follow up within 24 hours.,,,0,neutral,0,0,ios,LATAM
TCKT_019638,2023-04-06 15:31:25,CUST_07196,non_profit,chat,notifications,performance,high,in_progress,platinum,Queries in the notifications module are timing out.,We understand performance issues can be frustrating. We are prioritizing this and will update you as soon as possible.,,,0,negative,3,0,api_client,MEA
TCKT_019717,2023-04-22 08:33:37,CUST_01915,non_profit,in_app,api_integration,feature_request,urgent,in_progress,standard,Can you add an option to customize api integration?,Thanks for your feature suggestion. This has been escalated to our on-call team for immediate attention.,,,0,positive,5,0,web,MEA
TCKT_019756,2023-04-08 18:12:39,CUST_05565,education,in_app,api_integration,performance,medium,on_hold,standard,The api integration page is very slow and takes a long time to load.,We understand performance issues can be frustrating. Our team is reviewing this and will follow up within 24 hours.,,,0,very_negative,2,0,desktop_app,LATAM
TCKT_019793,2023-04-03 05:19:07,CUST_06404,small_business,chat,data_export,feature_request,low,resolved,standard,It would be great to have data export support in your product.,Thanks for your feature suggestion. We will look into this and get back to you within the next 48 hours.,Captured the request and added it to the product backlog.,43.47,0,very_negative,0,0,api_client,MEA
TCKT_019822,2023-04-05 03:07:02,CUST_08254,small_business,phone_transcript,billing,performance,low,resolved,gold,Overall performance has degraded in the last few days.,We understand performance issues can be frustrating. We will look into this and get back to you within the next 48 hours.,Optimized queries and increased resource allocation.,61.16,0,very_negative,2,1,api_client,EU
TCKT_019826,2023-04-11 08:22:46,CUST_08201,individual,in_app,data_export,account_access,medium,in_progress,standard,My account was locked after multiple failed login attempts.,Sorry to hear you're having trouble accessing your account. Our team is reviewing this and will follow up within 24 hours.,,,0,very_negative,1,0,android,LATAM
TCKT_019827,2023-04-19 17:33:31,CUST_07576,individual,chat,api_integration,performance,low,in_progress,gold,The api integration page is very slow and takes a long time to load.,We understand performance issues can be frustrating. We will look into this and get back to you within the next 48 hours.,,,0,very_negative,2,0,web,EU
TCKT_019881,2023-04-05 08:36:15,CUST_09163,enterprise,in_app,mobile_app,performance,medium,resolved,standard,The mobile app page is very slow and takes a long time to load.,We understand performance issues can be frustrating. Our team is reviewing this and will follow up within 24 hours.,Optimized queries and increased resource allocation.,42.34,0,very_negative,1,0,web,LATAM
TCKT_020060,2023-04-21 04:45:43,CUST_02937,enterprise,chat,data_export,performance,low,in_progress,standard,Overall performance has degraded in the last few days.,We understand performance issues can be frustrating. We will look into this and get back to you within the next 48 hours.,,,0,neutral,0,1,android,MEA
TCKT_020076,2023-04-22 11:11:01,CUST_03314,enterprise,web_form,mobile_app,account_access,high,resolved,standard,My account was locked after multiple failed login attempts.,Sorry to hear you're having trouble accessing your account. We are prioritizing this and will update you as soon as possible.,Reset account credentials and confirmed successful login.,14.99,0,negative,3,0,desktop_app,MEA
TCKT_020080,2023-04-30 10:48:22,CUST_02927,non_profit,email,mobile_app,bug,low,in_progress,standard,I am seeing an error message when I click on mobile app.,Thanks for reporting this bug. We will look into this and get back to you within the next 48 hours.,,,1,neutral,4,0,api_client,
TCKT_020110,2023-04-16 07:57:43,CUST_00528,non_profit,phone_transcript,analytics_dashboard,other,low,resolved,standard,I have a general question about my account.,Thanks for contacting support. We will look into this and get back to you within the next 48 hours.,Provided general guidance and confirmed the issue was resolved.,14.08,0,positive,0,0,desktop_app,EU
TCKT_020117,2023-04-13 12:52:47,CUST_08613,small_business,web_form,login_auth,how_to,medium,resolved,standard,I need help setting up login auth for my team.,Happy to help with your question. Our team is reviewing this and will follow up within 24 hours.,Provided step-by-step instructions and relevant documentation.,26.97,1,neutral,4,0,api_client,EU
TCKT_020174,2023-04-28 05:06:58,CUST_00429,small_business,in_app,billing,performance,high,resolved,gold,Overall performance has degraded in the last few days.,We understand performance issues can be frustrating. We are prioritizing this and will update you as soon as possible.,Optimized queries and increased resource allocation.,14.49,0,neutral,3,0,ios,APAC
TCKT_020207,2023-04-26 15:55:43,CUST_05563,enterprise,in_app,mobile_app,performance,high,resolved,standard,Overall performance has degraded in the last few days.,We understand performance issues can be frustrating. We are prioritizing this and will update you as soon as possible.,Optimized queries and increased resource allocation.,15.57,0,positive,4,0,desktop_app,EU
TCKT_020222,2023-04-21 13:20:17,CUST_03130,individual,phone_transcript,data_export,other,low,in_progress,standard,I need help but I'm not sure which category this fits in.,Thanks for contacting support. We will look into this and get back to you within the next 48 hours.,,,0,negative,0,0,api_client,
TCKT_020292,2023-04-20 22:49:37,CUST_05496,small_business,chat,mobile_app,billing_problem,low,open,gold,My invoice amount is incorrect compared to the plan I selected.,Thanks for reaching out about the billing issue. We will look into this and get back to you within the next 48 hours.,,,0,very_positive,5,0,web,EU
TCKT_020300,2023-04-13 01:52:45,CUST_03611,individual,email,mobile_app,security_concern,low,in_progress,standard,I noticed a suspicious login on my account.,We take security very seriously. We will look into this and get back to you within the next 48 hours.,,,0,negative,0,0,web,APAC
TCKT_020405,2023-04-22 23:59:02,CUST_05487,small_business,phone_transcript,notifications,other,high,closed_no_action,standard,I need help but I'm not sure which category this fits in.,Thanks for contacting support. We are prioritizing this and will update you as soon as possible.,Ticket closed without further action after no response from the customer.,233.7,0,negative,0,1,web,
TCKT_020442,2023-04-20 04:01:12,CUST_05353,education,phone_transcript,data_export,how_to,low,open,standard,I need help setting up data export for my team.,Happy to help with your question. We will look into this and get back to you within the next 48 hours.,,,0,positive,5,0,api_client,APAC
TCKT_020478,2023-04-29 16:53:27,CUST_07777,education,web_form,billing,other,low,open,gold,"Something seems off, can you please check my workspace?",Thanks for contacting support. We will look into this and get back to you within the next 48 hours.,,,0,positive,0,0,desktop_app,LATAM
TCKT_020637,2023-04-16 07:40:17,CUST_07853,small_business,in_app,mobile_app,performance,medium,in_progress,standard,Overall performance has degraded in the last few days.,We understand performance issues can be frustrating. Our team is reviewing this and will follow up within 24 hours.,,,0,positive,4,0,api_client,APAC
TCKT_020710,2023-04-03 07:53:57,CUST_06116,non_profit,in_app,api_integration,account_access,medium,resolved,standard,My account was locked after multiple failed login attempts.,Sorry to hear you're having trouble accessing your account. Our team is reviewing this and will follow up within 24 hours.,Reset account credentials and confirmed successful login.,18.59,0,neutral,4,0,android,EU
TCKT_020744,2023-04-01 03:08:35,CUST_03936,non_profit,chat,login_auth,performance,medium,resolved,gold,Queries in the login auth module are timing out.,We understand performance issues can be frustrating. Our team is reviewing this and will follow up within 24 hours.,Optimized queries and increased resource allocation.,32.82,0,negative,3,1,desktop_app,APAC
TCKT_020746,2023-04-19 05:39:14,CUST_08491,education,in_app,notifications,billing_problem,low,resolved,standard,I downgraded my plan but I am still being billed for the higher tier.,Thanks for reaching out about the billing issue. We will look into this and get back to you within the next 48 hours.,Adjusted the invoice and issued a refund where applicable.,69.37,0,negative,3,0,ios,APAC
TCKT_020806,2023-04-03 05:18:33,CUST_01618,enterprise,in_app,api_integration,billing_problem,medium,on_hold,standard,I downgraded my plan but I am still being billed for the higher tier.,Thanks for reaching out about the billing issue. Our team is reviewing this and will follow up within 24 hours.,,,0,neutral,3,1,ios,
TCKT_020841,2023-04-29 16:27:30,CUST_02378,education,web_form,login_auth,feature_request,high,resolved,standard,Our team needs more advanced options for login auth.,Thanks for your feature suggestion. We are prioritizing this and will update you as soon as possible.,Captured the request and added it to the product backlog.,11.9,0,neutral,4,0,android,APAC
TCKT_020864,2023-04-04 01:41:08,CUST_07987,individual,phone_transcript,login_auth,security_concern,low,resolved,standard,We need details about your data encryption and compliance.,We take security very seriously. We will look into this and get back to you within the next 48 hours.,"Investigated logs, mitigated the issue, and updated security settings.",66.28,0,very_negative,0,0,desktop_app,
TCKT_020894,2023-04-11 21:39:58,CUST_03198,small_business,web_form,api_integration,feature_request,low,resolved,gold,Our team needs more advanced options for api integration.,Thanks for your feature suggestion. We will look into this and get back to you within the next 48 hours.,Captured the request and added it to the product backlog.,70.54,0,positive,5,0,web,
TCKT_020904,2023-04-05 02:26:31,CUST_01866,small_business,in_app,analytics_dashboard,security_concern,high,resolved,standard,There seems to be a vulnerability in the analytics dashboard functionality.,We take security very seriously. We are prioritizing this and will update you as soon as possible.,"Investigated logs, mitigated the issue, and updated security settings.",13.11,0,negative,3,1,android,MEA
TCKT_020919,2023-04-19 13:56:02,CUST_01107,enterprise,web_form,login_auth,how_to,low,resolved,gold,How can I export my data from the login auth section?,Happy to help with your question. We will look into this and get back to you within the next 48 hours.,Provided step-by-step instructions and relevant documentation.,52.93,0,positive,0,1,desktop_app,EU
TCKT_020941,2023-04-12 20:39:47,CUST_01966,small_business,email,login_auth,other,medium,resolved,standard,I have a general question about my account.,Thanks for contacting support. Our team is reviewing this and will follow up within 24 hours.,Provided general guidance and confirmed the issue was resolved.,6.54,0,positive,4,0,web,APAC
TCKT_021010,2023-04-21 07:56:03,CUST_06343,education,phone_transcript,notifications,feature_request,high,resolved,standard,Our team needs more advanced options for notifications.,Thanks for your feature suggestion. We are prioritizing this and will update you as soon as possible.,Captured the request and added it to the product backlog.,21.38,0,positive,5,0,android,
TCKT_021213,2023-04-06 20:51:25,CUST_04880,enterprise,web_form,billing,account_access,urgent,resolved,standard,My account was locked after multiple failed login attempts.,Sorry to hear you're having trouble accessing your account. This has been escalated to our on-call team for immediate attention.,Reset account credentials and confirmed successful login.,2.75,0,negative,0,0,web,APAC
TCKT_021276,2023-04-20 04:58:06,CUST_06610,non_profit,phone_transcript,analytics_dashboard,security_concern,high,resolved,standard,We need details about your data encryption and compliance.,We take security very seriously. We are prioritizing this and will update you as soon as possible.,"Investigated logs, mitigated the issue, and updated security settings.",3.89,0,negative,3,0,desktop_app,LATAM
TCKT_021323,2023-04-08 08:06:28,CUST_01613,non_profit,chat,mobile_app,performance,low,in_progress,standard,Queries in the mobile app module are timing out.,We understand performance issues can be frustrating. We will look into this and get back to you within the next 48 hours.,,,0,negative,0,0,desktop_app,MEA
TCKT_021354,2023-04-26 16:17:38,CUST_08124,individual,chat,login_auth,bug,medium,resolved,standard,The login auth feature is not saving my changes.,Thanks for reporting this bug. Our team is reviewing this and will follow up within 24 hours.,Patched the bug and deployed a fix to production.,25.18,0,positive,5,1,desktop_app,APAC
TCKT_021514,2023-04-24 10:44:44,CUST_00713,individual,phone_transcript,login_auth,performance,high,resolved,gold,The login auth page is very slow and takes a long time to load.,We understand performance issues can be frustrating. We are prioritizing this and will update you as soon as possible.,Optimized queries and increased resource allocation.,12.54,0,very_negative,0,1,ios,EU
TCKT_021550,2023-04-15 15:44:01,CUST_08668,enterprise,email,analytics_dashboard,other,medium,resolved,gold,"Something seems off, can you please check my workspace?",Thanks for contacting support. Our team is reviewing this and will follow up within 24 hours.,Provided general guidance and confirmed the issue was resolved.,16.36,0,neutral,4,0,web,APAC
TCKT_021559,2023-04-06 02:03:15,CUST_05616,enterprise,in_app,billing,performance,low,resolved,standard,Overall performance has degraded in the last few days.,We understand performance issues can be frustrating. We will look into this and get back to you within the next 48 hours.,Optimized queries and increased resource allocation.,40.38,0,neutral,4,1,desktop_app,MEA
TCKT_021585,2023-04-25 00:21:48,CUST_02466,individual,email,billing,bug,high,open,standard,The page keeps crashing whenever I try to open the billing section.,Thanks for reporting this bug. We are prioritizing this and will update you as soon as possible.,,,0,neutral,4,0,api_client,
TCKT_021597,2023-04-24 19:26:33,CUST_06739,non_profit,chat,billing,other,urgent,in_progress,platinum,"Something seems off, can you please check my workspace?",Thanks for contacting support. This has been escalated to our on-call team for immediate attention.,,,0,positive,5,1,web,EU
TCKT_021613,2023-04-30 06:53:10,CUST_01115,non_profit,phone_transcript,api_integration,how_to,low,closed_no_action,standard,Can you explain how to configure api integration properly?,Happy to help with your question. We will look into this and get back to you within the next 48 hours.,Ticket closed without further action after no response from the customer.,204.5,0,very_positive,5,0,web,EU
TCKT_021641,2023-04-13 00:38:26,CUST_03588,enterprise,email,notifications,account_access,low,resolved,gold,My account was locked after multiple failed login attempts.,Sorry to hear you're having trouble accessing your account. We will look into this and get back to you within the next 48 hours.,Reset account credentials and confirmed successful login.,12.56,0,very_negative,0,1,api_client,EU
TCKT_021648,2023-04-25 00:15:04,CUST_01496,individual,phone_transcript,login_auth,how_to,low,in_progress,standard,I need help setting up login auth for my team.,Happy to help with your question. We will look into this and get back to you within the next 48 hours.,,,0,positive,5,0,api_client,LATAM
TCKT_021780,2023-04-16 16:23:09,CUST_01740,enterprise,phone_transcript,login_auth,how_to,low,closed_no_action,gold,Can you explain how to configure login auth properly?,Happy to help with your question. We will look into this and get back to you within the next 48 hours.,Ticket closed without further action after no response from the customer.,43.51,0,neutral,0,1,web,EU
TCKT_021809,2023-04-14 05:47:11,CUST_09801,non_profit,web_form,data_export,billing_problem,low,resolved,standard,My invoice amount is incorrect compared to the plan I selected.,Thanks for reaching out about the billing issue. We will look into this and get back to you within the next 48 hours.,Adjusted the invoice and issued a refund where applicable.,26.04,0,neutral,0,1,ios,
TCKT_021862,2023-04-28 15:49:29,CUST_06466,non_profit,chat,notifications,feature_request,low,resolved,gold,It would be great to have notifications support in your product.,Thanks for your feature suggestion. We will look into this and get back to you within the next 48 hours.,Captured the request and added it to the product backlog.,18.88,0,very_positive,5,0,android,LATAM
TCKT_021923,2023-04-01 21:53:58,CUST_08373,individual,chat,notifications,performance,low,resolved,standard,Queries in the notifications module are timing out.,We understand performance issues can be frustrating. We will look into this and get back to you within the next 48 hours.,Optimized queries and increased resource allocation.,42.7,0,negative,3,0,web,APAC
TCKT_021974,2023-04-20 06:38:53,CUST_06999,small_business,chat,notifications,billing_problem,low,resolved,standard,I downgraded my plan but I am still being billed for the higher tier.,Thanks for reaching out about the billing issue. We will look into this and get back to you within the next 48 hours.,Adjusted the invoice and issued a refund where applicable.,27.21,0,very_negative,0,0,ios,
TCKT_022073,2023-04-02 21:52:39,CUST_04567,small_business,phone_transcript,analytics_dashboard,billing_problem,high,resolved,standard,I downgraded my plan but I am still being billed for the higher tier.,Thanks for reaching out about the billing issue. We are prioritizing this and will update you as soon as possible.,Adjusted the invoice and issued a refund where applicable.,19.19,0,neutral,0,0,desktop_app,MEA
TCKT_022088,2023-04-25 07:51:32,CUST_01657,small_business,email,mobile_app,other,high,resolved,gold,"Something seems off, can you please check my workspace?",Thanks for contacting support. We are prioritizing this and will update you as soon as possible.,Provided general guidance and confirmed the issue was resolved.,11.97,0,very_negative,1,0,desktop_app,APAC
TCKT_022111,2023-04-09 22:13:47,CUST_02258,small_business,chat,data_export,other,low,resolved,standard,"Something seems off, can you please check my workspace?",Thanks for contacting support. We will look into this and get back to you within the next 48 hours.,Provided general guidance and confirmed the issue was resolved.,32.63,0,very_positive,5,1,android,
TCKT_022123,2023-04-07 16:35:11,CUST_06435,non_profit,phone_transcript,analytics_dashboard,performance,medium,resolved,gold,The analytics dashboard page is very slow and takes a long time to load.,We understand performance issues can be frustrating. Our team is reviewing this and will follow up within 24 hours.,Optimized queries and increased resource allocation.,24.92,0,very_positive,5,0,api_client,LATAM
TCKT_022152,2023-04-16 19:59:00,CUST_06585,non_profit,phone_transcript,mobile_app,other,medium,resolved,gold,I need help but I'm not sure which category this fits in.,Thanks for contacting support. Our team is reviewing this and will follow up within 24 hours.,Provided general guidance and confirmed the issue was resolved.,12.71,0,neutral,3,0,web,LATAM
TCKT_022283,2023-04-10 09:04:10,CUST_00181,individual,phone_transcript,data_export,other,low,closed_no_action,gold,"Something seems off, can you please check my workspace?",Thanks for contacting support. We will look into this and get back to you within the next 48 hours.,Ticket closed without further action after no response from the customer.,229.49,0,negative,3,0,api_client,LATAM
TCKT_022287,2023-04-09 22:30:27,CUST_06530,education,chat,api_integration,performance,medium,resolved,gold,The api integration page is very slow and takes a long time to load.,We understand performance issues can be frustrating. Our team is reviewing this and will follow up within 24 hours.,Optimized queries and increased resource allocation.,18.45,0,very_positive,0,0,desktop_app,APAC
TCKT_022332,2023-04-22 17:03:54,CUST_00148,non_profit,chat,mobile_app,billing_problem,high,resolved,standard,I was charged twice for my subscription this month.,Thanks for reaching out about the billing issue. We are prioritizing this and will update you as soon as possible.,Adjusted the invoice and issued a refund where applicable.,18.87,0,very_negative,1,1,desktop_app,LATAM
TCKT_022430,2023-04-23 05:07:35,CUST_07726,small_business,phone_transcript,billing,other,low,resolved,platinum,I have a general question about my account.,Thanks for contacting support. We will look into this and get back to you within the next 48 hours.,Provided general guidance and confirmed the issue was resolved.,62.98,0,neutral,0,0,web,EU
TCKT_022454,2023-04-16 23:24:38,CUST_00986,non_profit,phone_transcript,data_export,security_concern,medium,resolved,standard,We need details about your data encryption and compliance.,We take security very seriously. Our team is reviewing this and will follow up within 24 hours.,"Investigated logs, mitigated the issue, and updated security settings.",7.46,0,neutral,0,0,api_client,MEA
TCKT_022499,2023-04-11 10:33:13,CUST_03637,education,phone_transcript,notifications,bug,medium,on_hold,platinum,The page keeps crashing whenever I try to open the notifications section.,Thanks for reporting this bug. Our team is reviewing this and will follow up within 24 hours.,,,0,positive,5,0,android,EU
TCKT_022522,2023-04-05 20:41:09,CUST_09594,education,web_form,api_integration,security_concern,medium,on_hold,gold,There seems to be a vulnerability in the api integration functionality.,We take security very seriously. Our team is reviewing this and will follow up within 24 hours.,,,0,neutral,4,0,android,EU
TCKT_022589,2023-04-03 17:19:52,CUST_01587,individual,web_form,mobile_app,performance,low,resolved,platinum,Queries in the mobile app module are timing out.,We understand performance issues can be frustrating. We will look into this and get back to you within the next 48 hours.,Optimized queries and increased resource allocation.,37.7,0,negative,3,0,ios,LATAM
TCKT_022660,2023-04-20 12:04:38,CUST_00480,non_profit,phone_transcript,analytics_dashboard,feature_request,medium,resolved,standard,It would be great to have analytics dashboard support in your product.,Thanks for your feature suggestion. Our team is reviewing this and will follow up within 24 hours.,Captured the request and added it to the product backlog.,36.21,0,positive,0,0,ios,APAC
TCKT_022934,2023-04-30 18:47:19,CUST_02711,individual,phone_transcript,data_export,how_to,medium,open,standard,How can I export my data from the data export section?,Happy to help with your question. Our team is reviewing this and will follow up within 24 hours.,,,0,positive,0,0,web,
TCKT_023091,2023-04-16 07:17:32,CUST_00951,education,phone_transcript,analytics_dashboard,account_access,low,resolved,standard,I cannot log in; the system says my password is incorrect.,Sorry to hear you're having trouble accessing your account. We will look into this and get back to you within the next 48 hours.,Reset account credentials and confirmed successful login.,66.38,0,negative,0,1,android,LATAM
TCKT_023191,2023-04-01 19:51:26,CUST_03889,enterprise,chat,api_integration,account_access,medium,resolved,standard,My account was locked after multiple failed login attempts.,Sorry to hear you're having trouble accessing your account. Our team is reviewing this and will follow up within 24 hours.,Reset account credentials and confirmed successful login.,14.47,0,neutral,4,0,android,APAC
TCKT_023303,2023-04-05 03:48:39,CUST_07474,non_profit,email,notifications,feature_request,medium,resolved,gold,Can you add an option to customize notifications?,Thanks for your feature suggestion. Our team is reviewing this and will follow up within 24 hours.,Captured the request and added it to the product backlog.,23.8,0,negative,3,1,android,LATAM
TCKT_023353,2023-04-29 15:05:57,CUST_07400,education,web_form,billing,bug,medium,open,standard,The billing feature is not saving my changes.,Thanks for reporting this bug. Our team is reviewing this and will follow up within 24 hours.,,,0,positive,4,0,api_client,EU
TCKT_023355,2023-04-05 13:17:25,CUST_04809,individual,web_form,notifications,feature_request,high,resolved,gold,Can you add an option to customize notifications?,Thanks for your feature suggestion. We are prioritizing this and will update you as soon as possible.,Captured the request and added it to the product backlog.,12.61,0,neutral,3,1,web,EU
TCKT_023449,2023-04-24 06:50:52,CUST_03444,individual,in_app,login_auth,account_access,low,in_progress,standard,My account was locked after multiple failed login attempts.,Sorry to hear you're having trouble accessing your account. We will look into this and get back to you within the next 48 hours.,,,0,neutral,3,0,api_client,
TCKT_023461,2023-04-01 12:31:41,CUST_04686,enterprise,web_form,data_export,performance,medium,resolved,standard,Queries in the data export module are timing out.,We understand performance issues can be frustrating. Our team is reviewing this and will follow up within 24 hours.,Optimized queries and increased resource allocation.,16.7,0,neutral,4,0,desktop_app,APAC
TCKT_023519,2023-04-11 05:28:31,CUST_05165,enterprise,web_form,data_export,performance,low,in_progress,standard,The data export page is very slow and takes a long time to load.,We understand performance issues can be frustrating. We will look into this and get back to you within the next 48 hours.,,,0,neutral,3,0,desktop_app,
TCKT_023534,2023-04-13 18:19:39,CUST_04307,non_profit,email,analytics_dashboard,how_to,medium,resolved,standard,I need help setting up analytics dashboard for my team.,Happy to help with your question. Our team is reviewing this and will follow up within 24 hours.,Provided step-by-step instructions and relevant documentation.,22.97,0,neutral,4,0,ios,MEA
TCKT_023575,2023-04-25 23:49:31,CUST_06993,non_profit,in_app,data_export,billing_problem,medium,open,standard,I downgraded my plan but I am still being billed for the higher tier.,Thanks for reaching out about the billing issue. Our team is reviewing this and will follow up within 24 hours.,,,0,neutral,3,1,desktop_app,MEA
TCKT_023583,2023-04-11 21:24:15,CUST_08414,education,chat,mobile_app,bug,medium,resolved,standard,The page keeps crashing whenever I try to open the mobile app section.,Thanks for reporting this bug. Our team is reviewing this and will follow up within 24 hours.,Patched the bug and deployed a fix to production.,16.99,0,neutral,3,0,android,LATAM
TCKT_023591,2023-04-14 10:42:33,CUST_08663,small_business,in_app,api_integration,account_access,medium,resolved,gold,I cannot log in; the system says my password is incorrect.,Sorry to hear you're having trouble accessing your account. Our team is reviewing this and will follow up within 24 hours.,Reset account credentials and confirmed successful login.,34.34,0,positive,0,1,desktop_app,
TCKT_023798,2023-04-19 02:03:40,CUST_06593,education,email,data_export,security_concern,low,resolved,gold,There seems to be a vulnerability in the data export functionality.,We take security very seriously. We will look into this and get back to you within the next 48 hours.,"Investigated logs, mitigated the issue, and updated security settings.",59.62,0,negative,0,0,android,EU
TCKT_023822,2023-04-29 00:57:00,CUST_08091,non_profit,phone_transcript,data_export,other,urgent,open,standard,I have a general question about my account.,Thanks for contacting support. This has been escalated to our on-call team for immediate attention.,,,0,negative,2,0,android,MEA
TCKT_023902,2023-04-21 17:42:39,CUST_02713,non_profit,phone_transcript,billing,feature_request,low,in_progress,standard,It would be great to have billing support in your product.,Thanks for your feature suggestion. We will look into this and get back to you within the next 48 hours.,,,0,neutral,4,0,android,EU
TCKT_023938,2023-04-12 19:25:15,CUST_06125,education,web_form,billing,bug,low,resolved,gold,The billing feature is not saving my changes.,Thanks for reporting this bug. We will look into this and get back to you within the next 48 hours.,Patched the bug and deployed a fix to production.,8.49,0,neutral,3,1,api_client,EU
TCKT_024055,2023-04-08 10:55:35,CUST_04374,individual,chat,mobile_app,other,medium,on_hold,standard,I need help but I'm not sure which category this fits in.,Thanks for contacting support. Our team is reviewing this and will follow up within 24 hours.,,,0,neutral,0,1,api_client,LATAM
TCKT_024078,2023-04-20 08:16:10,CUST_01780,non_profit,in_app,login_auth,security_concern,low,resolved,gold,I noticed a suspicious login on my account.,We take security very seriously. We will look into this and get back to you within the next 48 hours.,"Investigated logs, mitigated the issue, and updated security settings.",42.91,0,neutral,4,0,desktop_app,
TCKT_024085,2023-04-10 02:15:51,CUST_07189,individual,phone_transcript,mobile_app,other,medium,resolved,gold,I have a general question about my account.,Thanks for contacting support. Our team is reviewing this and will follow up within 24 hours.,Provided general guidance and confirmed the issue was resolved.,26.21,0,neutral,4,1,ios,MEA
TCKT_024143,2023-04-06 13:34:02,CUST_04136,small_business,web_form,mobile_app,account_access,medium,resolved,standard,I cannot log in; the system says my password is incorrect.,Sorry to hear you're having trouble accessing your account. Our team is reviewing this and will follow up within 24 hours.,Reset account credentials and confirmed successful login.,33.92,0,negative,0,0,ios,LATAM
TCKT_024201,2023-04-08 12:25:13,CUST_01424,small_business,phone_transcript,api_integration,feature_request,low,in_progress,standard,It would be great to have api integration support in your product.,Thanks for your feature suggestion. We will look into this and get back to you within the next 48 hours.,,,0,neutral,0,0,api_client,APAC
TCKT_024232,2023-04-02 22:04:36,CUST_09257,enterprise,web_form,api_integration,billing_problem,low,closed_no_action,standard,I was charged twice for my subscription this month.,Thanks for reaching out about the billing issue. We will look into this and get back to you within the next 48 hours.,Ticket closed without further action after no response from the customer.,148.62,0,neutral,4,0,web,LATAM
TCKT_024394,2023-04-12 12:19:09,CUST_08458,small_business,email,data_export,billing_problem,medium,open,gold,My invoice amount is incorrect compared to the plan I selected.,Thanks for reaching out about the billing issue. Our team is reviewing this and will follow up within 24 hours.,,,0,neutral,3,0,desktop_app,MEA
TCKT_024397,2023-04-12 21:44:43,CUST_03779,small_business,chat,analytics_dashboard,billing_problem,medium,on_hold,standard,I was charged twice for my subscription this month.,Thanks for reaching out about the billing issue. Our team is reviewing this and will follow up within 24 hours.,,,0,very_negative,0,0,ios,
TCKT_024432,2023-04-30 07:36:36,CUST_00055,small_business,phone_transcript,api_integration,bug,low,resolved,gold,The api integration feature is not saving my changes.,Thanks for reporting this bug. We will look into this and get back to you within the next 48 hours.,Patched the bug and deployed a fix to production.,64.51,0,positive,0,0,api_client,LATAM
TCKT_024539,2023-04-29 13:10:44,CUST_06577,individual,phone_transcript,billing,how_to,medium,closed_no_action,gold,Can you explain how to configure billing properly?,Happy to help with your question. Our team is reviewing this and will follow up within 24 hours.,Ticket closed without further action after no response from the customer.,51.0,0,negative,0,0,api_client,MEA
TCKT_024621,2023-04-24 03:28:24,CUST_04370,individual,email,login_auth,other,medium,open,gold,"Something seems off, can you please check my workspace?",Thanks for contacting support. Our team is reviewing this and will follow up within 24 hours.,,,0,neutral,0,0,desktop_app,LATAM
TCKT_024624,2023-04-27 19:09:35,CUST_04239,enterprise,web_form,login_auth,performance,high,in_progress,platinum,Queries in the login auth module are timing out.,We understand performance issues can be frustrating. We are prioritizing this and will update you as soon as possible.,,,0,neutral,4,1,web,MEA
TCKT_024625,2023-04-16 08:21:23,CUST_04663,enterprise,email,data_export,other,high,resolved,platinum,"Something seems off, can you please check my workspace?",Thanks for contacting support. We are prioritizing this and will update you as soon as possible.,Provided general guidance and confirmed the issue was resolved.,19.49,0,very_negative,0,0,android,LATAM
TCKT_024634,2023-04-26 19:14:01,CUST_06852,enterprise,email,analytics_dashboard,bug,high,on_hold,platinum,I am seeing an error message when I click on analytics dashboard.,Thanks for reporting this bug. We are prioritizing this and will update you as soon as possible.,,,0,neutral,4,0,api_client,LATAM
TCKT_024687,2023-04-05 12:19:13,CUST_04333,enterprise,web_form,login_auth,billing_problem,low,on_hold,gold,My invoice amount is incorrect compared to the plan I selected.,Thanks for reaching out about the billing issue. We will look into this and get back to you within the next 48 hours.,,,0,very_positive,5,0,desktop_app,LATAM
TCKT_024727,2023-04-11 20:28:58,CUST_05939,small_business,chat,notifications,performance,low,resolved,platinum,Overall performance has degraded in the last few days.,We understand performance issues can be frustrating. We will look into this and get back to you within the next 48 hours.,Optimized queries and increased resource allocation.,12.44,0,positive,4,0,desktop_app,APAC
TCKT_024816,2023-04-19 04:03:57,CUST_01147,education,chat,data_export,security_concern,high,in_progress,platinum,There seems to be a vulnerability in the data export functionality.,We take security very seriously. We are prioritizing this and will update you as soon as possible.,,,0,very_negative,1,0,api_client,APAC
TCKT_024865,2023-04-24 14:21:06,CUST_07911,education,phone_transcript,api_integration,bug,low,open,standard,I am seeing an error message when I click on api integration.,Thanks for reporting this bug. We will look into this and get back to you within the next 48 hours.,,,0,neutral,0,0,android,LATAM
TCKT_024893,2023-04-19 22:32:05,CUST_04987,small_business,email,billing,other,urgent,resolved,gold,I have a general question about my account.,Thanks for contacting support. This has been escalated to our on-call team for immediate attention.,Provided general guidance and confirmed the issue was resolved.,4.7,1,negative,2,1,api_client,
TCKT_025033,2023-04-10 05:47:50,CUST_09820,small_business,web_form,data_export,security_concern,medium,resolved,standard,I noticed a suspicious login on my account.,We take security very seriously. Our team is reviewing this and will follow up within 24 hours.,"Investigated logs, mitigated the issue, and updated security settings.",4.8,0,negative,3,0,api_client,
TCKT_025126,2023-04-02 03:43:15,CUST_08604,enterprise,email,billing,security_concern,high,resolved,gold,There seems to be a vulnerability in the billing functionality.,We take security very seriously. We are prioritizing this and will update you as soon as possible.,"Investigated logs, mitigated the issue, and updated security settings.",8.88,0,very_positive,5,0,desktop_app,EU
TCKT_025127,2023-04-28 01:03:45,CUST_09090,non_profit,in_app,mobile_app,performance,medium,in_progress,standard,The mobile app page is very slow and takes a long time to load.,We understand performance issues can be frustrating. Our team is reviewing this and will follow up within 24 hours.,,,0,very_positive,0,1,android,MEA
TCKT_025152,2023-04-02 10:36:10,CUST_01481,small_business,phone_transcript,mobile_app,security_concern,low,closed_no_action,standard,I noticed a suspicious login on my account.,We take security very seriously. We will look into this and get back to you within the next 48 hours.,Ticket closed without further action after no response from the customer.,84.5,0,very_negative,0,0,desktop_app,MEA
TCKT_025157,2023-04-22 08:43:33,CUST_07542,small_business,chat,billing,feature_request,low,resolved,standard,Our team needs more advanced options for billing.,Thanks for your feature suggestion. We will look into this and get back to you within the next 48 hours.,Captured the request and added it to the product backlog.,58.65,0,negative,0,0,desktop_app,
TCKT_025179,2023-04-04 03:38:16,CUST_09529,education,email,notifications,account_access,high,resolved,standard,My account was locked after multiple failed login attempts.,Sorry to hear you're having trouble accessing your account. We are prioritizing this and will update you as soon as possible.,Reset account credentials and confirmed successful login.,15.47,0,very_negative,1,1,android,EU
TCKT_025263,2023-04-19 15:02:27,CUST_04540,enterprise,web_form,data_export,bug,low,resolved,standard,The data export feature is not saving my changes.,Thanks for reporting this bug. We will look into this and get back to you within the next 48 hours.,Patched the bug and deployed a fix to production.,37.68,0,negative,2,1,api_client,MEA
TCKT_025326,2023-04-19 22:32:50,CUST_06187,individual,chat,api_integration,other,medium,resolved,standard,I have a general question about my account.,Thanks for contacting support. Our team is reviewing this and will follow up within 24 hours.,Provided general guidance and confirmed the issue was resolved.,34.68,0,neutral,3,0,desktop_app,MEA
TCKT_025357,2023-04-08 12:27:29,CUST_09564,small_business,in_app,billing,how_to,low,resolved,gold,Can you explain how to configure billing properly?,Happy to help with your question. We will look into this and get back to you within the next 48 hours.,Provided step-by-step instructions and relevant documentation.,8.38,0,very_positive,5,0,ios,EU
TCKT_025380,2023-04-13 13:25:38,CUST_09176,non_profit,web_form,mobile_app,billing_problem,high,open,standard,My invoice amount is incorrect compared to the plan I selected.,Thanks for reaching out about the billing issue. We are prioritizing this and will update you as soon as possible.,,,0,very_negative,1,0,api_client,
TCKT_025420,2023-04-03 14:58:55,CUST_06303,non_profit,web_form,login_auth,feature_request,medium,on_hold,standard,It would be great to have login auth support in your product.,Thanks for your feature suggestion. Our team is reviewing this and will follow up within 24 hours.,,,0,very_positive,5,1,ios,MEA
TCKT_025520,2023-04-26 17:55:17,CUST_05193,individual,in_app,notifications,account_access,high,in_progress,standard,I cannot log in; the system says my password is incorrect.,Sorry to hear you're having trouble accessing your account. We are prioritizing this and will update you as soon as possible.,,,0,neutral,4,0,api_client,MEA
TCKT_025589,2023-04-07 06:09:28,CUST_03544,education,email,mobile_app,performance,medium,resolved,standard,The mobile app page is very slow and takes a long time to load.,We understand performance issues can be frustrating. Our team is reviewing this and will follow up within 24 hours.,Optimized queries and increased resource allocation.,5.84,0,negative,0,0,api_client,
TCKT_025665,2023-04-13 05:36:43,CUST_07320,individual,chat,notifications,performance,low,resolved,standard,The notifications page is very slow and takes a long time to load.,We understand performance issues can be frustrating. We will look into this and get back to you within the next 48 hours.,Optimized queries and increased resource allocation.,70.67,0,positive,0,0,android,LATAM
TCKT_025683,2023-04-29 10:09:42,CUST_07593,non_profit,web_form,data_export,billing_problem,urgent,resolved,gold,I downgraded my plan but I am still being billed for the higher tier.,Thanks for reaching out about the billing issue. This has been escalated to our on-call team for immediate attention.,Adjusted the invoice and issued a refund where applicable.,1.44,0,negative,0,1,web,LATAM
TCKT_025714,2023-04-05 11:11:43,CUST_07925,individual,email,data_export,other,high,resolved,standard,I have a general question about my account.,Thanks for contacting support. We are prioritizing this and will update you as soon as possible.,Provided general guidance and confirmed the issue was resolved.,13.58,1,negative,0,0,android,EU
TCKT_025810,2023-04-13 23:23:20,CUST_02290,individual,email,analytics_dashboard,how_to,medium,open,gold,I need help setting up analytics dashboard for my team.,Happy to help with your question. Our team is reviewing this and will follow up within 24 hours.,,,0,positive,4,0,android,LATAM
TCKT_025872,2023-04-16 15:44:02,CUST_08954,enterprise,phone_transcript,notifications,how_to,medium,closed_no_action,standard,I need help setting up notifications for my team.,Happy to help with your question. Our team is reviewing this and will follow up within 24 hours.,Ticket closed without further action after no response from the customer.,110.93,0,positive,4,0,desktop_app,APAC
TCKT_025907,2023-04-23 17:41:32,CUST_09577,education,email,notifications,performance,low,closed_no_action,standard,Overall performance has degraded in the last few days.,We understand performance issues can be frustrating. We will look into this and get back to you within the next 48 hours.,Ticket closed without further action after no response from the customer.,92.09,0,neutral,0,0,desktop_app,
TCKT_025943,2023-04-13 12:28:26,CUST_04843,non_profit,email,login_auth,performance,medium,open,platinum,Queries in the login auth module are timing out.,We understand performance issues can be frustrating. Our team is reviewing this and will follow up within 24 hours.,,,0,neutral,3,0,desktop_app,
TCKT_026027,2023-04-15 08:37:35,CUST_09525,non_profit,in_app,notifications,security_concern,low,resolved,standard,There seems to be a vulnerability in the notifications functionality.,We take security very seriously. We will look into this and get back to you within the next 48 hours.,"Investigated logs, mitigated the issue, and updated security settings.",40.5,0,very_negative,1,0,desktop_app,APAC
TCKT_026047,2023-04-21 03:03:57,CUST_01739,small_business,phone_transcript,login_auth,performance,medium,resolved,standard,Overall performance has degraded in the last few days.,We understand performance issues can be frustrating. Our team is reviewing this and will follow up within 24 hours.,Optimized queries and increased resource allocation.,38.28,0,neutral,0,1,android,MEA
TCKT_026050,2023-04-06 08:55:15,CUST_05819,individual,web_form,billing,feature_request,low,resolved,standard,It would be great to have billing support in your product.,Thanks for your feature suggestion. We will look into this and get back to you within the next 48 hours.,Captured the request and added it to the product backlog.,47.3,0,positive,4,0,web,APAC
TCKT_026092,2023-04-13 01:18:16,CUST_04559,small_business,in_app,data_export,account_access,low,open,platinum,My account was locked after multiple failed login attempts.,Sorry to hear you're having trouble accessing your account. We will look into this and get back to you within the next 48 hours.,,,0,neutral,4,0,ios,EU
TCKT_026100,2023-04-02 09:30:56,CUST_06272,individual,web_form,billing,performance,medium,resolved,standard,Overall performance has degraded in the last few days.,We understand performance issues can be frustrating. Our team is reviewing this and will follow up within 24 hours.,Optimized queries and increased resource allocation.,20.72,1,very_negative,1,0,web,EU
TCKT_026209,2023-04-27 22:51:33,CUST_03685,non_profit,web_form,billing,bug,high,in_progress,gold,The page keeps crashing whenever I try to open the billing section.,Thanks for reporting this bug. We are prioritizing this and will update you as soon as possible.,,,0,very_positive,5,1,web,EU
TCKT_026288,2023-04-30 20:05:28,CUST_09534,non_profit,in_app,mobile_app,performance,medium,open,standard,The mobile app page is very slow and takes a long time to load.,We understand performance issues can be frustrating. Our team is reviewing this and will follow up within 24 hours.,,,0,negative,3,0,desktop_app,EU
TCKT_026350,2023-04-14 17:24:05,CUST_09273,non_profit,in_app,data_export,performance,medium,resolved,standard,Overall performance has degraded in the last few days.,We understand performance issues can be frustrating. Our team is reviewing this and will follow up within 24 hours.,Optimized queries and increased resource allocation.,34.87,0,neutral,3,0,ios,APAC
TCKT_026466,2023-04-18 22:36:24,CUST_04786,enterprise,in_app,login_auth,bug,low,on_hold,standard,The login auth feature is not saving my changes.,Thanks for reporting this bug. We will look into this and get back to you within the next 48 hours.,,,0,positive,5,0,api_client,EU
TCKT_026471,2023-04-19 09:26:16,CUST_04062,education,phone_transcript,analytics_dashboard,how_to,medium,on_hold,standard,I need help setting up analytics dashboard for my team.,Happy to help with your question. Our team is reviewing this and will follow up within 24 hours.,,,0,neutral,3,0,api_client,EU
TCKT_026488,2023-04-30 08:17:01,CUST_00122,individual,phone_transcript,billing,other,medium,open,standard,I have a general question about my account.,Thanks for contacting support. Our team is reviewing this and will follow up within 24 hours.,,,0,neutral,4,0,android,LATAM
TCKT_026537,2023-04-27 19:20:45,CUST_01227,non_profit,in_app,login_auth,other,high,in_progress,standard,I need help but I'm not sure which category this fits in.,Thanks for contacting support. We are prioritizing this and will update you as soon as possible.,,,0,neutral,0,0,ios,EU
TCKT_026604,2023-04-02 06:29:51,CUST_06974,small_business,phone_transcript,login_auth,feature_request,medium,resolved,gold,Can you add an option to customize login auth?,Thanks for your feature suggestion. Our team is reviewing this and will follow up within 24 hours.,Captured the request and added it to the product backlog.,17.18,0,positive,4,1,web,LATAM
TCKT_026617,2023-04-19 07:09:15,CUST_03916,non_profit,phone_transcript,mobile_app,feature_request,medium,closed_no_action,gold,It would be great to have mobile app support in your product.,Thanks for your feature suggestion. Our team is reviewing this and will follow up within 24 hours.,Ticket closed without further action after no response from the customer.,81.79,0,neutral,3,0,desktop_app,LATAM
TCKT_026657,2023-04-29 01:42:06,CUST_07830,education,in_app,billing,how_to,low,resolved,standard,How can I export my data from the billing section?,Happy to help with your question. We will look into this and get back to you within the next 48 hours.,Provided step-by-step instructions and relevant documentation.,33.13,0,positive,5,0,android,LATAM
TCKT_026681,2023-04-17 00:55:32,CUST_02274,education,in_app,data_export,performance,medium,resolved,gold,Overall performance has degraded in the last few days.,We understand performance issues can be frustrating. Our team is reviewing this and will follow up within 24 hours.,Optimized queries and increased resource allocation.,37.58,0,neutral,0,0,ios,EU
TCKT_026775,2023-04-14 18:13:42,CUST_05622,small_business,phone_transcript,notifications,other,medium,closed_no_action,standard,"Something seems off, can you please check my workspace?",Thanks for contacting support. Our team is reviewing this and will follow up within 24 hours.,Ticket closed without further action after no response from the customer.,129.61,1,very_negative,1,0,desktop_app,EU
TCKT_026796,2023-04-03 18:19:35,CUST_08074,enterprise,web_form,analytics_dashboard,billing_problem,high,resolved,standard,My invoice amount is incorrect compared to the plan I selected.,Thanks for reaching out about the billing issue. We are prioritizing this and will update you as soon as possible.,Adjusted the invoice and issued a refund where applicable.,13.77,0,neutral,4,0,web,LATAM
TCKT_026854,2023-04-27 14:22:46,CUST_09578,non_profit,in_app,analytics_dashboard,how_to,high,resolved,standard,I need help setting up analytics dashboard for my team.,Happy to help with your question. We are prioritizing this and will update you as soon as possible.,Provided step-by-step instructions and relevant documentation.,21.52,0,neutral,0,1,ios,
TCKT_026857,2023-04-14 13:34:31,CUST_07492,individual,phone_transcript,analytics_dashboard,performance,medium,on_hold,platinum,The analytics dashboard page is very slow and takes a long time to load.,We understand performance issues can be frustrating. Our team is reviewing this and will follow up within 24 hours.,,,0,very_negative,2,0,api_client,MEA
TCKT_026887,2023-04-17 18:56:16,CUST_05132,education,web_form,api_integration,how_to,high,resolved,standard,How can I export my data from the api integration section?,Happy to help with your question. We are prioritizing this and will update you as soon as possible.,Provided step-by-step instructions and relevant documentation.,9.77,0,positive,4,0,desktop_app,APAC
TCKT_027003,2023-04-16 22:04:59,CUST_06639,small_business,chat,mobile_app,feature_request,low,resolved,standard,It would be great to have mobile app support in your product.,Thanks for your feature suggestion. We will look into this and get back to you within the next 48 hours.,Captured the request and added it to the product backlog.,58.22,0,positive,4,0,web,MEA
TCKT_027176,2023-04-03 03:35:34,CUST_03543,education,in_app,notifications,security_concern,high,in_progress,standard,I noticed a suspicious login on my account.,We take security very seriously. We are prioritizing this and will update you as soon as possible.,,,0,very_negative,2,0,api_client,APAC
TCKT_027224,2023-04-20 02:33:01,CUST_08580,enterprise,email,notifications,account_access,high,resolved,gold,My account was locked after multiple failed login attempts.,Sorry to hear you're having trouble accessing your account. We are prioritizing this and will update you as soon as possible.,Reset account credentials and confirmed successful login.,7.33,0,negative,3,1,desktop_app,
TCKT_027226,2023-04-17 02:50:45,CUST_02651,non_profit,web_form,api_integration,bug,medium,resolved,standard,The api integration feature is not saving my changes.,Thanks for reporting this bug. Our team is reviewing this and will follow up within 24 hours.,Patched the bug and deployed a fix to production.,15.24,0,very_positive,5,1,android,MEA
TCKT_027308,2023-04-27 13:53:38,CUST_02416,education,web_form,mobile_app,account_access,low,in_progress,standard,My account was locked after multiple failed login attempts.,Sorry to hear you're having trouble accessing your account. We will look into this and get back to you within the next 48 hours.,,,0,neutral,4,1,ios,MEA
TCKT_027318,2023-04-28 10:39:01,CUST_09684,small_business,email,analytics_dashboard,performance,high,in_progress,standard,Queries in the analytics dashboard module are timing out.,We understand performance issues can be frustrating. We are prioritizing this and will update you as soon as possible.,,,0,negative,2,0,ios,EU
TCKT_027380,2023-04-27 15:10:55,CUST_01411,non_profit,chat,billing,performance,medium,resolved,standard,Overall performance has degraded in the last few days.,We understand performance issues can be frustrating. Our team is reviewing this and will follow up within 24 hours.,Optimized queries and increased resource allocation.,23.17,0,neutral,0,1,ios,LATAM
TCKT_027428,2023-04-07 17:49:36,CUST_07330,enterprise,web_form,data_export,bug,low,closed_no_action,gold,The data export feature is not saving my changes.,Thanks for reporting this bug. We will look into this and get back to you within the next 48 hours.,Ticket closed without further action after no response from the customer.,160.6,0,very_negative,2,0,api_client,EU
TCKT_027498,2023-04-04 00:15:29,CUST_06875,non_profit,phone_transcript,login_auth,performance,medium,resolved,standard,Overall performance has degraded in the last few days.,We understand performance issues can be frustrating. Our team is reviewing this and will follow up within 24 hours.,Optimized queries and increased resource allocation.,21.53,0,negative,2,1,desktop_app,EU
TCKT_027504,2023-04-02 14:21:49,CUST_07672,education,email,notifications,how_to,low,resolved,platinum,How can I export my data from the notifications section?,Happy to help with your question. We will look into this and get back to you within the next 48 hours.,Provided step-by-step instructions and relevant documentation.,33.34,0,positive,5,0,web,
TCKT_027652,2023-04-02 14:48:37,CUST_03774,individual,chat,mobile_app,how_to,medium,in_progress,standard,I need help setting up mobile app for my team.,Happy to help with your question. Our team is reviewing this and will follow up within 24 hours.,,,0,positive,4,0,android,EU
TCKT_027655,2023-04-14 02:27:38,CUST_04154,enterprise,chat,api_integration,account_access,medium,resolved,standard,My 2FA code is not working when I try to sign in.,Sorry to hear you're having trouble accessing your account. Our team is reviewing this and will follow up within 24 hours.,Reset account credentials and confirmed successful login.,26.5,0,very_positive,5,0,desktop_app,LATAM
TCKT_027701,2023-04-27 01:00:25,CUST_03188,non_profit,in_app,notifications,feature_request,low,resolved,standard,It would be great to have notifications support in your product.,Thanks for your feature suggestion. We will look into this and get back to you within the next 48 hours.,Captured the request and added it to the product backlog.,50.27,0,positive,5,0,api_client,
TCKT_027718,2023-04-21 04:57:43,CUST_04838,enterprise,in_app,login_auth,bug,high,on_hold,standard,The page keeps crashing whenever I try to open the login auth section.,Thanks for reporting this bug. We are prioritizing this and will update you as soon as possible.,,,0,very_negative,0,1,desktop_app,EU
TCKT_027740,2023-04-03 18:20:27,CUST_00972,individual,chat,notifications,other,medium,resolved,standard,"Something seems off, can you please check my workspace?",Thanks for contacting support. Our team is reviewing this and will follow up within 24 hours.,Provided general guidance and confirmed the issue was resolved.,47.95,0,negative,2,1,ios,EU
TCKT_027744,2023-04-28 14:00:25,CUST_03331,enterprise,phone_transcript,api_integration,feature_request,medium,closed_no_action,standard,Can you add an option to customize api integration?,Thanks for your feature suggestion. Our team is reviewing this and will follow up within 24 hours.,Ticket closed without further action after no response from the customer.,218.35,0,very_negative,2,0,api_client,MEA
TCKT_027762,2023-04-07 19:24:15,CUST_02964,small_business,web_form,api_integration,other,low,resolved,platinum,"Something seems off, can you please check my workspace?",Thanks for contacting support. We will look into this and get back to you within the next 48 hours.,Provided general guidance and confirmed the issue was resolved.,55.27,0,positive,4,0,ios,
TCKT_027769,2023-04-23 19:24:43,CUST_02807,non_profit,web_form,notifications,security_concern,low,on_hold,gold,We need details about your data encryption and compliance.,We take security very seriously. We will look into this and get back to you within the next 48 hours.,,,0,very_negative,2,0,desktop_app,LATAM
TCKT_027787,2023-04-17 05:39:55,CUST_01371,non_profit,phone_transcript,billing,performance,high,on_hold,standard,Overall performance has degraded in the last few days.,We understand performance issues can be frustrating. We are prioritizing this and will update you as soon as possible.,,,1,negative,2,0,desktop_app,APAC
TCKT_027923,2023-04-28 09:48:32,CUST_05335,non_profit,in_app,api_integration,how_to,low,on_hold,gold,Can you explain how to configure api integration properly?,Happy to help with your question. We will look into this and get back to you within the next 48 hours.,,,0,neutral,3,0,android,MEA
TCKT_027958,2023-04-20 11:01:15,CUST_01917,enterprise,email,notifications,account_access,low,resolved,standard,I cannot log in; the system says my password is incorrect.,Sorry to hear you're having trouble accessing your account. We will look into this and get back to you within the next 48 hours.,Reset account credentials and confirmed successful login.,14.6,0,neutral,0,1,web,
TCKT_027983,2023-04-12 04:18:44,CUST_02566,education,email,data_export,security_concern,medium,resolved,standard,I noticed a suspicious login on my account.,We take security very seriously. Our team is reviewing this and will follow up within 24 hours.,"Investigated logs, mitigated the issue, and updated security settings.",35.97,0,very_negative,2,1,api_client,MEA
TCKT_028035,2023-04-03 08:14:55,CUST_04224,small_business,chat,login_auth,performance,low,closed_no_action,gold,Overall performance has degraded in the last few days.,We understand performance issues can be frustrating. We will look into this and get back to you within the next 48 hours.,Ticket closed without further action after no response from the customer.,100.11,0,negative,2,0,web,MEA
TCKT_028083,2023-04-02 07:07:25,CUST_01698,non_profit,web_form,billing,bug,low,resolved,gold,I am seeing an error message when I click on billing.,Thanks for reporting this bug. We will look into this and get back to you within the next 48 hours.,Patched the bug and deployed a fix to production.,68.13,0,negative,0,0,ios,
TCKT_028198,2023-04-17 06:41:13,CUST_00111,small_business,web_form,login_auth,feature_request,high,on_hold,standard,It would be great to have login auth support in your product.,Thanks for your feature suggestion. We are prioritizing this and will update you as soon as possible.,,,0,neutral,4,0,desktop_app,
TCKT_028228,2023-04-21 05:07:16,CUST_04225,enterprise,chat,notifications,billing_problem,low,resolved,standard,I downgraded my plan but I am still being billed for the higher tier.,Thanks for reaching out about the billing issue. We will look into this and get back to you within the next 48 hours.,Adjusted the invoice and issued a refund where applicable.,63.56,0,negative,3,1,desktop_app,MEA
TCKT_028327,2023-04-16 12:00:03,CUST_04353,small_business,in_app,mobile_app,feature_request,medium,resolved,standard,It would be great to have mobile app support in your product.,Thanks for your feature suggestion. Our team is reviewing this and will follow up within 24 hours.,Captured the request and added it to the product backlog.,37.94,0,positive,4,1,web,
TCKT_028418,2023-04-27 03:36:11,CUST_04643,individual,web_form,billing,security_concern,low,resolved,standard,We need details about your data encryption and compliance.,We take security very seriously. We will look into this and get back to you within the next 48 hours.,"Investigated logs, mitigated the issue, and updated security settings.",67.92,0,negative,3,0,desktop_app,APAC
TCKT_028523,2023-04-26 15:10:34,CUST_04390,education,in_app,mobile_app,other,medium,resolved,gold,"Something seems off, can you please check my workspace?",Thanks for contacting support. Our team is reviewing this and will follow up within 24 hours.,Provided general guidance and confirmed the issue was resolved.,31.98,0,positive,5,0,web,
TCKT_028541,2023-04-19 13:46:33,CUST_08209,individual,phone_transcript,notifications,how_to,high,resolved,gold,How can I export my data from the notifications section?,Happy to help with your question. We are prioritizing this and will update you as soon as possible.,Provided step-by-step instructions and relevant documentation.,5.15,0,neutral,3,0,web,LATAM
TCKT_028644,2023-04-27 11:32:20,CUST_06024,enterprise,email,billing,how_to,low,resolved,standard,I need help setting up billing for my team.,Happy to help with your question. We will look into this and get back to you within the next 48 hours.,Provided step-by-step instructions and relevant documentation.,12.19,0,positive,4,0,desktop_app,APAC
TCKT_028673,2023-04-30 23:32:47,CUST_09963,individual,web_form,analytics_dashboard,how_to,high,open,gold,Can you explain how to configure analytics dashboard properly?,Happy to help with your question. We are prioritizing this and will update you as soon as possible.,,,0,very_positive,5,1,ios,MEA
TCKT_028712,2023-04-21 23:07:23,CUST_03371,non_profit,email,api_integration,billing_problem,low,open,platinum,I downgraded my plan but I am still being billed for the higher tier.,Thanks for reaching out about the billing issue. We will look into this and get back to you within the next 48 hours.,,,0,neutral,3,0,android,MEA
TCKT_028722,2023-04-24 23:03:36,CUST_03226,individual,web_form,billing,bug,low,resolved,standard,The billing feature is not saving my changes.,Thanks for reporting this bug. We will look into this and get back to you within the next 48 hours.,Patched the bug and deployed a fix to production.,13.23,0,neutral,0,0,api_client,APAC
TCKT_028728,2023-04-08 14:25:47,CUST_05354,education,web_form,billing,performance,low,closed_no_action,gold,The billing page is very slow and takes a long time to load.,We understand performance issues can be frustrating. We will look into this and get back to you within the next 48 hours.,Ticket closed without further action after no response from the customer.,69.46,0,neutral,3,1,desktop_app,EU
TCKT_028760,2023-04-20 02:19:44,CUST_07540,small_business,email,mobile_app,bug,low,resolved,gold,I am seeing an error message when I click on mobile app.,Thanks for reporting this bug. We will look into this and get back to you within the next 48 hours.,Patched the bug and deployed a fix to production.,64.88,0,neutral,0,0,api_client,MEA
TCKT_028870,2023-04-11 13:19:06,CUST_06175,enterprise,email,billing,bug,high,on_hold,platinum,I am seeing an error message when I click on billing.,Thanks for reporting this bug. We are prioritizing this and will update you as soon as possible.,,,0,negative,0,1,web,LATAM
TCKT_028880,2023-04-07 22:30:01,CUST_03965,individual,email,data_export,other,low,resolved,standard,"Something seems off, can you please check my workspace?",Thanks for contacting support. We will look into this and get back to you within the next 48 hours.,Provided general guidance and confirmed the issue was resolved.,58.18,0,neutral,0,0,desktop_app,
TCKT_028886,2023-04-05 02:52:12,CUST_02956,individual,email,login_auth,billing_problem,low,in_progress,gold,My invoice amount is incorrect compared to the plan I selected.,Thanks for reaching out about the billing issue. We will look into this and get back to you within the next 48 hours.,,,0,very_negative,1,0,desktop_app,APAC
TCKT_028912,2023-04-25 01:37:37,CUST_00445,education,in_app,analytics_dashboard,billing_problem,low,resolved,standard,I was charged twice for my subscription this month.,Thanks for reaching out about the billing issue. We will look into this and get back to you within the next 48 hours.,Adjusted the invoice and issued a refund where applicable.,55.99,0,very_negative,2,1,ios,LATAM
TCKT_028966,2023-04-26 09:49:35,CUST_05551,individual,web_form,api_integration,account_access,low,resolved,gold,I cannot log in; the system says my password is incorrect.,Sorry to hear you're having trouble accessing your account. We will look into this and get back to you within the next 48 hours.,Reset account credentials and confirmed successful login.,9.12,0,negative,2,0,api_client,APAC
TCKT_028968,2023-04-15 07:59:40,CUST_08216,individual,in_app,billing,feature_request,medium,in_progress,standard,Our team needs more advanced options for billing.,Thanks for your feature suggestion. Our team is reviewing this and will follow up within 24 hours.,,,0,very_positive,5,0,web,MEA
TCKT_029061,2023-04-12 03:19:04,CUST_09029,individual,phone_transcript,mobile_app,how_to,medium,resolved,standard,Can you explain how to configure mobile app properly?,Happy to help with your question. Our team is reviewing this and will follow up within 24 hours.,Provided step-by-step instructions and relevant documentation.,7.95,0,neutral,0,0,web,MEA
TCKT_029077,2023-04-25 18:46:29,CUST_05184,small_business,chat,api_integration,feature_request,low,resolved,standard,It would be great to have api integration support in your product.,Thanks for your feature suggestion. We will look into this and get back to you within the next 48 hours.,Captured the request and added it to the product backlog.,67.07,0,positive,4,0,desktop_app,EU
TCKT_029182,2023-04-05 21:14:39,CUST_01650,non_profit,chat,mobile_app,how_to,low,resolved,platinum,Can you explain how to configure mobile app properly?,Happy to help with your question. We will look into this and get back to you within the next 48 hours.,Provided step-by-step instructions and relevant documentation.,61.06,0,positive,0,0,desktop_app,
TCKT_029240,2023-04-21 13:26:27,CUST_02785,enterprise,chat,notifications,feature_request,high,resolved,standard,Can you add an option to customize notifications?,Thanks for your feature suggestion. We are prioritizing this and will update you as soon as possible.,Captured the request and added it to the product backlog.,16.01,0,positive,5,0,ios,
TCKT_029299,2023-04-27 21:27:48,CUST_07312,individual,in_app,mobile_app,security_concern,medium,resolved,gold,We need details about your data encryption and compliance.,We take security very seriously. Our team is reviewing this and will follow up within 24 hours.,"Investigated logs, mitigated the issue, and updated security settings.",11.01,0,very_negative,1,1,web,APAC
TCKT_029323,2023-04-25 18:49:55,CUST_07694,individual,email,mobile_app,how_to,high,resolved,platinum,I need help setting up mobile app for my team.,Happy to help with your question. We are prioritizing this and will update you as soon as possible.,Provided step-by-step instructions and relevant documentation.,6.97,0,neutral,4,1,api_client,LATAM
TCKT_029334,2023-04-30 17:43:13,CUST_00821,individual,chat,notifications,how_to,high,open,gold,How can I export my data from the notifications section?,Happy to help with your question. We are prioritizing this and will update you as soon as possible.,,,0,positive,5,0,api_client,LATAM
TCKT_029355,2023-04-01 07:18:07,CUST_04401,individual,email,data_export,billing_problem,medium,resolved,standard,My invoice amount is incorrect compared to the plan I selected.,Thanks for reaching out about the billing issue. Our team is reviewing this and will follow up within 24 hours.,Adjusted the invoice and issued a refund where applicable.,37.89,1,very_negative,0,0,web,EU
TCKT_029435,2023-04-07 14:20:39,CUST_07887,non_profit,phone_transcript,billing,performance,medium,in_progress,standard,Queries in the billing module are timing out.,We understand performance issues can be frustrating. Our team is reviewing this and will follow up within 24 hours.,,,0,positive,4,0,android,LATAM
TCKT_029581,2023-04-14 08:03:18,CUST_07958,individual,phone_transcript,billing,billing_problem,high,resolved,standard,My invoice amount is incorrect compared to the plan I selected.,Thanks for reaching out about the billing issue. We are prioritizing this and will update you as soon as possible.,Adjusted the invoice and issued a refund where applicable.,21.06,0,very_negative,1,1,api_client,
TCKT_029584,2023-04-09 06:36:53,CUST_06793,enterprise,email,notifications,security_concern,low,on_hold,platinum,I noticed a suspicious login on my account.,We take security very seriously. We will look into this and get back to you within the next 48 hours.,,,0,positive,0,0,ios,
TCKT_029619,2023-04-21 12:09:34,CUST_02762,non_profit,web_form,api_integration,billing_problem,low,in_progress,platinum,I downgraded my plan but I am still being billed for the higher tier.,Thanks for reaching out about the billing issue. We will look into this and get back to you within the next 48 hours.,,,0,very_negative,2,1,ios,APAC
TCKT_029656,2023-04-29 06:24:19,CUST_07235,small_business,web_form,billing,feature_request,medium,open,gold,Can you add an option to customize billing?,Thanks for your feature suggestion. Our team is reviewing this and will follow up within 24 hours.,,,0,neutral,4,0,ios,LATAM
TCKT_029698,2023-04-18 02:09:55,CUST_02898,non_profit,chat,notifications,performance,high,resolved,standard,Queries in the notifications module are timing out.,We understand performance issues can be frustrating. We are prioritizing this and will update you as soon as possible.,Optimized queries and increased resource allocation.,23.43,0,neutral,0,0,ios,MEA
TCKT_029754,2023-04-18 01:46:44,CUST_06633,education,phone_transcript,login_auth,bug,low,resolved,gold,I am seeing an error message when I click on login auth.,Thanks for reporting this bug. We will look into this and get back to you within the next 48 hours.,Patched the bug and deployed a fix to production.,33.31,0,positive,5,0,android,MEA
TCKT_029847,2023-04-19 04:43:27,CUST_05147,non_profit,in_app,api_integration,performance,urgent,resolved,standard,Overall performance has degraded in the last few days.,We understand performance issues can be frustrating. This has been escalated to our on-call team for immediate attention.,Optimized queries and increased resource allocation.,1.17,0,negative,0,0,api_client,MEA
TCKT_029895,2023-04-28 18:49:14,CUST_05332,enterprise,web_form,login_auth,bug,high,resolved,gold,The login auth feature is not saving my changes.,Thanks for reporting this bug. We are prioritizing this and will update you as soon as possible.,Patched the bug and deployed a fix to production.,14.91,0,positive,5,0,web,MEA
TCKT_030067,2023-04-23 11:42:05,CUST_02872,enterprise,web_form,api_integration,other,low,in_progress,platinum,I have a general question about my account.,Thanks for contacting support. We will look into this and get back to you within the next 48 hours.,,,0,very_positive,5,0,web,LATAM
TCKT_030076,2023-04-12 11:52:37,CUST_07204,individual,phone_transcript,api_integration,performance,medium,resolved,gold,Queries in the api integration module are timing out.,We understand performance issues can be frustrating. Our team is reviewing this and will follow up within 24 hours.,Optimized queries and increased resource allocation.,23.71,1,negative,0,0,web,
TCKT_030134,2023-04-06 08:43:56,CUST_03402,individual,in_app,analytics_dashboard,billing_problem,high,resolved,platinum,I was charged twice for my subscription this month.,Thanks for reaching out about the billing issue. We are prioritizing this and will update you as soon as possible.,Adjusted the invoice and issued a refund where applicable.,3.01,0,negative,3,1,android,MEA
TCKT_030186,2023-04-02 04:35:51,CUST_05475,non_profit,web_form,mobile_app,how_to,medium,resolved,standard,I need help setting up mobile app for my team.,Happy to help with your question. Our team is reviewing this and will follow up within 24 hours.,Provided step-by-step instructions and relevant documentation.,10.35,0,neutral,0,0,android,APAC
TCKT_030214,2023-04-05 03:27:16,CUST_00465,education,chat,analytics_dashboard,billing_problem,high,on_hold,gold,I downgraded my plan but I am still being billed for the higher tier.,Thanks for reaching out about the billing issue. We are prioritizing this and will update you as soon as possible.,,,0,very_negative,1,0,ios,
TCKT_030226,2023-04-02 23:51:40,CUST_02140,education,in_app,notifications,account_access,low,closed_no_action,platinum,I cannot log in; the system says my password is incorrect.,Sorry to hear you're having trouble accessing your account. We will look into this and get back to you within the next 48 hours.,Ticket closed without further action after no response from the customer.,232.39,0,positive,0,0,ios,LATAM
TCKT_030236,2023-04-28 10:50:25,CUST_04393,enterprise,phone_transcript,login_auth,how_to,medium,resolved,standard,I need help setting up login auth for my team.,Happy to help with your question. Our team is reviewing this and will follow up within 24 hours.,Provided step-by-step instructions and relevant documentation.,30.48,0,neutral,0,0,ios,EU
TCKT_030241,2023-04-14 17:22:17,CUST_02957,individual,in_app,data_export,account_access,medium,open,standard,My 2FA code is not working when I try to sign in.,Sorry to hear you're having trouble accessing your account. Our team is reviewing this and will follow up within 24 hours.,,,0,very_negative,1,0,ios,APAC
TCKT_030321,2023-04-13 01:30:51,CUST_03735,small_business,web_form,api_integration,performance,high,resolved,standard,The api integration page is very slow and takes a long time to load.,We understand performance issues can be frustrating. We are prioritizing this and will update you as soon as possible.,Optimized queries and increased resource allocation.,8.43,0,negative,0,0,web,LATAM
TCKT_030326,2023-04-24 10:10:54,CUST_02116,education,in_app,api_integration,account_access,medium,resolved,gold,I cannot log in; the system says my password is incorrect.,Sorry to hear you're having trouble accessing your account. Our team is reviewing this and will follow up within 24 hours.,Reset account credentials and confirmed successful login.,45.87,0,very_negative,0,0,android,MEA
TCKT_030338,2023-04-28 04:08:25,CUST_03849,enterprise,in_app,analytics_dashboard,other,low,closed_no_action,standard,"Something seems off, can you please check my workspace?",Thanks for contacting support. We will look into this and get back to you within the next 48 hours.,Ticket closed without further action after no response from the customer.,229.11,0,very_positive,0,0,api_client,LATAM
TCKT_030404,2023-04-29 14:44:31,CUST_01129,enterprise,web_form,analytics_dashboard,feature_request,low,in_progress,standard,Can you add an option to customize analytics dashboard?,Thanks for your feature suggestion. We will look into this and get back to you within the next 48 hours.,,,0,neutral,0,0,android,
TCKT_030413,2023-04-16 03:10:16,CUST_04241,enterprise,phone_transcript,login_auth,billing_problem,medium,resolved,standard,I was charged twice for my subscription this month.,Thanks for reaching out about the billing issue. Our team is reviewing this and will follow up within 24 hours.,Adjusted the invoice and issued a refund where applicable.,12.6,0,negative,3,0,ios,
TCKT_030462,2023-04-28 10:49:33,CUST_05058,education,chat,notifications,account_access,high,in_progress,standard,I cannot log in; the system says my password is incorrect.,Sorry to hear you're having trouble accessing your account. We are prioritizing this and will update you as soon as possible.,,,0,neutral,4,0,desktop_app,EU
TCKT_030487,2023-04-08 02:16:06,CUST_07418,non_profit,email,data_export,other,low,resolved,standard,"Something seems off, can you please check my workspace?",Thanks for contacting support. We will look into this and get back to you within the next 48 hours.,Provided general guidance and confirmed the issue was resolved.,31.53,0,neutral,4,0,desktop_app,
TCKT_030489,2023-04-04 17:48:47,CUST_04531,small_business,phone_transcript,notifications,performance,low,resolved,standard,Queries in the notifications module are timing out.,We understand performance issues can be frustrating. We will look into this and get back to you within the next 48 hours.,Optimized queries and increased resource allocation.,42.73,0,very_negative,1,1,api_client,LATAM
TCKT_030557,2023-04-14 13:19:37,CUST_02512,education,web_form,notifications,security_concern,low,resolved,gold,I noticed a suspicious login on my account.,We take security very seriously. We will look into this and get back to you within the next 48 hours.,"Investigated logs, mitigated the issue, and updated security settings.",23.18,0,neutral,4,0,api_client,LATAM
TCKT_030565,2023-04-25 04:57:46,CUST_04353,education,in_app,login_auth,feature_request,low,in_progress,gold,Our team needs more advanced options for login auth.,Thanks for your feature suggestion. We will look into this and get back to you within the next 48 hours.,,,0,neutral,0,0,api_client,EU
TCKT_030581,2023-04-22 09:33:49,CUST_00176,individual,phone_transcript,analytics_dashboard,other,medium,in_progress,standard,I have a general question about my account.,Thanks for contacting support. Our team is reviewing this and will follow up within 24 hours.,,,0,negative,2,1,ios,APAC
TCKT_030683,2023-04-30 10:20:42,CUST_05551,small_business,phone_transcript,mobile_app,how_to,medium,resolved,platinum,Can you explain how to configure mobile app properly?,Happy to help with your question. Our team is reviewing this and will follow up within 24 hours.,Provided step-by-step instructions and relevant documentation.,6.69,0,positive,5,1,web,
TCKT_030684,2023-04-16 16:02:10,CUST_03217,non_profit,phone_transcript,login_auth,other,medium,open,standard,I need help but I'm not sure which category this fits in.,Thanks for contacting support. Our team is reviewing this and will follow up within 24 hours.,,,0,negative,0,0,android,MEA
TCKT_030718,2023-04-18 08:17:28,CUST_02074,non_profit,chat,billing,security_concern,medium,on_hold,gold,I noticed a suspicious login on my account.,We take security very seriously. Our team is reviewing this and will follow up within 24 hours.,,,0,negative,2,0,web,
TCKT_030746,2023-04-07 10:22:53,CUST_09033,small_business,in_app,login_auth,feature_request,low,in_progress,gold,Our team needs more advanced options for login auth.,Thanks for your feature suggestion. We will look into this and get back to you within the next 48 hours.,,,0,neutral,3,1,api_client,MEA
TCKT_030818,2023-04-08 23:06:58,CUST_00983,individual,web_form,login_auth,billing_problem,medium,resolved,standard,I was charged twice for my subscription this month.,Thanks for reaching out about the billing issue. Our team is reviewing this and will follow up within 24 hours.,Adjusted the invoice and issued a refund where applicable.,39.75,0,negative,3,0,web,LATAM
TCKT_030848,2023-04-11 03:58:55,CUST_00210,small_business,chat,analytics_dashboard,other,low,in_progress,standard,I have a general question about my account.,Thanks for contacting support. We will look into this and get back to you within the next 48 hours.,,,0,negative,2,1,ios,
TCKT_030930,2023-04-27 16:28:54,CUST_07226,enterprise,in_app,analytics_dashboard,feature_request,low,open,standard,It would be great to have analytics dashboard support in your product.,Thanks for your feature suggestion. We will look into this and get back to you within the next 48 hours.,,,0,neutral,3,0,web,MEA
TCKT_030963,2023-04-17 15:59:18,CUST_01815,individual,phone_transcript,notifications,security_concern,high,resolved,standard,There seems to be a vulnerability in the notifications functionality.,We take security very seriously. We are prioritizing this and will update you as soon as possible.,"Investigated logs, mitigated the issue, and updated security settings.",10.81,0,neutral,0,1,desktop_app,
TCKT_030977,2023-04-07 23:56:03,CUST_07849,education,web_form,notifications,how_to,medium,resolved,platinum,How can I export my data from the notifications section?,Happy to help with your question. Our team is reviewing this and will follow up within 24 hours.,Provided step-by-step instructions and relevant documentation.,37.74,0,very_negative,2,0,desktop_app,EU
TCKT_031041,2023-04-05 22:34:55,CUST_08970,individual,phone_transcript,analytics_dashboard,bug,high,resolved,gold,The analytics dashboard feature is not saving my changes.,Thanks for reporting this bug. We are prioritizing this and will update you as soon as possible.,Patched the bug and deployed a fix to production.,14.09,0,neutral,0,0,web,
TCKT_031078,2023-04-17 23:32:43,CUST_05407,enterprise,phone_transcript,login_auth,other,urgent,resolved,standard,"Something seems off, can you please check my workspace?",Thanks for contacting support. This has been escalated to our on-call team for immediate attention.,Provided general guidance and confirmed the issue was resolved.,0.97,0,neutral,3,1,api_client,EU
TCKT_031095,2023-04-03 03:59:07,CUST_07474,small_business,web_form,notifications,feature_request,high,resolved,standard,It would be great to have notifications support in your product.,Thanks for your feature suggestion. We are prioritizing this and will update you as soon as possible.,Captured the request and added it to the product backlog.,16.86,1,negative,3,0,ios,EU
TCKT_031131,2023-04-20 13:19:04,CUST_01495,enterprise,in_app,api_integration,performance,low,in_progress,gold,Queries in the api integration module are timing out.,We understand performance issues can be frustrating. We will look into this and get back to you within the next 48 hours.,,,0,very_positive,5,0,android,MEA
TCKT_031141,2023-04-26 14:05:03,CUST_04357,enterprise,in_app,mobile_app,feature_request,medium,resolved,gold,It would be great to have mobile app support in your product.,Thanks for your feature suggestion. Our team is reviewing this and will follow up within 24 hours.,Captured the request and added it to the product backlog.,36.94,0,neutral,4,0,web,
TCKT_031159,2023-04-25 00:18:49,CUST_06270,education,in_app,billing,other,medium,resolved,standard,"Something seems off, can you please check my workspace?",Thanks for contacting support. Our team is reviewing this and will follow up within 24 hours.,Provided general guidance and confirmed the issue was resolved.,38.4,0,very_negative,2,0,web,APAC
TCKT_031174,2023-04-21 12:42:20,CUST_08898,non_profit,chat,billing,other,low,on_hold,gold,I need help but I'm not sure which category this fits in.,Thanks for contacting support. We will look into this and get back to you within the next 48 hours.,,,0,negative,2,1,web,LATAM
TCKT_031264,2023-04-02 07:27:00,CUST_05596,education,email,api_integration,feature_request,low,in_progress,gold,It would be great to have api integration support in your product.,Thanks for your feature suggestion. We will look into this and get back to you within the next 48 hours.,,,1,neutral,0,0,ios,MEA
TCKT_031338,2023-04-06 01:11:55,CUST_08601,education,phone_transcript,analytics_dashboard,performance,low,resolved,standard,Overall performance has degraded in the last few days.,We understand performance issues can be frustrating. We will look into this and get back to you within the next 48 hours.,Optimized queries and increased resource allocation.,63.49,0,neutral,0,0,desktop_app,
TCKT_031375,2023-04-04 11:24:35,CUST_02896,education,email,login_auth,other,medium,resolved,platinum,I have a general question about my account.,Thanks for contacting support. Our team is reviewing this and will follow up within 24 hours.,Provided general guidance and confirmed the issue was resolved.,38.66,0,neutral,4,0,web,LATAM
TCKT_031382,2023-04-27 03:43:29,CUST_09980,enterprise,chat,login_auth,account_access,medium,resolved,standard,I cannot log in; the system says my password is incorrect.,Sorry to hear you're having trouble accessing your account. Our team is reviewing this and will follow up within 24 hours.,Reset account credentials and confirmed successful login.,14.83,0,very_negative,1,0,api_client,APAC
TCKT_031446,2023-04-10 03:31:33,CUST_06418,enterprise,phone_transcript,mobile_app,how_to,low,resolved,platinum,Can you explain how to configure mobile app properly?,Happy to help with your question. We will look into this and get back to you within the next 48 hours.,Provided step-by-step instructions and relevant documentation.,27.58,0,negative,0,0,api_client,LATAM
TCKT_031479,2023-04-24 15:43:54,CUST_06550,education,in_app,mobile_app,performance,low,in_progress,gold,Queries in the mobile app module are timing out.,We understand performance issues can be frustrating. We will look into this and get back to you within the next 48 hours.,,,0,neutral,4,0,web,
TCKT_031575,2023-04-30 05:16:14,CUST_03055,small_business,email,analytics_dashboard,how_to,low,closed_no_action,gold,Can you explain how to configure analytics dashboard properly?,Happy to help with your question. We will look into this and get back to you within the next 48 hours.,Ticket closed without further action after no response from the customer.,196.26,0,negative,0,0,ios,
TCKT_031625,2023-04-28 07:42:02,CUST_08879,education,phone_transcript,billing,feature_request,medium,in_progress,gold,Can you add an option to customize billing?,Thanks for your feature suggestion. Our team is reviewing this and will follow up within 24 hours.,,,0,neutral,4,1,api_client,MEA
TCKT_031676,2023-04-14 18:33:44,CUST_09945,individual,in_app,data_export,security_concern,medium,open,standard,I noticed a suspicious login on my account.,We take security very seriously. Our team is reviewing this and will follow up within 24 hours.,,,0,positive,5,0,android,
TCKT_031739,2023-04-24 17:28:17,CUST_06900,education,email,api_integration,other,high,resolved,standard,"Something seems off, can you please check my workspace?",Thanks for contacting support. We are prioritizing this and will update you as soon as possible.,Provided general guidance and confirmed the issue was resolved.,18.99,0,positive,0,0,ios,EU
TCKT_031748,2023-04-23 11:43:41,CUST_03257,non_profit,email,mobile_app,feature_request,low,in_progress,gold,Can you add an option to customize mobile app?,Thanks for your feature suggestion. We will look into this and get back to you within the next 48 hours.,,,0,negative,2,0,android,APAC
TCKT_031838,2023-04-17 13:18:14,CUST_06637,enterprise,email,mobile_app,security_concern,high,in_progress,platinum,There seems to be a vulnerability in the mobile app functionality.,We take security very seriously. We are prioritizing this and will update you as soon as possible.,,,0,neutral,4,0,api_client,APAC
TCKT_031864,2023-04-24 16:22:25,CUST_02056,education,in_app,api_integration,feature_request,high,open,standard,Can you add an option to customize api integration?,Thanks for your feature suggestion. We are prioritizing this and will update you as soon as possible.,,,0,neutral,4,0,web,APAC
TCKT_031947,2023-04-13 08:01:54,CUST_06597,individual,web_form,login_auth,how_to,medium,in_progress,gold,How can I export my data from the login auth section?,Happy to help with your question. Our team is reviewing this and will follow up within 24 hours.,,,0,neutral,3,0,api_client,MEA
TCKT_031965,2023-04-26 00:58:18,CUST_00512,non_profit,email,analytics_dashboard,how_to,low,on_hold,gold,How can I export my data from the analytics dashboard section?,Happy to help with your question. We will look into this and get back to you within the next 48 hours.,,,0,neutral,4,0,api_client,LATAM
TCKT_032139,2023-04-25 12:33:56,CUST_05991,individual,web_form,notifications,how_to,medium,resolved,standard,How can I export my data from the notifications section?,Happy to help with your question. Our team is reviewing this and will follow up within 24 hours.,Provided step-by-step instructions and relevant documentation.,17.26,0,negative,2,0,ios,EU
TCKT_032206,2023-04-20 21:39:08,CUST_00641,individual,phone_transcript,api_integration,performance,low,resolved,gold,Overall performance has degraded in the last few days.,We understand performance issues can be frustrating. We will look into this and get back to you within the next 48 hours.,Optimized queries and increased resource allocation.,36.69,0,negative,3,1,android,LATAM
TCKT_032269,2023-04-27 02:14:05,CUST_01425,non_profit,email,login_auth,account_access,low,open,standard,I cannot log in; the system says my password is incorrect.,Sorry to hear you're having trouble accessing your account. We will look into this and get back to you within the next 48 hours.,,,0,positive,5,0,ios,APAC
TCKT_032270,2023-04-16 16:50:49,CUST_00516,enterprise,chat,analytics_dashboard,billing_problem,high,in_progress,standard,I downgraded my plan but I am still being billed for the higher tier.,Thanks for reaching out about the billing issue. We are prioritizing this and will update you as soon as possible.,,,0,positive,0,0,ios,EU
TCKT_032400,2023-04-08 14:30:28,CUST_06109,enterprise,phone_transcript,billing,security_concern,high,resolved,standard,We need details about your data encryption and compliance.,We take security very seriously. We are prioritizing this and will update you as soon as possible.,"Investigated logs, mitigated the issue, and updated security settings.",11.8,0,neutral,0,0,web,EU
TCKT_032564,2023-04-03 05:05:53,CUST_08741,enterprise,web_form,notifications,bug,low,resolved,platinum,The notifications feature is not saving my changes.,Thanks for reporting this bug. We will look into this and get back to you within the next 48 hours.,Patched the bug and deployed a fix to production.,68.38,0,positive,5,0,web,
TCKT_032611,2023-04-07 14:09:08,CUST_07521,small_business,phone_transcript,mobile_app,performance,urgent,on_hold,gold,Overall performance has degraded in the last few days.,We understand performance issues can be frustrating. This has been escalated to our on-call team for immediate attention.,,,0,negative,0,0,desktop_app,
TCKT_032653,2023-04-01 05:22:08,CUST_00689,non_profit,chat,analytics_dashboard,performance,high,on_hold,standard,Overall performance has degraded in the last few days.,We understand performance issues can be frustrating. We are prioritizing this and will update you as soon as possible.,,,0,neutral,0,1,desktop_app,MEA
TCKT_032759,2023-04-12 19:16:18,CUST_02005,small_business,phone_transcript,api_integration,bug,low,closed_no_action,standard,The page keeps crashing whenever I try to open the api integration section.,Thanks for reporting this bug. We will look into this and get back to you within the next 48 hours.,Ticket closed without further action after no response from the customer.,61.87,0,positive,4,0,android,EU
TCKT_032826,2023-04-20 21:20:08,CUST_04938,enterprise,email,analytics_dashboard,other,low,resolved,gold,"Something seems off, can you please check my workspace?",Thanks for contacting support. We will look into this and get back to you within the next 48 hours.,Provided general guidance and confirmed the issue was resolved.,13.08,0,neutral,4,0,desktop_app,LATAM
TCKT_032940,2023-04-05 15:19:07,CUST_02243,small_business,email,login_auth,performance,high,resolved,gold,Queries in the login auth module are timing out.,We understand performance issues can be frustrating. We are prioritizing this and will update you as soon as possible.,Optimized queries and increased resource allocation.,14.06,0,neutral,3,1,web,EU
TCKT_032990,2023-04-18 15:27:11,CUST_07790,education,web_form,analytics_dashboard,other,high,resolved,platinum,I need help but I'm not sure which category this fits in.,Thanks for contacting support. We are prioritizing this and will update you as soon as possible.,Provided general guidance and confirmed the issue was resolved.,7.4,0,neutral,3,0,android,LATAM
TCKT_032998,2023-04-06 06:28:25,CUST_05103,enterprise,email,api_integration,security_concern,medium,open,standard,There seems to be a vulnerability in the api integration functionality.,We take security very seriously. Our team is reviewing this and will follow up within 24 hours.,,,0,very_negative,1,0,ios,MEA
TCKT_033088,2023-04-09 21:01:18,CUST_02673,individual,email,notifications,account_access,low,closed_no_action,standard,I cannot log in; the system says my password is incorrect.,Sorry to hear you're having trouble accessing your account. We will look into this and get back to you within the next 48 hours.,Ticket closed without further action after no response from the customer.,43.73,0,positive,5,0,desktop_app,
TCKT_033240,2023-04-10 11:19:20,CUST_02538,enterprise,web_form,mobile_app,how_to,high,resolved,platinum,How can I export my data from the mobile app section?,Happy to help with your question. We are prioritizing this and will update you as soon as possible.,Provided step-by-step instructions and relevant documentation.,16.59,0,very_positive,0,0,android,EU
TCKT_033270,2023-04-14 04:40:59,CUST_04798,small_business,web_form,notifications,account_access,high,resolved,standard,My 2FA code is not working when I try to sign in.,Sorry to hear you're having trouble accessing your account. We are prioritizing this and will update you as soon as possible.,Reset account credentials and confirmed successful login.,16.56,0,neutral,0,1,web,
TCKT_033413,2023-04-05 21:01:29,CUST_01767,education,email,notifications,bug,medium,open,standard,The page keeps crashing whenever I try to open the notifications section.,Thanks for reporting this bug. Our team is reviewing this and will follow up within 24 hours.,,,0,negative,2,0,api_client,
TCKT_033493,2023-04-25 07:34:42,CUST_08171,small_business,web_form,billing,bug,low,resolved,gold,I am seeing an error message when I click on billing.,Thanks for reporting this bug. We will look into this and get back to you within the next 48 hours.,Patched the bug and deployed a fix to production.,41.36,0,positive,4,0,android,MEA
TCKT_033526,2023-04-01 12:31:48,CUST_09365,education,in_app,login_auth,performance,low,resolved,standard,Queries in the login auth module are timing out.,We understand performance issues can be frustrating. We will look into this and get back to you within the next 48 hours.,Optimized queries and increased resource allocation.,25.54,0,very_negative,0,0,ios,APAC
TCKT_033543,2023-04-25 13:28:45,CUST_08896,enterprise,phone_transcript,billing,security_concern,low,in_progress,standard,There seems to be a vulnerability in the billing functionality.,We take security very seriously. We will look into this and get back to you within the next 48 hours.,,,0,neutral,0,0,web,MEA
TCKT_033554,2023-04-03 23:28:56,CUST_07692,small_business,chat,billing,security_concern,urgent,closed_no_action,gold,I noticed a suspicious login on my account.,We take security very seriously. This has been escalated to our on-call team for immediate attention.,Ticket closed without further action after no response from the customer.,128.88,0,neutral,3,1,ios,MEA
TCKT_033565,2023-04-19 02:51:12,CUST_09364,education,web_form,analytics_dashboard,security_concern,medium,on_hold,standard,I noticed a suspicious login on my account.,We take security very seriously. Our team is reviewing this and will follow up within 24 hours.,,,1,negative,3,0,ios,EU
TCKT_033566,2023-04-24 14:02:26,CUST_00027,education,in_app,notifications,account_access,low,in_progress,standard,I cannot log in; the system says my password is incorrect.,Sorry to hear you're having trouble accessing your account. We will look into this and get back to you within the next 48 hours.,,,0,neutral,0,0,web,EU
TCKT_033584,2023-04-15 17:54:29,CUST_07473,education,in_app,mobile_app,security_concern,low,open,platinum,We need details about your data encryption and compliance.,We take security very seriously. We will look into this and get back to you within the next 48 hours.,,,0,negative,2,0,web,APAC
TCKT_033607,2023-04-05 06:39:51,CUST_03621,small_business,in_app,api_integration,account_access,low,resolved,platinum,I cannot log in; the system says my password is incorrect.,Sorry to hear you're having trouble accessing your account. We will look into this and get back to you within the next 48 hours.,Reset account credentials and confirmed successful login.,21.85,0,very_positive,5,0,android,LATAM
TCKT_033701,2023-04-22 16:01:43,CUST_04461,enterprise,chat,analytics_dashboard,account_access,medium,resolved,gold,My 2FA code is not working when I try to sign in.,Sorry to hear you're having trouble accessing your account. Our team is reviewing this and will follow up within 24 hours.,Reset account credentials and confirmed successful login.,4.1,1,very_positive,5,1,ios,LATAM
TCKT_033841,2023-04-24 02:59:24,CUST_08682,individual,chat,data_export,performance,medium,resolved,platinum,The data export page is very slow and takes a long time to load.,We understand performance issues can be frustrating. Our team is reviewing this and will follow up within 24 hours.,Optimized queries and increased resource allocation.,4.33,0,very_positive,5,0,desktop_app,EU
TCKT_033863,2023-04-04 22:16:06,CUST_00857,individual,in_app,data_export,performance,low,open,standard,Overall performance has degraded in the last few days.,We understand performance issues can be frustrating. We will look into this and get back to you within the next 48 hours.,,,0,very_negative,1,0,web,MEA
TCKT_033893,2023-04-18 05:37:06,CUST_04982,small_business,in_app,mobile_app,other,low,closed_no_action,standard,I need help but I'm not sure which category this fits in.,Thanks for contacting support. We will look into this and get back to you within the next 48 hours.,Ticket closed without further action after no response from the customer.,112.53,0,very_positive,5,1,android,MEA
TCKT_033988,2023-04-13 09:39:28,CUST_08034,small_business,in_app,analytics_dashboard,performance,urgent,in_progress,standard,Overall performance has degraded in the last few days.,We understand performance issues can be frustrating. This has been escalated to our on-call team for immediate attention.,,,0,neutral,4,0,web,MEA
TCKT_033990,2023-04-14 16:49:35,CUST_04079,small_business,email,data_export,how_to,low,resolved,standard,I need help setting up data export for my team.,Happy to help with your question. We will look into this and get back to you within the next 48 hours.,Provided step-by-step instructions and relevant documentation.,31.39,0,neutral,4,0,web,
TCKT_034078,2023-04-15 04:49:54,CUST_00636,non_profit,email,mobile_app,bug,medium,resolved,standard,I am seeing an error message when I click on mobile app.,Thanks for reporting this bug. Our team is reviewing this and will follow up within 24 hours.,Patched the bug and deployed a fix to production.,17.89,0,very_positive,5,1,desktop_app,EU
TCKT_034101,2023-04-26 08:41:41,CUST_08631,education,email,api_integration,billing_problem,medium,resolved,standard,My invoice amount is incorrect compared to the plan I selected.,Thanks for reaching out about the billing issue. Our team is reviewing this and will follow up within 24 hours.,Adjusted the invoice and issued a refund where applicable.,23.62,0,neutral,3,0,desktop_app,
TCKT_034166,2023-04-13 22:37:25,CUST_05415,non_profit,chat,data_export,bug,low,in_progress,standard,The page keeps crashing whenever I try to open the data export section.,Thanks for reporting this bug. We will look into this and get back to you within the next 48 hours.,,,0,positive,4,0,web,
TCKT_034212,2023-04-29 21:20:20,CUST_00934,non_profit,email,mobile_app,billing_problem,medium,resolved,gold,I was charged twice for my subscription this month.,Thanks for reaching out about the billing issue. Our team is reviewing this and will follow up within 24 hours.,Adjusted the invoice and issued a refund where applicable.,22.81,0,positive,4,0,api_client,MEA
TCKT_034235,2023-04-26 03:09:03,CUST_08946,individual,chat,analytics_dashboard,bug,low,closed_no_action,standard,The page keeps crashing whenever I try to open the analytics dashboard section.,Thanks for reporting this bug. We will look into this and get back to you within the next 48 hours.,Ticket closed without further action after no response from the customer.,90.95,0,neutral,4,0,desktop_app,
TCKT_034236,2023-04-12 14:27:30,CUST_08335,non_profit,web_form,login_auth,account_access,low,in_progress,standard,My account was locked after multiple failed login attempts.,Sorry to hear you're having trouble accessing your account. We will look into this and get back to you within the next 48 hours.,,,0,negative,2,0,ios,MEA
TCKT_034253,2023-04-07 02:56:03,CUST_00630,enterprise,chat,mobile_app,account_access,high,in_progress,standard,I cannot log in; the system says my password is incorrect.,Sorry to hear you're having trouble accessing your account. We are prioritizing this and will update you as soon as possible.,,,0,very_negative,2,0,api_client,LATAM
TCKT_034258,2023-04-19 04:17:25,CUST_05616,individual,chat,data_export,bug,low,resolved,standard,The page keeps crashing whenever I try to open the data export section.,Thanks for reporting this bug. We will look into this and get back to you within the next 48 hours.,Patched the bug and deployed a fix to production.,38.35,0,very_positive,5,0,web,
TCKT_034296,2023-04-11 13:42:25,CUST_08584,individual,web_form,data_export,performance,low,resolved,platinum,The data export page is very slow and takes a long time to load.,We understand performance issues can be frustrating. We will look into this and get back to you within the next 48 hours.,Optimized queries and increased resource allocation.,34.55,0,neutral,3,1,api_client,APAC
TCKT_034307,2023-04-17 11:55:02,CUST_00919,education,web_form,mobile_app,bug,low,resolved,standard,The mobile app feature is not saving my changes.,Thanks for reporting this bug. We will look into this and get back to you within the next 48 hours.,Patched the bug and deployed a fix to production.,41.06,0,neutral,4,0,desktop_app,
TCKT_034308,2023-04-11 09:36:23,CUST_01566,education,chat,login_auth,how_to,low,closed_no_action,gold,How can I export my data from the login auth section?,Happy to help with your question. We will look into this and get back to you within the next 48 hours.,Ticket closed without further action after no response from the customer.,97.81,0,positive,4,1,api_client,
TCKT_034367,2023-04-14 18:40:26,CUST_08290,small_business,in_app,mobile_app,performance,medium,in_progress,gold,The mobile app page is very slow and takes a long time to load.,We understand performance issues can be frustrating. Our team is reviewing this and will follow up within 24 hours.,,,0,positive,0,0,web,LATAM
TCKT_034400,2023-04-26 12:55:52,CUST_05074,non_profit,in_app,mobile_app,billing_problem,medium,resolved,gold,My invoice amount is incorrect compared to the plan I selected.,Thanks for reaching out about the billing issue. Our team is reviewing this and will follow up within 24 hours.,Adjusted the invoice and issued a refund where applicable.,46.87,0,positive,5,0,web,EU
TCKT_034403,2023-04-10 07:39:48,CUST_08165,non_profit,phone_transcript,data_export,billing_problem,low,closed_no_action,standard,I downgraded my plan but I am still being billed for the higher tier.,Thanks for reaching out about the billing issue. We will look into this and get back to you within the next 48 hours.,Ticket closed without further action after no response from the customer.,136.28,0,neutral,4,1,api_client,LATAM
TCKT_034474,2023-04-08 19:30:00,CUST_00054,education,in_app,notifications,security_concern,high,resolved,standard,We need details about your data encryption and compliance.,We take security very seriously. We are prioritizing this and will update you as soon as possible.,"Investigated logs, mitigated the issue, and updated security settings.",17.78,0,negative,3,1,desktop_app,
TCKT_034521,2023-04-25 05:46:33,CUST_02740,enterprise,phone_transcript,mobile_app,bug,low,closed_no_action,gold,The mobile app feature is not saving my changes.,Thanks for reporting this bug. We will look into this and get back to you within the next 48 hours.,Ticket closed without further action after no response from the customer.,199.46,0,neutral,4,0,api_client,APAC
TCKT_034543,2023-04-13 15:31:50,CUST_08645,education,in_app,login_auth,performance,urgent,in_progress,gold,Overall performance has degraded in the last few days.,We understand performance issues can be frustrating. This has been escalated to our on-call team for immediate attention.,,,0,negative,0,0,ios,
TCKT_034607,2023-04-16 06:23:10,CUST_08133,small_business,email,data_export,account_access,high,on_hold,gold,My account was locked after multiple failed login attempts.,Sorry to hear you're having trouble accessing your account. We are prioritizing this and will update you as soon as possible.,,,0,positive,4,1,web,APAC
TCKT_034823,2023-04-15 12:28:22,CUST_02990,small_business,chat,notifications,feature_request,medium,closed_no_action,standard,Our team needs more advanced options for notifications.,Thanks for your feature suggestion. Our team is reviewing this and will follow up within 24 hours.,Ticket closed without further action after no response from the customer.,152.15,1,negative,3,0,android,APAC
TCKT_034859,2023-04-13 04:17:05,CUST_09683,enterprise,chat,analytics_dashboard,other,low,in_progress,platinum,I have a general question about my account.,Thanks for contacting support. We will look into this and get back to you within the next 48 hours.,,,0,neutral,0,1,android,EU
TCKT_034875,2023-04-08 16:16:35,CUST_02234,small_business,phone_transcript,login_auth,other,medium,on_hold,standard,I have a general question about my account.,Thanks for contacting support. Our team is reviewing this and will follow up within 24 hours.,,,0,negative,3,1,ios,APAC
TCKT_034930,2023-04-17 18:27:59,CUST_09294,individual,web_form,notifications,other,high,resolved,gold,I need help but I'm not sure which category this fits in.,Thanks for contacting support. We are prioritizing this and will update you as soon as possible.,Provided general guidance and confirmed the issue was resolved.,18.17,1,neutral,4,0,api_client,APAC
TCKT_034975,2023-04-10 02:06:21,CUST_00476,education,chat,notifications,bug,low,open,gold,I am seeing an error message when I click on notifications.,Thanks for reporting this bug. We will look into this and get back to you within the next 48 hours.,,,0,negative,0,0,ios,
TCKT_035040,2023-04-13 00:36:27,CUST_09443,small_business,email,mobile_app,how_to,low,on_hold,standard,Can you explain how to configure mobile app properly?,Happy to help with your question. We will look into this and get back to you within the next 48 hours.,,,1,very_positive,5,0,android,MEA
TCKT_035071,2023-04-05 12:32:54,CUST_04278,enterprise,chat,data_export,feature_request,low,resolved,platinum,Our team needs more advanced options for data export.,Thanks for your feature suggestion. We will look into this and get back to you within the next 48 hours.,Captured the request and added it to the product backlog.,42.09,0,neutral,4,0,web,EU
TCKT_035083,2023-04-20 04:40:42,CUST_03646,individual,in_app,billing,security_concern,medium,open,gold,I noticed a suspicious login on my account.,We take security very seriously. Our team is reviewing this and will follow up within 24 hours.,,,0,very_negative,2,0,web,
TCKT_035104,2023-04-26 13:29:36,CUST_05966,enterprise,chat,mobile_app,feature_request,medium,resolved,standard,Our team needs more advanced options for mobile app.,Thanks for your feature suggestion. Our team is reviewing this and will follow up within 24 hours.,Captured the request and added it to the product backlog.,22.1,0,positive,4,0,android,LATAM
TCKT_035111,2023-04-20 06:46:42,CUST_09219,small_business,email,billing,account_access,low,resolved,gold,My account was locked after multiple failed login attempts.,Sorry to hear you're having trouble accessing your account. We will look into this and get back to you within the next 48 hours.,Reset account credentials and confirmed successful login.,27.07,0,negative,0,0,web,LATAM
TCKT_035138,2023-04-10 12:10:05,CUST_09476,enterprise,email,mobile_app,bug,medium,in_progress,standard,I am seeing an error message when I click on mobile app.,Thanks for reporting this bug. Our team is reviewing this and will follow up within 24 hours.,,,0,very_positive,5,0,web,EU
TCKT_035294,2023-04-02 18:03:15,CUST_09234,small_business,email,billing,bug,low,resolved,standard,The billing feature is not saving my changes.,Thanks for reporting this bug. We will look into this and get back to you within the next 48 hours.,Patched the bug and deployed a fix to production.,52.94,0,negative,2,1,android,APAC
TCKT_035333,2023-04-19 10:58:23,CUST_00110,individual,chat,login_auth,billing_problem,high,resolved,gold,I downgraded my plan but I am still being billed for the higher tier.,Thanks for reaching out about the billing issue. We are prioritizing this and will update you as soon as possible.,Adjusted the invoice and issued a refund where applicable.,18.12,0,neutral,3,0,api_client,MEA
TCKT_035361,2023-04-16 08:37:24,CUST_05064,non_profit,email,api_integration,account_access,medium,in_progress,standard,I cannot log in; the system says my password is incorrect.,Sorry to hear you're having trouble accessing your account. Our team is reviewing this and will follow up within 24 hours.,,,0,very_negative,2,0,ios,
TCKT_035394,2023-04-30 18:01:31,CUST_08656,small_business,phone_transcript,login_auth,performance,low,resolved,gold,Queries in the login auth module are timing out.,We understand performance issues can be frustrating. We will look into this and get back to you within the next 48 hours.,Optimized queries and increased resource allocation.,53.84,0,very_negative,2,1,desktop_app,
TCKT_035459,2023-04-24 02:21:29,CUST_04932,non_profit,email,analytics_dashboard,account_access,urgent,open,gold,My account was locked after multiple failed login attempts.,Sorry to hear you're having trouble accessing your account. This has been escalated to our on-call team for immediate attention.,,,0,very_negative,0,0,ios,MEA
TCKT_035487,2023-04-02 00:45:22,CUST_05330,small_business,chat,api_integration,account_access,low,open,standard,I cannot log in; the system says my password is incorrect.,Sorry to hear you're having trouble accessing your account. We will look into this and get back to you within the next 48 hours.,,,0,neutral,0,0,api_client,APAC
TCKT_035569,2023-04-08 16:30:07,CUST_08373,education,phone_transcript,notifications,bug,high,in_progress,standard,The notifications feature is not saving my changes.,Thanks for reporting this bug. We are prioritizing this and will update you as soon as possible.,,,0,negative,2,0,ios,LATAM
TCKT_035607,2023-04-12 16:04:25,CUST_03783,education,phone_transcript,billing,performance,medium,resolved,gold,The billing page is very slow and takes a long time to load.,We understand performance issues can be frustrating. Our team is reviewing this and will follow up within 24 hours.,Optimized queries and increased resource allocation.,35.26,0,neutral,4,0,api_client,EU
TCKT_035628,2023-04-28 09:29:13,CUST_01479,small_business,chat,mobile_app,feature_request,medium,open,gold,Our team needs more advanced options for mobile app.,Thanks for your feature suggestion. Our team is reviewing this and will follow up within 24 hours.,,,0,neutral,4,0,api_client,LATAM
TCKT_035641,2023-04-08 08:10:02,CUST_00700,small_business,chat,data_export,bug,urgent,in_progress,gold,The data export feature is not saving my changes.,Thanks for reporting this bug. This has been escalated to our on-call team for immediate attention.,,,0,very_positive,5,0,web,LATAM
TCKT_035668,2023-04-20 11:00:02,CUST_01989,non_profit,chat,analytics_dashboard,other,low,on_hold,standard,I need help but I'm not sure which category this fits in.,Thanks for contacting support. We will look into this and get back to you within the next 48 hours.,,,0,very_positive,5,0,android,
TCKT_035732,2023-04-13 09:11:59,CUST_03910,enterprise,web_form,data_export,performance,high,resolved,gold,The data export page is very slow and takes a long time to load.,We understand performance issues can be frustrating. We are prioritizing this and will update you as soon as possible.,Optimized queries and increased resource allocation.,3.13,0,neutral,4,0,desktop_app,EU
TCKT_035874,2023-04-13 01:56:25,CUST_02020,enterprise,web_form,login_auth,bug,medium,resolved,gold,I am seeing an error message when I click on login auth.,Thanks for reporting this bug. Our team is reviewing this and will follow up within 24 hours.,Patched the bug and deployed a fix to production.,32.28,0,very_negative,2,0,android,EU
TCKT_035915,2023-04-21 08:24:33,CUST_02253,education,phone_transcript,data_export,security_concern,urgent,in_progress,standard,There seems to be a vulnerability in the data export functionality.,We take security very seriously. This has been escalated to our on-call team for immediate attention.,,,0,negative,3,0,android,EU
TCKT_035927,2023-04-03 20:21:55,CUST_07030,non_profit,chat,login_auth,bug,low,open,standard,The page keeps crashing whenever I try to open the login auth section.,Thanks for reporting this bug. We will look into this and get back to you within the next 48 hours.,,,0,very_negative,1,0,ios,EU
TCKT_035995,2023-04-25 01:34:15,CUST_00638,non_profit,chat,login_auth,billing_problem,medium,resolved,standard,My invoice amount is incorrect compared to the plan I selected.,Thanks for reaching out about the billing issue. Our team is reviewing this and will follow up within 24 hours.,Adjusted the invoice and issued a refund where applicable.,32.95,1,very_negative,2,0,api_client,MEA
TCKT_036109,2023-04-23 18:34:27,CUST_04128,non_profit,web_form,api_integration,billing_problem,low,on_hold,standard,I was charged twice for my subscription this month.,Thanks for reaching out about the billing issue. We will look into this and get back to you within the next 48 hours.,,,0,very_negative,1,0,web,
TCKT_036110,2023-04-25 19:47:42,CUST_03106,individual,in_app,api_integration,bug,low,resolved,gold,I am seeing an error message when I click on api integration.,Thanks for reporting this bug. We will look into this and get back to you within the next 48 hours.,Patched the bug and deployed a fix to production.,71.43,0,negative,2,0,desktop_app,APAC
TCKT_036245,2023-04-06 14:58:06,CUST_00576,education,email,billing,other,low,resolved,standard,I have a general question about my account.,Thanks for contacting support. We will look into this and get back to you within the next 48 hours.,Provided general guidance and confirmed the issue was resolved.,11.49,0,very_positive,5,0,web,
TCKT_036246,2023-04-04 06:22:33,CUST_00286,small_business,phone_transcript,analytics_dashboard,account_access,low,resolved,standard,My account was locked after multiple failed login attempts.,Sorry to hear you're having trouble accessing your account. We will look into this and get back to you within the next 48 hours.,Reset account credentials and confirmed successful login.,14.22,0,very_negative,2,0,web,APAC
TCKT_036383,2023-04-16 05:09:47,CUST_01650,small_business,in_app,data_export,security_concern,low,on_hold,standard,We need details about your data encryption and compliance.,We take security very seriously. We will look into this and get back to you within the next 48 hours.,,,0,negative,2,0,desktop_app,LATAM
TCKT_036412,2023-04-05 03:01:16,CUST_06320,non_profit,in_app,analytics_dashboard,how_to,high,in_progress,standard,I need help setting up analytics dashboard for my team.,Happy to help with your question. We are prioritizing this and will update you as soon as possible.,,,1,negative,2,0,api_client,MEA
TCKT_036435,2023-04-27 20:57:00,CUST_01938,education,chat,notifications,other,medium,resolved,standard,I need help but I'm not sure which category this fits in.,Thanks for contacting support. Our team is reviewing this and will follow up within 24 hours.,Provided general guidance and confirmed the issue was resolved.,38.66,0,neutral,0,1,api_client,LATAM
TCKT_036437,2023-04-05 12:28:02,CUST_01396,non_profit,email,analytics_dashboard,how_to,medium,resolved,gold,Can you explain how to configure analytics dashboard properly?,Happy to help with your question. Our team is reviewing this and will follow up within 24 hours.,Provided step-by-step instructions and relevant documentation.,9.04,0,negative,2,0,ios,LATAM
TCKT_036450,2023-04-16 18:10:43,CUST_00278,non_profit,chat,notifications,security_concern,high,open,standard,There seems to be a vulnerability in the notifications functionality.,We take security very seriously. We are prioritizing this and will update you as soon as possible.,,,0,neutral,3,1,desktop_app,
TCKT_036575,2023-04-30 00:50:33,CUST_02821,small_business,email,mobile_app,other,low,in_progress,standard,"Something seems off, can you please check my workspace?",Thanks for contacting support. We will look into this and get back to you within the next 48 hours.,,,0,positive,4,0,desktop_app,MEA
TCKT_036608,2023-04-20 00:28:19,CUST_02712,small_business,in_app,login_auth,other,low,closed_no_action,standard,I have a general question about my account.,Thanks for contacting support. We will look into this and get back to you within the next 48 hours.,Ticket closed without further action after no response from the customer.,214.13,0,neutral,0,0,web,APAC
TCKT_036628,2023-04-28 08:48:42,CUST_09242,non_profit,phone_transcript,mobile_app,how_to,medium,on_hold,gold,I need help setting up mobile app for my team.,Happy to help with your question. Our team is reviewing this and will follow up within 24 hours.,,,0,positive,0,0,android,EU
TCKT_036632,2023-04-19 13:49:39,CUST_05978,individual,email,notifications,bug,medium,resolved,standard,The notifications feature is not saving my changes.,Thanks for reporting this bug. Our team is reviewing this and will follow up within 24 hours.,Patched the bug and deployed a fix to production.,23.88,0,neutral,3,1,api_client,EU
TCKT_036720,2023-04-13 21:54:12,CUST_00518,enterprise,web_form,notifications,security_concern,medium,resolved,standard,I noticed a suspicious login on my account.,We take security very seriously. Our team is reviewing this and will follow up within 24 hours.,"Investigated logs, mitigated the issue, and updated security settings.",36.39,0,very_negative,1,0,desktop_app,APAC
TCKT_036760,2023-04-01 21:27:50,CUST_03320,non_profit,in_app,mobile_app,bug,high,open,gold,The page keeps crashing whenever I try to open the mobile app section.,Thanks for reporting this bug. We are prioritizing this and will update you as soon as possible.,,,0,neutral,0,1,ios,
TCKT_036768,2023-04-09 11:00:18,CUST_04498,enterprise,email,data_export,account_access,high,on_hold,gold,My account was locked after multiple failed login attempts.,Sorry to hear you're having trouble accessing your account. We are prioritizing this and will update you as soon as possible.,,,0,very_negative,0,1,api_client,EU
TCKT_036840,2023-04-17 17:55:46,CUST_08612,enterprise,in_app,data_export,performance,low,in_progress,gold,Queries in the data export module are timing out.,We understand performance issues can be frustrating. We will look into this and get back to you within the next 48 hours.,,,0,negative,2,1,ios,
TCKT_036859,2023-04-20 00:23:41,CUST_02090,education,in_app,data_export,how_to,high,resolved,standard,How can I export my data from the data export section?,Happy to help with your question. We are prioritizing this and will update you as soon as possible.,Provided step-by-step instructions and relevant documentation.,13.69,0,neutral,0,0,api_client,MEA
TCKT_036943,2023-04-26 11:54:58,CUST_03373,individual,phone_transcript,mobile_app,billing_problem,high,resolved,platinum,I downgraded my plan but I am still being billed for the higher tier.,Thanks for reaching out about the billing issue. We are prioritizing this and will update you as soon as possible.,Adjusted the invoice and issued a refund where applicable.,10.14,0,very_negative,0,0,desktop_app,APAC
TCKT_037046,2023-04-23 12:19:12,CUST_00316,small_business,email,notifications,account_access,medium,in_progress,standard,My account was locked after multiple failed login attempts.,Sorry to hear you're having trouble accessing your account. Our team is reviewing this and will follow up within 24 hours.,,,0,very_negative,2,1,android,
TCKT_037091,2023-04-17 20:03:11,CUST_03066,small_business,email,mobile_app,billing_problem,medium,resolved,gold,I downgraded my plan but I am still being billed for the higher tier.,Thanks for reaching out about the billing issue. Our team is reviewing this and will follow up within 24 hours.,Adjusted the invoice and issued a refund where applicable.,30.73,0,positive,4,1,desktop_app,MEA
TCKT_037093,2023-04-11 13:24:26,CUST_09855,non_profit,phone_transcript,notifications,security_concern,high,resolved,standard,I noticed a suspicious login on my account.,We take security very seriously. We are prioritizing this and will update you as soon as possible.,"Investigated logs, mitigated the issue, and updated security settings.",16.06,0,positive,4,0,android,APAC
TCKT_037117,2023-04-16 08:57:23,CUST_07773,education,chat,data_export,account_access,high,on_hold,standard,I cannot log in; the system says my password is incorrect.,Sorry to hear you're having trouble accessing your account. We are prioritizing this and will update you as soon as possible.,,,0,negative,3,1,android,APAC
TCKT_037154,2023-04-26 18:08:54,CUST_09093,individual,web_form,api_integration,how_to,high,resolved,standard,I need help setting up api integration for my team.,Happy to help with your question. We are prioritizing this and will update you as soon as possible.,Provided step-by-step instructions and relevant documentation.,23.57,0,positive,4,0,ios,LATAM
TCKT_037194,2023-04-20 11:46:52,CUST_08296,education,email,mobile_app,other,low,closed_no_action,standard,I have a general question about my account.,Thanks for contacting support. We will look into this and get back to you within the next 48 hours.,Ticket closed without further action after no response from the customer.,193.25,0,positive,0,0,desktop_app,EU
TCKT_037278,2023-04-27 14:19:55,CUST_00407,small_business,web_form,notifications,security_concern,low,resolved,standard,We need details about your data encryption and compliance.,We take security very seriously. We will look into this and get back to you within the next 48 hours.,"Investigated logs, mitigated the issue, and updated security settings.",58.74,0,very_negative,2,0,api_client,MEA
TCKT_037307,2023-04-07 22:21:42,CUST_04501,education,in_app,analytics_dashboard,security_concern,medium,in_progress,standard,We need details about your data encryption and compliance.,We take security very seriously. Our team is reviewing this and will follow up within 24 hours.,,,0,negative,3,1,web,MEA
TCKT_037327,2023-04-06 22:36:26,CUST_04386,education,in_app,mobile_app,bug,low,resolved,standard,I am seeing an error message when I click on mobile app.,Thanks for reporting this bug. We will look into this and get back to you within the next 48 hours.,Patched the bug and deployed a fix to production.,63.31,0,negative,3,0,ios,
TCKT_037333,2023-04-19 17:00:26,CUST_05502,enterprise,web_form,data_export,billing_problem,medium,resolved,standard,I was charged twice for my subscription this month.,Thanks for reaching out about the billing issue. Our team is reviewing this and will follow up within 24 hours.,Adjusted the invoice and issued a refund where applicable.,21.1,0,neutral,4,0,api_client,APAC
TCKT_037342,2023-04-27 17:13:41,CUST_08918,small_business,chat,data_export,other,high,closed_no_action,standard,"Something seems off, can you please check my workspace?",Thanks for contacting support. We are prioritizing this and will update you as soon as possible.,Ticket closed without further action after no response from the customer.,58.34,1,positive,4,1,desktop_app,
TCKT_037372,2023-04-10 10:42:40,CUST_01516,small_business,in_app,api_integration,feature_request,low,on_hold,gold,It would be great to have api integration support in your product.,Thanks for your feature suggestion. We will look into this and get back to you within the next 48 hours.,,,0,neutral,3,0,web,EU
TCKT_037472,2023-04-12 22:16:31,CUST_05901,individual,chat,billing,account_access,medium,resolved,standard,My 2FA code is not working when I try to sign in.,Sorry to hear you're having trouble accessing your account. Our team is reviewing this and will follow up within 24 hours.,Reset account credentials and confirmed successful login.,42.4,0,very_negative,1,0,android,APAC
TCKT_037527,2023-04-22 05:15:08,CUST_08663,education,web_form,analytics_dashboard,bug,medium,resolved,standard,The analytics dashboard feature is not saving my changes.,Thanks for reporting this bug. Our team is reviewing this and will follow up within 24 hours.,Patched the bug and deployed a fix to production.,35.14,0,neutral,0,0,android,MEA
TCKT_037529,2023-04-14 11:19:37,CUST_00560,individual,chat,mobile_app,billing_problem,low,on_hold,gold,My invoice amount is incorrect compared to the plan I selected.,Thanks for reaching out about the billing issue. We will look into this and get back to you within the next 48 hours.,,,0,negative,0,0,android,
TCKT_037580,2023-04-29 23:58:47,CUST_05238,non_profit,in_app,analytics_dashboard,other,low,closed_no_action,standard,I have a general question about my account.,Thanks for contacting support. We will look into this and get back to you within the next 48 hours.,Ticket closed without further action after no response from the customer.,86.57,0,neutral,4,0,desktop_app,
TCKT_037614,2023-04-10 16:43:20,CUST_06280,enterprise,phone_transcript,billing,account_access,high,closed_no_action,standard,My account was locked after multiple failed login attempts.,Sorry to hear you're having trouble accessing your account. We are prioritizing this and will update you as soon as possible.,Ticket closed without further action after no response from the customer.,42.84,1,positive,5,0,android,
TCKT_037617,2023-04-15 22:58:53,CUST_06423,non_profit,phone_transcript,data_export,performance,low,resolved,standard,Queries in the data export module are timing out.,We understand performance issues can be frustrating. We will look into this and get back to you within the next 48 hours.,Optimized queries and increased resource allocation.,46.17,0,neutral,4,1,ios,APAC
TCKT_037785,2023-04-10 11:56:42,CUST_00413,non_profit,chat,data_export,how_to,low,resolved,platinum,Can you explain how to configure data export properly?,Happy to help with your question. We will look into this and get back to you within the next 48 hours.,Provided step-by-step instructions and relevant documentation.,67.04,0,negative,3,0,web,LATAM
TCKT_037792,2023-04-27 11:55:25,CUST_01892,small_business,phone_transcript,api_integration,performance,high,resolved,standard,Queries in the api integration module are timing out.,We understand performance issues can be frustrating. We are prioritizing this and will update you as soon as possible.,Optimized queries and increased resource allocation.,6.12,0,negative,2,0,desktop_app,EU
TCKT_037818,2023-04-17 06:04:10,CUST_08366,small_business,web_form,api_integration,bug,medium,on_hold,standard,I am seeing an error message when I click on api integration.,Thanks for reporting this bug. Our team is reviewing this and will follow up within 24 hours.,,,0,very_positive,0,1,api_client,APAC
TCKT_037850,2023-04-25 14:39:27,CUST_04835,education,in_app,notifications,security_concern,low,resolved,standard,I noticed a suspicious login on my account.,We take security very seriously. We will look into this and get back to you within the next 48 hours.,"Investigated logs, mitigated the issue, and updated security settings.",64.41,0,neutral,4,0,web,LATAM
TCKT_037860,2023-04-27 06:48:36,CUST_09867,small_business,in_app,login_auth,performance,high,closed_no_action,gold,Queries in the login auth module are timing out.,We understand performance issues can be frustrating. We are prioritizing this and will update you as soon as possible.,Ticket closed without further action after no response from the customer.,30.07,0,negative,2,1,web,
TCKT_037878,2023-04-21 13:32:42,CUST_03739,non_profit,email,data_export,feature_request,high,on_hold,gold,It would be great to have data export support in your product.,Thanks for your feature suggestion. We are prioritizing this and will update you as soon as possible.,,,0,neutral,4,1,ios,
TCKT_037946,2023-04-09 17:19:29,CUST_01190,individual,web_form,api_integration,feature_request,urgent,resolved,standard,It would be great to have api integration support in your product.,Thanks for your feature suggestion. This has been escalated to our on-call team for immediate attention.,Captured the request and added it to the product backlog.,2.68,0,positive,0,0,android,MEA
TCKT_037993,2023-04-02 02:00:48,CUST_05788,small_business,email,data_export,how_to,low,in_progress,standard,I need help setting up data export for my team.,Happy to help with your question. We will look into this and get back to you within the next 48 hours.,,,1,neutral,3,1,android,EU
TCKT_037998,2023-04-15 10:57:59,CUST_00393,enterprise,email,login_auth,security_concern,high,in_progress,standard,There seems to be a vulnerability in the login auth functionality.,We take security very seriously. We are prioritizing this and will update you as soon as possible.,,,0,negative,2,1,web,LATAM
TCKT_038081,2023-04-27 12:42:03,CUST_08411,individual,in_app,notifications,security_concern,low,resolved,standard,We need details about your data encryption and compliance.,We take security very seriously. We will look into this and get back to you within the next 48 hours.,"Investigated logs, mitigated the issue, and updated security settings.",19.13,0,neutral,0,0,ios,
TCKT_038093,2023-04-16 10:40:41,CUST_05422,individual,phone_transcript,data_export,bug,medium,resolved,gold,The page keeps crashing whenever I try to open the data export section.,Thanks for reporting this bug. Our team is reviewing this and will follow up within 24 hours.,Patched the bug and deployed a fix to production.,47.66,0,neutral,3,1,web,
TCKT_038108,2023-04-04 19:12:46,CUST_02967,education,email,api_integration,billing_problem,low,resolved,gold,I downgraded my plan but I am still being billed for the higher tier.,Thanks for reaching out about the billing issue. We will look into this and get back to you within the next 48 hours.,Adjusted the invoice and issued a refund where applicable.,25.73,0,neutral,3,0,android,EU
TCKT_038123,2023-04-25 21:57:11,CUST_02841,education,in_app,billing,feature_request,high,closed_no_action,standard,Can you add an option to customize billing?,Thanks for your feature suggestion. We are prioritizing this and will update you as soon as possible.,Ticket closed without further action after no response from the customer.,68.86,0,negative,2,0,ios,MEA
TCKT_038139,2023-04-17 14:02:43,CUST_08097,small_business,web_form,data_export,bug,low,on_hold,gold,I am seeing an error message when I click on data export.,Thanks for reporting this bug. We will look into this and get back to you within the next 48 hours.,,,0,neutral,3,0,ios,LATAM
TCKT_038167,2023-04-20 11:05:09,CUST_06062,small_business,email,analytics_dashboard,how_to,high,resolved,gold,I need help setting up analytics dashboard for my team.,Happy to help with your question. We are prioritizing this and will update you as soon as possible.,Provided step-by-step instructions and relevant documentation.,4.92,0,positive,0,0,desktop_app,
TCKT_038222,2023-04-29 00:20:24,CUST_06434,non_profit,chat,notifications,bug,medium,resolved,gold,I am seeing an error message when I click on notifications.,Thanks for reporting this bug. Our team is reviewing this and will follow up within 24 hours.,Patched the bug and deployed a fix to production.,40.3,0,very_positive,5,1,desktop_app,
TCKT_038229,2023-04-11 01:33:35,CUST_09418,individual,web_form,login_auth,account_access,high,resolved,gold,My account was locked after multiple failed login attempts.,Sorry to hear you're having trouble accessing your account. We are prioritizing this and will update you as soon as possible.,Reset account credentials and confirmed successful login.,13.33,0,very_negative,1,0,desktop_app,LATAM
TCKT_038270,2023-04-17 12:33:49,CUST_04103,education,in_app,data_export,billing_problem,low,resolved,gold,I downgraded my plan but I am still being billed for the higher tier.,Thanks for reaching out about the billing issue. We will look into this and get back to you within the next 48 hours.,Adjusted the invoice and issued a refund where applicable.,28.74,0,very_negative,0,0,api_client,LATAM
TCKT_038281,2023-04-25 15:04:18,CUST_04705,small_business,email,billing,account_access,low,resolved,standard,My 2FA code is not working when I try to sign in.,Sorry to hear you're having trouble accessing your account. We will look into this and get back to you within the next 48 hours.,Reset account credentials and confirmed successful login.,45.8,0,negative,0,0,desktop_app,MEA
TCKT_038296,2023-04-18 11:16:07,CUST_01152,small_business,in_app,mobile_app,billing_problem,low,resolved,standard,I was charged twice for my subscription this month.,Thanks for reaching out about the billing issue. We will look into this and get back to you within the next 48 hours.,Adjusted the invoice and issued a refund where applicable.,19.6,0,neutral,3,1,ios,
TCKT_038346,2023-04-04 01:55:34,CUST_06699,small_business,chat,notifications,billing_problem,medium,resolved,standard,I was charged twice for my subscription this month.,Thanks for reaching out about the billing issue. Our team is reviewing this and will follow up within 24 hours.,Adjusted the invoice and issued a refund where applicable.,38.11,0,negative,3,0,ios,LATAM
TCKT_038371,2023-04-14 12:23:16,CUST_00428,non_profit,chat,notifications,security_concern,low,resolved,standard,We need details about your data encryption and compliance.,We take security very seriously. We will look into this and get back to you within the next 48 hours.,"Investigated logs, mitigated the issue, and updated security settings.",40.22,0,negative,0,0,desktop_app,APAC
TCKT_038450,2023-04-18 16:15:54,CUST_08643,enterprise,chat,billing,bug,low,in_progress,gold,The page keeps crashing whenever I try to open the billing section.,Thanks for reporting this bug. We will look into this and get back to you within the next 48 hours.,,,0,neutral,0,0,ios,
TCKT_038455,2023-04-24 17:45:11,CUST_09682,enterprise,web_form,notifications,billing_problem,low,closed_no_action,gold,My invoice amount is incorrect compared to the plan I selected.,Thanks for reaching out about the billing issue. We will look into this and get back to you within the next 48 hours.,Ticket closed without further action after no response from the customer.,81.11,0,neutral,4,1,api_client,
TCKT_038546,2023-04-19 22:10:12,CUST_02749,small_business,in_app,billing,account_access,high,resolved,gold,My account was locked after multiple failed login attempts.,Sorry to hear you're having trouble accessing your account. We are prioritizing this and will update you as soon as possible.,Reset account credentials and confirmed successful login.,5.43,0,neutral,0,0,api_client,MEA
TCKT_038606,2023-04-23 02:00:48,CUST_09598,education,phone_transcript,data_export,billing_problem,low,resolved,standard,I downgraded my plan but I am still being billed for the higher tier.,Thanks for reaching out about the billing issue. We will look into this and get back to you within the next 48 hours.,Adjusted the invoice and issued a refund where applicable.,22.96,0,neutral,4,0,android,LATAM
TCKT_038612,2023-04-23 20:35:45,CUST_06800,individual,email,billing,security_concern,low,resolved,standard,There seems to be a vulnerability in the billing functionality.,We take security very seriously. We will look into this and get back to you within the next 48 hours.,"Investigated logs, mitigated the issue, and updated security settings.",29.31,0,very_negative,1,0,ios,APAC
TCKT_038638,2023-04-22 17:55:40,CUST_06834,individual,chat,analytics_dashboard,bug,medium,in_progress,standard,The page keeps crashing whenever I try to open the analytics dashboard section.,Thanks for reporting this bug. Our team is reviewing this and will follow up within 24 hours.,,,0,positive,4,1,ios,LATAM
TCKT_038681,2023-04-09 12:48:09,CUST_09805,non_profit,chat,mobile_app,how_to,medium,on_hold,standard,How can I export my data from the mobile app section?,Happy to help with your question. Our team is reviewing this and will follow up within 24 hours.,,,0,very_positive,5,1,desktop_app,LATAM
TCKT_038799,2023-04-23 09:03:10,CUST_06054,individual,email,api_integration,how_to,low,in_progress,standard,How can I export my data from the api integration section?,Happy to help with your question. We will look into this and get back to you within the next 48 hours.,,,0,very_positive,5,1,api_client,
TCKT_038876,2023-04-12 00:13:00,CUST_03414,education,email,mobile_app,performance,high,on_hold,standard,The mobile app page is very slow and takes a long time to load.,We understand performance issues can be frustrating. We are prioritizing this and will update you as soon as possible.,,,0,negative,3,1,desktop_app,APAC
TCKT_038908,2023-04-02 00:39:04,CUST_03086,enterprise,email,mobile_app,feature_request,high,resolved,platinum,Our team needs more advanced options for mobile app.,Thanks for your feature suggestion. We are prioritizing this and will update you as soon as possible.,Captured the request and added it to the product backlog.,2.77,0,very_positive,5,0,android,MEA
TCKT_038971,2023-04-25 00:29:53,CUST_01490,small_business,web_form,api_integration,bug,low,resolved,gold,The api integration feature is not saving my changes.,Thanks for reporting this bug. We will look into this and get back to you within the next 48 hours.,Patched the bug and deployed a fix to production.,20.54,0,negative,2,0,ios,LATAM
TCKT_039040,2023-04-29 11:47:19,CUST_05351,enterprise,phone_transcript,data_export,bug,high,resolved,standard,The data export feature is not saving my changes.,Thanks for reporting this bug. We are prioritizing this and will update you as soon as possible.,Patched the bug and deployed a fix to production.,7.02,0,very_negative,0,0,ios,APAC
TCKT_039053,2023-04-17 16:30:41,CUST_05593,education,in_app,billing,bug,low,on_hold,standard,The page keeps crashing whenever I try to open the billing section.,Thanks for reporting this bug. We will look into this and get back to you within the next 48 hours.,,,1,neutral,0,0,android,
TCKT_039141,2023-04-15 09:47:19,CUST_08043,non_profit,chat,notifications,bug,low,resolved,gold,The notifications feature is not saving my changes.,Thanks for reporting this bug. We will look into this and get back to you within the next 48 hours.,Patched the bug and deployed a fix to production.,48.85,0,positive,4,1,web,EU
TCKT_039184,2023-04-04 20:21:36,CUST_02653,non_profit,in_app,mobile_app,bug,medium,in_progress,standard,The page keeps crashing whenever I try to open the mobile app section.,Thanks for reporting this bug. Our team is reviewing this and will follow up within 24 hours.,,,0,neutral,4,1,desktop_app,
TCKT_039204,2023-04-03 02:16:41,CUST_01884,enterprise,in_app,api_integration,how_to,low,in_progress,standard,I need help setting up api integration for my team.,Happy to help with your question. We will look into this and get back to you within the next 48 hours.,,,0,neutral,0,0,desktop_app,EU
TCKT_039277,2023-04-24 03:04:31,CUST_01006,enterprise,phone_transcript,billing,how_to,medium,on_hold,platinum,Can you explain how to configure billing properly?,Happy to help with your question. Our team is reviewing this and will follow up within 24 hours.,,,0,neutral,0,1,desktop_app,LATAM
TCKT_039318,2023-04-21 22:36:02,CUST_02998,education,in_app,billing,security_concern,high,resolved,gold,We need details about your data encryption and compliance.,We take security very seriously. We are prioritizing this and will update you as soon as possible.,"Investigated logs, mitigated the issue, and updated security settings.",4.67,0,negative,2,0,api_client,MEA
TCKT_039324,2023-04-07 09:20:06,CUST_07378,small_business,chat,data_export,account_access,high,in_progress,standard,My account was locked after multiple failed login attempts.,Sorry to hear you're having trouble accessing your account. We are prioritizing this and will update you as soon as possible.,,,0,neutral,3,1,api_client,MEA
TCKT_039368,2023-04-01 07:54:04,CUST_05812,small_business,email,mobile_app,how_to,high,resolved,gold,Can you explain how to configure mobile app properly?,Happy to help with your question. We are prioritizing this and will update you as soon as possible.,Provided step-by-step instructions and relevant documentation.,19.4,0,positive,0,0,android,EU
TCKT_039464,2023-04-30 22:34:22,CUST_08962,non_profit,chat,api_integration,bug,low,open,standard,I am seeing an error message when I click on api integration.,Thanks for reporting this bug. We will look into this and get back to you within the next 48 hours.,,,0,negative,3,0,ios,
TCKT_039478,2023-04-12 05:16:49,CUST_05771,enterprise,web_form,login_auth,bug,low,resolved,gold,The page keeps crashing whenever I try to open the login auth section.,Thanks for reporting this bug. We will look into this and get back to you within the next 48 hours.,Patched the bug and deployed a fix to production.,16.59,0,neutral,0,0,android,MEA
TCKT_039488,2023-04-09 20:22:02,CUST_08212,small_business,chat,data_export,account_access,medium,resolved,standard,I cannot log in; the system says my password is incorrect.,Sorry to hear you're having trouble accessing your account. Our team is reviewing this and will follow up within 24 hours.,Reset account credentials and confirmed successful login.,19.99,0,very_negative,1,1,web,EU
TCKT_039530,2023-04-22 01:42:39,CUST_00257,enterprise,email,billing,billing_problem,low,on_hold,gold,My invoice amount is incorrect compared to the plan I selected.,Thanks for reaching out about the billing issue. We will look into this and get back to you within the next 48 hours.,,,0,very_negative,2,0,ios,APAC
TCKT_039559,2023-04-18 15:18:45,CUST_00448,individual,email,api_integration,performance,low,resolved,standard,The api integration page is very slow and takes a long time to load.,We understand performance issues can be frustrating. We will look into this and get back to you within the next 48 hours.,Optimized queries and increased resource allocation.,19.58,0,very_negative,0,0,api_client,EU
TCKT_039597,2023-04-18 02:22:39,CUST_08345,enterprise,web_form,notifications,how_to,medium,resolved,standard,I need help setting up notifications for my team.,Happy to help with your question. Our team is reviewing this and will follow up within 24 hours.,Provided step-by-step instructions and relevant documentation.,42.89,1,neutral,4,0,api_client,
TCKT_039671,2023-04-07 16:33:54,CUST_09028,non_profit,web_form,analytics_dashboard,security_concern,high,closed_no_action,standard,We need details about your data encryption and compliance.,We take security very seriously. We are prioritizing this and will update you as soon as possible.,Ticket closed without further action after no response from the customer.,25.64,0,very_negative,2,1,android,EU
TCKT_039678,2023-04-23 11:10:02,CUST_07105,education,chat,notifications,security_concern,low,resolved,platinum,We need details about your data encryption and compliance.,We take security very seriously. We will look into this and get back to you within the next 48 hours.,"Investigated logs, mitigated the issue, and updated security settings.",65.26,0,negative,3,1,web,MEA
TCKT_039810,2023-04-09 14:24:44,CUST_03847,education,web_form,billing,bug,low,on_hold,gold,The page keeps crashing whenever I try to open the billing section.,Thanks for reporting this bug. We will look into this and get back to you within the next 48 hours.,,,0,very_positive,5,0,ios,
TCKT_039924,2023-04-09 11:00:37,CUST_08234,individual,chat,billing,account_access,urgent,open,standard,My 2FA code is not working when I try to sign in.,Sorry to hear you're having trouble accessing your account. This has been escalated to our on-call team for immediate attention.,,,0,neutral,3,1,ios,APAC
TCKT_039927,2023-04-15 20:30:10,CUST_06797,non_profit,in_app,billing,how_to,low,resolved,platinum,I need help setting up billing for my team.,Happy to help with your question. We will look into this and get back to you within the next 48 hours.,Provided step-by-step instructions and relevant documentation.,25.48,0,neutral,0,1,desktop_app,MEA
TCKT_039974,2023-04-15 09:07:49,CUST_07198,enterprise,in_app,login_auth,bug,medium,in_progress,standard,The login auth feature is not saving my changes.,Thanks for reporting this bug. Our team is reviewing this and will follow up within 24 hours.,,,0,neutral,4,1,web,MEA
TCKT_040023,2023-04-28 09:41:35,CUST_01096,individual,chat,notifications,feature_request,high,resolved,standard,Our team needs more advanced options for notifications.,Thanks for your feature suggestion. We are prioritizing this and will update you as soon as possible.,Captured the request and added it to the product backlog.,3.12,0,positive,5,0,ios,MEA
TCKT_040068,2023-04-20 18:58:53,CUST_08512,small_business,phone_transcript,billing,bug,medium,on_hold,standard,The billing feature is not saving my changes.,Thanks for reporting this bug. Our team is reviewing this and will follow up within 24 hours.,,,0,positive,5,0,android,LATAM
TCKT_040128,2023-04-17 09:41:39,CUST_09420,small_business,chat,mobile_app,account_access,low,resolved,gold,I cannot log in; the system says my password is incorrect.,Sorry to hear you're having trouble accessing your account. We will look into this and get back to you within the next 48 hours.,Reset account credentials and confirmed successful login.,36.16,0,very_negative,1,0,android,
TCKT_040177,2023-04-20 13:22:32,CUST_03426,small_business,web_form,api_integration,billing_problem,low,on_hold,standard,I downgraded my plan but I am still being billed for the higher tier.,Thanks for reaching out about the billing issue. We will look into this and get back to you within the next 48 hours.,,,0,very_positive,5,1,desktop_app,APAC
TCKT_040217,2023-04-19 21:48:10,CUST_02474,enterprise,web_form,login_auth,how_to,low,in_progress,standard,How can I export my data from the login auth section?,Happy to help with your question. We will look into this and get back to you within the next 48 hours.,,,0,positive,0,0,android,APAC
TCKT_040219,2023-04-21 18:47:18,CUST_09516,non_profit,web_form,data_export,how_to,low,open,gold,How can I export my data from the data export section?,Happy to help with your question. We will look into this and get back to you within the next 48 hours.,,,0,positive,0,0,web,LATAM
TCKT_040258,2023-04-02 08:21:37,CUST_01677,small_business,web_form,data_export,billing_problem,high,in_progress,gold,I was charged twice for my subscription this month.,Thanks for reaching out about the billing issue. We are prioritizing this and will update you as soon as possible.,,,0,very_negative,2,0,api_client,APAC
TCKT_040276,2023-04-19 08:30:11,CUST_09233,non_profit,in_app,notifications,performance,medium,in_progress,gold,Queries in the notifications module are timing out.,We understand performance issues can be frustrating. Our team is reviewing this and will follow up within 24 hours.,,,0,neutral,3,1,ios,LATAM
TCKT_040377,2023-04-12 20:45:31,CUST_07618,enterprise,phone_transcript,mobile_app,bug,urgent,resolved,standard,I am seeing an error message when I click on mobile app.,Thanks for reporting this bug. This has been escalated to our on-call team for immediate attention.,Patched the bug and deployed a fix to production.,6.77,0,positive,5,1,web,LATAM
TCKT_040641,2023-04-25 17:31:46,CUST_06499,small_business,email,api_integration,security_concern,medium,resolved,standard,There seems to be a vulnerability in the api integration functionality.,We take security very seriously. Our team is reviewing this and will follow up within 24 hours.,"Investigated logs, mitigated the issue, and updated security settings.",22.85,0,negative,2,1,android,EU
TCKT_040691,2023-04-13 07:21:41,CUST_08993,individual,email,login_auth,feature_request,high,resolved,standard,Can you add an option to customize login auth?,Thanks for your feature suggestion. We are prioritizing this and will update you as soon as possible.,Captured the request and added it to the product backlog.,10.69,0,negative,2,1,api_client,LATAM
TCKT_040694,2023-04-06 11:13:55,CUST_09295,enterprise,email,billing,how_to,medium,resolved,standard,Can you explain how to configure billing properly?,Happy to help with your question. Our team is reviewing this and will follow up within 24 hours.,Provided step-by-step instructions and relevant documentation.,41.62,0,very_positive,5,0,desktop_app,
TCKT_040699,2023-04-01 22:41:11,CUST_02016,education,email,data_export,account_access,low,resolved,standard,My 2FA code is not working when I try to sign in.,Sorry to hear you're having trouble accessing your account. We will look into this and get back to you within the next 48 hours.,Reset account credentials and confirmed successful login.,40.64,1,very_positive,5,0,desktop_app,LATAM
TCKT_040721,2023-04-28 01:19:17,CUST_06561,non_profit,web_form,mobile_app,other,low,resolved,platinum,I have a general question about my account.,Thanks for contacting support. We will look into this and get back to you within the next 48 hours.,Provided general guidance and confirmed the issue was resolved.,22.62,0,neutral,0,0,web,EU
TCKT_040867,2023-04-15 03:30:34,CUST_08827,education,in_app,notifications,performance,urgent,on_hold,standard,Overall performance has degraded in the last few days.,We understand performance issues can be frustrating. This has been escalated to our on-call team for immediate attention.,,,0,very_negative,0,0,api_client,
TCKT_040933,2023-04-03 04:58:00,CUST_00139,small_business,chat,billing,other,medium,resolved,gold,I have a general question about my account.,Thanks for contacting support. Our team is reviewing this and will follow up within 24 hours.,Provided general guidance and confirmed the issue was resolved.,41.01,0,negative,2,1,android,
TCKT_040967,2023-04-26 16:25:47,CUST_04080,individual,web_form,api_integration,bug,low,closed_no_action,gold,The api integration feature is not saving my changes.,Thanks for reporting this bug. We will look into this and get back to you within the next 48 hours.,Ticket closed without further action after no response from the customer.,190.01,0,very_negative,2,0,web,MEA
TCKT_041010,2023-04-29 11:16:42,CUST_00908,education,web_form,api_integration,bug,low,resolved,gold,I am seeing an error message when I click on api integration.,Thanks for reporting this bug. We will look into this and get back to you within the next 48 hours.,Patched the bug and deployed a fix to production.,24.04,0,negative,0,0,web,EU
TCKT_041029,2023-04-26 09:54:35,CUST_08457,small_business,phone_transcript,data_export,feature_request,medium,resolved,gold,Can you add an option to customize data export?,Thanks for your feature suggestion. Our team is reviewing this and will follow up within 24 hours.,Captured the request and added it to the product backlog.,12.34,0,positive,5,0,web,
TCKT_041159,2023-04-04 15:14:28,CUST_04306,enterprise,email,mobile_app,billing_problem,high,on_hold,standard,I downgraded my plan but I am still being billed for the higher tier.,Thanks for reaching out about the billing issue. We are prioritizing this and will update you as soon as possible.,,,0,negative,3,0,android,LATAM
TCKT_041213,2023-04-01 18:21:47,CUST_00255,education,chat,mobile_app,billing_problem,low,in_progress,standard,I downgraded my plan but I am still being billed for the higher tier.,Thanks for reaching out about the billing issue. We will look into this and get back to you within the next 48 hours.,,,0,neutral,0,0,web,APAC
TCKT_041295,2023-04-11 18:14:19,CUST_03186,education,email,analytics_dashboard,how_to,high,resolved,gold,Can you explain how to configure analytics dashboard properly?,Happy to help with your question. We are prioritizing this and will update you as soon as possible.,Provided step-by-step instructions and relevant documentation.,22.59,0,very_negative,2,0,web,
TCKT_041361,2023-04-08 09:56:27,CUST_06360,small_business,phone_transcript,api_integration,billing_problem,high,resolved,standard,I was charged twice for my subscription this month.,Thanks for reaching out about the billing issue. We are prioritizing this and will update you as soon as possible.,Adjusted the invoice and issued a refund where applicable.,1.1,0,very_negative,0,1,web,MEA
TCKT_041483,2023-04-10 20:27:54,CUST_07935,small_business,email,login_auth,feature_request,high,resolved,standard,It would be great to have login auth support in your product.,Thanks for your feature suggestion. We are prioritizing this and will update you as soon as possible.,Captured the request and added it to the product backlog.,16.09,0,very_negative,0,1,android,APAC
TCKT_041625,2023-04-03 03:17:22,CUST_00594,individual,web_form,analytics_dashboard,performance,low,closed_no_action,standard,Queries in the analytics dashboard module are timing out.,We understand performance issues can be frustrating. We will look into this and get back to you within the next 48 hours.,Ticket closed without further action after no response from the customer.,236.03,0,neutral,0,0,api_client,LATAM
TCKT_041783,2023-04-14 12:17:04,CUST_00661,enterprise,in_app,notifications,other,low,in_progress,gold,I have a general question about my account.,Thanks for contacting support. We will look into this and get back to you within the next 48 hours.,,,0,neutral,3,0,api_client,LATAM
TCKT_041787,2023-04-17 02:37:34,CUST_09459,non_profit,phone_transcript,mobile_app,bug,high,open,standard,The mobile app feature is not saving my changes.,Thanks for reporting this bug. We are prioritizing this and will update you as soon as possible.,,,0,neutral,4,0,ios,MEA
TCKT_041795,2023-04-20 23:03:36,CUST_06805,small_business,email,notifications,bug,high,resolved,platinum,The page keeps crashing whenever I try to open the notifications section.,Thanks for reporting this bug. We are prioritizing this and will update you as soon as possible.,Patched the bug and deployed a fix to production.,18.34,0,positive,5,0,api_client,MEA
TCKT_041841,2023-04-12 01:04:27,CUST_00496,education,in_app,login_auth,other,high,on_hold,platinum,I need help but I'm not sure which category this fits in.,Thanks for contacting support. We are prioritizing this and will update you as soon as possible.,,,0,very_positive,5,0,web,MEA
TCKT_041875,2023-04-02 02:24:44,CUST_01123,individual,phone_transcript,api_integration,security_concern,high,in_progress,standard,I noticed a suspicious login on my account.,We take security very seriously. We are prioritizing this and will update you as soon as possible.,,,0,negative,3,0,web,EU
TCKT_041892,2023-04-02 01:16:09,CUST_01286,enterprise,chat,analytics_dashboard,how_to,medium,resolved,gold,I need help setting up analytics dashboard for my team.,Happy to help with your question. Our team is reviewing this and will follow up within 24 hours.,Provided step-by-step instructions and relevant documentation.,13.06,0,neutral,0,0,api_client,APAC
TCKT_041971,2023-04-11 02:44:06,CUST_04106,education,in_app,analytics_dashboard,bug,medium,in_progress,gold,I am seeing an error message when I click on analytics dashboard.,Thanks for reporting this bug. Our team is reviewing this and will follow up within 24 hours.,,,0,very_negative,1,0,desktop_app,LATAM
TCKT_041972,2023-04-19 23:26:41,CUST_06758,education,phone_transcript,api_integration,billing_problem,high,open,gold,I downgraded my plan but I am still being billed for the higher tier.,Thanks for reaching out about the billing issue. We are prioritizing this and will update you as soon as possible.,,,0,neutral,4,0,desktop_app,LATAM
TCKT_042038,2023-04-21 06:46:59,CUST_03250,education,in_app,data_export,bug,high,in_progress,standard,I am seeing an error message when I click on data export.,Thanks for reporting this bug. We are prioritizing this and will update you as soon as possible.,,,0,positive,4,0,desktop_app,LATAM
TCKT_042042,2023-04-22 11:31:33,CUST_04096,enterprise,phone_transcript,login_auth,account_access,medium,resolved,standard,I cannot log in; the system says my password is incorrect.,Sorry to hear you're having trouble accessing your account. Our team is reviewing this and will follow up within 24 hours.,Reset account credentials and confirmed successful login.,34.25,0,positive,4,0,api_client,EU
TCKT_042043,2023-04-19 16:21:28,CUST_05327,enterprise,web_form,data_export,how_to,medium,in_progress,standard,Can you explain how to configure data export properly?,Happy to help with your question. Our team is reviewing this and will follow up within 24 hours.,,,0,very_negative,0,0,api_client,LATAM
TCKT_042074,2023-04-06 04:33:49,CUST_06533,non_profit,chat,notifications,performance,high,resolved,standard,Queries in the notifications module are timing out.,We understand performance issues can be frustrating. We are prioritizing this and will update you as soon as possible.,Optimized queries and increased resource allocation.,15.26,1,neutral,4,0,api_client,
TCKT_042096,2023-04-27 22:51:02,CUST_07995,enterprise,in_app,billing,account_access,medium,open,standard,My account was locked after multiple failed login attempts.,Sorry to hear you're having trouble accessing your account. Our team is reviewing this and will follow up within 24 hours.,,,0,very_negative,2,0,web,LATAM
TCKT_042110,2023-04-09 05:07:42,CUST_04360,education,email,mobile_app,performance,urgent,resolved,standard,The mobile app page is very slow and takes a long time to load.,We understand performance issues can be frustrating. This has been escalated to our on-call team for immediate attention.,Optimized queries and increased resource allocation.,2.47,0,neutral,0,1,web,EU
TCKT_042144,2023-04-04 12:08:01,CUST_04004,small_business,in_app,api_integration,other,medium,resolved,standard,"Something seems off, can you please check my workspace?",Thanks for contacting support. Our team is reviewing this and will follow up within 24 hours.,Provided general guidance and confirmed the issue was resolved.,15.88,0,neutral,3,1,web,LATAM
TCKT_042176,2023-04-05 15:49:18,CUST_02665,education,web_form,data_export,security_concern,high,on_hold,standard,I noticed a suspicious login on my account.,We take security very seriously. We are prioritizing this and will update you as soon as possible.,,,0,very_negative,2,0,web,APAC
TCKT_042202,2023-04-03 19:16:59,CUST_04122,small_business,in_app,analytics_dashboard,security_concern,high,resolved,gold,We need details about your data encryption and compliance.,We take security very seriously. We are prioritizing this and will update you as soon as possible.,"Investigated logs, mitigated the issue, and updated security settings.",2.67,0,negative,2,0,api_client,
TCKT_042256,2023-04-22 17:26:40,CUST_00076,education,in_app,notifications,billing_problem,medium,closed_no_action,standard,I was charged twice for my subscription this month.,Thanks for reaching out about the billing issue. Our team is reviewing this and will follow up within 24 hours.,Ticket closed without further action after no response from the customer.,52.87,0,very_negative,1,1,desktop_app,APAC
TCKT_042293,2023-04-22 21:29:29,CUST_01429,small_business,phone_transcript,billing,other,high,resolved,gold,I have a general question about my account.,Thanks for contacting support. We are prioritizing this and will update you as soon as possible.,Provided general guidance and confirmed the issue was resolved.,16.16,0,neutral,0,1,desktop_app,LATAM
TCKT_042301,2023-04-20 14:09:25,CUST_03524,small_business,phone_transcript,data_export,feature_request,medium,resolved,gold,Can you add an option to customize data export?,Thanks for your feature suggestion. Our team is reviewing this and will follow up within 24 hours.,Captured the request and added it to the product backlog.,41.81,1,neutral,0,0,ios,EU
TCKT_042311,2023-04-27 20:03:49,CUST_09692,enterprise,phone_transcript,data_export,performance,low,resolved,standard,The data export page is very slow and takes a long time to load.,We understand performance issues can be frustrating. We will look into this and get back to you within the next 48 hours.,Optimized queries and increased resource allocation.,45.11,0,negative,2,0,api_client,APAC
TCKT_042407,2023-04-11 05:09:37,CUST_03892,small_business,web_form,login_auth,security_concern,low,resolved,gold,We need details about your data encryption and compliance.,We take security very seriously. We will look into this and get back to you within the next 48 hours.,"Investigated logs, mitigated the issue, and updated security settings.",44.86,0,very_negative,0,0,android,LATAM
TCKT_042424,2023-04-29 05:24:18,CUST_00863,non_profit,phone_transcript,mobile_app,security_concern,low,closed_no_action,standard,I noticed a suspicious login on my account.,We take security very seriously. We will look into this and get back to you within the next 48 hours.,Ticket closed without further action after no response from the customer.,211.05,0,negative,2,0,web,APAC
TCKT_042551,2023-04-20 07:06:52,CUST_06460,enterprise,email,billing,bug,medium,open,standard,I am seeing an error message when I click on billing.,Thanks for reporting this bug. Our team is reviewing this and will follow up within 24 hours.,,,0,negative,3,0,ios,APAC
TCKT_042583,2023-04-05 14:29:00,CUST_08650,non_profit,phone_transcript,data_export,account_access,medium,in_progress,standard,My 2FA code is not working when I try to sign in.,Sorry to hear you're having trouble accessing your account. Our team is reviewing this and will follow up within 24 hours.,,,0,negative,2,1,web,LATAM
TCKT_042621,2023-04-24 17:45:50,CUST_08052,non_profit,in_app,data_export,other,low,resolved,platinum,"Something seems off, can you please check my workspace?",Thanks for contacting support. We will look into this and get back to you within the next 48 hours.,Provided general guidance and confirmed the issue was resolved.,12.61,0,neutral,4,0,desktop_app,MEA
TCKT_042700,2023-04-24 06:45:38,CUST_01463,enterprise,email,billing,how_to,medium,resolved,gold,I need help setting up billing for my team.,Happy to help with your question. Our team is reviewing this and will follow up within 24 hours.,Provided step-by-step instructions and relevant documentation.,5.84,0,neutral,3,0,desktop_app,LATAM
TCKT_042791,2023-04-02 22:41:59,CUST_04466,education,in_app,data_export,feature_request,low,closed_no_action,standard,Our team needs more advanced options for data export.,Thanks for your feature suggestion. We will look into this and get back to you within the next 48 hours.,Ticket closed without further action after no response from the customer.,227.75,0,positive,0,0,desktop_app,LATAM
TCKT_042815,2023-04-21 04:15:06,CUST_06786,enterprise,email,data_export,account_access,low,open,standard,I cannot log in; the system says my password is incorrect.,Sorry to hear you're having trouble accessing your account. We will look into this and get back to you within the next 48 hours.,,,0,neutral,3,0,web,
TCKT_042840,2023-04-18 22:07:24,CUST_09912,small_business,email,mobile_app,security_concern,low,closed_no_action,standard,There seems to be a vulnerability in the mobile app functionality.,We take security very seriously. We will look into this and get back to you within the next 48 hours.,Ticket closed without further action after no response from the customer.,42.34,0,positive,0,1,web,APAC
TCKT_042870,2023-04-25 20:53:52,CUST_08229,individual,web_form,api_integration,security_concern,medium,resolved,standard,There seems to be a vulnerability in the api integration functionality.,We take security very seriously. Our team is reviewing this and will follow up within 24 hours.,"Investigated logs, mitigated the issue, and updated security settings.",42.9,0,negative,3,0,ios,
TCKT_042873,2023-04-28 17:40:43,CUST_02136,small_business,phone_transcript,mobile_app,bug,urgent,open,gold,I am seeing an error message when I click on mobile app.,Thanks for reporting this bug. This has been escalated to our on-call team for immediate attention.,,,1,negative,0,1,ios,EU
TCKT_042989,2023-04-07 10:43:53,CUST_09512,education,phone_transcript,mobile_app,other,medium,resolved,standard,I need help but I'm not sure which category this fits in.,Thanks for contacting support. Our team is reviewing this and will follow up within 24 hours.,Provided general guidance and confirmed the issue was resolved.,4.81,0,very_negative,2,0,android,EU
TCKT_042996,2023-04-14 18:17:15,CUST_07429,individual,phone_transcript,api_integration,account_access,urgent,resolved,standard,My account was locked after multiple failed login attempts.,Sorry to hear you're having trouble accessing your account. This has been escalated to our on-call team for immediate attention.,Reset account credentials and confirmed successful login.,5.8,0,very_positive,0,0,api_client,EU
TCKT_043008,2023-04-15 12:06:46,CUST_07298,education,web_form,login_auth,security_concern,high,resolved,standard,We need details about your data encryption and compliance.,We take security very seriously. We are prioritizing this and will update you as soon as possible.,"Investigated logs, mitigated the issue, and updated security settings.",3.98,0,positive,0,1,api_client,MEA
TCKT_043048,2023-04-24 09:11:27,CUST_08921,individual,chat,login_auth,other,high,resolved,standard,I need help but I'm not sure which category this fits in.,Thanks for contacting support. We are prioritizing this and will update you as soon as possible.,Provided general guidance and confirmed the issue was resolved.,5.79,0,negative,3,0,desktop_app,
TCKT_043049,2023-04-26 05:58:10,CUST_04282,individual,phone_transcript,analytics_dashboard,performance,low,resolved,standard,Queries in the analytics dashboard module are timing out.,We understand performance issues can be frustrating. We will look into this and get back to you within the next 48 hours.,Optimized queries and increased resource allocation.,10.59,0,negative,3,0,android,MEA
TCKT_043067,2023-04-28 21:55:06,CUST_06828,non_profit,chat,data_export,billing_problem,low,closed_no_action,gold,I downgraded my plan but I am still being billed for the higher tier.,Thanks for reaching out about the billing issue. We will look into this and get back to you within the next 48 hours.,Ticket closed without further action after no response from the customer.,173.03,0,negative,3,0,desktop_app,MEA
TCKT_043078,2023-04-12 03:12:24,CUST_07114,individual,phone_transcript,billing,feature_request,medium,closed_no_action,standard,Can you add an option to customize billing?,Thanks for your feature suggestion. Our team is reviewing this and will follow up within 24 hours.,Ticket closed without further action after no response from the customer.,75.75,0,neutral,3,0,desktop_app,
TCKT_043083,2023-04-20 14:58:24,CUST_08221,non_profit,chat,billing,other,low,open,standard,"Something seems off, can you please check my workspace?",Thanks for contacting support. We will look into this and get back to you within the next 48 hours.,,,0,positive,4,0,desktop_app,APAC
TCKT_043145,2023-04-05 07:18:48,CUST_02892,enterprise,web_form,analytics_dashboard,account_access,low,resolved,standard,I cannot log in; the system says my password is incorrect.,Sorry to hear you're having trouble accessing your account. We will look into this and get back to you within the next 48 hours.,Reset account credentials and confirmed successful login.,13.51,0,negative,3,0,ios,MEA
TCKT_043153,2023-04-22 21:35:04,CUST_03989,enterprise,in_app,login_auth,security_concern,medium,resolved,gold,I noticed a suspicious login on my account.,We take security very seriously. Our team is reviewing this and will follow up within 24 hours.,"Investigated logs, mitigated the issue, and updated security settings.",33.29,0,neutral,4,0,android,
TCKT_043207,2023-04-21 08:10:58,CUST_06491,small_business,web_form,login_auth,account_access,high,resolved,standard,I cannot log in; the system says my password is incorrect.,Sorry to hear you're having trouble accessing your account. We are prioritizing this and will update you as soon as possible.,Reset account credentials and confirmed successful login.,13.7,0,neutral,3,0,desktop_app,
TCKT_043228,2023-04-05 19:33:10,CUST_03657,non_profit,in_app,analytics_dashboard,security_concern,medium,open,standard,We need details about your data encryption and compliance.,We take security very seriously. Our team is reviewing this and will follow up within 24 hours.,,,0,neutral,4,1,ios,
TCKT_043262,2023-04-10 15:09:57,CUST_05332,enterprise,in_app,notifications,billing_problem,low,closed_no_action,standard,I downgraded my plan but I am still being billed for the higher tier.,Thanks for reaching out about the billing issue. We will look into this and get back to you within the next 48 hours.,Ticket closed without further action after no response from the customer.,52.27,0,neutral,0,1,desktop_app,MEA
TCKT_043291,2023-04-13 09:55:39,CUST_06301,small_business,phone_transcript,login_auth,how_to,high,resolved,gold,How can I export my data from the login auth section?,Happy to help with your question. We are prioritizing this and will update you as soon as possible.,Provided step-by-step instructions and relevant documentation.,16.42,0,very_positive,0,0,api_client,LATAM
TCKT_043394,2023-04-02 18:55:21,CUST_04262,non_profit,web_form,notifications,billing_problem,medium,open,standard,My invoice amount is incorrect compared to the plan I selected.,Thanks for reaching out about the billing issue. Our team is reviewing this and will follow up within 24 hours.,,,0,negative,0,0,ios,MEA
TCKT_043452,2023-04-22 18:16:43,CUST_00029,individual,in_app,mobile_app,billing_problem,medium,resolved,gold,I downgraded my plan but I am still being billed for the higher tier.,Thanks for reaching out about the billing issue. Our team is reviewing this and will follow up within 24 hours.,Adjusted the invoice and issued a refund where applicable.,14.27,1,positive,4,0,android,MEA
TCKT_043541,2023-04-01 08:53:31,CUST_02951,individual,email,data_export,bug,high,in_progress,gold,The data export feature is not saving my changes.,Thanks for reporting this bug. We are prioritizing this and will update you as soon as possible.,,,0,positive,0,1,web,MEA
TCKT_043558,2023-04-16 21:59:19,CUST_09377,small_business,email,login_auth,performance,high,in_progress,gold,Queries in the login auth module are timing out.,We understand performance issues can be frustrating. We are prioritizing this and will update you as soon as possible.,,,0,negative,2,0,desktop_app,APAC
TCKT_043693,2023-04-12 21:48:16,CUST_05983,small_business,web_form,login_auth,account_access,low,open,gold,My account was locked after multiple failed login attempts.,Sorry to hear you're having trouble accessing your account. We will look into this and get back to you within the next 48 hours.,,,0,negative,2,0,ios,
TCKT_043704,2023-04-14 20:12:18,CUST_09856,small_business,chat,login_auth,billing_problem,medium,resolved,standard,I downgraded my plan but I am still being billed for the higher tier.,Thanks for reaching out about the billing issue. Our team is reviewing this and will follow up within 24 hours.,Adjusted the invoice and issued a refund where applicable.,16.99,0,negative,2,0,ios,APAC
TCKT_043707,2023-04-23 12:19:22,CUST_01480,non_profit,phone_transcript,data_export,performance,high,resolved,platinum,Queries in the data export module are timing out.,We understand performance issues can be frustrating. We are prioritizing this and will update you as soon as possible.,Optimized queries and increased resource allocation.,12.84,0,negative,0,0,ios,LATAM
TCKT_043724,2023-04-15 09:15:19,CUST_03564,small_business,phone_transcript,data_export,bug,low,resolved,platinum,The data export feature is not saving my changes.,Thanks for reporting this bug. We will look into this and get back to you within the next 48 hours.,Patched the bug and deployed a fix to production.,66.01,0,neutral,0,0,ios,MEA
TCKT_043733,2023-04-11 15:56:53,CUST_06839,non_profit,chat,analytics_dashboard,security_concern,medium,resolved,standard,There seems to be a vulnerability in the analytics dashboard functionality.,We take security very seriously. Our team is reviewing this and will follow up within 24 hours.,"Investigated logs, mitigated the issue, and updated security settings.",42.91,0,very_negative,0,0,android,MEA
TCKT_043776,2023-04-03 23:55:13,CUST_07481,small_business,web_form,analytics_dashboard,billing_problem,high,open,standard,My invoice amount is incorrect compared to the plan I selected.,Thanks for reaching out about the billing issue. We are prioritizing this and will update you as soon as possible.,,,0,very_positive,5,1,ios,APAC
TCKT_043788,2023-04-08 21:20:02,CUST_00619,education,in_app,billing,feature_request,high,in_progress,standard,Can you add an option to customize billing?,Thanks for your feature suggestion. We are prioritizing this and will update you as soon as possible.,,,0,very_negative,1,0,android,MEA
TCKT_043987,2023-04-09 21:32:00,CUST_05337,small_business,web_form,login_auth,feature_request,high,in_progress,platinum,Our team needs more advanced options for login auth.,Thanks for your feature suggestion. We are prioritizing this and will update you as soon as possible.,,,0,neutral,0,0,ios,APAC
TCKT_044012,2023-04-16 18:25:14,CUST_07439,individual,chat,billing,feature_request,medium,resolved,standard,Can you add an option to customize billing?,Thanks for your feature suggestion. Our team is reviewing this and will follow up within 24 hours.,Captured the request and added it to the product backlog.,37.32,0,very_positive,5,0,web,
TCKT_044014,2023-04-07 03:06:34,CUST_02173,small_business,email,data_export,how_to,low,open,gold,Can you explain how to configure data export properly?,Happy to help with your question. We will look into this and get back to you within the next 48 hours.,,,0,neutral,4,1,ios,MEA
TCKT_044176,2023-04-07 04:31:00,CUST_07140,enterprise,phone_transcript,analytics_dashboard,billing_problem,high,closed_no_action,standard,I was charged twice for my subscription this month.,Thanks for reaching out about the billing issue. We are prioritizing this and will update you as soon as possible.,Ticket closed without further action after no response from the customer.,87.31,0,very_negative,1,0,api_client,LATAM
TCKT_044335,2023-04-01 21:34:16,CUST_03179,education,chat,api_integration,feature_request,urgent,in_progress,gold,Can you add an option to customize api integration?,Thanks for your feature suggestion. This has been escalated to our on-call team for immediate attention.,,,0,neutral,3,0,api_client,LATAM
TCKT_044365,2023-04-25 23:46:26,CUST_03175,small_business,chat,notifications,billing_problem,low,in_progress,gold,I downgraded my plan but I am still being billed for the higher tier.,Thanks for reaching out about the billing issue. We will look into this and get back to you within the next 48 hours.,,,0,neutral,3,0,ios,LATAM
TCKT_044431,2023-04-02 20:14:29,CUST_00843,individual,in_app,analytics_dashboard,other,medium,on_hold,standard,"Something seems off, can you please check my workspace?",Thanks for contacting support. Our team is reviewing this and will follow up within 24 hours.,,,0,positive,5,0,ios,APAC
TCKT_044442,2023-04-11 04:45:50,CUST_04097,individual,email,notifications,billing_problem,low,closed_no_action,standard,I downgraded my plan but I am still being billed for the higher tier.,Thanks for reaching out about the billing issue. We will look into this and get back to you within the next 48 hours.,Ticket closed without further action after no response from the customer.,71.41,0,neutral,4,0,web,EU
TCKT_044530,2023-04-12 22:14:43,CUST_06094,non_profit,email,api_integration,feature_request,high,resolved,gold,It would be great to have api integration support in your product.,Thanks for your feature suggestion. We are prioritizing this and will update you as soon as possible.,Captured the request and added it to the product backlog.,5.23,0,positive,4,1,web,
TCKT_044539,2023-04-09 12:25:27,CUST_05208,non_profit,chat,billing,billing_problem,high,in_progress,standard,I was charged twice for my subscription this month.,Thanks for reaching out about the billing issue. We are prioritizing this and will update you as soon as possible.,,,0,positive,5,0,web,MEA
TCKT_044564,2023-04-03 05:53:33,CUST_04295,individual,web_form,billing,bug,high,resolved,gold,The page keeps crashing whenever I try to open the billing section.,Thanks for reporting this bug. We are prioritizing this and will update you as soon as possible.,Patched the bug and deployed a fix to production.,6.26,0,neutral,3,1,ios,EU
TCKT_044683,2023-04-27 10:25:58,CUST_00110,non_profit,email,mobile_app,account_access,medium,resolved,standard,My account was locked after multiple failed login attempts.,Sorry to hear you're having trouble accessing your account. Our team is reviewing this and will follow up within 24 hours.,Reset account credentials and confirmed successful login.,40.52,0,very_positive,5,0,android,
TCKT_044706,2023-04-30 07:49:41,CUST_01076,individual,email,analytics_dashboard,how_to,medium,open,standard,How can I export my data from the analytics dashboard section?,Happy to help with your question. Our team is reviewing this and will follow up within 24 hours.,,,0,neutral,3,0,android,EU
TCKT_044713,2023-04-24 05:36:47,CUST_08509,non_profit,web_form,data_export,bug,high,resolved,standard,The data export feature is not saving my changes.,Thanks for reporting this bug. We are prioritizing this and will update you as soon as possible.,Patched the bug and deployed a fix to production.,18.04,0,negative,2,1,android,LATAM
TCKT_044821,2023-04-01 01:50:40,CUST_09294,small_business,chat,notifications,other,low,in_progress,gold,I have a general question about my account.,Thanks for contacting support. We will look into this and get back to you within the next 48 hours.,,,0,neutral,0,0,api_client,LATAM
TCKT_044835,2023-04-22 11:45:10,CUST_09283,small_business,in_app,billing,feature_request,medium,resolved,standard,Our team needs more advanced options for billing.,Thanks for your feature suggestion. Our team is reviewing this and will follow up within 24 hours.,Captured the request and added it to the product backlog.,5.75,0,negative,3,0,android,APAC
TCKT_044910,2023-04-09 01:41:52,CUST_05131,education,web_form,analytics_dashboard,performance,low,resolved,standard,Queries in the analytics dashboard module are timing out.,We understand performance issues can be frustrating. We will look into this and get back to you within the next 48 hours.,Optimized queries and increased resource allocation.,53.03,0,negative,0,1,android,
TCKT_044914,2023-04-10 08:13:51,CUST_01589,small_business,email,notifications,feature_request,low,resolved,standard,Can you add an option to customize notifications?,Thanks for your feature suggestion. We will look into this and get back to you within the next 48 hours.,Captured the request and added it to the product backlog.,49.05,0,negative,3,0,desktop_app,APAC
TCKT_044999,2023-04-03 14:01:46,CUST_04907,small_business,phone_transcript,login_auth,billing_problem,low,resolved,gold,I was charged twice for my subscription this month.,Thanks for reaching out about the billing issue. We will look into this and get back to you within the next 48 hours.,Adjusted the invoice and issued a refund where applicable.,44.01,0,very_negative,0,0,web,
TCKT_045005,2023-04-16 08:26:28,CUST_02865,enterprise,chat,notifications,billing_problem,medium,resolved,standard,My invoice amount is incorrect compared to the plan I selected.,Thanks for reaching out about the billing issue. Our team is reviewing this and will follow up within 24 hours.,Adjusted the invoice and issued a refund where applicable.,13.47,0,negative,2,1,api_client,EU
TCKT_045015,2023-04-13 22:34:54,CUST_00976,non_profit,email,billing,bug,low,on_hold,standard,I am seeing an error message when I click on billing.,Thanks for reporting this bug. We will look into this and get back to you within the next 48 hours.,,,0,neutral,3,1,desktop_app,EU
TCKT_045044,2023-04-28 01:55:59,CUST_09688,non_profit,phone_transcript,data_export,bug,low,in_progress,platinum,I am seeing an error message when I click on data export.,Thanks for reporting this bug. We will look into this and get back to you within the next 48 hours.,,,0,positive,4,0,desktop_app,EU
TCKT_045047,2023-04-16 19:47:14,CUST_00026,small_business,web_form,api_integration,billing_problem,low,open,gold,I downgraded my plan but I am still being billed for the higher tier.,Thanks for reaching out about the billing issue. We will look into this and get back to you within the next 48 hours.,,,0,negative,3,0,web,
TCKT_045061,2023-04-24 19:37:59,CUST_04562,small_business,email,billing,feature_request,low,on_hold,standard,It would be great to have billing support in your product.,Thanks for your feature suggestion. We will look into this and get back to you within the next 48 hours.,,,0,very_negative,0,1,ios,
TCKT_045283,2023-04-13 01:20:11,CUST_01247,individual,in_app,billing,billing_problem,high,resolved,gold,I was charged twice for my subscription this month.,Thanks for reaching out about the billing issue. We are prioritizing this and will update you as soon as possible.,Adjusted the invoice and issued a refund where applicable.,15.87,0,positive,0,1,android,EU
TCKT_045336,2023-04-26 05:49:18,CUST_08911,individual,chat,api_integration,bug,high,closed_no_action,standard,The api integration feature is not saving my changes.,Thanks for reporting this bug. We are prioritizing this and will update you as soon as possible.,Ticket closed without further action after no response from the customer.,190.89,0,very_positive,0,1,ios,EU
TCKT_045425,2023-04-20 10:36:38,CUST_04181,small_business,email,api_integration,how_to,medium,in_progress,gold,I need help setting up api integration for my team.,Happy to help with your question. Our team is reviewing this and will follow up within 24 hours.,,,0,neutral,4,0,ios,MEA
TCKT_045585,2023-04-19 12:43:50,CUST_06622,small_business,in_app,billing,other,low,resolved,standard,I have a general question about my account.,Thanks for contacting support. We will look into this and get back to you within the next 48 hours.,Provided general guidance and confirmed the issue was resolved.,32.42,0,neutral,3,1,android,LATAM
TCKT_045627,2023-04-14 09:31:26,CUST_09417,education,in_app,mobile_app,other,medium,in_progress,gold,I have a general question about my account.,Thanks for contacting support. Our team is reviewing this and will follow up within 24 hours.,,,0,very_positive,5,0,desktop_app,MEA
TCKT_045630,2023-04-13 21:32:06,CUST_05848,enterprise,chat,mobile_app,other,low,resolved,standard,"Something seems off, can you please check my workspace?",Thanks for contacting support. We will look into this and get back to you within the next 48 hours.,Provided general guidance and confirmed the issue was resolved.,19.3,0,negative,3,0,api_client,
TCKT_045743,2023-04-06 06:52:57,CUST_03091,non_profit,chat,login_auth,security_concern,medium,in_progress,gold,There seems to be a vulnerability in the login auth functionality.,We take security very seriously. Our team is reviewing this and will follow up within 24 hours.,,,0,very_negative,1,1,android,MEA
TCKT_045794,2023-04-13 04:19:50,CUST_03291,enterprise,phone_transcript,billing,how_to,low,resolved,gold,How can I export my data from the billing section?,Happy to help with your question. We will look into this and get back to you within the next 48 hours.,Provided step-by-step instructions and relevant documentation.,67.13,0,positive,5,0,ios,APAC
TCKT_045860,2023-04-18 07:49:23,CUST_09724,non_profit,phone_transcript,billing,account_access,medium,resolved,standard,My 2FA code is not working when I try to sign in.,Sorry to hear you're having trouble accessing your account. Our team is reviewing this and will follow up within 24 hours.,Reset account credentials and confirmed successful login.,5.85,0,negative,0,1,desktop_app,LATAM
TCKT_045952,2023-04-30 15:37:57,CUST_04403,enterprise,email,api_integration,other,low,resolved,gold,I have a general question about my account.,Thanks for contacting support. We will look into this and get back to you within the next 48 hours.,Provided general guidance and confirmed the issue was resolved.,9.83,0,neutral,3,0,desktop_app,
TCKT_045964,2023-04-15 10:20:04,CUST_05519,individual,in_app,login_auth,security_concern,medium,in_progress,standard,I noticed a suspicious login on my account.,We take security very seriously. Our team is reviewing this and will follow up within 24 hours.,,,1,very_positive,0,0,android,LATAM
TCKT_045974,2023-04-03 12:27:31,CUST_02213,small_business,web_form,analytics_dashboard,feature_request,medium,resolved,standard,Can you add an option to customize analytics dashboard?,Thanks for your feature suggestion. Our team is reviewing this and will follow up within 24 hours.,Captured the request and added it to the product backlog.,23.69,0,negative,2,0,android,APAC
TCKT_045986,2023-04-24 21:32:32,CUST_06951,education,email,api_integration,feature_request,high,in_progress,gold,It would be great to have api integration support in your product.,Thanks for your feature suggestion. We are prioritizing this and will update you as soon as possible.,,,0,positive,5,0,ios,
TCKT_046070,2023-04-05 21:10:15,CUST_02034,individual,in_app,analytics_dashboard,how_to,low,resolved,standard,How can I export my data from the analytics dashboard section?,Happy to help with your question. We will look into this and get back to you within the next 48 hours.,Provided step-by-step instructions and relevant documentation.,62.97,0,positive,0,0,ios,EU
TCKT_046137,2023-04-18 17:27:23,CUST_01675,individual,phone_transcript,api_integration,account_access,high,resolved,standard,My account was locked after multiple failed login attempts.,Sorry to hear you're having trouble accessing your account. We are prioritizing this and will update you as soon as possible.,Reset account credentials and confirmed successful login.,21.58,0,negative,3,0,ios,
TCKT_046191,2023-04-10 04:19:32,CUST_08137,enterprise,web_form,notifications,how_to,low,in_progress,gold,Can you explain how to configure notifications properly?,Happy to help with your question. We will look into this and get back to you within the next 48 hours.,,,0,neutral,3,0,android,EU
TCKT_046255,2023-04-06 10:02:42,CUST_09414,enterprise,chat,analytics_dashboard,feature_request,medium,resolved,standard,Can you add an option to customize analytics dashboard?,Thanks for your feature suggestion. Our team is reviewing this and will follow up within 24 hours.,Captured the request and added it to the product backlog.,15.01,0,neutral,3,1,web,EU
TCKT_046325,2023-04-04 19:22:53,CUST_04037,small_business,in_app,api_integration,performance,low,resolved,gold,Queries in the api integration module are timing out.,We understand performance issues can be frustrating. We will look into this and get back to you within the next 48 hours.,Optimized queries and increased resource allocation.,34.37,0,neutral,3,0,web,EU
TCKT_046333,2023-04-25 08:38:08,CUST_00138,individual,phone_transcript,analytics_dashboard,how_to,low,open,platinum,Can you explain how to configure analytics dashboard properly?,Happy to help with your question. We will look into this and get back to you within the next 48 hours.,,,0,very_positive,5,0,api_client,APAC
TCKT_046356,2023-04-29 19:07:25,CUST_01868,education,in_app,billing,feature_request,medium,resolved,standard,Can you add an option to customize billing?,Thanks for your feature suggestion. Our team is reviewing this and will follow up within 24 hours.,Captured the request and added it to the product backlog.,36.39,0,very_positive,0,0,api_client,LATAM
TCKT_046381,2023-04-17 10:06:29,CUST_02367,small_business,in_app,data_export,billing_problem,low,closed_no_action,gold,My invoice amount is incorrect compared to the plan I selected.,Thanks for reaching out about the billing issue. We will look into this and get back to you within the next 48 hours.,Ticket closed without further action after no response from the customer.,98.68,0,neutral,4,0,web,LATAM
TCKT_046397,2023-04-15 01:30:27,CUST_09822,small_business,email,analytics_dashboard,security_concern,urgent,resolved,standard,There seems to be a vulnerability in the analytics dashboard functionality.,We take security very seriously. This has been escalated to our on-call team for immediate attention.,"Investigated logs, mitigated the issue, and updated security settings.",7.39,0,very_negative,1,0,web,EU
TCKT_046474,2023-04-12 09:09:23,CUST_08163,small_business,chat,analytics_dashboard,bug,high,closed_no_action,gold,I am seeing an error message when I click on analytics dashboard.,Thanks for reporting this bug. We are prioritizing this and will update you as soon as possible.,Ticket closed without further action after no response from the customer.,33.95,0,positive,0,0,web,APAC
TCKT_046527,2023-04-18 12:53:18,CUST_04480,individual,chat,notifications,billing_problem,low,closed_no_action,gold,I was charged twice for my subscription this month.,Thanks for reaching out about the billing issue. We will look into this and get back to you within the next 48 hours.,Ticket closed without further action after no response from the customer.,132.62,0,neutral,4,0,web,
TCKT_046532,2023-04-23 20:27:53,CUST_01054,non_profit,phone_transcript,data_export,feature_request,low,resolved,platinum,Can you add an option to customize data export?,Thanks for your feature suggestion. We will look into this and get back to you within the next 48 hours.,Captured the request and added it to the product backlog.,69.08,0,neutral,0,0,web,APAC
TCKT_046556,2023-04-08 01:17:56,CUST_04123,education,in_app,analytics_dashboard,billing_problem,medium,resolved,gold,My invoice amount is incorrect compared to the plan I selected.,Thanks for reaching out about the billing issue. Our team is reviewing this and will follow up within 24 hours.,Adjusted the invoice and issued a refund where applicable.,19.15,0,positive,0,0,web,LATAM
TCKT_046563,2023-04-29 01:10:01,CUST_08082,non_profit,email,mobile_app,how_to,low,in_progress,gold,How can I export my data from the mobile app section?,Happy to help with your question. We will look into this and get back to you within the next 48 hours.,,,0,neutral,4,0,desktop_app,
TCKT_046564,2023-04-18 04:30:11,CUST_02940,individual,phone_transcript,api_integration,bug,medium,in_progress,standard,I am seeing an error message when I click on api integration.,Thanks for reporting this bug. Our team is reviewing this and will follow up within 24 hours.,,,0,positive,4,0,desktop_app,EU
TCKT_046594,2023-04-09 00:23:30,CUST_02066,small_business,chat,api_integration,account_access,low,in_progress,gold,I cannot log in; the system says my password is incorrect.,Sorry to hear you're having trouble accessing your account. We will look into this and get back to you within the next 48 hours.,,,0,neutral,0,0,ios,
TCKT_046700,2023-04-11 03:42:56,CUST_04465,small_business,chat,api_integration,bug,medium,on_hold,standard,I am seeing an error message when I click on api integration.,Thanks for reporting this bug. Our team is reviewing this and will follow up within 24 hours.,,,0,very_negative,0,1,api_client,APAC
TCKT_046787,2023-04-01 07:08:58,CUST_00629,enterprise,web_form,billing,other,medium,resolved,standard,"Something seems off, can you please check my workspace?",Thanks for contacting support. Our team is reviewing this and will follow up within 24 hours.,Provided general guidance and confirmed the issue was resolved.,23.12,0,positive,0,0,desktop_app,MEA
TCKT_046792,2023-04-09 15:08:18,CUST_00306,non_profit,web_form,notifications,feature_request,medium,in_progress,standard,Our team needs more advanced options for notifications.,Thanks for your feature suggestion. Our team is reviewing this and will follow up within 24 hours.,,,0,very_positive,5,0,android,MEA
TCKT_046803,2023-04-26 15:59:47,CUST_02348,individual,chat,data_export,other,medium,closed_no_action,gold,"Something seems off, can you please check my workspace?",Thanks for contacting support. Our team is reviewing this and will follow up within 24 hours.,Ticket closed without further action after no response from the customer.,151.62,0,neutral,3,0,ios,LATAM
TCKT_046819,2023-04-17 08:55:57,CUST_08973,enterprise,chat,notifications,other,low,resolved,gold,I have a general question about my account.,Thanks for contacting support. We will look into this and get back to you within the next 48 hours.,Provided general guidance and confirmed the issue was resolved.,60.05,0,negative,0,0,ios,APAC
TCKT_046833,2023-04-17 15:38:11,CUST_09682,small_business,web_form,data_export,account_access,medium,closed_no_action,gold,My 2FA code is not working when I try to sign in.,Sorry to hear you're having trouble accessing your account. Our team is reviewing this and will follow up within 24 hours.,Ticket closed without further action after no response from the customer.,182.39,0,negative,0,1,api_client,APAC
TCKT_046887,2023-04-04 08:53:18,CUST_08738,non_profit,in_app,billing,feature_request,medium,resolved,standard,It would be great to have billing support in your product.,Thanks for your feature suggestion. Our team is reviewing this and will follow up within 24 hours.,Captured the request and added it to the product backlog.,34.82,0,positive,0,0,web,MEA
TCKT_046914,2023-04-17 05:26:38,CUST_04942,individual,email,api_integration,bug,high,in_progress,standard,The page keeps crashing whenever I try to open the api integration section.,Thanks for reporting this bug. We are prioritizing this and will update you as soon as possible.,,,0,neutral,0,0,api_client,EU
TCKT_046933,2023-04-09 19:15:14,CUST_05087,individual,in_app,notifications,performance,medium,in_progress,standard,Overall performance has degraded in the last few days.,We understand performance issues can be frustrating. Our team is reviewing this and will follow up within 24 hours.,,,0,negative,2,0,android,LATAM
TCKT_046987,2023-04-06 04:15:38,CUST_04150,education,phone_transcript,mobile_app,performance,medium,resolved,standard,Overall performance has degraded in the last few days.,We understand performance issues can be frustrating. Our team is reviewing this and will follow up within 24 hours.,Optimized queries and increased resource allocation.,28.81,0,neutral,0,0,android,APAC
TCKT_047033,2023-04-05 03:51:17,CUST_01365,education,in_app,analytics_dashboard,billing_problem,medium,resolved,standard,I was charged twice for my subscription this month.,Thanks for reaching out about the billing issue. Our team is reviewing this and will follow up within 24 hours.,Adjusted the invoice and issued a refund where applicable.,33.61,0,neutral,4,0,android,APAC
TCKT_047120,2023-04-24 02:23:31,CUST_04868,non_profit,phone_transcript,mobile_app,other,low,resolved,standard,I have a general question about my account.,Thanks for contacting support. We will look into this and get back to you within the next 48 hours.,Provided general guidance and confirmed the issue was resolved.,66.93,0,neutral,3,1,web,LATAM
TCKT_047247,2023-04-09 05:09:09,CUST_06723,enterprise,web_form,mobile_app,account_access,medium,resolved,gold,I cannot log in; the system says my password is incorrect.,Sorry to hear you're having trouble accessing your account. Our team is reviewing this and will follow up within 24 hours.,Reset account credentials and confirmed successful login.,9.07,0,negative,0,0,ios,APAC
TCKT_047276,2023-04-09 04:54:07,CUST_04309,small_business,web_form,login_auth,feature_request,low,resolved,standard,Can you add an option to customize login auth?,Thanks for your feature suggestion. We will look into this and get back to you within the next 48 hours.,Captured the request and added it to the product backlog.,27.68,0,positive,0,0,ios,LATAM
TCKT_047339,2023-04-23 21:08:19,CUST_02154,small_business,chat,analytics_dashboard,security_concern,low,resolved,gold,There seems to be a vulnerability in the analytics dashboard functionality.,We take security very seriously. We will look into this and get back to you within the next 48 hours.,"Investigated logs, mitigated the issue, and updated security settings.",49.58,0,negative,2,1,ios,
TCKT_047463,2023-04-28 10:37:11,CUST_02989,education,chat,data_export,account_access,medium,open,gold,I cannot log in; the system says my password is incorrect.,Sorry to hear you're having trouble accessing your account. Our team is reviewing this and will follow up within 24 hours.,,,0,very_positive,5,0,android,LATAM
TCKT_047550,2023-04-22 23:53:23,CUST_00784,enterprise,email,login_auth,other,medium,resolved,standard,I need help but I'm not sure which category this fits in.,Thanks for contacting support. Our team is reviewing this and will follow up within 24 hours.,Provided general guidance and confirmed the issue was resolved.,45.36,0,negative,0,0,desktop_app,
TCKT_047602,2023-04-07 13:21:44,CUST_09498,education,email,notifications,security_concern,high,open,standard,We need details about your data encryption and compliance.,We take security very seriously. We are prioritizing this and will update you as soon as possible.,,,0,very_negative,1,0,android,
TCKT_047627,2023-04-08 12:48:42,CUST_00253,small_business,chat,data_export,account_access,medium,resolved,standard,I cannot log in; the system says my password is incorrect.,Sorry to hear you're having trouble accessing your account. Our team is reviewing this and will follow up within 24 hours.,Reset account credentials and confirmed successful login.,32.57,0,very_negative,1,1,desktop_app,EU
TCKT_047640,2023-04-25 02:07:51,CUST_09162,small_business,chat,notifications,bug,medium,resolved,gold,The page keeps crashing whenever I try to open the notifications section.,Thanks for reporting this bug. Our team is reviewing this and will follow up within 24 hours.,Patched the bug and deployed a fix to production.,33.95,0,neutral,3,1,web,
TCKT_047657,2023-04-14 22:30:20,CUST_09307,non_profit,in_app,mobile_app,how_to,medium,resolved,standard,I need help setting up mobile app for my team.,Happy to help with your question. Our team is reviewing this and will follow up within 24 hours.,Provided step-by-step instructions and relevant documentation.,7.84,0,neutral,3,0,ios,
TCKT_047660,2023-04-27 02:49:18,CUST_03693,individual,web_form,billing,how_to,low,resolved,standard,Can you explain how to configure billing properly?,Happy to help with your question. We will look into this and get back to you within the next 48 hours.,Provided step-by-step instructions and relevant documentation.,46.56,0,negative,3,0,web,
TCKT_047671,2023-04-02 03:04:21,CUST_00702,education,email,mobile_app,bug,high,resolved,gold,I am seeing an error message when I click on mobile app.,Thanks for reporting this bug. We are prioritizing this and will update you as soon as possible.,Patched the bug and deployed a fix to production.,20.23,0,negative,2,1,web,APAC
TCKT_047698,2023-04-24 10:55:03,CUST_03584,non_profit,chat,login_auth,feature_request,high,resolved,standard,Our team needs more advanced options for login auth.,Thanks for your feature suggestion. We are prioritizing this and will update you as soon as possible.,Captured the request and added it to the product backlog.,12.49,0,neutral,3,0,desktop_app,APAC
TCKT_047856,2023-04-05 21:35:29,CUST_07043,small_business,email,notifications,other,low,on_hold,standard,"Something seems off, can you please check my workspace?",Thanks for contacting support. We will look into this and get back to you within the next 48 hours.,,,0,neutral,4,0,ios,EU
TCKT_047890,2023-04-21 09:04:28,CUST_04075,individual,chat,api_integration,account_access,medium,resolved,standard,My 2FA code is not working when I try to sign in.,Sorry to hear you're having trouble accessing your account. Our team is reviewing this and will follow up within 24 hours.,Reset account credentials and confirmed successful login.,20.5,0,neutral,0,0,android,
TCKT_047916,2023-04-28 04:11:31,CUST_03492,education,phone_transcript,login_auth,feature_request,low,resolved,standard,It would be great to have login auth support in your product.,Thanks for your feature suggestion. We will look into this and get back to you within the next 48 hours.,Captured the request and added it to the product backlog.,13.42,0,positive,4,0,web,MEA
TCKT_047978,2023-04-11 04:36:45,CUST_01963,individual,in_app,mobile_app,other,low,resolved,standard,"Something seems off, can you please check my workspace?",Thanks for contacting support. We will look into this and get back to you within the next 48 hours.,Provided general guidance and confirmed the issue was resolved.,40.08,0,neutral,4,0,web,EU
TCKT_047997,2023-04-28 02:24:31,CUST_07859,non_profit,email,notifications,bug,low,in_progress,standard,I am seeing an error message when I click on notifications.,Thanks for reporting this bug. We will look into this and get back to you within the next 48 hours.,,,0,negative,2,0,android,
TCKT_048112,2023-04-05 21:51:01,CUST_08498,education,in_app,login_auth,security_concern,medium,resolved,standard,I noticed a suspicious login on my account.,We take security very seriously. Our team is reviewing this and will follow up within 24 hours.,"Investigated logs, mitigated the issue, and updated security settings.",25.99,0,negative,0,0,android,LATAM
TCKT_048128,2023-04-22 22:52:51,CUST_00524,small_business,chat,billing,bug,low,resolved,standard,I am seeing an error message when I click on billing.,Thanks for reporting this bug. We will look into this and get back to you within the next 48 hours.,Patched the bug and deployed a fix to production.,53.99,0,neutral,0,0,ios,MEA
TCKT_048205,2023-04-24 03:01:30,CUST_08796,non_profit,web_form,analytics_dashboard,performance,low,on_hold,standard,Queries in the analytics dashboard module are timing out.,We understand performance issues can be frustrating. We will look into this and get back to you within the next 48 hours.,,,0,neutral,0,0,android,EU
TCKT_048294,2023-04-10 22:36:49,CUST_09887,individual,phone_transcript,data_export,billing_problem,medium,resolved,standard,I was charged twice for my subscription this month.,Thanks for reaching out about the billing issue. Our team is reviewing this and will follow up within 24 hours.,Adjusted the invoice and issued a refund where applicable.,35.85,0,neutral,4,0,ios,LATAM
TCKT_048313,2023-04-14 10:29:03,CUST_02509,small_business,in_app,mobile_app,billing_problem,low,closed_no_action,gold,I was charged twice for my subscription this month.,Thanks for reaching out about the billing issue. We will look into this and get back to you within the next 48 hours.,Ticket closed without further action after no response from the customer.,59.03,0,neutral,4,0,web,MEA
TCKT_048452,2023-04-15 03:55:39,CUST_03083,non_profit,chat,notifications,bug,medium,resolved,standard,I am seeing an error message when I click on notifications.,Thanks for reporting this bug. Our team is reviewing this and will follow up within 24 hours.,Patched the bug and deployed a fix to production.,10.78,0,very_negative,0,0,web,
TCKT_048498,2023-04-17 18:12:49,CUST_06451,individual,in_app,billing,other,high,resolved,standard,I have a general question about my account.,Thanks for contacting support. We are prioritizing this and will update you as soon as possible.,Provided general guidance and confirmed the issue was resolved.,22.48,0,neutral,3,0,web,EU
TCKT_048619,2023-04-13 01:09:41,CUST_02066,enterprise,in_app,billing,billing_problem,low,resolved,gold,I was charged twice for my subscription this month.,Thanks for reaching out about the billing issue. We will look into this and get back to you within the next 48 hours.,Adjusted the invoice and issued a refund where applicable.,16.87,0,neutral,3,0,android,APAC
TCKT_048699,2023-04-25 10:17:14,CUST_09427,small_business,in_app,login_auth,billing_problem,medium,in_progress,standard,I was charged twice for my subscription this month.,Thanks for reaching out about the billing issue. Our team is reviewing this and will follow up within 24 hours.,,,0,negative,3,1,android,EU
TCKT_048732,2023-04-27 09:59:56,CUST_05610,individual,in_app,notifications,billing_problem,low,resolved,standard,I was charged twice for my subscription this month.,Thanks for reaching out about the billing issue. We will look into this and get back to you within the next 48 hours.,Adjusted the invoice and issued a refund where applicable.,66.55,0,neutral,3,1,desktop_app,LATAM
TCKT_048749,2023-04-24 16:47:55,CUST_06154,enterprise,email,billing,performance,low,open,standard,Queries in the billing module are timing out.,We understand performance issues can be frustrating. We will look into this and get back to you within the next 48 hours.,,,0,very_negative,2,0,desktop_app,
TCKT_048779,2023-04-17 02:51:16,CUST_00494,small_business,email,notifications,how_to,high,on_hold,standard,Can you explain how to configure notifications properly?,Happy to help with your question. We are prioritizing this and will update you as soon as possible.,,,0,neutral,4,1,android,LATAM
TCKT_048799,2023-04-30 14:52:55,CUST_00363,small_business,web_form,login_auth,billing_problem,medium,resolved,platinum,I was charged twice for my subscription this month.,Thanks for reaching out about the billing issue. Our team is reviewing this and will follow up within 24 hours.,Adjusted the invoice and issued a refund where applicable.,28.3,0,negative,2,0,ios,LATAM
TCKT_048816,2023-04-18 01:18:44,CUST_08121,small_business,email,mobile_app,performance,low,resolved,standard,Queries in the mobile app module are timing out.,We understand performance issues can be frustrating. We will look into this and get back to you within the next 48 hours.,Optimized queries and increased resource allocation.,40.3,0,very_negative,1,1,desktop_app,LATAM
TCKT_048840,2023-04-19 00:51:30,CUST_08087,enterprise,phone_transcript,mobile_app,performance,medium,in_progress,gold,Overall performance has degraded in the last few days.,We understand performance issues can be frustrating. Our team is reviewing this and will follow up within 24 hours.,,,0,very_negative,2,0,api_client,APAC
TCKT_048850,2023-04-28 19:34:57,CUST_07580,individual,email,data_export,performance,low,resolved,platinum,The data export page is very slow and takes a long time to load.,We understand performance issues can be frustrating. We will look into this and get back to you within the next 48 hours.,Optimized queries and increased resource allocation.,37.8,0,neutral,0,0,android,
TCKT_048871,2023-04-18 22:19:37,CUST_08568,education,in_app,notifications,how_to,medium,closed_no_action,gold,How can I export my data from the notifications section?,Happy to help with your question. Our team is reviewing this and will follow up within 24 hours.,Ticket closed without further action after no response from the customer.,234.66,0,very_negative,2,0,api_client,APAC
TCKT_048881,2023-04-16 18:26:18,CUST_00522,individual,chat,api_integration,billing_problem,low,closed_no_action,platinum,I was charged twice for my subscription this month.,Thanks for reaching out about the billing issue. We will look into this and get back to you within the next 48 hours.,Ticket closed without further action after no response from the customer.,131.91,0,negative,0,1,ios,MEA
TCKT_048886,2023-04-15 17:41:31,CUST_01090,individual,web_form,login_auth,account_access,high,in_progress,gold,My account was locked after multiple failed login attempts.,Sorry to hear you're having trouble accessing your account. We are prioritizing this and will update you as soon as possible.,,,0,very_positive,5,0,android,MEA
TCKT_048939,2023-04-05 00:15:26,CUST_08101,small_business,web_form,data_export,billing_problem,high,in_progress,gold,I was charged twice for my subscription this month.,Thanks for reaching out about the billing issue. We are prioritizing this and will update you as soon as possible.,,,0,neutral,3,1,ios,EU
TCKT_048961,2023-04-14 12:47:56,CUST_04945,enterprise,in_app,billing,bug,low,resolved,gold,The billing feature is not saving my changes.,Thanks for reporting this bug. We will look into this and get back to you within the next 48 hours.,Patched the bug and deployed a fix to production.,27.32,0,neutral,3,1,android,MEA
TCKT_049003,2023-04-04 04:05:38,CUST_07304,enterprise,chat,mobile_app,bug,low,on_hold,standard,The mobile app feature is not saving my changes.,Thanks for reporting this bug. We will look into this and get back to you within the next 48 hours.,,,0,neutral,0,0,desktop_app,
TCKT_049047,2023-04-18 20:36:18,CUST_01583,individual,web_form,notifications,how_to,medium,on_hold,standard,I need help setting up notifications for my team.,Happy to help with your question. Our team is reviewing this and will follow up within 24 hours.,,,0,positive,5,0,ios,MEA
TCKT_049075,2023-04-16 23:47:16,CUST_01472,education,chat,billing,bug,low,resolved,standard,The billing feature is not saving my changes.,Thanks for reporting this bug. We will look into this and get back to you within the next 48 hours.,Patched the bug and deployed a fix to production.,39.3,0,negative,2,1,desktop_app,
TCKT_049081,2023-04-12 12:40:14,CUST_06660,education,web_form,api_integration,security_concern,high,resolved,gold,I noticed a suspicious login on my account.,We take security very seriously. We are prioritizing this and will update you as soon as possible.,"Investigated logs, mitigated the issue, and updated security settings.",8.68,1,very_negative,0,1,web,MEA
TCKT_049092,2023-04-29 16:38:18,CUST_03126,individual,chat,data_export,how_to,high,in_progress,standard,Can you explain how to configure data export properly?,Happy to help with your question. We are prioritizing this and will update you as soon as possible.,,,0,neutral,3,0,web,
TCKT_049096,2023-04-07 12:37:50,CUST_05973,enterprise,phone_transcript,analytics_dashboard,performance,low,in_progress,gold,Overall performance has degraded in the last few days.,We understand performance issues can be frustrating. We will look into this and get back to you within the next 48 hours.,,,0,very_negative,1,1,api_client,APAC
TCKT_049184,2023-04-24 19:30:49,CUST_03482,education,chat,api_integration,bug,high,resolved,standard,I am seeing an error message when I click on api integration.,Thanks for reporting this bug. We are prioritizing this and will update you as soon as possible.,Patched the bug and deployed a fix to production.,19.31,0,negative,2,1,desktop_app,EU
TCKT_049202,2023-04-28 00:07:13,CUST_08882,small_business,email,analytics_dashboard,bug,low,in_progress,standard,The page keeps crashing whenever I try to open the analytics dashboard section.,Thanks for reporting this bug. We will look into this and get back to you within the next 48 hours.,,,0,negative,3,0,api_client,
TCKT_049226,2023-04-22 22:44:45,CUST_07263,non_profit,web_form,billing,account_access,medium,resolved,standard,My account was locked after multiple failed login attempts.,Sorry to hear you're having trouble accessing your account. Our team is reviewing this and will follow up within 24 hours.,Reset account credentials and confirmed successful login.,23.91,0,negative,2,1,web,MEA
TCKT_049291,2023-04-14 11:36:40,CUST_07193,education,web_form,api_integration,security_concern,low,in_progress,gold,We need details about your data encryption and compliance.,We take security very seriously. We will look into this and get back to you within the next 48 hours.,,,0,neutral,3,0,desktop_app,LATAM
TCKT_049340,2023-04-05 06:52:17,CUST_09906,non_profit,phone_transcript,api_integration,other,high,resolved,standard,"Something seems off, can you please check my workspace?",Thanks for contacting support. We are prioritizing this and will update you as soon as possible.,Provided general guidance and confirmed the issue was resolved.,1.5,0,negative,3,0,desktop_app,MEA
TCKT_049471,2023-04-08 10:44:04,CUST_03695,education,email,mobile_app,how_to,low,in_progress,standard,Can you explain how to configure mobile app properly?,Happy to help with your question. We will look into this and get back to you within the next 48 hours.,,,0,very_positive,5,0,android,EU
TCKT_049479,2023-04-03 20:31:57,CUST_08311,individual,web_form,billing,bug,low,in_progress,standard,The billing feature is not saving my changes.,Thanks for reporting this bug. We will look into this and get back to you within the next 48 hours.,,,0,positive,4,0,android,
TCKT_049483,2023-04-24 05:02:09,CUST_04186,enterprise,in_app,notifications,security_concern,medium,on_hold,standard,There seems to be a vulnerability in the notifications functionality.,We take security very seriously. Our team is reviewing this and will follow up within 24 hours.,,,0,negative,2,0,android,MEA
TCKT_049518,2023-04-11 05:24:56,CUST_00163,small_business,in_app,billing,account_access,low,resolved,standard,My account was locked after multiple failed login attempts.,Sorry to hear you're having trouble accessing your account. We will look into this and get back to you within the next 48 hours.,Reset account credentials and confirmed successful login.,48.97,0,negative,3,0,api_client,
TCKT_049524,2023-04-09 12:27:13,CUST_00253,non_profit,in_app,login_auth,feature_request,high,on_hold,standard,It would be great to have login auth support in your product.,Thanks for your feature suggestion. We are prioritizing this and will update you as soon as possible.,,,0,positive,0,1,ios,LATAM
TCKT_049525,2023-04-18 15:49:34,CUST_08073,education,in_app,api_integration,security_concern,medium,resolved,platinum,I noticed a suspicious login on my account.,We take security very seriously. Our team is reviewing this and will follow up within 24 hours.,"Investigated logs, mitigated the issue, and updated security settings.",23.01,0,very_negative,2,1,desktop_app,
TCKT_049533,2023-04-13 23:22:43,CUST_03645,individual,email,login_auth,account_access,low,in_progress,standard,My 2FA code is not working when I try to sign in.,Sorry to hear you're having trouble accessing your account. We will look into this and get back to you within the next 48 hours.,,,0,very_negative,2,0,desktop_app,EU
TCKT_049560,2023-04-04 18:38:55,CUST_07305,non_profit,email,login_auth,other,medium,resolved,standard,I need help but I'm not sure which category this fits in.,Thanks for contacting support. Our team is reviewing this and will follow up within 24 hours.,Provided general guidance and confirmed the issue was resolved.,22.31,0,positive,0,0,api_client,MEA
TCKT_049715,2023-04-30 19:33:40,CUST_07781,enterprise,chat,analytics_dashboard,billing_problem,medium,resolved,platinum,My invoice amount is incorrect compared to the plan I selected.,Thanks for reaching out about the billing issue. Our team is reviewing this and will follow up within 24 hours.,Adjusted the invoice and issued a refund where applicable.,31.77,0,neutral,4,0,android,LATAM
TCKT_049769,2023-04-06 02:57:36,CUST_01164,individual,phone_transcript,analytics_dashboard,bug,low,resolved,gold,I am seeing an error message when I click on analytics dashboard.,Thanks for reporting this bug. We will look into this and get back to you within the next 48 hours.,Patched the bug and deployed a fix to production.,29.43,0,neutral,4,0,android,
TCKT_049836,2023-04-14 04:03:54,CUST_09933,enterprise,phone_transcript,api_integration,security_concern,low,in_progress,gold,We need details about your data encryption and compliance.,We take security very seriously. We will look into this and get back to you within the next 48 hours.,,,0,neutral,0,1,api_client,
TCKT_049908,2023-04-06 10:09:44,CUST_08305,non_profit,web_form,billing,security_concern,medium,closed_no_action,gold,We need details about your data encryption and compliance.,We take security very seriously. Our team is reviewing this and will follow up within 24 hours.,Ticket closed without further action after no response from the customer.,99.32,0,very_negative,2,0,api_client,
TCKT_050008,2023-04-17 06:06:45,CUST_02621,education,in_app,billing,billing_problem,medium,resolved,gold,I downgraded my plan but I am still being billed for the higher tier.,Thanks for reaching out about the billing issue. Our team is reviewing this and will follow up within 24 hours.,Adjusted the invoice and issued a refund where applicable.,19.98,0,neutral,0,0,api_client,
TCKT_050021,2023-04-13 00:31:54,CUST_00350,small_business,chat,notifications,security_concern,medium,resolved,gold,There seems to be a vulnerability in the notifications functionality.,We take security very seriously. Our team is reviewing this and will follow up within 24 hours.,"Investigated logs, mitigated the issue, and updated security settings.",10.11,0,negative,2,0,ios,MEA
TCKT_050058,2023-04-05 16:42:41,CUST_09565,education,web_form,analytics_dashboard,bug,low,resolved,standard,The analytics dashboard feature is not saving my changes.,Thanks for reporting this bug. We will look into this and get back to you within the next 48 hours.,Patched the bug and deployed a fix to production.,26.82,0,neutral,3,0,web,APAC
TCKT_050071,2023-04-04 06:18:04,CUST_06221,individual,chat,billing,how_to,low,open,standard,How can I export my data from the billing section?,Happy to help with your question. We will look into this and get back to you within the next 48 hours.,,,0,positive,4,0,web,MEA
TCKT_050098,2023-04-06 11:12:22,CUST_00095,small_business,in_app,notifications,other,low,resolved,standard,I have a general question about my account.,Thanks for contacting support. We will look into this and get back to you within the next 48 hours.,Provided general guidance and confirmed the issue was resolved.,40.93,0,very_negative,2,0,api_client,APAC
TCKT_050172,2023-04-14 06:35:56,CUST_06264,individual,web_form,data_export,how_to,medium,resolved,standard,I need help setting up data export for my team.,Happy to help with your question. Our team is reviewing this and will follow up within 24 hours.,Provided step-by-step instructions and relevant documentation.,36.79,0,positive,0,0,desktop_app,EU
TCKT_050350,2023-04-02 00:50:45,CUST_00822,education,chat,data_export,how_to,urgent,closed_no_action,standard,I need help setting up data export for my team.,Happy to help with your question. This has been escalated to our on-call team for immediate attention.,Ticket closed without further action after no response from the customer.,145.11,0,positive,4,0,web,LATAM
TCKT_050382,2023-04-12 20:42:46,CUST_03389,individual,in_app,analytics_dashboard,billing_problem,medium,resolved,platinum,My invoice amount is incorrect compared to the plan I selected.,Thanks for reaching out about the billing issue. Our team is reviewing this and will follow up within 24 hours.,Adjusted the invoice and issued a refund where applicable.,15.68,0,positive,4,0,api_client,LATAM
TCKT_050407,2023-04-20 06:37:45,CUST_02893,small_business,phone_transcript,api_integration,account_access,medium,resolved,gold,My account was locked after multiple failed login attempts.,Sorry to hear you're having trouble accessing your account. Our team is reviewing this and will follow up within 24 hours.,Reset account credentials and confirmed successful login.,21.48,0,very_negative,1,0,ios,APAC
TCKT_050537,2023-04-12 19:48:01,CUST_06394,enterprise,chat,analytics_dashboard,other,low,resolved,standard,I have a general question about my account.,Thanks for contacting support. We will look into this and get back to you within the next 48 hours.,Provided general guidance and confirmed the issue was resolved.,43.33,0,neutral,4,1,ios,LATAM
TCKT_050563,2023-04-08 14:57:13,CUST_05988,non_profit,web_form,login_auth,security_concern,medium,resolved,standard,There seems to be a vulnerability in the login auth functionality.,We take security very seriously. Our team is reviewing this and will follow up within 24 hours.,"Investigated logs, mitigated the issue, and updated security settings.",28.6,0,negative,0,0,web,LATAM
TCKT_050564,2023-04-08 20:55:43,CUST_07368,individual,chat,api_integration,feature_request,high,resolved,standard,It would be great to have api integration support in your product.,Thanks for your feature suggestion. We are prioritizing this and will update you as soon as possible.,Captured the request and added it to the product backlog.,3.41,0,neutral,4,0,desktop_app,EU
TCKT_050633,2023-04-01 17:53:46,CUST_02562,education,web_form,notifications,bug,low,resolved,standard,I am seeing an error message when I click on notifications.,Thanks for reporting this bug. We will look into this and get back to you within the next 48 hours.,Patched the bug and deployed a fix to production.,50.8,0,positive,0,0,desktop_app,
TCKT_050657,2023-04-24 03:20:03,CUST_01861,non_profit,phone_transcript,notifications,security_concern,low,open,standard,There seems to be a vulnerability in the notifications functionality.,We take security very seriously. We will look into this and get back to you within the next 48 hours.,,,0,negative,2,0,android,EU
TCKT_050687,2023-04-21 20:38:07,CUST_09158,individual,chat,mobile_app,account_access,medium,resolved,standard,My account was locked after multiple failed login attempts.,Sorry to hear you're having trouble accessing your account. Our team is reviewing this and will follow up within 24 hours.,Reset account credentials and confirmed successful login.,36.2,0,negative,3,0,api_client,
TCKT_050735,2023-04-13 16:35:53,CUST_07620,non_profit,web_form,api_integration,feature_request,low,resolved,platinum,Can you add an option to customize api integration?,Thanks for your feature suggestion. We will look into this and get back to you within the next 48 hours.,Captured the request and added it to the product backlog.,26.11,0,very_negative,2,1,web,LATAM
TCKT_050740,2023-04-25 20:18:20,CUST_07288,individual,chat,mobile_app,bug,low,resolved,standard,I am seeing an error message when I click on mobile app.,Thanks for reporting this bug. We will look into this and get back to you within the next 48 hours.,Patched the bug and deployed a fix to production.,22.44,0,positive,4,0,android,MEA
TCKT_050797,2023-04-25 13:50:44,CUST_02791,individual,web_form,login_auth,performance,high,resolved,platinum,Queries in the login auth module are timing out.,We understand performance issues can be frustrating. We are prioritizing this and will update you as soon as possible.,Optimized queries and increased resource allocation.,7.39,0,very_negative,2,0,android,EU
TCKT_050810,2023-04-11 10:22:09,CUST_01147,non_profit,phone_transcript,mobile_app,billing_problem,high,resolved,standard,My invoice amount is incorrect compared to the plan I selected.,Thanks for reaching out about the billing issue. We are prioritizing this and will update you as soon as possible.,Adjusted the invoice and issued a refund where applicable.,19.26,1,very_negative,0,0,desktop_app,
TCKT_050919,2023-04-19 03:41:40,CUST_01746,small_business,email,login_auth,bug,medium,in_progress,gold,The login auth feature is not saving my changes.,Thanks for reporting this bug. Our team is reviewing this and will follow up within 24 hours.,,,0,neutral,3,0,api_client,APAC
TCKT_050926,2023-04-19 21:09:20,CUST_05841,education,web_form,api_integration,feature_request,high,resolved,gold,Can you add an option to customize api integration?,Thanks for your feature suggestion. We are prioritizing this and will update you as soon as possible.,Captured the request and added it to the product backlog.,11.35,0,neutral,0,0,desktop_app,MEA
TCKT_050950,2023-04-28 16:39:15,CUST_03741,small_business,chat,analytics_dashboard,performance,low,in_progress,standard,The analytics dashboard page is very slow and takes a long time to load.,We understand performance issues can be frustrating. We will look into this and get back to you within the next 48 hours.,,,0,very_negative,1,0,api_client,APAC
TCKT_050967,2023-04-20 03:55:09,CUST_08911,enterprise,email,login_auth,account_access,low,closed_no_action,standard,My account was locked after multiple failed login attempts.,Sorry to hear you're having trouble accessing your account. We will look into this and get back to you within the next 48 hours.,Ticket closed without further action after no response from the customer.,31.9,0,negative,3,0,desktop_app,MEA
TCKT_050970,2023-04-03 17:13:38,CUST_07461,small_business,in_app,data_export,billing_problem,high,resolved,gold,My invoice amount is incorrect compared to the plan I selected.,Thanks for reaching out about the billing issue. We are prioritizing this and will update you as soon as possible.,Adjusted the invoice and issued a refund where applicable.,23.14,0,neutral,0,1,desktop_app,EU
TCKT_051029,2023-04-07 00:44:37,CUST_07174,small_business,in_app,analytics_dashboard,feature_request,medium,on_hold,standard,Our team needs more advanced options for analytics dashboard.,Thanks for your feature suggestion. Our team is reviewing this and will follow up within 24 hours.,,,0,positive,0,1,api_client,MEA
TCKT_051045,2023-04-19 00:07:56,CUST_06229,non_profit,phone_transcript,notifications,account_access,high,in_progress,standard,I cannot log in; the system says my password is incorrect.,Sorry to hear you're having trouble accessing your account. We are prioritizing this and will update you as soon as possible.,,,0,neutral,0,0,web,
TCKT_051049,2023-04-21 13:37:59,CUST_02052,small_business,email,data_export,bug,low,resolved,standard,The page keeps crashing whenever I try to open the data export section.,Thanks for reporting this bug. We will look into this and get back to you within the next 48 hours.,Patched the bug and deployed a fix to production.,42.03,0,neutral,3,0,android,MEA
TCKT_051177,2023-04-15 20:18:35,CUST_02206,education,chat,login_auth,security_concern,medium,resolved,standard,We need details about your data encryption and compliance.,We take security very seriously. Our team is reviewing this and will follow up within 24 hours.,"Investigated logs, mitigated the issue, and updated security settings.",45.44,0,negative,3,1,desktop_app,
TCKT_051203,2023-04-28 06:29:54,CUST_07474,non_profit,chat,billing,performance,high,resolved,standard,The billing page is very slow and takes a long time to load.,We understand performance issues can be frustrating. We are prioritizing this and will update you as soon as possible.,Optimized queries and increased resource allocation.,10.29,0,very_negative,0,0,ios,APAC
TCKT_051220,2023-04-25 00:34:38,CUST_08476,non_profit,chat,api_integration,feature_request,high,closed_no_action,gold,Our team needs more advanced options for api integration.,Thanks for your feature suggestion. We are prioritizing this and will update you as soon as possible.,Ticket closed without further action after no response from the customer.,128.39,0,positive,5,1,api_client,APAC
TCKT_051222,2023-04-26 12:14:13,CUST_03531,enterprise,email,api_integration,performance,high,in_progress,standard,The api integration page is very slow and takes a long time to load.,We understand performance issues can be frustrating. We are prioritizing this and will update you as soon as possible.,,,0,very_negative,2,0,web,APAC
TCKT_051239,2023-04-26 15:43:48,CUST_01636,education,email,data_export,security_concern,high,in_progress,standard,I noticed a suspicious login on my account.,We take security very seriously. We are prioritizing this and will update you as soon as possible.,,,0,very_negative,0,0,ios,EU
TCKT_051448,2023-04-07 07:46:39,CUST_03869,small_business,chat,api_integration,account_access,low,closed_no_action,standard,I cannot log in; the system says my password is incorrect.,Sorry to hear you're having trouble accessing your account. We will look into this and get back to you within the next 48 hours.,Ticket closed without further action after no response from the customer.,237.13,0,negative,3,0,desktop_app,EU
TCKT_051553,2023-04-30 19:21:43,CUST_05131,education,email,login_auth,feature_request,medium,closed_no_action,standard,Can you add an option to customize login auth?,Thanks for your feature suggestion. Our team is reviewing this and will follow up within 24 hours.,Ticket closed without further action after no response from the customer.,71.53,0,neutral,3,0,web,LATAM
TCKT_051723,2023-04-02 16:35:14,CUST_03914,individual,web_form,analytics_dashboard,security_concern,medium,resolved,standard,We need details about your data encryption and compliance.,We take security very seriously. Our team is reviewing this and will follow up within 24 hours.,"Investigated logs, mitigated the issue, and updated security settings.",11.13,0,very_negative,1,0,android,LATAM
TCKT_051742,2023-04-11 06:59:41,CUST_00582,non_profit,web_form,analytics_dashboard,account_access,low,resolved,standard,My 2FA code is not working when I try to sign in.,Sorry to hear you're having trouble accessing your account. We will look into this and get back to you within the next 48 hours.,Reset account credentials and confirmed successful login.,37.62,0,negative,2,0,android,LATAM
TCKT_051782,2023-04-21 07:57:41,CUST_07578,individual,in_app,mobile_app,billing_problem,high,resolved,standard,My invoice amount is incorrect compared to the plan I selected.,Thanks for reaching out about the billing issue. We are prioritizing this and will update you as soon as possible.,Adjusted the invoice and issued a refund where applicable.,14.71,0,very_negative,2,0,ios,LATAM
TCKT_051800,2023-04-29 19:08:43,CUST_08780,non_profit,email,notifications,security_concern,medium,on_hold,gold,I noticed a suspicious login on my account.,We take security very seriously. Our team is reviewing this and will follow up within 24 hours.,,,0,negative,3,0,desktop_app,
TCKT_051831,2023-04-08 17:59:43,CUST_01107,non_profit,web_form,mobile_app,feature_request,medium,on_hold,gold,Can you add an option to customize mobile app?,Thanks for your feature suggestion. Our team is reviewing this and will follow up within 24 hours.,,,0,positive,4,0,web,EU
TCKT_051854,2023-04-21 18:09:03,CUST_06317,education,email,api_integration,bug,medium,resolved,platinum,The page keeps crashing whenever I try to open the api integration section.,Thanks for reporting this bug. Our team is reviewing this and will follow up within 24 hours.,Patched the bug and deployed a fix to production.,40.92,0,neutral,4,0,web,EU
TCKT_051907,2023-04-12 07:33:47,CUST_00825,enterprise,in_app,billing,performance,low,resolved,gold,Queries in the billing module are timing out.,We understand performance issues can be frustrating. We will look into this and get back to you within the next 48 hours.,Optimized queries and increased resource allocation.,59.65,0,very_negative,2,0,desktop_app,APAC
TCKT_051963,2023-04-23 01:56:44,CUST_05366,education,email,billing,security_concern,medium,in_progress,standard,There seems to be a vulnerability in the billing functionality.,We take security very seriously. Our team is reviewing this and will follow up within 24 hours.,,,0,neutral,0,0,api_client,
TCKT_051977,2023-04-26 00:11:53,CUST_03352,education,chat,mobile_app,billing_problem,low,resolved,standard,I downgraded my plan but I am still being billed for the higher tier.,Thanks for reaching out about the billing issue. We will look into this and get back to you within the next 48 hours.,Adjusted the invoice and issued a refund where applicable.,64.07,0,negative,3,0,desktop_app,MEA
TCKT_052008,2023-04-22 10:46:39,CUST_04889,enterprise,in_app,analytics_dashboard,performance,low,open,gold,The analytics dashboard page is very slow and takes a long time to load.,We understand performance issues can be frustrating. We will look into this and get back to you within the next 48 hours.,,,0,negative,3,0,web,APAC
TCKT_052016,2023-04-06 04:14:40,CUST_02179,non_profit,email,billing,performance,low,resolved,standard,Queries in the billing module are timing out.,We understand performance issues can be frustrating. We will look into this and get back to you within the next 48 hours.,Optimized queries and increased resource allocation.,16.52,0,negative,0,1,desktop_app,MEA
TCKT_052059,2023-04-29 20:02:22,CUST_01993,education,web_form,data_export,security_concern,low,in_progress,platinum,We need details about your data encryption and compliance.,We take security very seriously. We will look into this and get back to you within the next 48 hours.,,,0,neutral,4,1,ios,LATAM
TCKT_052072,2023-04-16 03:24:58,CUST_05447,individual,in_app,api_integration,performance,medium,resolved,gold,Queries in the api integration module are timing out.,We understand performance issues can be frustrating. Our team is reviewing this and will follow up within 24 hours.,Optimized queries and increased resource allocation.,4.66,1,very_positive,5,0,desktop_app,EU
TCKT_052084,2023-04-17 08:24:26,CUST_01178,non_profit,chat,api_integration,security_concern,low,in_progress,gold,We need details about your data encryption and compliance.,We take security very seriously. We will look into this and get back to you within the next 48 hours.,,,0,neutral,3,0,web,EU
TCKT_052164,2023-04-18 09:52:00,CUST_02117,education,email,login_auth,feature_request,low,closed_no_action,gold,Can you add an option to customize login auth?,Thanks for your feature suggestion. We will look into this and get back to you within the next 48 hours.,Ticket closed without further action after no response from the customer.,70.53,0,neutral,3,0,desktop_app,LATAM
TCKT_052170,2023-04-05 10:04:16,CUST_07466,education,web_form,mobile_app,other,low,resolved,standard,I have a general question about my account.,Thanks for contacting support. We will look into this and get back to you within the next 48 hours.,Provided general guidance and confirmed the issue was resolved.,31.51,0,neutral,0,1,api_client,LATAM
TCKT_052229,2023-04-04 18:46:52,CUST_03209,individual,chat,notifications,bug,medium,resolved,standard,The page keeps crashing whenever I try to open the notifications section.,Thanks for reporting this bug. Our team is reviewing this and will follow up within 24 hours.,Patched the bug and deployed a fix to production.,10.2,0,neutral,0,0,web,
TCKT_052276,2023-04-30 16:57:49,CUST_08767,small_business,chat,data_export,billing_problem,medium,on_hold,standard,I was charged twice for my subscription this month.,Thanks for reaching out about the billing issue. Our team is reviewing this and will follow up within 24 hours.,,,0,neutral,0,0,api_client,LATAM
TCKT_052277,2023-04-27 07:16:16,CUST_05068,education,phone_transcript,notifications,security_concern,low,in_progress,gold,I noticed a suspicious login on my account.,We take security very seriously. We will look into this and get back to you within the next 48 hours.,,,0,negative,0,0,android,APAC
TCKT_052429,2023-04-15 09:22:41,CUST_03969,small_business,in_app,notifications,how_to,medium,on_hold,standard,Can you explain how to configure notifications properly?,Happy to help with your question. Our team is reviewing this and will follow up within 24 hours.,,,0,very_positive,5,1,api_client,APAC
TCKT_052463,2023-04-24 07:28:19,CUST_05864,education,chat,api_integration,how_to,low,closed_no_action,gold,How can I export my data from the api integration section?,Happy to help with your question. We will look into this and get back to you within the next 48 hours.,Ticket closed without further action after no response from the customer.,43.21,0,negative,3,0,web,LATAM
TCKT_052487,2023-04-24 19:47:25,CUST_05045,individual,email,data_export,how_to,medium,on_hold,standard,I need help setting up data export for my team.,Happy to help with your question. Our team is reviewing this and will follow up within 24 hours.,,,1,positive,5,0,api_client,
TCKT_052551,2023-04-13 16:23:31,CUST_05205,non_profit,web_form,login_auth,bug,low,resolved,gold,I am seeing an error message when I click on login auth.,Thanks for reporting this bug. We will look into this and get back to you within the next 48 hours.,Patched the bug and deployed a fix to production.,21.33,0,very_negative,0,1,ios,MEA
TCKT_052616,2023-04-29 18:57:39,CUST_03907,individual,in_app,billing,other,medium,in_progress,standard,I need help but I'm not sure which category this fits in.,Thanks for contacting support. Our team is reviewing this and will follow up within 24 hours.,,,0,neutral,0,1,api_client,APAC
TCKT_052640,2023-04-07 20:53:59,CUST_09423,individual,phone_transcript,mobile_app,how_to,medium,resolved,standard,How can I export my data from the mobile app section?,Happy to help with your question. Our team is reviewing this and will follow up within 24 hours.,Provided step-by-step instructions and relevant documentation.,37.48,0,very_positive,0,0,ios,LATAM
TCKT_052702,2023-04-10 03:41:20,CUST_06998,enterprise,in_app,notifications,security_concern,low,in_progress,gold,We need details about your data encryption and compliance.,We take security very seriously. We will look into this and get back to you within the next 48 hours.,,,0,neutral,0,0,android,
TCKT_052753,2023-04-11 03:57:16,CUST_09516,individual,email,api_integration,billing_problem,medium,on_hold,standard,I was charged twice for my subscription this month.,Thanks for reaching out about the billing issue. Our team is reviewing this and will follow up within 24 hours.,,,0,negative,3,0,ios,APAC
TCKT_052755,2023-04-20 02:09:22,CUST_06200,education,email,mobile_app,bug,low,open,gold,I am seeing an error message when I click on mobile app.,Thanks for reporting this bug. We will look into this and get back to you within the next 48 hours.,,,1,neutral,4,0,web,
TCKT_052790,2023-04-17 18:46:00,CUST_03445,non_profit,web_form,notifications,billing_problem,low,on_hold,standard,My invoice amount is incorrect compared to the plan I selected.,Thanks for reaching out about the billing issue. We will look into this and get back to you within the next 48 hours.,,,0,negative,3,0,api_client,APAC
TCKT_052809,2023-04-22 14:49:26,CUST_05186,education,email,billing,account_access,low,resolved,gold,My account was locked after multiple failed login attempts.,Sorry to hear you're having trouble accessing your account. We will look into this and get back to you within the next 48 hours.,Reset account credentials and confirmed successful login.,65.69,0,neutral,0,0,ios,MEA
TCKT_052889,2023-04-17 21:20:47,CUST_09921,small_business,web_form,mobile_app,security_concern,medium,open,standard,I noticed a suspicious login on my account.,We take security very seriously. Our team is reviewing this and will follow up within 24 hours.,,,0,negative,2,0,android,EU
TCKT_052934,2023-04-03 18:54:25,CUST_04452,individual,phone_transcript,analytics_dashboard,security_concern,urgent,resolved,standard,We need details about your data encryption and compliance.,We take security very seriously. This has been escalated to our on-call team for immediate attention.,"Investigated logs, mitigated the issue, and updated security settings.",3.49,0,very_negative,2,1,ios,
TCKT_052999,2023-04-27 10:29:44,CUST_02468,small_business,phone_transcript,billing,other,high,resolved,gold,I need help but I'm not sure which category this fits in.,Thanks for contacting support. We are prioritizing this and will update you as soon as possible.,Provided general guidance and confirmed the issue was resolved.,20.55,0,very_positive,5,1,desktop_app,LATAM
TCKT_053028,2023-04-30 01:36:20,CUST_06591,education,in_app,data_export,feature_request,high,in_progress,standard,Can you add an option to customize data export?,Thanks for your feature suggestion. We are prioritizing this and will update you as soon as possible.,,,0,neutral,3,1,desktop_app,MEA
TCKT_053107,2023-04-27 17:34:18,CUST_05172,enterprise,in_app,billing,billing_problem,medium,resolved,standard,I was charged twice for my subscription this month.,Thanks for reaching out about the billing issue. Our team is reviewing this and will follow up within 24 hours.,Adjusted the invoice and issued a refund where applicable.,7.82,0,very_negative,1,0,desktop_app,APAC
TCKT_053113,2023-04-29 01:23:09,CUST_03949,non_profit,web_form,analytics_dashboard,bug,medium,closed_no_action,standard,The analytics dashboard feature is not saving my changes.,Thanks for reporting this bug. Our team is reviewing this and will follow up within 24 hours.,Ticket closed without further action after no response from the customer.,126.29,0,negative,2,0,ios,MEA
TCKT_053216,2023-04-19 01:23:14,CUST_00118,small_business,email,billing,billing_problem,high,resolved,standard,I downgraded my plan but I am still being billed for the higher tier.,Thanks for reaching out about the billing issue. We are prioritizing this and will update you as soon as possible.,Adjusted the invoice and issued a refund where applicable.,17.92,0,very_negative,0,1,desktop_app,APAC
TCKT_053271,2023-04-17 19:34:29,CUST_00779,enterprise,web_form,analytics_dashboard,how_to,medium,open,gold,How can I export my data from the analytics dashboard section?,Happy to help with your question. Our team is reviewing this and will follow up within 24 hours.,,,0,very_positive,0,0,android,
TCKT_053299,2023-04-22 13:01:22,CUST_02139,non_profit,email,api_integration,account_access,high,open,gold,My 2FA code is not working when I try to sign in.,Sorry to hear you're having trouble accessing your account. We are prioritizing this and will update you as soon as possible.,,,0,negative,2,0,api_client,APAC
TCKT_053346,2023-04-02 02:11:04,CUST_03499,education,web_form,mobile_app,security_concern,urgent,resolved,standard,There seems to be a vulnerability in the mobile app functionality.,We take security very seriously. This has been escalated to our on-call team for immediate attention.,"Investigated logs, mitigated the issue, and updated security settings.",7.18,0,very_negative,0,0,android,
TCKT_053373,2023-04-03 14:10:36,CUST_04927,education,phone_transcript,mobile_app,billing_problem,medium,open,gold,I was charged twice for my subscription this month.,Thanks for reaching out about the billing issue. Our team is reviewing this and will follow up within 24 hours.,,,0,very_negative,2,0,web,EU
TCKT_053390,2023-04-30 19:40:01,CUST_02056,individual,web_form,notifications,account_access,low,resolved,standard,My account was locked after multiple failed login attempts.,Sorry to hear you're having trouble accessing your account. We will look into this and get back to you within the next 48 hours.,Reset account credentials and confirmed successful login.,8.68,0,negative,3,0,web,LATAM
TCKT_053433,2023-04-29 13:36:22,CUST_03883,enterprise,web_form,notifications,performance,low,open,standard,The notifications page is very slow and takes a long time to load.,We understand performance issues can be frustrating. We will look into this and get back to you within the next 48 hours.,,,0,neutral,4,0,ios,MEA
TCKT_053540,2023-04-30 14:43:48,CUST_02151,small_business,in_app,data_export,other,low,in_progress,standard,I have a general question about my account.,Thanks for contacting support. We will look into this and get back to you within the next 48 hours.,,,0,very_positive,0,0,web,
TCKT_053586,2023-04-07 03:36:23,CUST_09425,education,web_form,mobile_app,billing_problem,medium,in_progress,standard,I was charged twice for my subscription this month.,Thanks for reaching out about the billing issue. Our team is reviewing this and will follow up within 24 hours.,,,0,negative,0,0,api_client,APAC
TCKT_053609,2023-04-16 17:52:27,CUST_04803,enterprise,in_app,billing,security_concern,medium,resolved,gold,There seems to be a vulnerability in the billing functionality.,We take security very seriously. Our team is reviewing this and will follow up within 24 hours.,"Investigated logs, mitigated the issue, and updated security settings.",33.99,0,negative,3,0,desktop_app,LATAM
TCKT_053642,2023-04-22 10:55:19,CUST_07421,non_profit,in_app,billing,security_concern,high,resolved,standard,We need details about your data encryption and compliance.,We take security very seriously. We are prioritizing this and will update you as soon as possible.,"Investigated logs, mitigated the issue, and updated security settings.",23.48,0,very_negative,0,0,web,APAC
TCKT_053645,2023-04-10 16:26:02,CUST_05486,education,phone_transcript,login_auth,feature_request,medium,resolved,gold,Can you add an option to customize login auth?,Thanks for your feature suggestion. Our team is reviewing this and will follow up within 24 hours.,Captured the request and added it to the product backlog.,45.33,0,neutral,0,0,api_client,EU
TCKT_053713,2023-04-02 10:22:27,CUST_00627,education,phone_transcript,api_integration,performance,low,open,gold,The api integration page is very slow and takes a long time to load.,We understand performance issues can be frustrating. We will look into this and get back to you within the next 48 hours.,,,0,very_negative,0,0,api_client,EU
TCKT_053858,2023-04-30 16:42:13,CUST_03529,enterprise,in_app,mobile_app,performance,low,in_progress,standard,Queries in the mobile app module are timing out.,We understand performance issues can be frustrating. We will look into this and get back to you within the next 48 hours.,,,0,very_negative,1,0,api_client,MEA
TCKT_053964,2023-04-10 10:46:13,CUST_02875,individual,chat,data_export,feature_request,medium,resolved,standard,Can you add an option to customize data export?,Thanks for your feature suggestion. Our team is reviewing this and will follow up within 24 hours.,Captured the request and added it to the product backlog.,20.18,0,neutral,0,0,ios,
TCKT_053973,2023-04-30 07:26:28,CUST_00401,education,web_form,api_integration,security_concern,low,in_progress,standard,We need details about your data encryption and compliance.,We take security very seriously. We will look into this and get back to you within the next 48 hours.,,,0,negative,2,1,ios,
TCKT_054041,2023-04-15 16:38:33,CUST_02754,small_business,web_form,api_integration,billing_problem,low,resolved,platinum,My invoice amount is incorrect compared to the plan I selected.,Thanks for reaching out about the billing issue. We will look into this and get back to you within the next 48 hours.,Adjusted the invoice and issued a refund where applicable.,14.41,0,negative,3,1,desktop_app,LATAM
TCKT_054130,2023-04-04 23:37:27,CUST_01308,enterprise,chat,data_export,security_concern,medium,resolved,standard,There seems to be a vulnerability in the data export functionality.,We take security very seriously. Our team is reviewing this and will follow up within 24 hours.,"Investigated logs, mitigated the issue, and updated security settings.",31.95,0,negative,3,0,ios,MEA
TCKT_054168,2023-04-22 10:13:46,CUST_06351,enterprise,phone_transcript,mobile_app,how_to,low,resolved,gold,Can you explain how to configure mobile app properly?,Happy to help with your question. We will look into this and get back to you within the next 48 hours.,Provided step-by-step instructions and relevant documentation.,56.54,0,neutral,0,0,web,APAC
TCKT_054183,2023-04-03 19:19:06,CUST_00955,education,phone_transcript,mobile_app,account_access,low,closed_no_action,standard,My 2FA code is not working when I try to sign in.,Sorry to hear you're having trouble accessing your account. We will look into this and get back to you within the next 48 hours.,Ticket closed without further action after no response from the customer.,79.39,0,positive,5,0,api_client,EU
TCKT_054197,2023-04-04 08:22:59,CUST_08342,small_business,chat,notifications,feature_request,high,resolved,standard,Can you add an option to customize notifications?,Thanks for your feature suggestion. We are prioritizing this and will update you as soon as possible.,Captured the request and added it to the product backlog.,20.34,0,neutral,0,0,ios,EU
TCKT_054200,2023-04-18 08:19:00,CUST_02866,education,email,login_auth,bug,low,resolved,gold,I am seeing an error message when I click on login auth.,Thanks for reporting this bug. We will look into this and get back to you within the next 48 hours.,Patched the bug and deployed a fix to production.,16.16,0,neutral,3,0,web,
TCKT_054309,2023-04-24 15:52:45,CUST_04778,education,email,api_integration,feature_request,medium,in_progress,standard,Can you add an option to customize api integration?,Thanks for your feature suggestion. Our team is reviewing this and will follow up within 24 hours.,,,0,neutral,3,1,ios,APAC
TCKT_054353,2023-04-29 17:46:50,CUST_09929,enterprise,phone_transcript,notifications,feature_request,low,resolved,standard,Can you add an option to customize notifications?,Thanks for your feature suggestion. We will look into this and get back to you within the next 48 hours.,Captured the request and added it to the product backlog.,67.16,0,negative,0,1,ios,APAC
TCKT_054394,2023-04-07 22:11:05,CUST_06803,education,chat,login_auth,performance,low,closed_no_action,gold,Overall performance has degraded in the last few days.,We understand performance issues can be frustrating. We will look into this and get back to you within the next 48 hours.,Ticket closed without further action after no response from the customer.,98.41,0,very_negative,2,0,desktop_app,MEA
TCKT_054399,2023-04-26 08:14:28,CUST_09487,enterprise,email,analytics_dashboard,bug,medium,resolved,platinum,The page keeps crashing whenever I try to open the analytics dashboard section.,Thanks for reporting this bug. Our team is reviewing this and will follow up within 24 hours.,Patched the bug and deployed a fix to production.,23.96,0,neutral,0,0,android,
TCKT_054414,2023-04-09 05:55:07,CUST_01860,individual,phone_transcript,analytics_dashboard,account_access,medium,resolved,standard,I cannot log in; the system says my password is incorrect.,Sorry to hear you're having trouble accessing your account. Our team is reviewing this and will follow up within 24 hours.,Reset account credentials and confirmed successful login.,39.18,0,very_negative,2,0,web,MEA
TCKT_054470,2023-04-30 22:32:15,CUST_04760,education,phone_transcript,data_export,performance,low,open,standard,The data export page is very slow and takes a long time to load.,We understand performance issues can be frustrating. We will look into this and get back to you within the next 48 hours.,,,0,negative,2,0,android,LATAM
TCKT_054537,2023-04-08 18:50:21,CUST_07126,small_business,web_form,billing,security_concern,low,resolved,standard,I noticed a suspicious login on my account.,We take security very seriously. We will look into this and get back to you within the next 48 hours.,"Investigated logs, mitigated the issue, and updated security settings.",70.8,0,positive,4,0,android,EU
TCKT_054624,2023-04-09 01:06:18,CUST_06524,small_business,phone_transcript,login_auth,billing_problem,medium,resolved,standard,I was charged twice for my subscription this month.,Thanks for reaching out about the billing issue. Our team is reviewing this and will follow up within 24 hours.,Adjusted the invoice and issued a refund where applicable.,21.8,0,neutral,0,0,api_client,MEA
TCKT_054671,2023-04-19 13:15:33,CUST_06129,education,web_form,mobile_app,feature_request,medium,in_progress,gold,Our team needs more advanced options for mobile app.,Thanks for your feature suggestion. Our team is reviewing this and will follow up within 24 hours.,,,0,positive,5,0,desktop_app,EU
TCKT_054923,2023-04-20 21:40:19,CUST_09215,small_business,in_app,login_auth,how_to,high,resolved,gold,I need help setting up login auth for my team.,Happy to help with your question. We are prioritizing this and will update you as soon as possible.,Provided step-by-step instructions and relevant documentation.,7.85,0,positive,0,0,desktop_app,
TCKT_054950,2023-04-22 21:48:02,CUST_05981,education,chat,api_integration,billing_problem,low,on_hold,platinum,I downgraded my plan but I am still being billed for the higher tier.,Thanks for reaching out about the billing issue. We will look into this and get back to you within the next 48 hours.,,,0,neutral,4,0,desktop_app,MEA
TCKT_055032,2023-04-06 03:14:55,CUST_06852,education,in_app,billing,billing_problem,low,resolved,platinum,I downgraded my plan but I am still being billed for the higher tier.,Thanks for reaching out about the billing issue. We will look into this and get back to you within the next 48 hours.,Adjusted the invoice and issued a refund where applicable.,27.35,0,neutral,3,0,web,EU
TCKT_055041,2023-04-08 19:41:58,CUST_04478,small_business,chat,api_integration,how_to,low,in_progress,standard,How can I export my data from the api integration section?,Happy to help with your question. We will look into this and get back to you within the next 48 hours.,,,0,very_positive,0,0,ios,APAC
TCKT_055056,2023-04-02 17:03:48,CUST_04614,enterprise,web_form,mobile_app,account_access,low,resolved,gold,My 2FA code is not working when I try to sign in.,Sorry to hear you're having trouble accessing your account. We will look into this and get back to you within the next 48 hours.,Reset account credentials and confirmed successful login.,16.43,0,neutral,3,0,web,
TCKT_055063,2023-04-01 00:25:42,CUST_04045,individual,phone_transcript,api_integration,performance,medium,in_progress,standard,Overall performance has degraded in the last few days.,We understand performance issues can be frustrating. Our team is reviewing this and will follow up within 24 hours.,,,0,very_negative,2,0,web,MEA
TCKT_055238,2023-04-26 17:56:37,CUST_04311,non_profit,chat,data_export,how_to,medium,resolved,standard,How can I export my data from the data export section?,Happy to help with your question. Our team is reviewing this and will follow up within 24 hours.,Provided step-by-step instructions and relevant documentation.,47.33,0,neutral,4,0,web,
TCKT_055293,2023-04-18 12:20:48,CUST_08268,small_business,phone_transcript,mobile_app,performance,low,resolved,standard,Queries in the mobile app module are timing out.,We understand performance issues can be frustrating. We will look into this and get back to you within the next 48 hours.,Optimized queries and increased resource allocation.,59.34,0,neutral,4,0,desktop_app,APAC
TCKT_055365,2023-04-05 12:44:54,CUST_03627,education,web_form,login_auth,billing_problem,medium,open,standard,I downgraded my plan but I am still being billed for the higher tier.,Thanks for reaching out about the billing issue. Our team is reviewing this and will follow up within 24 hours.,,,0,negative,0,0,api_client,LATAM
TCKT_055376,2023-04-28 02:29:16,CUST_01801,non_profit,phone_transcript,api_integration,other,low,in_progress,gold,"Something seems off, can you please check my workspace?",Thanks for contacting support. We will look into this and get back to you within the next 48 hours.,,,0,positive,0,0,android,MEA
TCKT_055404,2023-04-13 10:00:07,CUST_06043,small_business,email,api_integration,other,low,resolved,standard,I have a general question about my account.,Thanks for contacting support. We will look into this and get back to you within the next 48 hours.,Provided general guidance and confirmed the issue was resolved.,43.74,0,negative,0,0,api_client,
TCKT_055425,2023-04-01 05:19:32,CUST_00726,education,phone_transcript,login_auth,feature_request,low,resolved,gold,Our team needs more advanced options for login auth.,Thanks for your feature suggestion. We will look into this and get back to you within the next 48 hours.,Captured the request and added it to the product backlog.,9.47,0,neutral,0,0,android,MEA
TCKT_055430,2023-04-17 12:16:35,CUST_01073,enterprise,web_form,billing,security_concern,low,in_progress,standard,We need details about your data encryption and compliance.,We take security very seriously. We will look into this and get back to you within the next 48 hours.,,,0,negative,2,1,ios,MEA
TCKT_055503,2023-04-30 07:32:45,CUST_03319,non_profit,phone_transcript,api_integration,other,medium,resolved,gold,I have a general question about my account.,Thanks for contacting support. Our team is reviewing this and will follow up within 24 hours.,Provided general guidance and confirmed the issue was resolved.,36.02,0,negative,3,1,android,
TCKT_055515,2023-04-22 07:48:34,CUST_01943,non_profit,phone_transcript,login_auth,performance,low,resolved,standard,Queries in the login auth module are timing out.,We understand performance issues can be frustrating. We will look into this and get back to you within the next 48 hours.,Optimized queries and increased resource allocation.,35.08,0,negative,2,0,ios,APAC
TCKT_055539,2023-04-07 18:24:43,CUST_02340,education,chat,billing,performance,medium,in_progress,standard,Overall performance has degraded in the last few days.,We understand performance issues can be frustrating. Our team is reviewing this and will follow up within 24 hours.,,,0,negative,3,0,api_client,EU
TCKT_055550,2023-04-23 09:57:38,CUST_00638,small_business,in_app,mobile_app,feature_request,urgent,resolved,gold,It would be great to have mobile app support in your product.,Thanks for your feature suggestion. This has been escalated to our on-call team for immediate attention.,Captured the request and added it to the product backlog.,7.16,1,neutral,4,0,ios,EU
TCKT_055605,2023-04-30 23:59:05,CUST_05783,small_business,email,api_integration,feature_request,high,resolved,standard,Our team needs more advanced options for api integration.,Thanks for your feature suggestion. We are prioritizing this and will update you as soon as possible.,Captured the request and added it to the product backlog.,4.62,0,neutral,3,0,android,EU
TCKT_055682,2023-04-02 04:00:40,CUST_01903,enterprise,email,billing,bug,low,open,standard,I am seeing an error message when I click on billing.,Thanks for reporting this bug. We will look into this and get back to you within the next 48 hours.,,,0,very_negative,1,0,api_client,EU
TCKT_055802,2023-04-14 10:52:01,CUST_06513,education,phone_transcript,billing,bug,low,resolved,standard,The billing feature is not saving my changes.,Thanks for reporting this bug. We will look into this and get back to you within the next 48 hours.,Patched the bug and deployed a fix to production.,51.97,0,negative,0,0,ios,
TCKT_055866,2023-04-12 23:28:11,CUST_02677,individual,web_form,login_auth,feature_request,urgent,resolved,gold,Our team needs more advanced options for login auth.,Thanks for your feature suggestion. This has been escalated to our on-call team for immediate attention.,Captured the request and added it to the product backlog.,3.52,0,very_positive,0,0,desktop_app,MEA
TCKT_055976,2023-04-17 23:09:30,CUST_05353,education,web_form,notifications,performance,medium,on_hold,platinum,Queries in the notifications module are timing out.,We understand performance issues can be frustrating. Our team is reviewing this and will follow up within 24 hours.,,,0,very_positive,5,0,android,LATAM
TCKT_056101,2023-04-24 13:29:51,CUST_05134,individual,email,api_integration,billing_problem,low,closed_no_action,standard,I was charged twice for my subscription this month.,Thanks for reaching out about the billing issue. We will look into this and get back to you within the next 48 hours.,Ticket closed without further action after no response from the customer.,64.97,0,very_negative,1,1,ios,LATAM
TCKT_056144,2023-04-05 03:10:33,CUST_03235,enterprise,phone_transcript,billing,feature_request,medium,resolved,gold,Can you add an option to customize billing?,Thanks for your feature suggestion. Our team is reviewing this and will follow up within 24 hours.,Captured the request and added it to the product backlog.,10.63,0,negative,2,0,ios,
TCKT_056153,2023-04-07 10:53:32,CUST_07249,enterprise,web_form,analytics_dashboard,bug,low,resolved,standard,The page keeps crashing whenever I try to open the analytics dashboard section.,Thanks for reporting this bug. We will look into this and get back to you within the next 48 hours.,Patched the bug and deployed a fix to production.,26.41,0,negative,3,0,web,EU
TCKT_056261,2023-04-25 08:41:59,CUST_03825,individual,chat,api_integration,account_access,low,resolved,gold,My 2FA code is not working when I try to sign in.,Sorry to hear you're having trouble accessing your account. We will look into this and get back to you within the next 48 hours.,Reset account credentials and confirmed successful login.,45.18,0,neutral,3,0,ios,APAC
TCKT_056322,2023-04-29 23:21:24,CUST_01617,small_business,phone_transcript,mobile_app,bug,low,resolved,platinum,The mobile app feature is not saving my changes.,Thanks for reporting this bug. We will look into this and get back to you within the next 48 hours.,Patched the bug and deployed a fix to production.,62.37,0,very_negative,1,0,ios,APAC
TCKT_056341,2023-04-27 12:39:22,CUST_08324,enterprise,chat,login_auth,account_access,high,in_progress,platinum,My account was locked after multiple failed login attempts.,Sorry to hear you're having trouble accessing your account. We are prioritizing this and will update you as soon as possible.,,,0,very_negative,0,0,android,
TCKT_056361,2023-04-06 05:22:47,CUST_09378,education,phone_transcript,login_auth,how_to,medium,in_progress,gold,How can I export my data from the login auth section?,Happy to help with your question. Our team is reviewing this and will follow up within 24 hours.,,,0,positive,4,0,api_client,EU
TCKT_056371,2023-04-20 10:48:36,CUST_04290,non_profit,email,data_export,account_access,medium,resolved,gold,My account was locked after multiple failed login attempts.,Sorry to hear you're having trouble accessing your account. Our team is reviewing this and will follow up within 24 hours.,Reset account credentials and confirmed successful login.,7.98,0,negative,3,0,android,EU
TCKT_056399,2023-04-17 11:30:42,CUST_00496,individual,web_form,billing,feature_request,medium,resolved,standard,Our team needs more advanced options for billing.,Thanks for your feature suggestion. Our team is reviewing this and will follow up within 24 hours.,Captured the request and added it to the product backlog.,29.57,0,positive,5,0,ios,LATAM
TCKT_056459,2023-04-27 21:00:43,CUST_07460,small_business,phone_transcript,analytics_dashboard,security_concern,low,in_progress,gold,There seems to be a vulnerability in the analytics dashboard functionality.,We take security very seriously. We will look into this and get back to you within the next 48 hours.,,,0,neutral,0,0,desktop_app,APAC
TCKT_056468,2023-04-18 15:40:14,CUST_08851,non_profit,chat,notifications,billing_problem,urgent,resolved,standard,I was charged twice for my subscription this month.,Thanks for reaching out about the billing issue. This has been escalated to our on-call team for immediate attention.,Adjusted the invoice and issued a refund where applicable.,2.35,0,very_negative,0,0,android,APAC
TCKT_056551,2023-04-07 11:43:18,CUST_08418,enterprise,web_form,login_auth,how_to,low,resolved,gold,I need help setting up login auth for my team.,Happy to help with your question. We will look into this and get back to you within the next 48 hours.,Provided step-by-step instructions and relevant documentation.,12.39,0,positive,5,0,web,MEA
TCKT_056835,2023-04-19 20:57:14,CUST_00048,individual,chat,data_export,feature_request,high,resolved,gold,Our team needs more advanced options for data export.,Thanks for your feature suggestion. We are prioritizing this and will update you as soon as possible.,Captured the request and added it to the product backlog.,11.06,0,neutral,3,0,android,MEA
TCKT_056878,2023-04-03 09:08:05,CUST_08193,individual,web_form,login_auth,how_to,high,resolved,gold,How can I export my data from the login auth section?,Happy to help with your question. We are prioritizing this and will update you as soon as possible.,Provided step-by-step instructions and relevant documentation.,19.19,0,positive,4,0,api_client,MEA
TCKT_056927,2023-04-18 00:33:01,CUST_01947,non_profit,chat,login_auth,other,low,closed_no_action,gold,"Something seems off, can you please check my workspace?",Thanks for contacting support. We will look into this and get back to you within the next 48 hours.,Ticket closed without further action after no response from the customer.,183.0,0,very_positive,0,0,api_client,EU
TCKT_056931,2023-04-03 20:49:07,CUST_07049,non_profit,chat,notifications,bug,high,resolved,platinum,The page keeps crashing whenever I try to open the notifications section.,Thanks for reporting this bug. We are prioritizing this and will update you as soon as possible.,Patched the bug and deployed a fix to production.,21.42,0,negative,3,1,android,LATAM
TCKT_056979,2023-04-13 14:24:01,CUST_04761,individual,phone_transcript,api_integration,how_to,high,closed_no_action,gold,I need help setting up api integration for my team.,Happy to help with your question. We are prioritizing this and will update you as soon as possible.,Ticket closed without further action after no response from the customer.,63.97,0,negative,2,0,desktop_app,MEA
TCKT_056991,2023-04-12 18:12:44,CUST_02788,non_profit,chat,notifications,feature_request,low,on_hold,standard,Our team needs more advanced options for notifications.,Thanks for your feature suggestion. We will look into this and get back to you within the next 48 hours.,,,0,positive,0,0,desktop_app,APAC
TCKT_057044,2023-04-12 03:13:31,CUST_04334,small_business,in_app,api_integration,other,medium,on_hold,standard,"Something seems off, can you please check my workspace?",Thanks for contacting support. Our team is reviewing this and will follow up within 24 hours.,,,0,very_negative,1,1,web,APAC
TCKT_057058,2023-04-04 08:00:54,CUST_06720,enterprise,phone_transcript,mobile_app,feature_request,high,in_progress,standard,It would be great to have mobile app support in your product.,Thanks for your feature suggestion. We are prioritizing this and will update you as soon as possible.,,,0,very_negative,1,0,ios,APAC
TCKT_057096,2023-04-16 22:31:42,CUST_04942,enterprise,web_form,api_integration,other,high,resolved,standard,I have a general question about my account.,Thanks for contacting support. We are prioritizing this and will update you as soon as possible.,Provided general guidance and confirmed the issue was resolved.,11.3,0,neutral,3,0,web,EU
TCKT_057130,2023-04-13 10:51:42,CUST_04437,individual,chat,notifications,account_access,low,resolved,standard,My 2FA code is not working when I try to sign in.,Sorry to hear you're having trouble accessing your account. We will look into this and get back to you within the next 48 hours.,Reset account credentials and confirmed successful login.,58.48,0,very_negative,2,0,desktop_app,APAC
TCKT_057153,2023-04-08 19:42:37,CUST_09371,education,in_app,billing,how_to,medium,resolved,standard,Can you explain how to configure billing properly?,Happy to help with your question. Our team is reviewing this and will follow up within 24 hours.,Provided step-by-step instructions and relevant documentation.,18.41,0,positive,5,1,api_client,APAC
TCKT_057164,2023-04-21 05:19:13,CUST_05354,education,in_app,notifications,security_concern,urgent,resolved,standard,There seems to be a vulnerability in the notifications functionality.,We take security very seriously. This has been escalated to our on-call team for immediate attention.,"Investigated logs, mitigated the issue, and updated security settings.",4.11,0,positive,0,0,web,LATAM
TCKT_057207,2023-04-26 02:54:00,CUST_01954,enterprise,phone_transcript,analytics_dashboard,how_to,medium,in_progress,standard,I need help setting up analytics dashboard for my team.,Happy to help with your question. Our team is reviewing this and will follow up within 24 hours.,,,0,neutral,3,1,web,LATAM
TCKT_057256,2023-04-02 11:10:57,CUST_01013,education,web_form,api_integration,performance,urgent,resolved,standard,Queries in the api integration module are timing out.,We understand performance issues can be frustrating. This has been escalated to our on-call team for immediate attention.,Optimized queries and increased resource allocation.,1.18,0,very_negative,0,0,android,
TCKT_057329,2023-04-24 01:26:13,CUST_08738,individual,web_form,data_export,account_access,low,in_progress,standard,I cannot log in; the system says my password is incorrect.,Sorry to hear you're having trouble accessing your account. We will look into this and get back to you within the next 48 hours.,,,0,positive,4,1,web,EU
TCKT_057331,2023-04-23 22:08:34,CUST_04371,individual,email,billing,feature_request,high,in_progress,standard,It would be great to have billing support in your product.,Thanks for your feature suggestion. We are prioritizing this and will update you as soon as possible.,,,0,very_positive,5,0,android,LATAM
TCKT_057357,2023-04-23 07:04:42,CUST_08531,individual,in_app,api_integration,bug,high,open,standard,The page keeps crashing whenever I try to open the api integration section.,Thanks for reporting this bug. We are prioritizing this and will update you as soon as possible.,,,0,very_positive,5,0,android,APAC
TCKT_057410,2023-04-17 23:25:31,CUST_09941,education,in_app,login_auth,security_concern,medium,resolved,platinum,There seems to be a vulnerability in the login auth functionality.,We take security very seriously. Our team is reviewing this and will follow up within 24 hours.,"Investigated logs, mitigated the issue, and updated security settings.",16.7,0,very_positive,5,1,web,LATAM
TCKT_057426,2023-04-13 08:48:07,CUST_01946,individual,chat,notifications,billing_problem,low,on_hold,gold,I downgraded my plan but I am still being billed for the higher tier.,Thanks for reaching out about the billing issue. We will look into this and get back to you within the next 48 hours.,,,0,neutral,3,1,android,MEA
TCKT_057427,2023-04-19 11:28:53,CUST_05869,education,web_form,analytics_dashboard,feature_request,medium,resolved,standard,It would be great to have analytics dashboard support in your product.,Thanks for your feature suggestion. Our team is reviewing this and will follow up within 24 hours.,Captured the request and added it to the product backlog.,17.44,0,positive,0,0,web,EU
TCKT_057448,2023-04-07 17:12:45,CUST_02981,non_profit,phone_transcript,data_export,billing_problem,medium,resolved,platinum,I downgraded my plan but I am still being billed for the higher tier.,Thanks for reaching out about the billing issue. Our team is reviewing this and will follow up within 24 hours.,Adjusted the invoice and issued a refund where applicable.,13.09,0,negative,3,0,api_client,EU
TCKT_057460,2023-04-04 22:05:03,CUST_03126,individual,email,api_integration,other,low,on_hold,standard,"Something seems off, can you please check my workspace?",Thanks for contacting support. We will look into this and get back to you within the next 48 hours.,,,0,neutral,4,0,api_client,
TCKT_057466,2023-04-23 06:51:13,CUST_03994,individual,email,login_auth,how_to,high,resolved,standard,I need help setting up login auth for my team.,Happy to help with your question. We are prioritizing this and will update you as soon as possible.,Provided step-by-step instructions and relevant documentation.,8.95,1,neutral,3,0,web,LATAM
TCKT_057582,2023-04-02 13:02:39,CUST_00714,individual,web_form,analytics_dashboard,security_concern,low,open,standard,We need details about your data encryption and compliance.,We take security very seriously. We will look into this and get back to you within the next 48 hours.,,,0,negative,0,0,web,
TCKT_057740,2023-04-02 18:54:18,CUST_03562,small_business,web_form,api_integration,bug,low,resolved,platinum,The api integration feature is not saving my changes.,Thanks for reporting this bug. We will look into this and get back to you within the next 48 hours.,Patched the bug and deployed a fix to production.,70.3,0,neutral,0,1,desktop_app,APAC
TCKT_057950,2023-04-22 09:27:55,CUST_06504,education,email,api_integration,security_concern,low,on_hold,standard,I noticed a suspicious login on my account.,We take security very seriously. We will look into this and get back to you within the next 48 hours.,,,0,very_positive,5,0,api_client,EU
TCKT_057974,2023-04-13 11:48:03,CUST_04898,individual,phone_transcript,notifications,account_access,medium,in_progress,standard,I cannot log in; the system says my password is incorrect.,Sorry to hear you're having trouble accessing your account. Our team is reviewing this and will follow up within 24 hours.,,,0,neutral,0,0,desktop_app,EU
TCKT_058079,2023-04-29 14:25:43,CUST_02788,education,email,data_export,bug,high,in_progress,platinum,The data export feature is not saving my changes.,Thanks for reporting this bug. We are prioritizing this and will update you as soon as possible.,,,0,negative,2,1,desktop_app,LATAM
TCKT_058087,2023-04-13 22:02:41,CUST_00096,small_business,phone_transcript,notifications,feature_request,medium,open,gold,Can you add an option to customize notifications?,Thanks for your feature suggestion. Our team is reviewing this and will follow up within 24 hours.,,,1,neutral,0,0,api_client,
TCKT_058091,2023-04-13 03:28:26,CUST_06203,small_business,web_form,login_auth,feature_request,medium,resolved,standard,It would be great to have login auth support in your product.,Thanks for your feature suggestion. Our team is reviewing this and will follow up within 24 hours.,Captured the request and added it to the product backlog.,28.77,0,positive,5,0,android,APAC
TCKT_058142,2023-04-14 09:33:54,CUST_09883,small_business,in_app,analytics_dashboard,security_concern,low,resolved,standard,There seems to be a vulnerability in the analytics dashboard functionality.,We take security very seriously. We will look into this and get back to you within the next 48 hours.,"Investigated logs, mitigated the issue, and updated security settings.",9.3,0,negative,3,0,android,
TCKT_058182,2023-04-09 15:42:26,CUST_05999,education,in_app,login_auth,billing_problem,medium,resolved,standard,I was charged twice for my subscription this month.,Thanks for reaching out about the billing issue. Our team is reviewing this and will follow up within 24 hours.,Adjusted the invoice and issued a refund where applicable.,23.74,0,negative,3,0,web,LATAM
TCKT_058346,2023-04-24 21:30:44,CUST_02151,small_business,email,analytics_dashboard,bug,low,on_hold,standard,I am seeing an error message when I click on analytics dashboard.,Thanks for reporting this bug. We will look into this and get back to you within the next 48 hours.,,,0,negative,0,1,web,EU
TCKT_058349,2023-04-09 23:49:51,CUST_05216,individual,chat,login_auth,performance,low,in_progress,standard,The login auth page is very slow and takes a long time to load.,We understand performance issues can be frustrating. We will look into this and get back to you within the next 48 hours.,,,0,neutral,0,1,ios,
TCKT_058476,2023-04-26 20:42:10,CUST_07407,education,in_app,mobile_app,security_concern,low,in_progress,platinum,There seems to be a vulnerability in the mobile app functionality.,We take security very seriously. We will look into this and get back to you within the next 48 hours.,,,1,neutral,4,1,ios,APAC
TCKT_058525,2023-04-29 18:00:29,CUST_02020,education,web_form,login_auth,feature_request,medium,in_progress,standard,Can you add an option to customize login auth?,Thanks for your feature suggestion. Our team is reviewing this and will follow up within 24 hours.,,,0,neutral,4,0,desktop_app,APAC
TCKT_058572,2023-04-27 05:56:57,CUST_09518,non_profit,chat,mobile_app,security_concern,medium,open,platinum,There seems to be a vulnerability in the mobile app functionality.,We take security very seriously. Our team is reviewing this and will follow up within 24 hours.,,,0,negative,2,0,desktop_app,APAC
TCKT_058586,2023-04-10 03:10:39,CUST_04475,non_profit,chat,analytics_dashboard,billing_problem,low,resolved,standard,I downgraded my plan but I am still being billed for the higher tier.,Thanks for reaching out about the billing issue. We will look into this and get back to you within the next 48 hours.,Adjusted the invoice and issued a refund where applicable.,45.86,0,very_negative,1,1,web,LATAM
TCKT_058640,2023-04-03 22:14:10,CUST_00963,non_profit,web_form,mobile_app,security_concern,low,resolved,standard,There seems to be a vulnerability in the mobile app functionality.,We take security very seriously. We will look into this and get back to you within the next 48 hours.,"Investigated logs, mitigated the issue, and updated security settings.",15.29,0,very_negative,1,0,android,APAC
TCKT_058668,2023-04-26 15:39:18,CUST_02266,education,web_form,data_export,how_to,medium,resolved,gold,Can you explain how to configure data export properly?,Happy to help with your question. Our team is reviewing this and will follow up within 24 hours.,Provided step-by-step instructions and relevant documentation.,15.77,0,very_negative,2,1,android,LATAM
TCKT_058695,2023-04-12 23:59:11,CUST_02453,individual,email,data_export,billing_problem,urgent,resolved,gold,I was charged twice for my subscription this month.,Thanks for reaching out about the billing issue. This has been escalated to our on-call team for immediate attention.,Adjusted the invoice and issued a refund where applicable.,6.94,0,negative,0,0,ios,MEA
TCKT_058751,2023-04-15 09:04:19,CUST_09595,small_business,in_app,data_export,security_concern,medium,resolved,standard,There seems to be a vulnerability in the data export functionality.,We take security very seriously. Our team is reviewing this and will follow up within 24 hours.,"Investigated logs, mitigated the issue, and updated security settings.",20.16,0,negative,2,1,web,LATAM
TCKT_058757,2023-04-04 14:12:18,CUST_06809,small_business,in_app,analytics_dashboard,account_access,high,resolved,gold,My account was locked after multiple failed login attempts.,Sorry to hear you're having trouble accessing your account. We are prioritizing this and will update you as soon as possible.,Reset account credentials and confirmed successful login.,19.97,0,neutral,3,0,ios,LATAM
TCKT_058771,2023-04-12 05:29:25,CUST_00085,enterprise,chat,mobile_app,account_access,high,resolved,platinum,I cannot log in; the system says my password is incorrect.,Sorry to hear you're having trouble accessing your account. We are prioritizing this and will update you as soon as possible.,Reset account credentials and confirmed successful login.,10.86,0,very_negative,2,0,android,LATAM
TCKT_058951,2023-04-09 18:49:49,CUST_05031,education,web_form,mobile_app,how_to,low,in_progress,standard,I need help setting up mobile app for my team.,Happy to help with your question. We will look into this and get back to you within the next 48 hours.,,,0,very_positive,5,1,web,EU
TCKT_058957,2023-04-28 20:23:55,CUST_06399,individual,phone_transcript,api_integration,bug,medium,open,gold,I am seeing an error message when I click on api integration.,Thanks for reporting this bug. Our team is reviewing this and will follow up within 24 hours.,,,0,positive,0,0,desktop_app,APAC
TCKT_059007,2023-04-15 22:47:51,CUST_09320,small_business,web_form,notifications,other,low,open,gold,I have a general question about my account.,Thanks for contacting support. We will look into this and get back to you within the next 48 hours.,,,0,very_negative,2,0,web,
TCKT_059010,2023-04-25 13:10:49,CUST_06461,non_profit,web_form,billing,other,low,open,gold,"Something seems off, can you please check my workspace?",Thanks for contacting support. We will look into this and get back to you within the next 48 hours.,,,0,very_positive,5,0,web,
TCKT_059067,2023-04-12 04:52:11,CUST_05948,enterprise,email,login_auth,security_concern,low,closed_no_action,standard,I noticed a suspicious login on my account.,We take security very seriously. We will look into this and get back to you within the next 48 hours.,Ticket closed without further action after no response from the customer.,83.19,0,very_negative,1,0,ios,EU
TCKT_059109,2023-04-03 22:34:33,CUST_06094,education,phone_transcript,analytics_dashboard,security_concern,low,resolved,gold,We need details about your data encryption and compliance.,We take security very seriously. We will look into this and get back to you within the next 48 hours.,"Investigated logs, mitigated the issue, and updated security settings.",54.95,0,neutral,4,0,desktop_app,MEA
TCKT_059209,2023-04-19 01:34:28,CUST_08824,non_profit,email,mobile_app,feature_request,medium,in_progress,platinum,Can you add an option to customize mobile app?,Thanks for your feature suggestion. Our team is reviewing this and will follow up within 24 hours.,,,0,very_positive,0,0,android,
TCKT_059227,2023-04-25 19:07:44,CUST_05155,non_profit,in_app,mobile_app,billing_problem,low,open,platinum,I was charged twice for my subscription this month.,Thanks for reaching out about the billing issue. We will look into this and get back to you within the next 48 hours.,,,0,positive,0,0,desktop_app,APAC
TCKT_059284,2023-04-21 19:05:59,CUST_04996,enterprise,chat,mobile_app,account_access,medium,resolved,standard,My 2FA code is not working when I try to sign in.,Sorry to hear you're having trouble accessing your account. Our team is reviewing this and will follow up within 24 hours.,Reset account credentials and confirmed successful login.,44.22,0,positive,4,1,desktop_app,MEA
TCKT_059386,2023-04-09 05:46:39,CUST_03459,individual,chat,mobile_app,feature_request,low,resolved,platinum,Our team needs more advanced options for mobile app.,Thanks for your feature suggestion. We will look into this and get back to you within the next 48 hours.,Captured the request and added it to the product backlog.,29.31,0,neutral,0,0,api_client,EU
TCKT_059659,2023-04-16 09:17:24,CUST_08754,education,web_form,analytics_dashboard,bug,low,on_hold,standard,The page keeps crashing whenever I try to open the analytics dashboard section.,Thanks for reporting this bug. We will look into this and get back to you within the next 48 hours.,,,0,neutral,0,0,ios,EU
TCKT_059668,2023-04-28 23:55:32,CUST_03038,small_business,web_form,api_integration,performance,medium,resolved,standard,The api integration page is very slow and takes a long time to load.,We understand performance issues can be frustrating. Our team is reviewing this and will follow up within 24 hours.,Optimized queries and increased resource allocation.,31.42,0,neutral,0,0,android,LATAM
TCKT_059672,2023-04-01 03:25:34,CUST_08287,non_profit,email,login_auth,feature_request,urgent,in_progress,gold,It would be great to have login auth support in your product.,Thanks for your feature suggestion. This has been escalated to our on-call team for immediate attention.,,,0,positive,0,0,api_client,LATAM
TCKT_059681,2023-04-20 16:59:34,CUST_03241,individual,in_app,analytics_dashboard,feature_request,high,closed_no_action,standard,It would be great to have analytics dashboard support in your product.,Thanks for your feature suggestion. We are prioritizing this and will update you as soon as possible.,Ticket closed without further action after no response from the customer.,170.91,0,neutral,3,1,api_client,EU
TCKT_059712,2023-04-01 10:35:00,CUST_07975,education,email,billing,other,low,resolved,gold,"Something seems off, can you please check my workspace?",Thanks for contacting support. We will look into this and get back to you within the next 48 hours.,Provided general guidance and confirmed the issue was resolved.,53.78,0,positive,4,1,web,
TCKT_059755,2023-04-29 15:06:48,CUST_00752,small_business,in_app,api_integration,performance,low,in_progress,standard,The api integration page is very slow and takes a long time to load.,We understand performance issues can be frustrating. We will look into this and get back to you within the next 48 hours.,,,0,negative,2,0,desktop_app,MEA
TCKT_059768,2023-04-21 03:56:20,CUST_03854,non_profit,chat,analytics_dashboard,account_access,high,resolved,standard,I cannot log in; the system says my password is incorrect.,Sorry to hear you're having trouble accessing your account. We are prioritizing this and will update you as soon as possible.,Reset account credentials and confirmed successful login.,19.39,0,positive,5,0,web,EU
TCKT_059777,2023-04-17 15:36:01,CUST_00794,non_profit,chat,billing,feature_request,urgent,in_progress,standard,Our team needs more advanced options for billing.,Thanks for your feature suggestion. This has been escalated to our on-call team for immediate attention.,,,0,negative,2,0,desktop_app,
TCKT_059876,2023-04-27 03:10:19,CUST_08116,individual,in_app,billing,performance,medium,on_hold,gold,Overall performance has degraded in the last few days.,We understand performance issues can be frustrating. Our team is reviewing this and will follow up within 24 hours.,,,0,negative,3,0,android,LATAM
TCKT_059946,2023-04-14 01:38:45,CUST_05381,non_profit,chat,data_export,feature_request,low,resolved,standard,Can you add an option to customize data export?,Thanks for your feature suggestion. We will look into this and get back to you within the next 48 hours.,Captured the request and added it to the product backlog.,34.36,0,positive,5,1,web,APAC
TCKT_059963,2023-04-07 16:41:21,CUST_03001,small_business,web_form,login_auth,other,medium,resolved,gold,I have a general question about my account.,Thanks for contacting support. Our team is reviewing this and will follow up within 24 hours.,Provided general guidance and confirmed the issue was resolved.,9.76,0,positive,5,1,ios,APAC
TCKT_059968,2023-04-13 09:01:28,CUST_02852,small_business,in_app,login_auth,how_to,medium,resolved,standard,How can I export my data from the login auth section?,Happy to help with your question. Our team is reviewing this and will follow up within 24 hours.,Provided step-by-step instructions and relevant documentation.,16.2,0,negative,2,1,ios,APAC
TCKT_060001,2023-04-28 20:53:19,CUST_00595,education,email,data_export,account_access,low,in_progress,platinum,I cannot log in; the system says my password is incorrect.,Sorry to hear you're having trouble accessing your account. We will look into this and get back to you within the next 48 hours.,,,0,positive,5,0,ios,
TCKT_060099,2023-04-16 10:44:19,CUST_05895,individual,chat,notifications,feature_request,low,resolved,gold,It would be great to have notifications support in your product.,Thanks for your feature suggestion. We will look into this and get back to you within the next 48 hours.,Captured the request and added it to the product backlog.,63.11,0,positive,5,1,ios,EU
TCKT_060109,2023-04-04 11:05:07,CUST_04275,enterprise,chat,login_auth,feature_request,low,resolved,gold,Can you add an option to customize login auth?,Thanks for your feature suggestion. We will look into this and get back to you within the next 48 hours.,Captured the request and added it to the product backlog.,17.02,0,very_negative,1,0,desktop_app,LATAM
TCKT_060202,2023-04-01 05:38:17,CUST_07083,small_business,web_form,mobile_app,bug,high,open,standard,I am seeing an error message when I click on mobile app.,Thanks for reporting this bug. We are prioritizing this and will update you as soon as possible.,,,0,neutral,4,0,api_client,EU
TCKT_060222,2023-04-29 14:45:44,CUST_03908,individual,chat,data_export,feature_request,urgent,open,gold,Our team needs more advanced options for data export.,Thanks for your feature suggestion. This has been escalated to our on-call team for immediate attention.,,,0,positive,0,1,api_client,APAC
TCKT_060287,2023-04-16 09:59:49,CUST_03719,small_business,phone_transcript,notifications,performance,medium,resolved,gold,Queries in the notifications module are timing out.,We understand performance issues can be frustrating. Our team is reviewing this and will follow up within 24 hours.,Optimized queries and increased resource allocation.,11.13,0,negative,2,0,android,LATAM
TCKT_060317,2023-04-28 20:50:18,CUST_04057,non_profit,chat,analytics_dashboard,feature_request,low,closed_no_action,platinum,It would be great to have analytics dashboard support in your product.,Thanks for your feature suggestion. We will look into this and get back to you within the next 48 hours.,Ticket closed without further action after no response from the customer.,87.41,0,very_positive,5,0,api_client,LATAM
TCKT_060335,2023-04-23 02:02:26,CUST_06758,education,phone_transcript,mobile_app,security_concern,medium,resolved,standard,We need details about your data encryption and compliance.,We take security very seriously. Our team is reviewing this and will follow up within 24 hours.,"Investigated logs, mitigated the issue, and updated security settings.",40.92,0,negative,2,0,ios,LATAM
TCKT_060361,2023-04-26 22:14:35,CUST_05924,non_profit,web_form,billing,account_access,low,on_hold,gold,My account was locked after multiple failed login attempts.,Sorry to hear you're having trouble accessing your account. We will look into this and get back to you within the next 48 hours.,,,0,neutral,0,0,ios,
TCKT_060371,2023-04-01 02:43:08,CUST_09110,individual,chat,billing,billing_problem,low,in_progress,standard,I downgraded my plan but I am still being billed for the higher tier.,Thanks for reaching out about the billing issue. We will look into this and get back to you within the next 48 hours.,,,0,neutral,3,1,ios,EU
TCKT_060385,2023-04-30 07:13:18,CUST_09087,individual,phone_transcript,analytics_dashboard,security_concern,high,resolved,standard,There seems to be a vulnerability in the analytics dashboard functionality.,We take security very seriously. We are prioritizing this and will update you as soon as possible.,"Investigated logs, mitigated the issue, and updated security settings.",14.18,0,very_negative,0,0,web,
TCKT_060399,2023-04-04 23:55:09,CUST_00096,small_business,chat,billing,other,medium,closed_no_action,standard,I have a general question about my account.,Thanks for contacting support. Our team is reviewing this and will follow up within 24 hours.,Ticket closed without further action after no response from the customer.,59.29,0,neutral,4,0,desktop_app,EU
TCKT_060406,2023-04-29 17:43:40,CUST_05161,enterprise,phone_transcript,data_export,feature_request,low,on_hold,gold,Our team needs more advanced options for data export.,Thanks for your feature suggestion. We will look into this and get back to you within the next 48 hours.,,,0,positive,5,0,web,MEA
TCKT_060638,2023-04-02 19:33:31,CUST_09338,small_business,in_app,mobile_app,other,low,closed_no_action,gold,I have a general question about my account.,Thanks for contacting support. We will look into this and get back to you within the next 48 hours.,Ticket closed without further action after no response from the customer.,201.47,0,neutral,0,0,ios,MEA
TCKT_060730,2023-04-01 05:34:28,CUST_07184,small_business,chat,mobile_app,billing_problem,low,resolved,standard,I downgraded my plan but I am still being billed for the higher tier.,Thanks for reaching out about the billing issue. We will look into this and get back to you within the next 48 hours.,Adjusted the invoice and issued a refund where applicable.,36.97,0,negative,0,0,desktop_app,LATAM
TCKT_060744,2023-04-13 02:09:32,CUST_07523,individual,web_form,data_export,account_access,low,on_hold,standard,My 2FA code is not working when I try to sign in.,Sorry to hear you're having trouble accessing your account. We will look into this and get back to you within the next 48 hours.,,,0,positive,4,0,web,
TCKT_060747,2023-04-07 04:03:37,CUST_07666,individual,chat,mobile_app,security_concern,high,closed_no_action,gold,We need details about your data encryption and compliance.,We take security very seriously. We are prioritizing this and will update you as soon as possible.,Ticket closed without further action after no response from the customer.,53.83,0,very_negative,1,0,android,EU
TCKT_060757,2023-04-26 08:04:19,CUST_06221,enterprise,phone_transcript,api_integration,other,urgent,resolved,standard,I need help but I'm not sure which category this fits in.,Thanks for contacting support. This has been escalated to our on-call team for immediate attention.,Provided general guidance and confirmed the issue was resolved.,1.66,0,positive,5,0,ios,APAC
TCKT_060805,2023-04-15 03:11:34,CUST_01359,education,in_app,mobile_app,security_concern,low,in_progress,standard,There seems to be a vulnerability in the mobile app functionality.,We take security very seriously. We will look into this and get back to you within the next 48 hours.,,,0,very_positive,5,0,ios,
TCKT_060806,2023-04-19 10:45:29,CUST_02076,non_profit,email,data_export,security_concern,low,resolved,standard,There seems to be a vulnerability in the data export functionality.,We take security very seriously. We will look into this and get back to you within the next 48 hours.,"Investigated logs, mitigated the issue, and updated security settings.",12.48,0,neutral,3,1,api_client,EU
TCKT_060878,2023-04-25 00:06:31,CUST_05413,small_business,in_app,data_export,feature_request,medium,on_hold,standard,It would be great to have data export support in your product.,Thanks for your feature suggestion. Our team is reviewing this and will follow up within 24 hours.,,,0,very_positive,5,1,desktop_app,EU
TCKT_060974,2023-04-16 13:48:03,CUST_09240,small_business,in_app,analytics_dashboard,bug,low,resolved,gold,The analytics dashboard feature is not saving my changes.,Thanks for reporting this bug. We will look into this and get back to you within the next 48 hours.,Patched the bug and deployed a fix to production.,36.88,1,neutral,3,1,android,LATAM
TCKT_061021,2023-04-11 20:05:37,CUST_06656,education,phone_transcript,login_auth,billing_problem,medium,resolved,gold,My invoice amount is incorrect compared to the plan I selected.,Thanks for reaching out about the billing issue. Our team is reviewing this and will follow up within 24 hours.,Adjusted the invoice and issued a refund where applicable.,23.27,0,neutral,3,0,android,MEA
TCKT_061049,2023-04-09 08:46:57,CUST_06107,non_profit,web_form,analytics_dashboard,performance,medium,in_progress,gold,Overall performance has degraded in the last few days.,We understand performance issues can be frustrating. Our team is reviewing this and will follow up within 24 hours.,,,0,negative,0,0,desktop_app,LATAM
TCKT_061069,2023-04-12 15:41:47,CUST_03309,small_business,email,notifications,account_access,low,resolved,standard,My 2FA code is not working when I try to sign in.,Sorry to hear you're having trouble accessing your account. We will look into this and get back to you within the next 48 hours.,Reset account credentials and confirmed successful login.,68.95,0,very_negative,1,0,desktop_app,MEA
TCKT_061141,2023-04-27 07:42:28,CUST_03162,small_business,web_form,login_auth,security_concern,urgent,resolved,standard,I noticed a suspicious login on my account.,We take security very seriously. This has been escalated to our on-call team for immediate attention.,"Investigated logs, mitigated the issue, and updated security settings.",4.26,0,neutral,0,1,web,EU
TCKT_061290,2023-04-25 22:41:41,CUST_04682,education,chat,billing,feature_request,medium,in_progress,standard,It would be great to have billing support in your product.,Thanks for your feature suggestion. Our team is reviewing this and will follow up within 24 hours.,,,0,neutral,0,0,desktop_app,APAC
TCKT_061461,2023-04-05 11:40:32,CUST_06186,individual,web_form,login_auth,performance,medium,in_progress,gold,The login auth page is very slow and takes a long time to load.,We understand performance issues can be frustrating. Our team is reviewing this and will follow up within 24 hours.,,,0,very_negative,0,1,ios,EU
TCKT_061465,2023-04-13 17:13:54,CUST_08093,enterprise,in_app,analytics_dashboard,how_to,low,resolved,standard,Can you explain how to configure analytics dashboard properly?,Happy to help with your question. We will look into this and get back to you within the next 48 hours.,Provided step-by-step instructions and relevant documentation.,48.27,0,very_positive,5,0,web,LATAM
TCKT_061501,2023-04-18 06:38:49,CUST_05808,education,phone_transcript,billing,bug,medium,resolved,gold,The page keeps crashing whenever I try to open the billing section.,Thanks for reporting this bug. Our team is reviewing this and will follow up within 24 hours.,Patched the bug and deployed a fix to production.,16.74,0,neutral,3,0,web,
TCKT_061530,2023-04-07 17:54:47,CUST_07810,individual,in_app,data_export,billing_problem,high,open,gold,I downgraded my plan but I am still being billed for the higher tier.,Thanks for reaching out about the billing issue. We are prioritizing this and will update you as soon as possible.,,,0,neutral,4,1,android,MEA
TCKT_061533,2023-04-20 01:23:55,CUST_03649,small_business,chat,data_export,account_access,medium,resolved,standard,I cannot log in; the system says my password is incorrect.,Sorry to hear you're having trouble accessing your account. Our team is reviewing this and will follow up within 24 hours.,Reset account credentials and confirmed successful login.,40.56,0,very_negative,0,0,desktop_app,LATAM
TCKT_061549,2023-04-08 10:25:30,CUST_04152,individual,phone_transcript,analytics_dashboard,performance,high,resolved,standard,Queries in the analytics dashboard module are timing out.,We understand performance issues can be frustrating. We are prioritizing this and will update you as soon as possible.,Optimized queries and increased resource allocation.,6.3,0,neutral,0,0,android,EU
TCKT_061684,2023-04-02 20:31:00,CUST_07742,non_profit,phone_transcript,login_auth,billing_problem,medium,in_progress,standard,My invoice amount is incorrect compared to the plan I selected.,Thanks for reaching out about the billing issue. Our team is reviewing this and will follow up within 24 hours.,,,0,negative,3,0,api_client,
TCKT_061728,2023-04-03 17:35:17,CUST_08411,non_profit,in_app,data_export,security_concern,medium,resolved,gold,We need details about your data encryption and compliance.,We take security very seriously. Our team is reviewing this and will follow up within 24 hours.,"Investigated logs, mitigated the issue, and updated security settings.",47.69,0,neutral,3,0,web,
TCKT_061797,2023-04-26 21:58:06,CUST_00714,individual,phone_transcript,api_integration,security_concern,low,closed_no_action,standard,We need details about your data encryption and compliance.,We take security very seriously. We will look into this and get back to you within the next 48 hours.,Ticket closed without further action after no response from the customer.,35.55,0,neutral,3,0,api_client,LATAM
TCKT_061834,2023-04-06 00:15:23,CUST_03572,education,email,billing,feature_request,medium,open,standard,Our team needs more advanced options for billing.,Thanks for your feature suggestion. Our team is reviewing this and will follow up within 24 hours.,,,0,positive,4,1,android,APAC
TCKT_061835,2023-04-09 23:57:24,CUST_01874,education,in_app,login_auth,security_concern,medium,resolved,standard,We need details about your data encryption and compliance.,We take security very seriously. Our team is reviewing this and will follow up within 24 hours.,"Investigated logs, mitigated the issue, and updated security settings.",32.41,1,negative,3,0,api_client,
TCKT_061885,2023-04-24 11:20:36,CUST_07931,enterprise,in_app,mobile_app,other,low,in_progress,gold,I have a general question about my account.,Thanks for contacting support. We will look into this and get back to you within the next 48 hours.,,,0,negative,3,0,api_client,LATAM
TCKT_062085,2023-04-24 16:12:53,CUST_00873,small_business,chat,login_auth,other,low,resolved,standard,"Something seems off, can you please check my workspace?",Thanks for contacting support. We will look into this and get back to you within the next 48 hours.,Provided general guidance and confirmed the issue was resolved.,68.87,0,negative,3,0,android,APAC
TCKT_062103,2023-04-30 02:06:39,CUST_04000,individual,phone_transcript,data_export,account_access,medium,in_progress,gold,My 2FA code is not working when I try to sign in.,Sorry to hear you're having trouble accessing your account. Our team is reviewing this and will follow up within 24 hours.,,,0,very_negative,1,0,web,
TCKT_062138,2023-04-16 18:26:28,CUST_04333,enterprise,web_form,billing,billing_problem,high,resolved,standard,I downgraded my plan but I am still being billed for the higher tier.,Thanks for reaching out about the billing issue. We are prioritizing this and will update you as soon as possible.,Adjusted the invoice and issued a refund where applicable.,8.14,0,negative,3,1,api_client,LATAM
TCKT_062237,2023-04-04 07:40:51,CUST_03644,individual,email,billing,feature_request,medium,resolved,gold,Our team needs more advanced options for billing.,Thanks for your feature suggestion. Our team is reviewing this and will follow up within 24 hours.,Captured the request and added it to the product backlog.,5.07,1,very_positive,0,1,api_client,LATAM
TCKT_062248,2023-04-01 13:26:32,CUST_05404,education,web_form,login_auth,billing_problem,high,resolved,standard,I was charged twice for my subscription this month.,Thanks for reaching out about the billing issue. We are prioritizing this and will update you as soon as possible.,Adjusted the invoice and issued a refund where applicable.,20.24,0,very_negative,1,0,android,LATAM
TCKT_062273,2023-04-09 16:04:28,CUST_07757,small_business,in_app,login_auth,billing_problem,low,resolved,standard,My invoice amount is incorrect compared to the plan I selected.,Thanks for reaching out about the billing issue. We will look into this and get back to you within the next 48 hours.,Adjusted the invoice and issued a refund where applicable.,60.36,0,negative,2,1,ios,EU
TCKT_062277,2023-04-22 10:09:05,CUST_08201,enterprise,web_form,billing,security_concern,low,open,standard,I noticed a suspicious login on my account.,We take security very seriously. We will look into this and get back to you within the next 48 hours.,,,0,positive,5,1,desktop_app,APAC
TCKT_062351,2023-04-29 16:25:35,CUST_00084,small_business,chat,analytics_dashboard,billing_problem,high,on_hold,gold,I was charged twice for my subscription this month.,Thanks for reaching out about the billing issue. We are prioritizing this and will update you as soon as possible.,,,0,positive,5,0,ios,MEA
TCKT_062412,2023-04-10 06:40:46,CUST_09898,non_profit,in_app,mobile_app,how_to,low,resolved,standard,Can you explain how to configure mobile app properly?,Happy to help with your question. We will look into this and get back to you within the next 48 hours.,Provided step-by-step instructions and relevant documentation.,40.58,0,negative,3,0,desktop_app,LATAM
TCKT_062423,2023-04-05 01:33:48,CUST_06045,education,phone_transcript,analytics_dashboard,how_to,low,in_progress,gold,How can I export my data from the analytics dashboard section?,Happy to help with your question. We will look into this and get back to you within the next 48 hours.,,,0,neutral,4,1,api_client,MEA
TCKT_062427,2023-04-05 22:29:47,CUST_00373,enterprise,phone_transcript,api_integration,security_concern,medium,resolved,standard,We need details about your data encryption and compliance.,We take security very seriously. Our team is reviewing this and will follow up within 24 hours.,"Investigated logs, mitigated the issue, and updated security settings.",17.44,0,positive,4,1,desktop_app,
TCKT_062462,2023-04-18 03:33:49,CUST_09239,individual,chat,mobile_app,performance,urgent,resolved,standard,Queries in the mobile app module are timing out.,We understand performance issues can be frustrating. This has been escalated to our on-call team for immediate attention.,Optimized queries and increased resource allocation.,4.44,0,positive,5,0,android,APAC
TCKT_062484,2023-04-14 01:34:47,CUST_06127,non_profit,email,login_auth,security_concern,medium,resolved,standard,There seems to be a vulnerability in the login auth functionality.,We take security very seriously. Our team is reviewing this and will follow up within 24 hours.,"Investigated logs, mitigated the issue, and updated security settings.",22.31,0,negative,3,0,desktop_app,EU
TCKT_062529,2023-04-16 01:03:33,CUST_07248,enterprise,chat,analytics_dashboard,security_concern,medium,in_progress,gold,We need details about your data encryption and compliance.,We take security very seriously. Our team is reviewing this and will follow up within 24 hours.,,,0,neutral,3,0,android,LATAM
TCKT_062638,2023-04-03 05:05:59,CUST_03757,enterprise,email,api_integration,other,high,closed_no_action,standard,I have a general question about my account.,Thanks for contacting support. We are prioritizing this and will update you as soon as possible.,Ticket closed without further action after no response from the customer.,127.39,0,positive,4,1,android,APAC
TCKT_062878,2023-04-06 09:46:42,CUST_03246,non_profit,phone_transcript,api_integration,how_to,urgent,resolved,standard,How can I export my data from the api integration section?,Happy to help with your question. This has been escalated to our on-call team for immediate attention.,Provided step-by-step instructions and relevant documentation.,2.72,0,positive,4,1,desktop_app,APAC
TCKT_062930,2023-04-05 07:18:38,CUST_04523,education,email,api_integration,account_access,low,on_hold,gold,My account was locked after multiple failed login attempts.,Sorry to hear you're having trouble accessing your account. We will look into this and get back to you within the next 48 hours.,,,0,neutral,3,0,desktop_app,LATAM
TCKT_063087,2023-04-27 06:18:01,CUST_09017,non_profit,phone_transcript,notifications,other,high,open,gold,"Something seems off, can you please check my workspace?",Thanks for contacting support. We are prioritizing this and will update you as soon as possible.,,,0,neutral,3,0,ios,
TCKT_063124,2023-04-29 19:48:27,CUST_08666,individual,phone_transcript,login_auth,other,low,resolved,gold,I need help but I'm not sure which category this fits in.,Thanks for contacting support. We will look into this and get back to you within the next 48 hours.,Provided general guidance and confirmed the issue was resolved.,61.35,0,neutral,0,1,ios,LATAM
TCKT_063240,2023-04-23 15:40:10,CUST_01066,non_profit,web_form,api_integration,account_access,medium,open,standard,My account was locked after multiple failed login attempts.,Sorry to hear you're having trouble accessing your account. Our team is reviewing this and will follow up within 24 hours.,,,0,neutral,4,1,api_client,APAC
TCKT_063374,2023-04-19 14:56:27,CUST_03037,education,chat,data_export,feature_request,medium,open,gold,Our team needs more advanced options for data export.,Thanks for your feature suggestion. Our team is reviewing this and will follow up within 24 hours.,,,0,neutral,4,1,web,LATAM
TCKT_063381,2023-04-22 15:09:03,CUST_09231,small_business,in_app,mobile_app,bug,low,resolved,gold,I am seeing an error message when I click on mobile app.,Thanks for reporting this bug. We will look into this and get back to you within the next 48 hours.,Patched the bug and deployed a fix to production.,56.94,0,neutral,0,0,api_client,
TCKT_063383,2023-04-12 17:46:47,CUST_03994,education,phone_transcript,mobile_app,bug,urgent,resolved,standard,The mobile app feature is not saving my changes.,Thanks for reporting this bug. This has been escalated to our on-call team for immediate attention.,Patched the bug and deployed a fix to production.,5.53,0,neutral,0,0,ios,MEA
TCKT_063485,2023-04-11 01:19:50,CUST_01490,small_business,chat,mobile_app,billing_problem,high,on_hold,standard,I was charged twice for my subscription this month.,Thanks for reaching out about the billing issue. We are prioritizing this and will update you as soon as possible.,,,0,neutral,4,0,api_client,
TCKT_063611,2023-04-26 09:47:09,CUST_08809,small_business,web_form,data_export,security_concern,low,resolved,gold,We need details about your data encryption and compliance.,We take security very seriously. We will look into this and get back to you within the next 48 hours.,"Investigated logs, mitigated the issue, and updated security settings.",64.04,0,negative,0,0,desktop_app,MEA
TCKT_063635,2023-04-08 16:19:55,CUST_07783,enterprise,in_app,api_integration,security_concern,medium,resolved,gold,I noticed a suspicious login on my account.,We take security very seriously. Our team is reviewing this and will follow up within 24 hours.,"Investigated logs, mitigated the issue, and updated security settings.",37.42,0,neutral,4,0,android,EU
TCKT_063654,2023-04-03 08:05:15,CUST_03066,enterprise,chat,api_integration,bug,low,resolved,standard,The page keeps crashing whenever I try to open the api integration section.,Thanks for reporting this bug. We will look into this and get back to you within the next 48 hours.,Patched the bug and deployed a fix to production.,69.88,0,neutral,3,0,web,LATAM
TCKT_063725,2023-04-05 18:17:54,CUST_09063,enterprise,in_app,login_auth,other,medium,closed_no_action,standard,I need help but I'm not sure which category this fits in.,Thanks for contacting support. Our team is reviewing this and will follow up within 24 hours.,Ticket closed without further action after no response from the customer.,53.19,0,negative,2,0,api_client,APAC
TCKT_063911,2023-04-23 17:30:48,CUST_07720,individual,phone_transcript,data_export,security_concern,low,open,standard,I noticed a suspicious login on my account.,We take security very seriously. We will look into this and get back to you within the next 48 hours.,,,0,negative,2,0,ios,EU
TCKT_063928,2023-04-05 06:06:06,CUST_00576,enterprise,phone_transcript,mobile_app,how_to,low,in_progress,standard,How can I export my data from the mobile app section?,Happy to help with your question. We will look into this and get back to you within the next 48 hours.,,,0,neutral,3,0,ios,LATAM
TCKT_063974,2023-04-08 08:25:12,CUST_02171,non_profit,phone_transcript,analytics_dashboard,feature_request,high,resolved,standard,Our team needs more advanced options for analytics dashboard.,Thanks for your feature suggestion. We are prioritizing this and will update you as soon as possible.,Captured the request and added it to the product backlog.,16.38,0,neutral,3,1,android,MEA
TCKT_064002,2023-04-15 05:39:50,CUST_03861,education,chat,api_integration,other,high,resolved,platinum,I have a general question about my account.,Thanks for contacting support. We are prioritizing this and will update you as soon as possible.,Provided general guidance and confirmed the issue was resolved.,1.55,1,negative,0,0,api_client,LATAM
TCKT_064034,2023-04-17 15:27:50,CUST_06913,individual,in_app,billing,security_concern,medium,closed_no_action,gold,I noticed a suspicious login on my account.,We take security very seriously. Our team is reviewing this and will follow up within 24 hours.,Ticket closed without further action after no response from the customer.,117.18,0,negative,0,0,ios,LATAM
TCKT_064060,2023-04-15 15:02:47,CUST_04074,non_profit,in_app,login_auth,billing_problem,low,resolved,gold,I was charged twice for my subscription this month.,Thanks for reaching out about the billing issue. We will look into this and get back to you within the next 48 hours.,Adjusted the invoice and issued a refund where applicable.,19.45,0,very_negative,1,0,web,MEA
TCKT_064066,2023-04-12 19:09:30,CUST_02152,individual,in_app,mobile_app,feature_request,medium,on_hold,gold,It would be great to have mobile app support in your product.,Thanks for your feature suggestion. Our team is reviewing this and will follow up within 24 hours.,,,0,very_positive,0,0,ios,
TCKT_064207,2023-04-08 15:54:27,CUST_00993,non_profit,phone_transcript,data_export,bug,high,in_progress,platinum,I am seeing an error message when I click on data export.,Thanks for reporting this bug. We are prioritizing this and will update you as soon as possible.,,,0,neutral,0,1,web,
TCKT_064214,2023-04-07 21:30:01,CUST_00243,small_business,in_app,analytics_dashboard,bug,low,in_progress,standard,The analytics dashboard feature is not saving my changes.,Thanks for reporting this bug. We will look into this and get back to you within the next 48 hours.,,,0,neutral,4,0,ios,
TCKT_064226,2023-04-30 22:06:29,CUST_05372,non_profit,phone_transcript,analytics_dashboard,bug,low,on_hold,platinum,I am seeing an error message when I click on analytics dashboard.,Thanks for reporting this bug. We will look into this and get back to you within the next 48 hours.,,,0,negative,3,0,ios,
TCKT_064366,2023-04-02 21:09:00,CUST_00882,education,web_form,login_auth,bug,low,in_progress,standard,The login auth feature is not saving my changes.,Thanks for reporting this bug. We will look into this and get back to you within the next 48 hours.,,,0,neutral,3,1,api_client,LATAM
TCKT_064554,2023-04-12 08:56:27,CUST_02009,enterprise,chat,data_export,feature_request,low,resolved,platinum,Our team needs more advanced options for data export.,Thanks for your feature suggestion. We will look into this and get back to you within the next 48 hours.,Captured the request and added it to the product backlog.,18.28,0,neutral,0,0,desktop_app,EU
TCKT_064578,2023-04-11 17:04:01,CUST_06673,education,web_form,login_auth,how_to,medium,resolved,standard,Can you explain how to configure login auth properly?,Happy to help with your question. Our team is reviewing this and will follow up within 24 hours.,Provided step-by-step instructions and relevant documentation.,27.2,0,neutral,4,0,web,
TCKT_064580,2023-04-06 11:52:27,CUST_09994,education,chat,login_auth,feature_request,medium,resolved,standard,Can you add an option to customize login auth?,Thanks for your feature suggestion. Our team is reviewing this and will follow up within 24 hours.,Captured the request and added it to the product backlog.,8.93,0,neutral,0,1,web,APAC
TCKT_064596,2023-04-11 14:30:37,CUST_04386,education,in_app,data_export,bug,medium,resolved,standard,The data export feature is not saving my changes.,Thanks for reporting this bug. Our team is reviewing this and will follow up within 24 hours.,Patched the bug and deployed a fix to production.,35.32,0,neutral,3,1,desktop_app,EU
TCKT_064638,2023-04-04 19:03:01,CUST_07057,small_business,in_app,api_integration,billing_problem,high,in_progress,standard,My invoice amount is incorrect compared to the plan I selected.,Thanks for reaching out about the billing issue. We are prioritizing this and will update you as soon as possible.,,,0,neutral,4,0,desktop_app,EU
TCKT_064654,2023-04-26 12:10:52,CUST_01142,individual,web_form,billing,performance,high,resolved,gold,Overall performance has degraded in the last few days.,We understand performance issues can be frustrating. We are prioritizing this and will update you as soon as possible.,Optimized queries and increased resource allocation.,3.92,0,negative,3,0,api_client,MEA
TCKT_064714,2023-04-16 23:46:13,CUST_06666,small_business,chat,login_auth,other,low,resolved,standard,I have a general question about my account.,Thanks for contacting support. We will look into this and get back to you within the next 48 hours.,Provided general guidance and confirmed the issue was resolved.,35.82,0,neutral,0,0,api_client,APAC
TCKT_064778,2023-04-30 00:52:33,CUST_02972,enterprise,chat,analytics_dashboard,performance,low,in_progress,standard,The analytics dashboard page is very slow and takes a long time to load.,We understand performance issues can be frustrating. We will look into this and get back to you within the next 48 hours.,,,0,negative,2,0,desktop_app,LATAM
TCKT_064788,2023-04-10 19:04:23,CUST_04994,non_profit,in_app,billing,bug,medium,open,standard,The page keeps crashing whenever I try to open the billing section.,Thanks for reporting this bug. Our team is reviewing this and will follow up within 24 hours.,,,0,positive,5,0,api_client,LATAM
TCKT_064840,2023-04-22 12:00:28,CUST_04970,small_business,in_app,notifications,other,low,resolved,standard,"Something seems off, can you please check my workspace?",Thanks for contacting support. We will look into this and get back to you within the next 48 hours.,Provided general guidance and confirmed the issue was resolved.,70.95,1,positive,4,0,android,
TCKT_064890,2023-04-21 10:05:55,CUST_00549,individual,web_form,notifications,billing_problem,low,resolved,gold,My invoice amount is incorrect compared to the plan I selected.,Thanks for reaching out about the billing issue. We will look into this and get back to you within the next 48 hours.,Adjusted the invoice and issued a refund where applicable.,44.9,0,negative,3,0,ios,MEA
TCKT_064936,2023-04-23 08:52:03,CUST_09006,individual,in_app,billing,how_to,medium,open,standard,Can you explain how to configure billing properly?,Happy to help with your question. Our team is reviewing this and will follow up within 24 hours.,,,0,neutral,4,0,web,
TCKT_064956,2023-04-08 06:50:44,CUST_05149,non_profit,chat,mobile_app,performance,medium,in_progress,standard,The mobile app page is very slow and takes a long time to load.,We understand performance issues can be frustrating. Our team is reviewing this and will follow up within 24 hours.,,,0,very_negative,1,1,web,APAC
TCKT_064958,2023-04-21 19:51:43,CUST_03190,individual,chat,mobile_app,performance,medium,resolved,standard,Overall performance has degraded in the last few days.,We understand performance issues can be frustrating. Our team is reviewing this and will follow up within 24 hours.,Optimized queries and increased resource allocation.,28.27,0,negative,2,0,android,MEA
TCKT_065001,2023-04-29 10:30:26,CUST_08514,small_business,in_app,notifications,bug,low,resolved,standard,The page keeps crashing whenever I try to open the notifications section.,Thanks for reporting this bug. We will look into this and get back to you within the next 48 hours.,Patched the bug and deployed a fix to production.,58.19,0,negative,0,0,desktop_app,LATAM
TCKT_065017,2023-04-02 11:19:44,CUST_00772,education,web_form,data_export,performance,high,resolved,standard,Overall performance has degraded in the last few days.,We understand performance issues can be frustrating. We are prioritizing this and will update you as soon as possible.,Optimized queries and increased resource allocation.,7.4,0,neutral,3,0,web,LATAM
TCKT_065023,2023-04-14 23:52:13,CUST_03164,education,phone_transcript,login_auth,feature_request,medium,resolved,gold,Can you add an option to customize login auth?,Thanks for your feature suggestion. Our team is reviewing this and will follow up within 24 hours.,Captured the request and added it to the product backlog.,21.89,0,positive,0,0,api_client,APAC
TCKT_065028,2023-04-15 07:14:01,CUST_08675,small_business,phone_transcript,notifications,account_access,high,in_progress,gold,My 2FA code is not working when I try to sign in.,Sorry to hear you're having trouble accessing your account. We are prioritizing this and will update you as soon as possible.,,,0,very_negative,1,0,web,EU
TCKT_065034,2023-04-03 09:15:08,CUST_05017,education,phone_transcript,notifications,how_to,medium,resolved,gold,How can I export my data from the notifications section?,Happy to help with your question. Our team is reviewing this and will follow up within 24 hours.,Provided step-by-step instructions and relevant documentation.,32.54,0,positive,5,0,android,EU
TCKT_065185,2023-04-02 22:21:06,CUST_00190,education,email,api_integration,bug,urgent,resolved,platinum,I am seeing an error message when I click on api integration.,Thanks for reporting this bug. This has been escalated to our on-call team for immediate attention.,Patched the bug and deployed a fix to production.,7.6,0,very_positive,5,1,android,LATAM
TCKT_065202,2023-04-01 03:55:18,CUST_09426,education,web_form,notifications,how_to,low,resolved,standard,Can you explain how to configure notifications properly?,Happy to help with your question. We will look into this and get back to you within the next 48 hours.,Provided step-by-step instructions and relevant documentation.,56.61,0,neutral,4,1,ios,MEA
TCKT_065250,2023-04-01 03:59:48,CUST_06083,enterprise,in_app,analytics_dashboard,security_concern,medium,resolved,standard,I noticed a suspicious login on my account.,We take security very seriously. Our team is reviewing this and will follow up within 24 hours.,"Investigated logs, mitigated the issue, and updated security settings.",40.76,0,negative,3,0,web,APAC
TCKT_065275,2023-04-25 10:20:36,CUST_09287,individual,phone_transcript,login_auth,security_concern,medium,resolved,standard,There seems to be a vulnerability in the login auth functionality.,We take security very seriously. Our team is reviewing this and will follow up within 24 hours.,"Investigated logs, mitigated the issue, and updated security settings.",40.97,0,very_positive,5,0,android,APAC
TCKT_065411,2023-04-06 22:43:26,CUST_02140,small_business,web_form,data_export,other,medium,resolved,standard,I have a general question about my account.,Thanks for contacting support. Our team is reviewing this and will follow up within 24 hours.,Provided general guidance and confirmed the issue was resolved.,14.65,0,positive,0,0,ios,LATAM
TCKT_065416,2023-04-04 23:00:51,CUST_00831,enterprise,chat,mobile_app,performance,medium,open,standard,The mobile app page is very slow and takes a long time to load.,We understand performance issues can be frustrating. Our team is reviewing this and will follow up within 24 hours.,,,0,very_negative,0,0,api_client,EU
TCKT_065455,2023-04-07 12:14:00,CUST_07130,individual,chat,data_export,feature_request,medium,resolved,gold,It would be great to have data export support in your product.,Thanks for your feature suggestion. Our team is reviewing this and will follow up within 24 hours.,Captured the request and added it to the product backlog.,26.42,0,negative,2,0,web,
TCKT_065634,2023-04-21 21:57:58,CUST_03254,small_business,chat,analytics_dashboard,security_concern,high,resolved,standard,I noticed a suspicious login on my account.,We take security very seriously. We are prioritizing this and will update you as soon as possible.,"Investigated logs, mitigated the issue, and updated security settings.",21.71,0,very_positive,0,0,api_client,MEA
TCKT_065668,2023-04-14 17:01:27,CUST_02477,education,in_app,analytics_dashboard,security_concern,low,in_progress,standard,There seems to be a vulnerability in the analytics dashboard functionality.,We take security very seriously. We will look into this and get back to you within the next 48 hours.,,,0,negative,3,1,android,
TCKT_065672,2023-04-03 16:35:10,CUST_07573,education,in_app,billing,how_to,medium,resolved,standard,How can I export my data from the billing section?,Happy to help with your question. Our team is reviewing this and will follow up within 24 hours.,Provided step-by-step instructions and relevant documentation.,45.07,0,very_negative,1,0,api_client,
TCKT_065695,2023-04-02 07:58:40,CUST_00102,individual,email,api_integration,bug,high,resolved,gold,The page keeps crashing whenever I try to open the api integration section.,Thanks for reporting this bug. We are prioritizing this and will update you as soon as possible.,Patched the bug and deployed a fix to production.,7.78,0,very_positive,5,0,android,LATAM
TCKT_065743,2023-04-12 04:26:43,CUST_08793,education,chat,login_auth,billing_problem,low,closed_no_action,gold,I downgraded my plan but I am still being billed for the higher tier.,Thanks for reaching out about the billing issue. We will look into this and get back to you within the next 48 hours.,Ticket closed without further action after no response from the customer.,101.71,0,neutral,0,0,web,MEA
TCKT_065861,2023-04-30 10:20:45,CUST_02541,non_profit,email,api_integration,billing_problem,low,resolved,gold,I downgraded my plan but I am still being billed for the higher tier.,Thanks for reaching out about the billing issue. We will look into this and get back to you within the next 48 hours.,Adjusted the invoice and issued a refund where applicable.,50.97,0,positive,0,0,android,MEA
TCKT_065918,2023-04-11 04:30:27,CUST_00723,education,web_form,data_export,bug,urgent,closed_no_action,standard,The page keeps crashing whenever I try to open the data export section.,Thanks for reporting this bug. This has been escalated to our on-call team for immediate attention.,Ticket closed without further action after no response from the customer.,228.15,0,neutral,3,1,ios,LATAM
TCKT_065943,2023-04-11 13:25:19,CUST_00868,non_profit,in_app,billing,bug,low,resolved,standard,I am seeing an error message when I click on billing.,Thanks for reporting this bug. We will look into this and get back to you within the next 48 hours.,Patched the bug and deployed a fix to production.,30.55,0,negative,3,1,api_client,MEA
TCKT_065984,2023-04-15 19:32:16,CUST_06508,enterprise,in_app,data_export,account_access,low,closed_no_action,standard,My account was locked after multiple failed login attempts.,Sorry to hear you're having trouble accessing your account. We will look into this and get back to you within the next 48 hours.,Ticket closed without further action after no response from the customer.,231.78,0,negative,2,0,web,MEA
TCKT_066016,2023-04-26 16:52:05,CUST_00611,non_profit,phone_transcript,notifications,security_concern,medium,resolved,gold,There seems to be a vulnerability in the notifications functionality.,We take security very seriously. Our team is reviewing this and will follow up within 24 hours.,"Investigated logs, mitigated the issue, and updated security settings.",26.7,0,negative,2,1,web,LATAM
TCKT_066047,2023-04-28 02:49:51,CUST_00353,enterprise,web_form,login_auth,bug,medium,resolved,standard,The page keeps crashing whenever I try to open the login auth section.,Thanks for reporting this bug. Our team is reviewing this and will follow up within 24 hours.,Patched the bug and deployed a fix to production.,33.38,0,very_positive,5,0,web,APAC
TCKT_066203,2023-04-18 21:17:51,CUST_03265,non_profit,in_app,notifications,how_to,low,resolved,standard,I need help setting up notifications for my team.,Happy to help with your question. We will look into this and get back to you within the next 48 hours.,Provided step-by-step instructions and relevant documentation.,34.69,0,negative,2,0,android,APAC
TCKT_066258,2023-04-30 14:47:35,CUST_02249,individual,email,login_auth,feature_request,urgent,in_progress,gold,Can you add an option to customize login auth?,Thanks for your feature suggestion. This has been escalated to our on-call team for immediate attention.,,,0,negative,2,0,ios,LATAM
TCKT_066282,2023-04-04 04:31:08,CUST_05202,small_business,web_form,api_integration,performance,low,resolved,standard,Queries in the api integration module are timing out.,We understand performance issues can be frustrating. We will look into this and get back to you within the next 48 hours.,Optimized queries and increased resource allocation.,66.41,0,positive,4,0,ios,
TCKT_066392,2023-04-09 14:07:53,CUST_08375,education,web_form,analytics_dashboard,feature_request,urgent,on_hold,standard,Our team needs more advanced options for analytics dashboard.,Thanks for your feature suggestion. This has been escalated to our on-call team for immediate attention.,,,0,positive,4,0,web,APAC
TCKT_066404,2023-04-04 03:47:46,CUST_00723,individual,phone_transcript,analytics_dashboard,performance,low,open,gold,The analytics dashboard page is very slow and takes a long time to load.,We understand performance issues can be frustrating. We will look into this and get back to you within the next 48 hours.,,,0,negative,3,0,web,APAC
TCKT_066423,2023-04-07 06:50:47,CUST_02929,education,chat,data_export,security_concern,low,on_hold,gold,We need details about your data encryption and compliance.,We take security very seriously. We will look into this and get back to you within the next 48 hours.,,,0,very_negative,1,0,android,LATAM
TCKT_066459,2023-04-04 20:12:11,CUST_03376,education,chat,analytics_dashboard,feature_request,low,on_hold,platinum,It would be great to have analytics dashboard support in your product.,Thanks for your feature suggestion. We will look into this and get back to you within the next 48 hours.,,,0,very_negative,2,0,ios,EU
TCKT_066484,2023-04-11 23:51:39,CUST_00829,education,chat,notifications,performance,urgent,in_progress,gold,The notifications page is very slow and takes a long time to load.,We understand performance issues can be frustrating. This has been escalated to our on-call team for immediate attention.,,,0,negative,2,1,android,EU
TCKT_066528,2023-04-02 01:47:54,CUST_08430,non_profit,email,billing,billing_problem,medium,in_progress,standard,My invoice amount is incorrect compared to the plan I selected.,Thanks for reaching out about the billing issue. Our team is reviewing this and will follow up within 24 hours.,,,0,negative,3,0,android,EU
TCKT_066543,2023-04-17 18:45:31,CUST_05366,education,email,login_auth,feature_request,medium,resolved,gold,It would be great to have login auth support in your product.,Thanks for your feature suggestion. Our team is reviewing this and will follow up within 24 hours.,Captured the request and added it to the product backlog.,26.95,0,negative,0,0,ios,LATAM
TCKT_066577,2023-04-22 05:39:58,CUST_04340,non_profit,web_form,billing,security_concern,medium,closed_no_action,standard,We need details about your data encryption and compliance.,We take security very seriously. Our team is reviewing this and will follow up within 24 hours.,Ticket closed without further action after no response from the customer.,89.1,1,very_positive,0,0,api_client,APAC
TCKT_066672,2023-04-05 14:44:55,CUST_05262,education,email,notifications,how_to,medium,resolved,standard,How can I export my data from the notifications section?,Happy to help with your question. Our team is reviewing this and will follow up within 24 hours.,Provided step-by-step instructions and relevant documentation.,8.9,0,neutral,3,1,web,EU
TCKT_066780,2023-04-18 22:02:15,CUST_00819,small_business,web_form,analytics_dashboard,performance,high,resolved,gold,Queries in the analytics dashboard module are timing out.,We understand performance issues can be frustrating. We are prioritizing this and will update you as soon as possible.,Optimized queries and increased resource allocation.,20.08,0,neutral,3,0,android,
TCKT_067001,2023-04-13 03:36:28,CUST_04390,education,email,mobile_app,other,medium,in_progress,standard,I have a general question about my account.,Thanks for contacting support. Our team is reviewing this and will follow up within 24 hours.,,,0,neutral,3,0,android,MEA
TCKT_067052,2023-04-02 12:30:51,CUST_09982,non_profit,phone_transcript,notifications,security_concern,low,in_progress,gold,There seems to be a vulnerability in the notifications functionality.,We take security very seriously. We will look into this and get back to you within the next 48 hours.,,,0,very_negative,1,1,android,APAC
TCKT_067088,2023-04-05 07:26:11,CUST_04965,enterprise,phone_transcript,login_auth,security_concern,medium,resolved,standard,We need details about your data encryption and compliance.,We take security very seriously. Our team is reviewing this and will follow up within 24 hours.,"Investigated logs, mitigated the issue, and updated security settings.",39.1,0,positive,4,0,android,LATAM
TCKT_067089,2023-04-03 20:19:05,CUST_06912,non_profit,chat,login_auth,performance,medium,resolved,gold,Queries in the login auth module are timing out.,We understand performance issues can be frustrating. Our team is reviewing this and will follow up within 24 hours.,Optimized queries and increased resource allocation.,38.97,0,very_positive,5,0,desktop_app,LATAM
TCKT_067097,2023-04-04 12:11:37,CUST_05524,small_business,phone_transcript,billing,account_access,medium,in_progress,gold,My account was locked after multiple failed login attempts.,Sorry to hear you're having trouble accessing your account. Our team is reviewing this and will follow up within 24 hours.,,,0,neutral,3,1,web,EU
TCKT_067104,2023-04-13 20:02:31,CUST_09268,enterprise,email,mobile_app,billing_problem,medium,resolved,standard,I was charged twice for my subscription this month.,Thanks for reaching out about the billing issue. Our team is reviewing this and will follow up within 24 hours.,Adjusted the invoice and issued a refund where applicable.,17.59,0,negative,3,0,web,
TCKT_067308,2023-04-30 20:06:28,CUST_07887,small_business,email,api_integration,how_to,medium,resolved,standard,I need help setting up api integration for my team.,Happy to help with your question. Our team is reviewing this and will follow up within 24 hours.,Provided step-by-step instructions and relevant documentation.,45.22,0,positive,4,0,ios,APAC
TCKT_067376,2023-04-19 21:32:33,CUST_06793,individual,phone_transcript,login_auth,bug,low,resolved,gold,I am seeing an error message when I click on login auth.,Thanks for reporting this bug. We will look into this and get back to you within the next 48 hours.,Patched the bug and deployed a fix to production.,46.35,1,neutral,3,0,desktop_app,EU
TCKT_067435,2023-04-16 02:48:36,CUST_07927,non_profit,chat,data_export,other,low,resolved,standard,I have a general question about my account.,Thanks for contacting support. We will look into this and get back to you within the next 48 hours.,Provided general guidance and confirmed the issue was resolved.,46.76,0,negative,2,0,ios,EU
TCKT_067449,2023-04-18 18:25:47,CUST_09274,enterprise,phone_transcript,login_auth,how_to,medium,on_hold,standard,Can you explain how to configure login auth properly?,Happy to help with your question. Our team is reviewing this and will follow up within 24 hours.,,,0,very_positive,5,1,android,APAC
TCKT_067494,2023-04-26 09:27:52,CUST_01132,enterprise,email,login_auth,how_to,high,resolved,standard,Can you explain how to configure login auth properly?,Happy to help with your question. We are prioritizing this and will update you as soon as possible.,Provided step-by-step instructions and relevant documentation.,17.31,0,neutral,0,0,android,EU
TCKT_067592,2023-04-15 05:25:28,CUST_05584,individual,email,data_export,security_concern,medium,resolved,standard,We need details about your data encryption and compliance.,We take security very seriously. Our team is reviewing this and will follow up within 24 hours.,"Investigated logs, mitigated the issue, and updated security settings.",14.88,0,neutral,3,0,ios,MEA
TCKT_067633,2023-04-09 16:48:32,CUST_09420,education,web_form,data_export,account_access,medium,on_hold,standard,My account was locked after multiple failed login attempts.,Sorry to hear you're having trouble accessing your account. Our team is reviewing this and will follow up within 24 hours.,,,0,very_negative,2,0,api_client,EU
TCKT_067647,2023-04-26 13:32:15,CUST_08024,enterprise,chat,api_integration,other,low,resolved,gold,I have a general question about my account.,Thanks for contacting support. We will look into this and get back to you within the next 48 hours.,Provided general guidance and confirmed the issue was resolved.,59.55,0,neutral,3,1,web,MEA
TCKT_067679,2023-04-24 04:01:42,CUST_09578,non_profit,chat,notifications,security_concern,high,open,standard,I noticed a suspicious login on my account.,We take security very seriously. We are prioritizing this and will update you as soon as possible.,,,0,neutral,0,1,web,MEA
TCKT_067688,2023-04-08 16:26:37,CUST_02955,small_business,email,analytics_dashboard,account_access,low,resolved,standard,I cannot log in; the system says my password is incorrect.,Sorry to hear you're having trouble accessing your account. We will look into this and get back to you within the next 48 hours.,Reset account credentials and confirmed successful login.,12.31,0,positive,4,0,web,LATAM
TCKT_067756,2023-04-09 11:25:20,CUST_08449,education,phone_transcript,data_export,feature_request,medium,open,standard,It would be great to have data export support in your product.,Thanks for your feature suggestion. Our team is reviewing this and will follow up within 24 hours.,,,0,neutral,3,0,web,APAC
TCKT_067913,2023-04-09 22:47:53,CUST_03549,individual,chat,login_auth,how_to,medium,resolved,standard,Can you explain how to configure login auth properly?,Happy to help with your question. Our team is reviewing this and will follow up within 24 hours.,Provided step-by-step instructions and relevant documentation.,25.85,0,neutral,0,1,desktop_app,
TCKT_067925,2023-04-24 11:00:21,CUST_07601,small_business,chat,analytics_dashboard,how_to,medium,resolved,standard,How can I export my data from the analytics dashboard section?,Happy to help with your question. Our team is reviewing this and will follow up within 24 hours.,Provided step-by-step instructions and relevant documentation.,5.47,0,negative,3,0,api_client,APAC
TCKT_067949,2023-04-18 03:38:18,CUST_02593,education,email,analytics_dashboard,performance,urgent,on_hold,standard,Overall performance has degraded in the last few days.,We understand performance issues can be frustrating. This has been escalated to our on-call team for immediate attention.,,,0,negative,2,0,ios,LATAM
TCKT_067952,2023-04-20 18:52:48,CUST_01557,individual,in_app,data_export,performance,medium,resolved,gold,Queries in the data export module are timing out.,We understand performance issues can be frustrating. Our team is reviewing this and will follow up within 24 hours.,Optimized queries and increased resource allocation.,33.82,0,negative,2,0,ios,EU
TCKT_067959,2023-04-04 00:38:20,CUST_07844,individual,email,billing,bug,low,resolved,standard,The page keeps crashing whenever I try to open the billing section.,Thanks for reporting this bug. We will look into this and get back to you within the next 48 hours.,Patched the bug and deployed a fix to production.,55.33,0,very_positive,5,1,api_client,LATAM
TCKT_068012,2023-04-17 03:41:20,CUST_01780,small_business,in_app,billing,bug,low,resolved,gold,The billing feature is not saving my changes.,Thanks for reporting this bug. We will look into this and get back to you within the next 48 hours.,Patched the bug and deployed a fix to production.,26.78,0,positive,0,0,api_client,EU
TCKT_068072,2023-04-25 15:44:25,CUST_04053,non_profit,web_form,api_integration,bug,medium,on_hold,standard,The page keeps crashing whenever I try to open the api integration section.,Thanks for reporting this bug. Our team is reviewing this and will follow up within 24 hours.,,,0,neutral,3,1,api_client,MEA
TCKT_068073,2023-04-23 07:32:30,CUST_04265,enterprise,chat,mobile_app,other,high,in_progress,standard,I need help but I'm not sure which category this fits in.,Thanks for contacting support. We are prioritizing this and will update you as soon as possible.,,,0,negative,3,0,api_client,
TCKT_068104,2023-04-26 18:46:06,CUST_03808,enterprise,chat,login_auth,performance,urgent,resolved,standard,Queries in the login auth module are timing out.,We understand performance issues can be frustrating. This has been escalated to our on-call team for immediate attention.,Optimized queries and increased resource allocation.,3.52,0,very_positive,0,1,desktop_app,
TCKT_068119,2023-04-20 14:54:14,CUST_00335,individual,in_app,api_integration,performance,low,in_progress,standard,Overall performance has degraded in the last few days.,We understand performance issues can be frustrating. We will look into this and get back to you within the next 48 hours.,,,0,neutral,4,0,desktop_app,MEA
TCKT_068126,2023-04-25 08:26:33,CUST_04493,education,in_app,analytics_dashboard,other,high,on_hold,standard,"Something seems off, can you please check my workspace?",Thanks for contacting support. We are prioritizing this and will update you as soon as possible.,,,0,negative,0,0,android,LATAM
TCKT_068184,2023-04-13 05:47:55,CUST_08718,small_business,phone_transcript,api_integration,other,medium,in_progress,standard,"Something seems off, can you please check my workspace?",Thanks for contacting support. Our team is reviewing this and will follow up within 24 hours.,,,0,negative,3,0,desktop_app,APAC
TCKT_068223,2023-04-26 02:10:13,CUST_05335,enterprise,chat,analytics_dashboard,performance,medium,on_hold,standard,Overall performance has degraded in the last few days.,We understand performance issues can be frustrating. Our team is reviewing this and will follow up within 24 hours.,,,1,negative,3,0,ios,APAC
TCKT_068314,2023-04-04 23:19:07,CUST_04013,individual,chat,mobile_app,bug,medium,closed_no_action,standard,I am seeing an error message when I click on mobile app.,Thanks for reporting this bug. Our team is reviewing this and will follow up within 24 hours.,Ticket closed without further action after no response from the customer.,120.54,0,neutral,4,0,ios,
TCKT_068326,2023-04-10 11:10:32,CUST_00704,small_business,phone_transcript,login_auth,account_access,urgent,resolved,standard,My 2FA code is not working when I try to sign in.,Sorry to hear you're having trouble accessing your account. This has been escalated to our on-call team for immediate attention.,Reset account credentials and confirmed successful login.,0.59,0,neutral,4,1,api_client,EU
TCKT_068338,2023-04-20 16:22:52,CUST_01917,non_profit,in_app,api_integration,other,low,resolved,standard,I have a general question about my account.,Thanks for contacting support. We will look into this and get back to you within the next 48 hours.,Provided general guidance and confirmed the issue was resolved.,67.12,0,negative,2,0,android,EU
TCKT_068401,2023-04-30 10:51:40,CUST_03564,enterprise,in_app,data_export,how_to,low,closed_no_action,standard,How can I export my data from the data export section?,Happy to help with your question. We will look into this and get back to you within the next 48 hours.,Ticket closed without further action after no response from the customer.,47.74,0,very_positive,5,0,android,MEA
TCKT_068428,2023-04-03 10:16:01,CUST_04550,individual,web_form,billing,billing_problem,high,on_hold,standard,My invoice amount is incorrect compared to the plan I selected.,Thanks for reaching out about the billing issue. We are prioritizing this and will update you as soon as possible.,,,0,negative,0,0,api_client,MEA
TCKT_068534,2023-04-16 20:38:24,CUST_08506,non_profit,phone_transcript,api_integration,feature_request,medium,resolved,platinum,It would be great to have api integration support in your product.,Thanks for your feature suggestion. Our team is reviewing this and will follow up within 24 hours.,Captured the request and added it to the product backlog.,10.59,0,positive,0,1,api_client,EU
TCKT_068558,2023-04-17 15:17:54,CUST_03634,education,phone_transcript,login_auth,account_access,medium,on_hold,gold,My 2FA code is not working when I try to sign in.,Sorry to hear you're having trouble accessing your account. Our team is reviewing this and will follow up within 24 hours.,,,0,very_positive,0,0,desktop_app,EU
TCKT_068618,2023-04-08 06:22:27,CUST_00698,enterprise,phone_transcript,billing,account_access,high,resolved,gold,My 2FA code is not working when I try to sign in.,Sorry to hear you're having trouble accessing your account. We are prioritizing this and will update you as soon as possible.,Reset account credentials and confirmed successful login.,5.98,0,negative,3,0,android,
TCKT_068890,2023-04-23 01:34:18,CUST_00821,small_business,email,notifications,other,high,closed_no_action,standard,"Something seems off, can you please check my workspace?",Thanks for contacting support. We are prioritizing this and will update you as soon as possible.,Ticket closed without further action after no response from the customer.,99.29,0,positive,0,0,android,LATAM
TCKT_068936,2023-04-02 21:26:12,CUST_05381,individual,web_form,data_export,bug,low,resolved,standard,I am seeing an error message when I click on data export.,Thanks for reporting this bug. We will look into this and get back to you within the next 48 hours.,Patched the bug and deployed a fix to production.,10.96,0,positive,4,0,web,MEA
TCKT_069031,2023-04-27 08:20:33,CUST_08768,small_business,web_form,api_integration,other,medium,in_progress,standard,I have a general question about my account.,Thanks for contacting support. Our team is reviewing this and will follow up within 24 hours.,,,0,positive,0,0,web,LATAM
TCKT_069211,2023-04-17 00:07:07,CUST_09224,non_profit,email,analytics_dashboard,feature_request,low,resolved,standard,Can you add an option to customize analytics dashboard?,Thanks for your feature suggestion. We will look into this and get back to you within the next 48 hours.,Captured the request and added it to the product backlog.,59.54,1,neutral,3,0,web,
TCKT_069274,2023-04-24 15:25:07,CUST_06455,enterprise,phone_transcript,billing,account_access,low,resolved,gold,My account was locked after multiple failed login attempts.,Sorry to hear you're having trouble accessing your account. We will look into this and get back to you within the next 48 hours.,Reset account credentials and confirmed successful login.,26.05,0,neutral,4,1,web,APAC
TCKT_069303,2023-04-08 00:16:50,CUST_01398,enterprise,email,analytics_dashboard,security_concern,low,resolved,standard,We need details about your data encryption and compliance.,We take security very seriously. We will look into this and get back to you within the next 48 hours.,"Investigated logs, mitigated the issue, and updated security settings.",55.14,0,neutral,0,0,ios,MEA
TCKT_069309,2023-04-04 13:44:02,CUST_09157,individual,web_form,notifications,account_access,medium,closed_no_action,standard,My 2FA code is not working when I try to sign in.,Sorry to hear you're having trouble accessing your account. Our team is reviewing this and will follow up within 24 hours.,Ticket closed without further action after no response from the customer.,101.9,0,positive,4,0,ios,APAC
TCKT_069351,2023-04-22 11:04:01,CUST_00625,enterprise,chat,data_export,feature_request,high,resolved,gold,It would be great to have data export support in your product.,Thanks for your feature suggestion. We are prioritizing this and will update you as soon as possible.,Captured the request and added it to the product backlog.,7.41,0,positive,0,0,api_client,MEA
TCKT_069439,2023-04-23 15:32:01,CUST_08151,non_profit,chat,api_integration,other,high,resolved,standard,I have a general question about my account.,Thanks for contacting support. We are prioritizing this and will update you as soon as possible.,Provided general guidance and confirmed the issue was resolved.,15.6,1,positive,5,1,ios,MEA
TCKT_069523,2023-04-18 10:55:34,CUST_06444,non_profit,phone_transcript,login_auth,bug,high,on_hold,standard,The login auth feature is not saving my changes.,Thanks for reporting this bug. We are prioritizing this and will update you as soon as possible.,,,0,neutral,0,1,ios,EU
TCKT_069544,2023-04-21 05:44:08,CUST_03978,non_profit,in_app,api_integration,how_to,low,resolved,standard,How can I export my data from the api integration section?,Happy to help with your question. We will look into this and get back to you within the next 48 hours.,Provided step-by-step instructions and relevant documentation.,41.43,0,neutral,4,0,api_client,MEA
TCKT_069570,2023-04-02 20:44:59,CUST_06412,small_business,chat,billing,security_concern,low,resolved,gold,There seems to be a vulnerability in the billing functionality.,We take security very seriously. We will look into this and get back to you within the next 48 hours.,"Investigated logs, mitigated the issue, and updated security settings.",41.92,0,positive,0,0,web,APAC
TCKT_069573,2023-04-17 15:05:49,CUST_05481,education,email,analytics_dashboard,other,high,in_progress,gold,"Something seems off, can you please check my workspace?",Thanks for contacting support. We are prioritizing this and will update you as soon as possible.,,,0,very_negative,2,1,api_client,
TCKT_069674,2023-04-28 08:41:58,CUST_05758,non_profit,phone_transcript,analytics_dashboard,other,medium,on_hold,standard,"Something seems off, can you please check my workspace?",Thanks for contacting support. Our team is reviewing this and will follow up within 24 hours.,,,0,very_negative,2,0,web,LATAM
TCKT_069692,2023-04-18 18:32:59,CUST_09808,small_business,email,billing,billing_problem,medium,open,standard,I downgraded my plan but I am still being billed for the higher tier.,Thanks for reaching out about the billing issue. Our team is reviewing this and will follow up within 24 hours.,,,0,positive,0,0,ios,EU
TCKT_069713,2023-04-03 08:22:12,CUST_07709,enterprise,in_app,data_export,other,low,resolved,gold,I have a general question about my account.,Thanks for contacting support. We will look into this and get back to you within the next 48 hours.,Provided general guidance and confirmed the issue was resolved.,45.75,0,neutral,3,0,api_client,MEA
TCKT_069725,2023-04-09 02:45:39,CUST_07935,education,phone_transcript,login_auth,other,low,open,gold,I need help but I'm not sure which category this fits in.,Thanks for contacting support. We will look into this and get back to you within the next 48 hours.,,,0,neutral,0,0,ios,EU
TCKT_069761,2023-04-20 17:26:12,CUST_01509,non_profit,phone_transcript,login_auth,performance,medium,resolved,gold,Overall performance has degraded in the last few days.,We understand performance issues can be frustrating. Our team is reviewing this and will follow up within 24 hours.,Optimized queries and increased resource allocation.,34.37,0,neutral,4,0,android,LATAM
TCKT_069814,2023-04-24 13:46:40,CUST_02960,non_profit,phone_transcript,data_export,bug,low,resolved,standard,The data export feature is not saving my changes.,Thanks for reporting this bug. We will look into this and get back to you within the next 48 hours.,Patched the bug and deployed a fix to production.,10.93,0,neutral,0,0,desktop_app,MEA
TCKT_069821,2023-04-20 02:11:13,CUST_04706,enterprise,web_form,analytics_dashboard,other,medium,resolved,gold,"Something seems off, can you please check my workspace?",Thanks for contacting support. Our team is reviewing this and will follow up within 24 hours.,Provided general guidance and confirmed the issue was resolved.,12.39,0,neutral,3,0,desktop_app,APAC
TCKT_069852,2023-04-08 18:31:11,CUST_02711,individual,in_app,api_integration,billing_problem,medium,closed_no_action,platinum,My invoice amount is incorrect compared to the plan I selected.,Thanks for reaching out about the billing issue. Our team is reviewing this and will follow up within 24 hours.,Ticket closed without further action after no response from the customer.,104.07,0,negative,3,0,web,EU
TCKT_069873,2023-04-30 10:31:18,CUST_01700,individual,web_form,analytics_dashboard,billing_problem,low,resolved,standard,My invoice amount is incorrect compared to the plan I selected.,Thanks for reaching out about the billing issue. We will look into this and get back to you within the next 48 hours.,Adjusted the invoice and issued a refund where applicable.,32.51,0,positive,0,0,android,
TCKT_069887,2023-04-04 02:09:35,CUST_08376,enterprise,in_app,data_export,account_access,high,resolved,gold,I cannot log in; the system says my password is incorrect.,Sorry to hear you're having trouble accessing your account. We are prioritizing this and will update you as soon as possible.,Reset account credentials and confirmed successful login.,12.31,0,negative,2,0,desktop_app,EU
TCKT_070029,2023-04-02 03:39:44,CUST_05161,non_profit,chat,login_auth,feature_request,high,open,gold,It would be great to have login auth support in your product.,Thanks for your feature suggestion. We are prioritizing this and will update you as soon as possible.,,,0,very_negative,2,0,web,
TCKT_070050,2023-04-12 16:29:22,CUST_01356,individual,phone_transcript,mobile_app,billing_problem,low,on_hold,standard,I downgraded my plan but I am still being billed for the higher tier.,Thanks for reaching out about the billing issue. We will look into this and get back to you within the next 48 hours.,,,0,negative,2,0,desktop_app,MEA
TCKT_070078,2023-04-24 10:24:04,CUST_07616,small_business,chat,api_integration,security_concern,low,open,gold,There seems to be a vulnerability in the api integration functionality.,We take security very seriously. We will look into this and get back to you within the next 48 hours.,,,0,positive,4,0,desktop_app,MEA
TCKT_070110,2023-04-29 03:35:54,CUST_09850,small_business,chat,api_integration,bug,high,open,standard,The page keeps crashing whenever I try to open the api integration section.,Thanks for reporting this bug. We are prioritizing this and will update you as soon as possible.,,,0,neutral,3,0,api_client,EU
TCKT_070263,2023-04-21 01:34:17,CUST_08808,non_profit,in_app,login_auth,account_access,medium,open,standard,I cannot log in; the system says my password is incorrect.,Sorry to hear you're having trouble accessing your account. Our team is reviewing this and will follow up within 24 hours.,,,0,very_negative,0,0,android,APAC
TCKT_070318,2023-04-09 03:54:48,CUST_08950,individual,phone_transcript,mobile_app,feature_request,medium,in_progress,standard,It would be great to have mobile app support in your product.,Thanks for your feature suggestion. Our team is reviewing this and will follow up within 24 hours.,,,0,very_positive,0,1,android,APAC
TCKT_070412,2023-04-21 11:49:14,CUST_02364,non_profit,web_form,notifications,feature_request,medium,resolved,gold,It would be great to have notifications support in your product.,Thanks for your feature suggestion. Our team is reviewing this and will follow up within 24 hours.,Captured the request and added it to the product backlog.,23.16,0,neutral,4,0,web,LATAM
TCKT_070438,2023-04-23 17:57:25,CUST_04097,small_business,email,mobile_app,how_to,low,resolved,standard,How can I export my data from the mobile app section?,Happy to help with your question. We will look into this and get back to you within the next 48 hours.,Provided step-by-step instructions and relevant documentation.,42.24,0,positive,0,1,android,MEA
TCKT_070482,2023-04-18 17:57:43,CUST_06068,small_business,web_form,login_auth,performance,low,in_progress,standard,Overall performance has degraded in the last few days.,We understand performance issues can be frustrating. We will look into this and get back to you within the next 48 hours.,,,0,neutral,4,1,api_client,MEA
TCKT_070488,2023-04-02 09:53:53,CUST_04748,enterprise,email,analytics_dashboard,other,medium,in_progress,platinum,"Something seems off, can you please check my workspace?",Thanks for contacting support. Our team is reviewing this and will follow up within 24 hours.,,,0,positive,5,0,ios,APAC
TCKT_070506,2023-04-11 12:45:43,CUST_04195,non_profit,phone_transcript,data_export,account_access,medium,resolved,platinum,My account was locked after multiple failed login attempts.,Sorry to hear you're having trouble accessing your account. Our team is reviewing this and will follow up within 24 hours.,Reset account credentials and confirmed successful login.,46.82,0,very_negative,2,0,ios,APAC
TCKT_070599,2023-04-05 19:35:23,CUST_07140,non_profit,in_app,analytics_dashboard,other,medium,closed_no_action,platinum,I need help but I'm not sure which category this fits in.,Thanks for contacting support. Our team is reviewing this and will follow up within 24 hours.,Ticket closed without further action after no response from the customer.,197.3,0,neutral,3,0,ios,
TCKT_070617,2023-04-16 22:37:43,CUST_03936,education,email,api_integration,how_to,low,resolved,standard,How can I export my data from the api integration section?,Happy to help with your question. We will look into this and get back to you within the next 48 hours.,Provided step-by-step instructions and relevant documentation.,11.44,0,very_positive,5,0,ios,MEA
TCKT_070647,2023-04-27 07:36:08,CUST_05166,enterprise,web_form,notifications,security_concern,medium,closed_no_action,standard,There seems to be a vulnerability in the notifications functionality.,We take security very seriously. Our team is reviewing this and will follow up within 24 hours.,Ticket closed without further action after no response from the customer.,199.38,0,negative,0,0,android,APAC
TCKT_070650,2023-04-27 09:53:13,CUST_05326,small_business,in_app,data_export,security_concern,medium,in_progress,standard,There seems to be a vulnerability in the data export functionality.,We take security very seriously. Our team is reviewing this and will follow up within 24 hours.,,,0,negative,3,0,web,APAC
TCKT_070702,2023-04-20 08:59:09,CUST_09179,education,phone_transcript,data_export,security_concern,medium,in_progress,gold,There seems to be a vulnerability in the data export functionality.,We take security very seriously. Our team is reviewing this and will follow up within 24 hours.,,,0,negative,2,0,ios,MEA
TCKT_070832,2023-04-21 07:26:25,CUST_06509,non_profit,chat,billing,performance,medium,resolved,standard,Queries in the billing module are timing out.,We understand performance issues can be frustrating. Our team is reviewing this and will follow up within 24 hours.,Optimized queries and increased resource allocation.,34.37,0,negative,2,0,android,EU
TCKT_070981,2023-04-07 14:22:10,CUST_03679,enterprise,phone_transcript,mobile_app,billing_problem,medium,resolved,gold,I was charged twice for my subscription this month.,Thanks for reaching out about the billing issue. Our team is reviewing this and will follow up within 24 hours.,Adjusted the invoice and issued a refund where applicable.,40.42,0,neutral,3,1,ios,APAC
TCKT_070987,2023-04-04 23:20:49,CUST_03128,education,phone_transcript,login_auth,billing_problem,low,closed_no_action,standard,My invoice amount is incorrect compared to the plan I selected.,Thanks for reaching out about the billing issue. We will look into this and get back to you within the next 48 hours.,Ticket closed without further action after no response from the customer.,228.86,0,neutral,3,0,android,APAC
TCKT_071008,2023-04-06 00:46:51,CUST_06035,individual,web_form,data_export,bug,medium,resolved,gold,I am seeing an error message when I click on data export.,Thanks for reporting this bug. Our team is reviewing this and will follow up within 24 hours.,Patched the bug and deployed a fix to production.,39.83,0,neutral,4,0,android,EU
TCKT_071017,2023-04-01 16:05:43,CUST_05048,small_business,web_form,analytics_dashboard,performance,high,resolved,standard,The analytics dashboard page is very slow and takes a long time to load.,We understand performance issues can be frustrating. We are prioritizing this and will update you as soon as possible.,Optimized queries and increased resource allocation.,6.96,0,very_negative,0,0,web,APAC
TCKT_071035,2023-04-10 16:17:38,CUST_04513,enterprise,web_form,mobile_app,other,medium,open,platinum,I need help but I'm not sure which category this fits in.,Thanks for contacting support. Our team is reviewing this and will follow up within 24 hours.,,,1,positive,4,1,web,
TCKT_071156,2023-04-19 18:18:43,CUST_05361,non_profit,phone_transcript,api_integration,other,urgent,resolved,standard,I have a general question about my account.,Thanks for contacting support. This has been escalated to our on-call team for immediate attention.,Provided general guidance and confirmed the issue was resolved.,3.08,0,neutral,4,1,desktop_app,MEA
TCKT_071255,2023-04-05 08:21:05,CUST_05144,non_profit,chat,api_integration,account_access,low,closed_no_action,platinum,My account was locked after multiple failed login attempts.,Sorry to hear you're having trouble accessing your account. We will look into this and get back to you within the next 48 hours.,Ticket closed without further action after no response from the customer.,71.86,0,negative,0,0,desktop_app,EU
TCKT_071268,2023-04-10 04:50:09,CUST_02565,individual,web_form,data_export,how_to,medium,resolved,platinum,How can I export my data from the data export section?,Happy to help with your question. Our team is reviewing this and will follow up within 24 hours.,Provided step-by-step instructions and relevant documentation.,46.04,0,negative,3,0,web,APAC
TCKT_071302,2023-04-20 19:31:20,CUST_08970,individual,in_app,analytics_dashboard,security_concern,high,on_hold,standard,We need details about your data encryption and compliance.,We take security very seriously. We are prioritizing this and will update you as soon as possible.,,,0,positive,4,1,api_client,APAC
TCKT_071375,2023-04-03 17:19:35,CUST_06230,education,email,analytics_dashboard,account_access,low,in_progress,standard,My 2FA code is not working when I try to sign in.,Sorry to hear you're having trouble accessing your account. We will look into this and get back to you within the next 48 hours.,,,0,negative,0,1,desktop_app,
TCKT_071405,2023-04-03 21:01:01,CUST_01521,non_profit,web_form,data_export,security_concern,low,closed_no_action,standard,We need details about your data encryption and compliance.,We take security very seriously. We will look into this and get back to you within the next 48 hours.,Ticket closed without further action after no response from the customer.,216.84,0,positive,5,0,ios,LATAM
TCKT_071419,2023-04-29 21:06:22,CUST_07052,non_profit,email,data_export,account_access,low,in_progress,platinum,My account was locked after multiple failed login attempts.,Sorry to hear you're having trouble accessing your account. We will look into this and get back to you within the next 48 hours.,,,0,positive,4,0,api_client,
TCKT_071471,2023-04-09 18:11:05,CUST_01351,small_business,email,billing,performance,medium,on_hold,gold,The billing page is very slow and takes a long time to load.,We understand performance issues can be frustrating. Our team is reviewing this and will follow up within 24 hours.,,,0,negative,3,1,ios,
TCKT_071558,2023-04-22 13:43:24,CUST_06752,education,email,notifications,billing_problem,medium,in_progress,gold,My invoice amount is incorrect compared to the plan I selected.,Thanks for reaching out about the billing issue. Our team is reviewing this and will follow up within 24 hours.,,,0,very_negative,2,1,desktop_app,EU
TCKT_071574,2023-04-10 10:04:39,CUST_08862,small_business,chat,mobile_app,billing_problem,low,closed_no_action,standard,I was charged twice for my subscription this month.,Thanks for reaching out about the billing issue. We will look into this and get back to you within the next 48 hours.,Ticket closed without further action after no response from the customer.,196.11,0,negative,3,0,android,
TCKT_071586,2023-04-26 05:26:05,CUST_05700,enterprise,web_form,notifications,other,high,on_hold,standard,"Something seems off, can you please check my workspace?",Thanks for contacting support. We are prioritizing this and will update you as soon as possible.,,,0,neutral,4,0,web,LATAM
TCKT_071600,2023-04-24 07:45:51,CUST_05580,enterprise,email,login_auth,account_access,low,in_progress,standard,I cannot log in; the system says my password is incorrect.,Sorry to hear you're having trouble accessing your account. We will look into this and get back to you within the next 48 hours.,,,0,neutral,0,0,desktop_app,
TCKT_071609,2023-04-19 08:55:55,CUST_09879,education,email,billing,feature_request,low,on_hold,standard,It would be great to have billing support in your product.,Thanks for your feature suggestion. We will look into this and get back to you within the next 48 hours.,,,0,negative,0,0,desktop_app,LATAM
TCKT_071620,2023-04-04 10:05:19,CUST_05136,enterprise,web_form,mobile_app,performance,medium,resolved,gold,The mobile app page is very slow and takes a long time to load.,We understand performance issues can be frustrating. Our team is reviewing this and will follow up within 24 hours.,Optimized queries and increased resource allocation.,9.27,0,negative,0,0,android,APAC
TCKT_071646,2023-04-17 14:59:07,CUST_00491,enterprise,web_form,mobile_app,account_access,low,closed_no_action,gold,My account was locked after multiple failed login attempts.,Sorry to hear you're having trouble accessing your account. We will look into this and get back to you within the next 48 hours.,Ticket closed without further action after no response from the customer.,156.47,0,very_negative,2,0,web,EU
TCKT_071758,2023-04-24 12:13:17,CUST_08809,non_profit,email,mobile_app,billing_problem,high,in_progress,standard,I was charged twice for my subscription this month.,Thanks for reaching out about the billing issue. We are prioritizing this and will update you as soon as possible.,,,0,neutral,4,1,android,APAC
TCKT_071870,2023-04-29 21:38:22,CUST_09309,individual,email,mobile_app,other,low,closed_no_action,gold,I have a general question about my account.,Thanks for contacting support. We will look into this and get back to you within the next 48 hours.,Ticket closed without further action after no response from the customer.,130.42,0,neutral,3,1,ios,LATAM
TCKT_071883,2023-04-16 05:06:31,CUST_03015,education,email,api_integration,performance,medium,resolved,gold,Overall performance has degraded in the last few days.,We understand performance issues can be frustrating. Our team is reviewing this and will follow up within 24 hours.,Optimized queries and increased resource allocation.,8.89,0,negative,3,0,desktop_app,APAC
TCKT_071889,2023-04-29 21:49:44,CUST_07283,enterprise,web_form,billing,how_to,medium,resolved,standard,How can I export my data from the billing section?,Happy to help with your question. Our team is reviewing this and will follow up within 24 hours.,Provided step-by-step instructions and relevant documentation.,8.04,0,neutral,0,1,desktop_app,
TCKT_072030,2023-04-19 00:28:09,CUST_07653,enterprise,email,notifications,billing_problem,low,on_hold,standard,My invoice amount is incorrect compared to the plan I selected.,Thanks for reaching out about the billing issue. We will look into this and get back to you within the next 48 hours.,,,0,negative,0,0,web,
TCKT_072066,2023-04-05 01:30:32,CUST_01903,small_business,phone_transcript,notifications,feature_request,low,resolved,standard,Can you add an option to customize notifications?,Thanks for your feature suggestion. We will look into this and get back to you within the next 48 hours.,Captured the request and added it to the product backlog.,48.73,0,very_positive,5,0,ios,EU
TCKT_072170,2023-04-26 19:13:26,CUST_05360,education,email,billing,security_concern,low,open,standard,There seems to be a vulnerability in the billing functionality.,We take security very seriously. We will look into this and get back to you within the next 48 hours.,,,0,neutral,3,0,web,MEA
TCKT_072209,2023-04-27 00:38:33,CUST_01246,non_profit,email,notifications,security_concern,low,resolved,standard,There seems to be a vulnerability in the notifications functionality.,We take security very seriously. We will look into this and get back to you within the next 48 hours.,"Investigated logs, mitigated the issue, and updated security settings.",60.07,0,negative,2,0,api_client,MEA
TCKT_072224,2023-04-29 09:27:15,CUST_01753,enterprise,email,analytics_dashboard,billing_problem,low,in_progress,standard,My invoice amount is incorrect compared to the plan I selected.,Thanks for reaching out about the billing issue. We will look into this and get back to you within the next 48 hours.,,,0,neutral,0,0,api_client,
TCKT_072378,2023-04-03 12:09:06,CUST_04434,education,chat,login_auth,performance,low,resolved,gold,Queries in the login auth module are timing out.,We understand performance issues can be frustrating. We will look into this and get back to you within the next 48 hours.,Optimized queries and increased resource allocation.,69.3,0,neutral,0,1,android,LATAM
TCKT_072412,2023-04-14 03:11:12,CUST_05099,individual,chat,mobile_app,billing_problem,low,in_progress,standard,I downgraded my plan but I am still being billed for the higher tier.,Thanks for reaching out about the billing issue. We will look into this and get back to you within the next 48 hours.,,,0,neutral,0,0,android,APAC
TCKT_072415,2023-04-01 03:02:57,CUST_03509,enterprise,chat,login_auth,feature_request,medium,resolved,standard,Can you add an option to customize login auth?,Thanks for your feature suggestion. Our team is reviewing this and will follow up within 24 hours.,Captured the request and added it to the product backlog.,32.96,0,neutral,4,0,ios,MEA
TCKT_072506,2023-04-04 08:41:03,CUST_05938,education,chat,analytics_dashboard,performance,high,in_progress,gold,The analytics dashboard page is very slow and takes a long time to load.,We understand performance issues can be frustrating. We are prioritizing this and will update you as soon as possible.,,,0,neutral,3,0,ios,MEA
TCKT_072665,2023-04-23 12:47:02,CUST_00436,enterprise,in_app,data_export,bug,low,closed_no_action,standard,The page keeps crashing whenever I try to open the data export section.,Thanks for reporting this bug. We will look into this and get back to you within the next 48 hours.,Ticket closed without further action after no response from the customer.,60.69,0,positive,0,0,ios,EU
TCKT_072800,2023-04-22 02:22:25,CUST_05844,non_profit,chat,notifications,other,low,resolved,standard,"Something seems off, can you please check my workspace?",Thanks for contacting support. We will look into this and get back to you within the next 48 hours.,Provided general guidance and confirmed the issue was resolved.,68.18,0,very_positive,0,0,ios,EU
TCKT_072922,2023-04-28 14:15:52,CUST_00438,non_profit,web_form,login_auth,security_concern,medium,resolved,gold,There seems to be a vulnerability in the login auth functionality.,We take security very seriously. Our team is reviewing this and will follow up within 24 hours.,"Investigated logs, mitigated the issue, and updated security settings.",12.16,0,very_negative,2,0,ios,APAC
TCKT_072925,2023-04-09 00:42:06,CUST_07138,non_profit,web_form,billing,performance,medium,closed_no_action,standard,Overall performance has degraded in the last few days.,We understand performance issues can be frustrating. Our team is reviewing this and will follow up within 24 hours.,Ticket closed without further action after no response from the customer.,177.75,0,neutral,3,0,api_client,
TCKT_072953,2023-04-16 10:05:17,CUST_03144,enterprise,phone_transcript,analytics_dashboard,bug,medium,on_hold,standard,The page keeps crashing whenever I try to open the analytics dashboard section.,Thanks for reporting this bug. Our team is reviewing this and will follow up within 24 hours.,,,0,neutral,4,0,ios,EU
TCKT_072997,2023-04-08 00:33:54,CUST_06046,education,in_app,notifications,other,medium,in_progress,gold,"Something seems off, can you please check my workspace?",Thanks for contacting support. Our team is reviewing this and will follow up within 24 hours.,,,0,negative,3,0,api_client,EU
TCKT_073164,2023-04-11 00:22:59,CUST_07895,enterprise,in_app,mobile_app,bug,high,resolved,gold,The mobile app feature is not saving my changes.,Thanks for reporting this bug. We are prioritizing this and will update you as soon as possible.,Patched the bug and deployed a fix to production.,1.31,0,positive,4,0,desktop_app,
TCKT_073202,2023-04-15 09:04:00,CUST_07570,education,in_app,data_export,how_to,low,in_progress,gold,How can I export my data from the data export section?,Happy to help with your question. We will look into this and get back to you within the next 48 hours.,,,0,neutral,3,0,web,
TCKT_073252,2023-04-06 00:29:04,CUST_00895,education,in_app,data_export,performance,low,closed_no_action,standard,Overall performance has degraded in the last few days.,We understand performance issues can be frustrating. We will look into this and get back to you within the next 48 hours.,Ticket closed without further action after no response from the customer.,223.52,0,neutral,0,0,desktop_app,EU
TCKT_073264,2023-04-10 14:51:14,CUST_09477,small_business,email,login_auth,other,medium,in_progress,gold,I need help but I'm not sure which category this fits in.,Thanks for contacting support. Our team is reviewing this and will follow up within 24 hours.,,,0,negative,2,0,api_client,
TCKT_073330,2023-04-17 00:06:51,CUST_09442,individual,web_form,login_auth,billing_problem,low,in_progress,standard,My invoice amount is incorrect compared to the plan I selected.,Thanks for reaching out about the billing issue. We will look into this and get back to you within the next 48 hours.,,,1,neutral,4,0,api_client,
TCKT_073400,2023-04-04 10:51:20,CUST_00341,small_business,in_app,data_export,other,low,resolved,gold,"Something seems off, can you please check my workspace?",Thanks for contacting support. We will look into this and get back to you within the next 48 hours.,Provided general guidance and confirmed the issue was resolved.,20.81,0,neutral,4,1,web,APAC
TCKT_073433,2023-04-23 21:39:31,CUST_06364,enterprise,email,analytics_dashboard,how_to,low,resolved,standard,How can I export my data from the analytics dashboard section?,Happy to help with your question. We will look into this and get back to you within the next 48 hours.,Provided step-by-step instructions and relevant documentation.,61.19,0,positive,5,1,api_client,
TCKT_073479,2023-04-16 01:43:38,CUST_01597,enterprise,phone_transcript,mobile_app,other,low,resolved,standard,I need help but I'm not sure which category this fits in.,Thanks for contacting support. We will look into this and get back to you within the next 48 hours.,Provided general guidance and confirmed the issue was resolved.,42.22,0,very_positive,5,0,desktop_app,
TCKT_073509,2023-04-24 02:23:33,CUST_02309,enterprise,in_app,data_export,account_access,medium,open,standard,My 2FA code is not working when I try to sign in.,Sorry to hear you're having trouble accessing your account. Our team is reviewing this and will follow up within 24 hours.,,,0,very_positive,5,0,api_client,LATAM
TCKT_073580,2023-04-03 19:30:40,CUST_06846,small_business,in_app,api_integration,account_access,medium,resolved,standard,I cannot log in; the system says my password is incorrect.,Sorry to hear you're having trouble accessing your account. Our team is reviewing this and will follow up within 24 hours.,Reset account credentials and confirmed successful login.,23.55,0,negative,3,0,desktop_app,LATAM
TCKT_073592,2023-04-02 06:07:27,CUST_05010,individual,chat,notifications,security_concern,medium,on_hold,standard,We need details about your data encryption and compliance.,We take security very seriously. Our team is reviewing this and will follow up within 24 hours.,,,0,positive,5,1,api_client,APAC
TCKT_073625,2023-04-21 02:49:02,CUST_07547,non_profit,chat,data_export,feature_request,low,in_progress,standard,Can you add an option to customize data export?,Thanks for your feature suggestion. We will look into this and get back to you within the next 48 hours.,,,0,positive,4,1,desktop_app,LATAM
TCKT_073641,2023-04-06 06:48:04,CUST_01749,education,email,data_export,other,low,resolved,standard,I have a general question about my account.,Thanks for contacting support. We will look into this and get back to you within the next 48 hours.,Provided general guidance and confirmed the issue was resolved.,36.85,0,neutral,3,0,api_client,EU
TCKT_073682,2023-04-22 09:54:58,CUST_03300,enterprise,web_form,mobile_app,performance,medium,in_progress,platinum,Queries in the mobile app module are timing out.,We understand performance issues can be frustrating. Our team is reviewing this and will follow up within 24 hours.,,,0,negative,3,1,api_client,APAC
TCKT_073693,2023-04-24 08:07:12,CUST_00895,enterprise,web_form,analytics_dashboard,security_concern,high,resolved,standard,There seems to be a vulnerability in the analytics dashboard functionality.,We take security very seriously. We are prioritizing this and will update you as soon as possible.,"Investigated logs, mitigated the issue, and updated security settings.",12.36,0,very_negative,1,1,android,APAC
TCKT_073732,2023-04-27 04:05:00,CUST_08995,small_business,chat,login_auth,feature_request,low,resolved,standard,Can you add an option to customize login auth?,Thanks for your feature suggestion. We will look into this and get back to you within the next 48 hours.,Captured the request and added it to the product backlog.,44.79,0,neutral,4,0,desktop_app,
TCKT_073779,2023-04-17 02:57:28,CUST_05870,small_business,web_form,api_integration,security_concern,medium,resolved,gold,I noticed a suspicious login on my account.,We take security very seriously. Our team is reviewing this and will follow up within 24 hours.,"Investigated logs, mitigated the issue, and updated security settings.",14.96,0,negative,3,0,desktop_app,EU
TCKT_073808,2023-04-29 13:10:43,CUST_00328,individual,phone_transcript,notifications,feature_request,medium,resolved,gold,It would be great to have notifications support in your product.,Thanks for your feature suggestion. Our team is reviewing this and will follow up within 24 hours.,Captured the request and added it to the product backlog.,8.96,0,neutral,4,0,api_client,APAC
TCKT_073852,2023-04-05 23:48:33,CUST_03191,education,chat,mobile_app,bug,high,resolved,gold,I am seeing an error message when I click on mobile app.,Thanks for reporting this bug. We are prioritizing this and will update you as soon as possible.,Patched the bug and deployed a fix to production.,13.21,0,neutral,3,1,desktop_app,EU
TCKT_073901,2023-04-10 04:15:19,CUST_02333,individual,in_app,billing,security_concern,low,open,standard,There seems to be a vulnerability in the billing functionality.,We take security very seriously. We will look into this and get back to you within the next 48 hours.,,,0,negative,3,0,android,LATAM
TCKT_073912,2023-04-19 19:15:11,CUST_03074,individual,chat,api_integration,performance,medium,resolved,standard,Queries in the api integration module are timing out.,We understand performance issues can be frustrating. Our team is reviewing this and will follow up within 24 hours.,Optimized queries and increased resource allocation.,35.73,0,negative,3,0,api_client,LATAM
TCKT_073963,2023-04-29 19:17:27,CUST_07767,small_business,email,api_integration,account_access,medium,in_progress,gold,I cannot log in; the system says my password is incorrect.,Sorry to hear you're having trouble accessing your account. Our team is reviewing this and will follow up within 24 hours.,,,0,neutral,3,0,api_client,
TCKT_074003,2023-04-20 15:42:27,CUST_03981,education,phone_transcript,analytics_dashboard,account_access,medium,in_progress,standard,My account was locked after multiple failed login attempts.,Sorry to hear you're having trouble accessing your account. Our team is reviewing this and will follow up within 24 hours.,,,0,neutral,4,1,android,
TCKT_074077,2023-04-20 09:58:40,CUST_04750,non_profit,email,analytics_dashboard,account_access,high,in_progress,platinum,My account was locked after multiple failed login attempts.,Sorry to hear you're having trouble accessing your account. We are prioritizing this and will update you as soon as possible.,,,0,neutral,0,1,ios,EU
TCKT_074096,2023-04-24 14:29:04,CUST_04139,education,chat,billing,bug,medium,closed_no_action,gold,The billing feature is not saving my changes.,Thanks for reporting this bug. Our team is reviewing this and will follow up within 24 hours.,Ticket closed without further action after no response from the customer.,73.35,0,very_positive,0,0,android,EU
TCKT_074142,2023-04-28 06:54:51,CUST_00454,enterprise,chat,api_integration,other,medium,closed_no_action,platinum,I need help but I'm not sure which category this fits in.,Thanks for contacting support. Our team is reviewing this and will follow up within 24 hours.,Ticket closed without further action after no response from the customer.,112.89,0,very_negative,1,1,desktop_app,LATAM
TCKT_074175,2023-04-26 09:40:50,CUST_04134,non_profit,web_form,login_auth,other,medium,in_progress,gold,I need help but I'm not sure which category this fits in.,Thanks for contacting support. Our team is reviewing this and will follow up within 24 hours.,,,0,neutral,4,0,desktop_app,LATAM
TCKT_074176,2023-04-18 03:29:31,CUST_06395,enterprise,in_app,data_export,security_concern,medium,resolved,standard,I noticed a suspicious login on my account.,We take security very seriously. Our team is reviewing this and will follow up within 24 hours.,"Investigated logs, mitigated the issue, and updated security settings.",16.52,0,neutral,0,0,api_client,EU
TCKT_074234,2023-04-16 21:41:58,CUST_09615,enterprise,email,mobile_app,other,low,resolved,standard,I have a general question about my account.,Thanks for contacting support. We will look into this and get back to you within the next 48 hours.,Provided general guidance and confirmed the issue was resolved.,8.26,0,neutral,4,0,desktop_app,MEA
TCKT_074274,2023-04-16 09:31:35,CUST_06717,education,email,mobile_app,how_to,low,resolved,standard,I need help setting up mobile app for my team.,Happy to help with your question. We will look into this and get back to you within the next 48 hours.,Provided step-by-step instructions and relevant documentation.,71.24,0,neutral,3,0,web,EU
TCKT_074371,2023-04-16 22:34:55,CUST_07702,small_business,chat,login_auth,other,low,resolved,standard,I need help but I'm not sure which category this fits in.,Thanks for contacting support. We will look into this and get back to you within the next 48 hours.,Provided general guidance and confirmed the issue was resolved.,41.77,0,very_positive,5,0,web,APAC
TCKT_074422,2023-04-12 05:09:20,CUST_06968,small_business,web_form,api_integration,account_access,low,resolved,platinum,I cannot log in; the system says my password is incorrect.,Sorry to hear you're having trouble accessing your account. We will look into this and get back to you within the next 48 hours.,Reset account credentials and confirmed successful login.,49.85,0,very_negative,1,0,android,EU
TCKT_074469,2023-04-06 22:06:08,CUST_00039,non_profit,web_form,billing,other,low,resolved,standard,I have a general question about my account.,Thanks for contacting support. We will look into this and get back to you within the next 48 hours.,Provided general guidance and confirmed the issue was resolved.,65.08,0,negative,2,0,api_client,APAC
TCKT_074502,2023-04-05 13:40:34,CUST_09259,small_business,web_form,analytics_dashboard,account_access,low,resolved,standard,I cannot log in; the system says my password is incorrect.,Sorry to hear you're having trouble accessing your account. We will look into this and get back to you within the next 48 hours.,Reset account credentials and confirmed successful login.,54.93,0,very_negative,1,0,web,
TCKT_074567,2023-04-29 20:39:58,CUST_06577,small_business,chat,billing,performance,medium,in_progress,gold,Queries in the billing module are timing out.,We understand performance issues can be frustrating. Our team is reviewing this and will follow up within 24 hours.,,,0,very_positive,0,1,android,APAC
TCKT_074623,2023-04-24 19:24:50,CUST_03348,education,chat,mobile_app,bug,medium,in_progress,gold,The mobile app feature is not saving my changes.,Thanks for reporting this bug. Our team is reviewing this and will follow up within 24 hours.,,,0,very_negative,0,0,android,
TCKT_074648,2023-04-04 05:58:08,CUST_02627,small_business,phone_transcript,billing,how_to,low,open,standard,How can I export my data from the billing section?,Happy to help with your question. We will look into this and get back to you within the next 48 hours.,,,0,very_positive,0,0,android,MEA
TCKT_074655,2023-04-09 23:36:15,CUST_07758,individual,chat,notifications,bug,medium,resolved,standard,The page keeps crashing whenever I try to open the notifications section.,Thanks for reporting this bug. Our team is reviewing this and will follow up within 24 hours.,Patched the bug and deployed a fix to production.,43.96,0,very_positive,0,0,api_client,LATAM
TCKT_074670,2023-04-06 05:49:30,CUST_08904,education,chat,api_integration,performance,medium,resolved,gold,Queries in the api integration module are timing out.,We understand performance issues can be frustrating. Our team is reviewing this and will follow up within 24 hours.,Optimized queries and increased resource allocation.,46.33,0,negative,3,0,android,MEA
TCKT_074733,2023-04-25 04:04:08,CUST_07945,education,chat,analytics_dashboard,security_concern,low,in_progress,standard,We need details about your data encryption and compliance.,We take security very seriously. We will look into this and get back to you within the next 48 hours.,,,0,neutral,0,1,web,APAC
TCKT_074749,2023-04-25 17:09:56,CUST_03734,non_profit,in_app,data_export,performance,urgent,in_progress,gold,The data export page is very slow and takes a long time to load.,We understand performance issues can be frustrating. This has been escalated to our on-call team for immediate attention.,,,0,neutral,0,1,desktop_app,MEA
TCKT_074817,2023-04-19 17:31:41,CUST_04014,non_profit,phone_transcript,api_integration,other,medium,open,standard,"Something seems off, can you please check my workspace?",Thanks for contacting support. Our team is reviewing this and will follow up within 24 hours.,,,0,neutral,3,1,android,MEA
TCKT_074850,2023-04-04 10:30:59,CUST_03576,enterprise,email,billing,performance,medium,resolved,platinum,Queries in the billing module are timing out.,We understand performance issues can be frustrating. Our team is reviewing this and will follow up within 24 hours.,Optimized queries and increased resource allocation.,20.75,0,negative,3,0,api_client,LATAM
TCKT_074988,2023-04-25 19:38:48,CUST_01926,education,email,api_integration,feature_request,low,resolved,standard,Can you add an option to customize api integration?,Thanks for your feature suggestion. We will look into this and get back to you within the next 48 hours.,Captured the request and added it to the product backlog.,33.64,0,neutral,0,0,web,EU
TCKT_075010,2023-04-16 13:51:47,CUST_07617,individual,web_form,mobile_app,bug,low,resolved,gold,I am seeing an error message when I click on mobile app.,Thanks for reporting this bug. We will look into this and get back to you within the next 48 hours.,Patched the bug and deployed a fix to production.,57.34,0,very_negative,1,0,desktop_app,APAC
TCKT_075088,2023-04-04 11:08:47,CUST_07250,individual,web_form,billing,bug,medium,resolved,gold,The page keeps crashing whenever I try to open the billing section.,Thanks for reporting this bug. Our team is reviewing this and will follow up within 24 hours.,Patched the bug and deployed a fix to production.,39.35,0,negative,0,1,web,LATAM
TCKT_075091,2023-04-30 05:44:21,CUST_03156,individual,web_form,mobile_app,security_concern,low,closed_no_action,standard,We need details about your data encryption and compliance.,We take security very seriously. We will look into this and get back to you within the next 48 hours.,Ticket closed without further action after no response from the customer.,53.22,0,very_negative,0,1,web,EU
TCKT_075110,2023-04-29 20:10:42,CUST_02542,non_profit,email,data_export,security_concern,high,resolved,standard,There seems to be a vulnerability in the data export functionality.,We take security very seriously. We are prioritizing this and will update you as soon as possible.,"Investigated logs, mitigated the issue, and updated security settings.",11.97,0,negative,2,0,web,
TCKT_075131,2023-04-27 13:50:00,CUST_03783,education,email,mobile_app,performance,low,in_progress,standard,The mobile app page is very slow and takes a long time to load.,We understand performance issues can be frustrating. We will look into this and get back to you within the next 48 hours.,,,0,negative,3,0,ios,LATAM
TCKT_075235,2023-04-10 14:14:03,CUST_03708,education,phone_transcript,billing,feature_request,urgent,resolved,standard,It would be great to have billing support in your product.,Thanks for your feature suggestion. This has been escalated to our on-call team for immediate attention.,Captured the request and added it to the product backlog.,7.8,0,neutral,3,1,api_client,APAC
TCKT_075258,2023-04-19 12:44:45,CUST_03440,individual,web_form,analytics_dashboard,feature_request,low,in_progress,standard,It would be great to have analytics dashboard support in your product.,Thanks for your feature suggestion. We will look into this and get back to you within the next 48 hours.,,,0,negative,3,1,android,
TCKT_075325,2023-04-02 05:37:08,CUST_08707,education,email,data_export,how_to,medium,resolved,gold,I need help setting up data export for my team.,Happy to help with your question. Our team is reviewing this and will follow up within 24 hours.,Provided step-by-step instructions and relevant documentation.,12.42,0,neutral,3,0,android,
TCKT_075387,2023-04-13 01:06:01,CUST_02462,education,in_app,billing,other,medium,resolved,gold,I have a general question about my account.,Thanks for contacting support. Our team is reviewing this and will follow up within 24 hours.,Provided general guidance and confirmed the issue was resolved.,15.02,0,very_positive,5,1,web,APAC
TCKT_075516,2023-04-18 14:41:12,CUST_08215,non_profit,phone_transcript,analytics_dashboard,billing_problem,low,open,standard,My invoice amount is incorrect compared to the plan I selected.,Thanks for reaching out about the billing issue. We will look into this and get back to you within the next 48 hours.,,,0,neutral,0,0,web,EU
TCKT_075549,2023-04-03 20:12:44,CUST_00317,non_profit,email,billing,other,urgent,open,standard,"Something seems off, can you please check my workspace?",Thanks for contacting support. This has been escalated to our on-call team for immediate attention.,,,0,very_positive,5,1,desktop_app,EU
TCKT_075556,2023-04-23 18:14:24,CUST_02723,individual,chat,api_integration,account_access,high,in_progress,platinum,My 2FA code is not working when I try to sign in.,Sorry to hear you're having trouble accessing your account. We are prioritizing this and will update you as soon as possible.,,,0,negative,3,1,api_client,MEA
TCKT_075589,2023-04-21 07:56:59,CUST_00142,non_profit,web_form,api_integration,feature_request,medium,closed_no_action,gold,Our team needs more advanced options for api integration.,Thanks for your feature suggestion. Our team is reviewing this and will follow up within 24 hours.,Ticket closed without further action after no response from the customer.,80.0,0,negative,3,0,desktop_app,APAC
TCKT_075594,2023-04-30 12:59:33,CUST_01455,individual,email,data_export,performance,low,resolved,standard,Overall performance has degraded in the last few days.,We understand performance issues can be frustrating. We will look into this and get back to you within the next 48 hours.,Optimized queries and increased resource allocation.,53.93,0,very_negative,1,0,api_client,MEA
TCKT_075598,2023-04-22 09:33:21,CUST_03780,enterprise,web_form,login_auth,bug,medium,resolved,standard,The login auth feature is not saving my changes.,Thanks for reporting this bug. Our team is reviewing this and will follow up within 24 hours.,Patched the bug and deployed a fix to production.,21.13,0,neutral,0,0,android,
TCKT_075614,2023-04-09 19:59:07,CUST_08102,education,phone_transcript,data_export,other,low,in_progress,platinum,I have a general question about my account.,Thanks for contacting support. We will look into this and get back to you within the next 48 hours.,,,0,positive,0,0,android,MEA
TCKT_075683,2023-04-10 22:08:06,CUST_04132,individual,in_app,login_auth,feature_request,low,open,standard,It would be great to have login auth support in your product.,Thanks for your feature suggestion. We will look into this and get back to you within the next 48 hours.,,,0,positive,0,0,api_client,APAC
TCKT_075803,2023-04-03 21:17:17,CUST_08078,education,chat,notifications,security_concern,low,resolved,standard,There seems to be a vulnerability in the notifications functionality.,We take security very seriously. We will look into this and get back to you within the next 48 hours.,"Investigated logs, mitigated the issue, and updated security settings.",47.53,0,positive,5,0,ios,APAC
TCKT_075810,2023-04-16 11:24:22,CUST_06459,individual,chat,billing,how_to,low,in_progress,standard,I need help setting up billing for my team.,Happy to help with your question. We will look into this and get back to you within the next 48 hours.,,,0,neutral,3,0,api_client,EU
TCKT_075833,2023-04-15 01:48:34,CUST_09614,small_business,web_form,data_export,performance,low,closed_no_action,gold,Queries in the data export module are timing out.,We understand performance issues can be frustrating. We will look into this and get back to you within the next 48 hours.,Ticket closed without further action after no response from the customer.,151.28,1,negative,2,0,api_client,EU
TCKT_075909,2023-04-11 02:46:19,CUST_08392,non_profit,email,mobile_app,security_concern,medium,open,standard,There seems to be a vulnerability in the mobile app functionality.,We take security very seriously. Our team is reviewing this and will follow up within 24 hours.,,,0,positive,0,1,desktop_app,EU
TCKT_075916,2023-04-15 12:27:58,CUST_00530,education,email,billing,security_concern,low,resolved,standard,There seems to be a vulnerability in the billing functionality.,We take security very seriously. We will look into this and get back to you within the next 48 hours.,"Investigated logs, mitigated the issue, and updated security settings.",26.39,0,negative,2,0,web,APAC
TCKT_075937,2023-04-11 08:34:31,CUST_06229,non_profit,phone_transcript,mobile_app,other,medium,in_progress,standard,"Something seems off, can you please check my workspace?",Thanks for contacting support. Our team is reviewing this and will follow up within 24 hours.,,,0,negative,3,0,api_client,MEA
TCKT_076024,2023-04-08 18:29:22,CUST_00410,non_profit,in_app,api_integration,bug,low,resolved,platinum,I am seeing an error message when I click on api integration.,Thanks for reporting this bug. We will look into this and get back to you within the next 48 hours.,Patched the bug and deployed a fix to production.,19.74,0,negative,0,0,ios,EU
TCKT_076180,2023-04-03 09:17:08,CUST_05817,small_business,email,notifications,performance,high,in_progress,standard,Queries in the notifications module are timing out.,We understand performance issues can be frustrating. We are prioritizing this and will update you as soon as possible.,,,0,positive,0,1,desktop_app,
TCKT_076221,2023-04-20 22:01:49,CUST_00490,individual,web_form,login_auth,billing_problem,medium,closed_no_action,standard,I downgraded my plan but I am still being billed for the higher tier.,Thanks for reaching out about the billing issue. Our team is reviewing this and will follow up within 24 hours.,Ticket closed without further action after no response from the customer.,89.49,0,very_negative,2,0,android,APAC
TCKT_076307,2023-04-03 22:25:08,CUST_04773,small_business,web_form,api_integration,security_concern,high,resolved,gold,We need details about your data encryption and compliance.,We take security very seriously. We are prioritizing this and will update you as soon as possible.,"Investigated logs, mitigated the issue, and updated security settings.",10.38,0,negative,3,0,desktop_app,MEA
TCKT_076340,2023-04-23 22:09:41,CUST_03312,education,in_app,login_auth,other,low,on_hold,standard,"Something seems off, can you please check my workspace?",Thanks for contacting support. We will look into this and get back to you within the next 48 hours.,,,0,neutral,3,0,desktop_app,
TCKT_076361,2023-04-19 07:41:39,CUST_08058,enterprise,chat,login_auth,security_concern,high,resolved,gold,There seems to be a vulnerability in the login auth functionality.,We take security very seriously. We are prioritizing this and will update you as soon as possible.,"Investigated logs, mitigated the issue, and updated security settings.",16.78,0,negative,0,0,android,MEA
TCKT_076383,2023-04-02 17:26:52,CUST_04707,small_business,phone_transcript,billing,security_concern,high,in_progress,standard,I noticed a suspicious login on my account.,We take security very seriously. We are prioritizing this and will update you as soon as possible.,,,0,very_negative,2,0,ios,EU
TCKT_076419,2023-04-04 02:41:44,CUST_00855,small_business,phone_transcript,data_export,account_access,high,in_progress,standard,My 2FA code is not working when I try to sign in.,Sorry to hear you're having trouble accessing your account. We are prioritizing this and will update you as soon as possible.,,,0,neutral,3,1,android,
TCKT_076443,2023-04-10 03:19:25,CUST_05745,individual,email,analytics_dashboard,bug,low,resolved,platinum,The page keeps crashing whenever I try to open the analytics dashboard section.,Thanks for reporting this bug. We will look into this and get back to you within the next 48 hours.,Patched the bug and deployed a fix to production.,70.91,0,positive,4,0,api_client,
TCKT_076448,2023-04-28 07:53:51,CUST_09429,individual,email,billing,other,low,closed_no_action,standard,I need help but I'm not sure which category this fits in.,Thanks for contacting support. We will look into this and get back to you within the next 48 hours.,Ticket closed without further action after no response from the customer.,133.55,0,positive,0,0,android,MEA
TCKT_076531,2023-04-18 08:33:10,CUST_02001,enterprise,web_form,billing,feature_request,medium,resolved,gold,Can you add an option to customize billing?,Thanks for your feature suggestion. Our team is reviewing this and will follow up within 24 hours.,Captured the request and added it to the product backlog.,16.43,0,neutral,0,0,android,MEA
TCKT_076571,2023-04-04 10:53:30,CUST_05718,education,email,analytics_dashboard,how_to,low,resolved,standard,I need help setting up analytics dashboard for my team.,Happy to help with your question. We will look into this and get back to you within the next 48 hours.,Provided step-by-step instructions and relevant documentation.,58.32,0,very_negative,2,0,web,APAC
TCKT_076575,2023-04-09 00:25:50,CUST_03187,enterprise,chat,notifications,security_concern,medium,open,platinum,We need details about your data encryption and compliance.,We take security very seriously. Our team is reviewing this and will follow up within 24 hours.,,,0,negative,3,0,desktop_app,
TCKT_076675,2023-04-23 16:47:19,CUST_03559,individual,in_app,notifications,feature_request,low,resolved,standard,Can you add an option to customize notifications?,Thanks for your feature suggestion. We will look into this and get back to you within the next 48 hours.,Captured the request and added it to the product backlog.,25.58,0,positive,0,1,android,
TCKT_076677,2023-04-14 12:11:33,CUST_08073,education,web_form,analytics_dashboard,billing_problem,low,closed_no_action,standard,My invoice amount is incorrect compared to the plan I selected.,Thanks for reaching out about the billing issue. We will look into this and get back to you within the next 48 hours.,Ticket closed without further action after no response from the customer.,66.43,0,negative,3,0,desktop_app,APAC
TCKT_076811,2023-04-06 04:06:37,CUST_06611,enterprise,phone_transcript,analytics_dashboard,bug,low,on_hold,standard,The page keeps crashing whenever I try to open the analytics dashboard section.,Thanks for reporting this bug. We will look into this and get back to you within the next 48 hours.,,,0,neutral,0,0,ios,EU
TCKT_076948,2023-04-12 07:27:30,CUST_08737,education,phone_transcript,api_integration,other,high,open,gold,I need help but I'm not sure which category this fits in.,Thanks for contacting support. We are prioritizing this and will update you as soon as possible.,,,0,negative,3,0,api_client,LATAM
TCKT_077008,2023-04-09 14:47:02,CUST_00236,enterprise,chat,billing,account_access,low,open,standard,My 2FA code is not working when I try to sign in.,Sorry to hear you're having trouble accessing your account. We will look into this and get back to you within the next 48 hours.,,,0,neutral,4,0,android,EU
TCKT_077077,2023-04-09 16:13:35,CUST_06362,education,web_form,billing,bug,low,resolved,gold,I am seeing an error message when I click on billing.,Thanks for reporting this bug. We will look into this and get back to you within the next 48 hours.,Patched the bug and deployed a fix to production.,34.74,0,negative,3,1,ios,APAC
TCKT_077100,2023-04-24 06:16:54,CUST_02155,small_business,web_form,api_integration,feature_request,medium,resolved,gold,Can you add an option to customize api integration?,Thanks for your feature suggestion. Our team is reviewing this and will follow up within 24 hours.,Captured the request and added it to the product backlog.,24.91,0,positive,5,0,web,LATAM
TCKT_077141,2023-04-25 08:42:53,CUST_06304,enterprise,phone_transcript,api_integration,how_to,medium,open,standard,Can you explain how to configure api integration properly?,Happy to help with your question. Our team is reviewing this and will follow up within 24 hours.,,,0,positive,4,1,api_client,LATAM
TCKT_077159,2023-04-19 11:27:03,CUST_03664,small_business,web_form,mobile_app,account_access,high,resolved,standard,My account was locked after multiple failed login attempts.,Sorry to hear you're having trouble accessing your account. We are prioritizing this and will update you as soon as possible.,Reset account credentials and confirmed successful login.,8.5,0,neutral,0,0,desktop_app,MEA
TCKT_077182,2023-04-08 03:23:35,CUST_09372,education,web_form,mobile_app,other,low,resolved,platinum,"Something seems off, can you please check my workspace?",Thanks for contacting support. We will look into this and get back to you within the next 48 hours.,Provided general guidance and confirmed the issue was resolved.,18.74,0,positive,4,0,ios,EU
TCKT_077189,2023-04-15 05:36:42,CUST_01442,individual,email,login_auth,how_to,low,open,gold,Can you explain how to configure login auth properly?,Happy to help with your question. We will look into this and get back to you within the next 48 hours.,,,0,positive,0,0,desktop_app,
TCKT_077270,2023-04-23 14:07:21,CUST_03353,education,chat,notifications,other,medium,resolved,gold,I need help but I'm not sure which category this fits in.,Thanks for contacting support. Our team is reviewing this and will follow up within 24 hours.,Provided general guidance and confirmed the issue was resolved.,34.26,0,neutral,3,0,web,APAC
TCKT_077302,2023-04-01 06:57:08,CUST_02483,individual,web_form,analytics_dashboard,other,low,open,standard,"Something seems off, can you please check my workspace?",Thanks for contacting support. We will look into this and get back to you within the next 48 hours.,,,0,positive,0,0,android,APAC
TCKT_077376,2023-04-02 07:03:06,CUST_01360,non_profit,chat,api_integration,account_access,medium,resolved,standard,My 2FA code is not working when I try to sign in.,Sorry to hear you're having trouble accessing your account. Our team is reviewing this and will follow up within 24 hours.,Reset account credentials and confirmed successful login.,44.69,0,negative,0,0,web,APAC
TCKT_077397,2023-04-03 23:26:57,CUST_00628,small_business,email,data_export,other,low,resolved,standard,I have a general question about my account.,Thanks for contacting support. We will look into this and get back to you within the next 48 hours.,Provided general guidance and confirmed the issue was resolved.,22.98,0,neutral,0,0,api_client,MEA
TCKT_077429,2023-04-10 15:46:24,CUST_00211,enterprise,in_app,analytics_dashboard,billing_problem,low,open,standard,My invoice amount is incorrect compared to the plan I selected.,Thanks for reaching out about the billing issue. We will look into this and get back to you within the next 48 hours.,,,0,negative,0,1,ios,APAC
TCKT_077584,2023-04-03 00:03:41,CUST_08283,non_profit,phone_transcript,analytics_dashboard,how_to,low,resolved,standard,Can you explain how to configure analytics dashboard properly?,Happy to help with your question. We will look into this and get back to you within the next 48 hours.,Provided step-by-step instructions and relevant documentation.,66.17,0,positive,5,0,ios,EU
TCKT_077632,2023-04-12 04:08:37,CUST_00366,education,web_form,data_export,security_concern,high,resolved,standard,There seems to be a vulnerability in the data export functionality.,We take security very seriously. We are prioritizing this and will update you as soon as possible.,"Investigated logs, mitigated the issue, and updated security settings.",13.93,0,very_negative,0,0,desktop_app,MEA
TCKT_077662,2023-04-10 18:39:55,CUST_08290,non_profit,web_form,login_auth,other,low,closed_no_action,gold,"Something seems off, can you please check my workspace?",Thanks for contacting support. We will look into this and get back to you within the next 48 hours.,Ticket closed without further action after no response from the customer.,196.05,0,very_positive,5,0,ios,
TCKT_077780,2023-04-08 14:15:19,CUST_02656,education,chat,mobile_app,feature_request,low,resolved,standard,It would be great to have mobile app support in your product.,Thanks for your feature suggestion. We will look into this and get back to you within the next 48 hours.,Captured the request and added it to the product backlog.,18.82,0,positive,4,0,web,APAC
TCKT_077822,2023-04-23 15:05:00,CUST_08032,education,email,analytics_dashboard,performance,high,resolved,gold,The analytics dashboard page is very slow and takes a long time to load.,We understand performance issues can be frustrating. We are prioritizing this and will update you as soon as possible.,Optimized queries and increased resource allocation.,8.35,0,neutral,3,0,web,
TCKT_077831,2023-04-11 09:58:34,CUST_02161,small_business,web_form,analytics_dashboard,other,high,in_progress,standard,I need help but I'm not sure which category this fits in.,Thanks for contacting support. We are prioritizing this and will update you as soon as possible.,,,0,neutral,4,0,android,MEA
TCKT_077854,2023-04-21 05:10:32,CUST_03796,small_business,phone_transcript,notifications,bug,high,resolved,gold,The page keeps crashing whenever I try to open the notifications section.,Thanks for reporting this bug. We are prioritizing this and will update you as soon as possible.,Patched the bug and deployed a fix to production.,13.75,0,neutral,4,0,web,
TCKT_077872,2023-04-23 23:41:32,CUST_00488,enterprise,email,api_integration,how_to,medium,in_progress,standard,I need help setting up api integration for my team.,Happy to help with your question. Our team is reviewing this and will follow up within 24 hours.,,,0,neutral,0,0,web,LATAM
TCKT_077932,2023-04-07 09:00:25,CUST_09169,education,phone_transcript,mobile_app,other,high,closed_no_action,gold,I have a general question about my account.,Thanks for contacting support. We are prioritizing this and will update you as soon as possible.,Ticket closed without further action after no response from the customer.,203.54,0,positive,4,0,android,
TCKT_078189,2023-04-18 12:44:13,CUST_09579,individual,email,analytics_dashboard,billing_problem,low,resolved,standard,My invoice amount is incorrect compared to the plan I selected.,Thanks for reaching out about the billing issue. We will look into this and get back to you within the next 48 hours.,Adjusted the invoice and issued a refund where applicable.,54.54,0,neutral,0,0,desktop_app,APAC
TCKT_078229,2023-04-05 00:14:20,CUST_05067,enterprise,web_form,notifications,account_access,low,closed_no_action,standard,I cannot log in; the system says my password is incorrect.,Sorry to hear you're having trouble accessing your account. We will look into this and get back to you within the next 48 hours.,Ticket closed without further action after no response from the customer.,206.65,1,neutral,0,0,ios,
TCKT_078239,2023-04-21 16:52:21,CUST_05483,non_profit,in_app,api_integration,account_access,medium,resolved,platinum,I cannot log in; the system says my password is incorrect.,Sorry to hear you're having trouble accessing your account. Our team is reviewing this and will follow up within 24 hours.,Reset account credentials and confirmed successful login.,4.98,0,negative,3,0,api_client,MEA
TCKT_078255,2023-04-03 18:55:16,CUST_06301,individual,web_form,notifications,bug,medium,on_hold,platinum,The page keeps crashing whenever I try to open the notifications section.,Thanks for reporting this bug. Our team is reviewing this and will follow up within 24 hours.,,,0,positive,0,0,android,EU
TCKT_078307,2023-04-10 10:30:05,CUST_00117,small_business,web_form,billing,other,high,open,standard,"Something seems off, can you please check my workspace?",Thanks for contacting support. We are prioritizing this and will update you as soon as possible.,,,0,neutral,4,1,ios,LATAM
TCKT_078460,2023-04-26 01:03:12,CUST_07436,non_profit,web_form,notifications,bug,medium,in_progress,standard,The page keeps crashing whenever I try to open the notifications section.,Thanks for reporting this bug. Our team is reviewing this and will follow up within 24 hours.,,,0,neutral,0,0,android,LATAM
TCKT_078485,2023-04-26 23:18:42,CUST_05487,non_profit,email,login_auth,account_access,medium,resolved,standard,My 2FA code is not working when I try to sign in.,Sorry to hear you're having trouble accessing your account. Our team is reviewing this and will follow up within 24 hours.,Reset account credentials and confirmed successful login.,30.89,0,very_negative,2,1,web,APAC
TCKT_078501,2023-04-06 22:09:37,CUST_08340,small_business,chat,analytics_dashboard,how_to,medium,in_progress,standard,Can you explain how to configure analytics dashboard properly?,Happy to help with your question. Our team is reviewing this and will follow up within 24 hours.,,,0,positive,5,0,ios,APAC
TCKT_078507,2023-04-16 17:04:14,CUST_05879,non_profit,phone_transcript,mobile_app,other,medium,resolved,standard,I need help but I'm not sure which category this fits in.,Thanks for contacting support. Our team is reviewing this and will follow up within 24 hours.,Provided general guidance and confirmed the issue was resolved.,41.01,0,very_negative,1,0,web,EU
TCKT_078510,2023-04-26 09:16:50,CUST_00616,education,email,notifications,security_concern,medium,resolved,gold,I noticed a suspicious login on my account.,We take security very seriously. Our team is reviewing this and will follow up within 24 hours.,"Investigated logs, mitigated the issue, and updated security settings.",4.27,0,very_negative,2,0,web,MEA
TCKT_078613,2023-04-30 18:28:44,CUST_00498,individual,phone_transcript,analytics_dashboard,security_concern,high,resolved,standard,I noticed a suspicious login on my account.,We take security very seriously. We are prioritizing this and will update you as soon as possible.,"Investigated logs, mitigated the issue, and updated security settings.",7.88,0,very_negative,1,0,api_client,MEA
TCKT_078658,2023-04-26 15:56:39,CUST_04544,education,web_form,notifications,other,medium,in_progress,standard,"Something seems off, can you please check my workspace?",Thanks for contacting support. Our team is reviewing this and will follow up within 24 hours.,,,0,negative,3,0,android,MEA
TCKT_078851,2023-04-30 22:01:38,CUST_01194,enterprise,in_app,analytics_dashboard,security_concern,high,resolved,standard,There seems to be a vulnerability in the analytics dashboard functionality.,We take security very seriously. We are prioritizing this and will update you as soon as possible.,"Investigated logs, mitigated the issue, and updated security settings.",21.68,0,positive,0,0,ios,LATAM
TCKT_078852,2023-04-27 16:25:26,CUST_00747,education,chat,billing,performance,low,on_hold,standard,The billing page is very slow and takes a long time to load.,We understand performance issues can be frustrating. We will look into this and get back to you within the next 48 hours.,,,0,neutral,3,0,ios,LATAM
TCKT_078880,2023-04-18 23:37:32,CUST_03377,small_business,in_app,data_export,how_to,low,resolved,gold,I need help setting up data export for my team.,Happy to help with your question. We will look into this and get back to you within the next 48 hours.,Provided step-by-step instructions and relevant documentation.,43.51,0,negative,0,0,web,MEA
TCKT_078950,2023-04-25 16:44:06,CUST_08420,small_business,chat,analytics_dashboard,feature_request,low,in_progress,standard,Can you add an option to customize analytics dashboard?,Thanks for your feature suggestion. We will look into this and get back to you within the next 48 hours.,,,0,neutral,0,0,api_client,LATAM
TCKT_078952,2023-04-28 03:40:40,CUST_01395,education,phone_transcript,notifications,other,medium,closed_no_action,standard,I need help but I'm not sure which category this fits in.,Thanks for contacting support. Our team is reviewing this and will follow up within 24 hours.,Ticket closed without further action after no response from the customer.,116.6,0,negative,0,0,web,
TCKT_078969,2023-04-14 09:43:25,CUST_05999,enterprise,chat,analytics_dashboard,performance,low,on_hold,gold,Queries in the analytics dashboard module are timing out.,We understand performance issues can be frustrating. We will look into this and get back to you within the next 48 hours.,,,0,positive,4,0,ios,MEA
TCKT_079023,2023-04-12 07:26:10,CUST_09499,small_business,phone_transcript,data_export,performance,medium,in_progress,gold,Queries in the data export module are timing out.,We understand performance issues can be frustrating. Our team is reviewing this and will follow up within 24 hours.,,,0,neutral,0,1,android,MEA
TCKT_079111,2023-04-24 01:59:46,CUST_04995,education,phone_transcript,login_auth,billing_problem,high,resolved,gold,I downgraded my plan but I am still being billed for the higher tier.,Thanks for reaching out about the billing issue. We are prioritizing this and will update you as soon as possible.,Adjusted the invoice and issued a refund where applicable.,16.01,0,neutral,0,1,desktop_app,APAC
TCKT_079163,2023-04-26 03:13:42,CUST_08111,individual,email,mobile_app,billing_problem,medium,resolved,gold,My invoice amount is incorrect compared to the plan I selected.,Thanks for reaching out about the billing issue. Our team is reviewing this and will follow up within 24 hours.,Adjusted the invoice and issued a refund where applicable.,26.56,0,very_positive,0,0,android,APAC
TCKT_079164,2023-04-12 15:03:56,CUST_09484,education,email,notifications,feature_request,low,resolved,standard,Our team needs more advanced options for notifications.,Thanks for your feature suggestion. We will look into this and get back to you within the next 48 hours.,Captured the request and added it to the product backlog.,13.92,0,neutral,3,0,desktop_app,MEA
TCKT_079168,2023-04-15 03:26:09,CUST_09999,small_business,chat,data_export,performance,high,resolved,gold,Overall performance has degraded in the last few days.,We understand performance issues can be frustrating. We are prioritizing this and will update you as soon as possible.,Optimized queries and increased resource allocation.,19.09,0,very_negative,0,0,android,APAC
TCKT_079190,2023-04-24 17:48:45,CUST_03429,small_business,phone_transcript,notifications,performance,high,resolved,standard,The notifications page is very slow and takes a long time to load.,We understand performance issues can be frustrating. We are prioritizing this and will update you as soon as possible.,Optimized queries and increased resource allocation.,9.83,0,negative,0,0,api_client,LATAM
TCKT_079305,2023-04-30 20:49:55,CUST_08122,enterprise,web_form,login_auth,how_to,medium,open,gold,How can I export my data from the login auth section?,Happy to help with your question. Our team is reviewing this and will follow up within 24 hours.,,,1,very_negative,0,0,ios,MEA
TCKT_079369,2023-04-08 21:58:20,CUST_09332,non_profit,chat,data_export,account_access,low,on_hold,standard,My account was locked after multiple failed login attempts.,Sorry to hear you're having trouble accessing your account. We will look into this and get back to you within the next 48 hours.,,,0,negative,3,1,ios,MEA
TCKT_079371,2023-04-25 20:40:30,CUST_05267,non_profit,web_form,analytics_dashboard,how_to,low,resolved,standard,How can I export my data from the analytics dashboard section?,Happy to help with your question. We will look into this and get back to you within the next 48 hours.,Provided step-by-step instructions and relevant documentation.,13.81,0,neutral,4,0,api_client,APAC
TCKT_079384,2023-04-22 08:10:55,CUST_09668,non_profit,chat,billing,how_to,medium,in_progress,standard,How can I export my data from the billing section?,Happy to help with your question. Our team is reviewing this and will follow up within 24 hours.,,,0,neutral,4,0,desktop_app,LATAM
TCKT_079407,2023-04-02 20:26:12,CUST_05583,small_business,web_form,data_export,how_to,low,resolved,standard,How can I export my data from the data export section?,Happy to help with your question. We will look into this and get back to you within the next 48 hours.,Provided step-by-step instructions and relevant documentation.,39.22,0,negative,2,0,api_client,APAC
TCKT_079436,2023-04-25 14:49:13,CUST_04092,small_business,phone_transcript,billing,how_to,low,resolved,standard,I need help setting up billing for my team.,Happy to help with your question. We will look into this and get back to you within the next 48 hours.,Provided step-by-step instructions and relevant documentation.,19.77,0,very_positive,5,0,web,LATAM
TCKT_079474,2023-04-19 00:55:28,CUST_09108,small_business,phone_transcript,notifications,how_to,medium,in_progress,platinum,How can I export my data from the notifications section?,Happy to help with your question. Our team is reviewing this and will follow up within 24 hours.,,,0,negative,3,1,desktop_app,EU
TCKT_079523,2023-04-21 17:11:49,CUST_07482,non_profit,web_form,notifications,feature_request,low,resolved,gold,It would be great to have notifications support in your product.,Thanks for your feature suggestion. We will look into this and get back to you within the next 48 hours.,Captured the request and added it to the product backlog.,31.13,0,neutral,4,0,web,EU
TCKT_079563,2023-04-01 18:04:05,CUST_03511,non_profit,email,data_export,security_concern,high,resolved,standard,There seems to be a vulnerability in the data export functionality.,We take security very seriously. We are prioritizing this and will update you as soon as possible.,"Investigated logs, mitigated the issue, and updated security settings.",4.08,0,very_negative,2,0,android,
TCKT_079623,2023-04-24 21:35:38,CUST_08712,non_profit,web_form,billing,account_access,high,on_hold,standard,I cannot log in; the system says my password is incorrect.,Sorry to hear you're having trouble accessing your account. We are prioritizing this and will update you as soon as possible.,,,0,very_negative,0,1,api_client,EU
TCKT_079756,2023-04-08 09:45:51,CUST_02967,individual,email,billing,feature_request,high,resolved,platinum,Our team needs more advanced options for billing.,Thanks for your feature suggestion. We are prioritizing this and will update you as soon as possible.,Captured the request and added it to the product backlog.,19.24,0,neutral,4,0,desktop_app,MEA
TCKT_079786,2023-04-17 11:00:52,CUST_02188,non_profit,web_form,data_export,bug,medium,in_progress,standard,The data export feature is not saving my changes.,Thanks for reporting this bug. Our team is reviewing this and will follow up within 24 hours.,,,0,positive,0,1,desktop_app,
TCKT_079851,2023-04-08 18:12:29,CUST_09889,individual,chat,data_export,performance,medium,on_hold,gold,Overall performance has degraded in the last few days.,We understand performance issues can be frustrating. Our team is reviewing this and will follow up within 24 hours.,,,0,neutral,3,0,ios,EU
TCKT_079870,2023-04-28 01:41:32,CUST_06890,individual,in_app,notifications,billing_problem,medium,resolved,standard,I was charged twice for my subscription this month.,Thanks for reaching out about the billing issue. Our team is reviewing this and will follow up within 24 hours.,Adjusted the invoice and issued a refund where applicable.,6.66,0,neutral,4,0,android,APAC
TCKT_079874,2023-04-30 03:48:47,CUST_03363,small_business,web_form,mobile_app,billing_problem,low,resolved,standard,I downgraded my plan but I am still being billed for the higher tier.,Thanks for reaching out about the billing issue. We will look into this and get back to you within the next 48 hours.,Adjusted the invoice and issued a refund where applicable.,9.19,0,very_negative,1,0,android,APAC
TCKT_079886,2023-04-20 06:12:55,CUST_00352,small_business,phone_transcript,mobile_app,billing_problem,medium,closed_no_action,gold,I was charged twice for my subscription this month.,Thanks for reaching out about the billing issue. Our team is reviewing this and will follow up within 24 hours.,Ticket closed without further action after no response from the customer.,153.37,0,very_negative,2,0,android,LATAM
TCKT_079941,2023-04-21 11:32:54,CUST_09001,small_business,chat,notifications,billing_problem,high,closed_no_action,gold,My invoice amount is incorrect compared to the plan I selected.,Thanks for reaching out about the billing issue. We are prioritizing this and will update you as soon as possible.,Ticket closed without further action after no response from the customer.,114.54,0,negative,2,0,web,LATAM
TCKT_079953,2023-04-25 13:45:51,CUST_04880,individual,email,login_auth,account_access,high,on_hold,standard,My 2FA code is not working when I try to sign in.,Sorry to hear you're having trouble accessing your account. We are prioritizing this and will update you as soon as possible.,,,0,neutral,4,0,ios,EU
TCKT_080086,2023-04-11 04:38:58,CUST_08800,non_profit,chat,login_auth,bug,low,resolved,gold,I am seeing an error message when I click on login auth.,Thanks for reporting this bug. We will look into this and get back to you within the next 48 hours.,Patched the bug and deployed a fix to production.,26.59,0,neutral,4,0,api_client,LATAM
TCKT_080134,2023-04-13 12:24:20,CUST_08661,enterprise,phone_transcript,mobile_app,billing_problem,low,resolved,standard,I was charged twice for my subscription this month.,Thanks for reaching out about the billing issue. We will look into this and get back to you within the next 48 hours.,Adjusted the invoice and issued a refund where applicable.,64.0,0,neutral,3,0,web,APAC
TCKT_080166,2023-04-13 14:53:04,CUST_09937,individual,in_app,mobile_app,performance,low,resolved,gold,Queries in the mobile app module are timing out.,We understand performance issues can be frustrating. We will look into this and get back to you within the next 48 hours.,Optimized queries and increased resource allocation.,67.38,0,negative,3,0,desktop_app,APAC
TCKT_080274,2023-04-11 06:21:26,CUST_04721,individual,in_app,data_export,bug,low,resolved,platinum,The page keeps crashing whenever I try to open the data export section.,Thanks for reporting this bug. We will look into this and get back to you within the next 48 hours.,Patched the bug and deployed a fix to production.,46.6,0,neutral,3,0,ios,EU
TCKT_080297,2023-04-02 15:55:03,CUST_07805,education,chat,analytics_dashboard,other,medium,closed_no_action,standard,"Something seems off, can you please check my workspace?",Thanks for contacting support. Our team is reviewing this and will follow up within 24 hours.,Ticket closed without further action after no response from the customer.,72.3,0,very_negative,1,0,ios,LATAM
TCKT_080311,2023-04-08 00:28:13,CUST_07067,small_business,in_app,api_integration,security_concern,high,in_progress,standard,There seems to be a vulnerability in the api integration functionality.,We take security very seriously. We are prioritizing this and will update you as soon as possible.,,,0,very_negative,1,0,android,
TCKT_080314,2023-04-09 07:35:55,CUST_02320,small_business,in_app,data_export,feature_request,low,closed_no_action,standard,Can you add an option to customize data export?,Thanks for your feature suggestion. We will look into this and get back to you within the next 48 hours.,Ticket closed without further action after no response from the customer.,126.93,0,positive,5,0,desktop_app,MEA
TCKT_080334,2023-04-04 05:46:57,CUST_08352,education,phone_transcript,login_auth,account_access,high,open,standard,My account was locked after multiple failed login attempts.,Sorry to hear you're having trouble accessing your account. We are prioritizing this and will update you as soon as possible.,,,0,very_negative,1,1,ios,MEA
TCKT_080369,2023-04-15 21:47:25,CUST_02836,individual,phone_transcript,billing,how_to,low,in_progress,standard,I need help setting up billing for my team.,Happy to help with your question. We will look into this and get back to you within the next 48 hours.,,,0,positive,5,0,ios,APAC
TCKT_080388,2023-04-22 13:53:46,CUST_01354,individual,email,analytics_dashboard,billing_problem,high,resolved,standard,My invoice amount is incorrect compared to the plan I selected.,Thanks for reaching out about the billing issue. We are prioritizing this and will update you as soon as possible.,Adjusted the invoice and issued a refund where applicable.,22.88,0,negative,3,0,android,APAC
TCKT_080497,2023-04-25 12:12:21,CUST_00657,non_profit,email,notifications,feature_request,low,resolved,platinum,It would be great to have notifications support in your product.,Thanks for your feature suggestion. We will look into this and get back to you within the next 48 hours.,Captured the request and added it to the product backlog.,22.98,0,neutral,3,1,ios,MEA
TCKT_080520,2023-04-30 12:51:22,CUST_00271,enterprise,phone_transcript,data_export,billing_problem,medium,open,gold,I was charged twice for my subscription this month.,Thanks for reaching out about the billing issue. Our team is reviewing this and will follow up within 24 hours.,,,0,very_negative,1,0,desktop_app,APAC
TCKT_080555,2023-04-09 18:36:21,CUST_05633,small_business,web_form,notifications,billing_problem,low,resolved,standard,I was charged twice for my subscription this month.,Thanks for reaching out about the billing issue. We will look into this and get back to you within the next 48 hours.,Adjusted the invoice and issued a refund where applicable.,31.92,0,negative,0,0,desktop_app,EU
TCKT_080777,2023-04-02 20:39:45,CUST_09783,individual,email,login_auth,account_access,high,resolved,standard,My account was locked after multiple failed login attempts.,Sorry to hear you're having trouble accessing your account. We are prioritizing this and will update you as soon as possible.,Reset account credentials and confirmed successful login.,16.02,0,negative,3,0,android,APAC
TCKT_080796,2023-04-23 16:14:13,CUST_06505,small_business,in_app,notifications,security_concern,medium,open,standard,I noticed a suspicious login on my account.,We take security very seriously. Our team is reviewing this and will follow up within 24 hours.,,,1,very_negative,1,0,api_client,EU
TCKT_080815,2023-04-12 02:29:21,CUST_08990,individual,chat,api_integration,other,low,in_progress,standard,I have a general question about my account.,Thanks for contacting support. We will look into this and get back to you within the next 48 hours.,,,0,very_positive,5,0,ios,LATAM
TCKT_080822,2023-04-05 23:48:07,CUST_01762,small_business,in_app,data_export,how_to,medium,resolved,standard,Can you explain how to configure data export properly?,Happy to help with your question. Our team is reviewing this and will follow up within 24 hours.,Provided step-by-step instructions and relevant documentation.,37.96,0,neutral,0,0,ios,EU
TCKT_080838,2023-04-09 15:50:43,CUST_04908,enterprise,in_app,mobile_app,account_access,medium,closed_no_action,standard,I cannot log in; the system says my password is incorrect.,Sorry to hear you're having trouble accessing your account. Our team is reviewing this and will follow up within 24 hours.,Ticket closed without further action after no response from the customer.,132.61,0,very_negative,1,0,android,MEA
TCKT_080918,2023-04-16 17:21:33,CUST_00534,non_profit,web_form,mobile_app,other,low,closed_no_action,gold,I need help but I'm not sure which category this fits in.,Thanks for contacting support. We will look into this and get back to you within the next 48 hours.,Ticket closed without further action after no response from the customer.,142.77,0,neutral,0,1,web,APAC
TCKT_080930,2023-04-10 01:00:56,CUST_04356,education,phone_transcript,api_integration,account_access,low,resolved,gold,My account was locked after multiple failed login attempts.,Sorry to hear you're having trouble accessing your account. We will look into this and get back to you within the next 48 hours.,Reset account credentials and confirmed successful login.,40.33,0,negative,0,0,api_client,MEA
TCKT_080970,2023-04-07 18:37:24,CUST_02912,education,email,api_integration,account_access,medium,closed_no_action,standard,My account was locked after multiple failed login attempts.,Sorry to hear you're having trouble accessing your account. Our team is reviewing this and will follow up within 24 hours.,Ticket closed without further action after no response from the customer.,199.27,0,very_negative,1,1,desktop_app,MEA
TCKT_081097,2023-04-15 23:55:40,CUST_03610,small_business,phone_transcript,billing,other,low,closed_no_action,standard,I need help but I'm not sure which category this fits in.,Thanks for contacting support. We will look into this and get back to you within the next 48 hours.,Ticket closed without further action after no response from the customer.,214.83,0,negative,0,0,desktop_app,EU
TCKT_081191,2023-04-21 18:28:02,CUST_01219,enterprise,in_app,login_auth,security_concern,medium,resolved,gold,We need details about your data encryption and compliance.,We take security very seriously. Our team is reviewing this and will follow up within 24 hours.,"Investigated logs, mitigated the issue, and updated security settings.",33.52,0,negative,0,0,web,EU
TCKT_081198,2023-04-04 02:23:31,CUST_01966,small_business,in_app,billing,security_concern,medium,resolved,standard,I noticed a suspicious login on my account.,We take security very seriously. Our team is reviewing this and will follow up within 24 hours.,"Investigated logs, mitigated the issue, and updated security settings.",33.02,0,negative,2,1,ios,MEA
TCKT_081300,2023-04-29 06:39:36,CUST_01778,individual,web_form,login_auth,how_to,high,resolved,platinum,Can you explain how to configure login auth properly?,Happy to help with your question. We are prioritizing this and will update you as soon as possible.,Provided step-by-step instructions and relevant documentation.,13.88,0,positive,0,0,android,APAC
TCKT_081317,2023-04-30 10:00:54,CUST_03802,enterprise,web_form,analytics_dashboard,account_access,high,closed_no_action,gold,My account was locked after multiple failed login attempts.,Sorry to hear you're having trouble accessing your account. We are prioritizing this and will update you as soon as possible.,Ticket closed without further action after no response from the customer.,81.83,0,neutral,0,0,ios,
TCKT_081393,2023-04-14 22:50:38,CUST_04898,individual,chat,billing,security_concern,medium,resolved,gold,I noticed a suspicious login on my account.,We take security very seriously. Our team is reviewing this and will follow up within 24 hours.,"Investigated logs, mitigated the issue, and updated security settings.",42.36,0,neutral,0,0,android,
TCKT_081447,2023-04-09 11:48:07,CUST_01538,enterprise,chat,api_integration,other,medium,open,standard,I have a general question about my account.,Thanks for contacting support. Our team is reviewing this and will follow up within 24 hours.,,,0,negative,3,0,desktop_app,MEA
TCKT_081528,2023-04-02 09:48:05,CUST_07730,enterprise,phone_transcript,login_auth,bug,low,resolved,standard,The login auth feature is not saving my changes.,Thanks for reporting this bug. We will look into this and get back to you within the next 48 hours.,Patched the bug and deployed a fix to production.,22.17,0,neutral,3,1,desktop_app,APAC
TCKT_081618,2023-04-04 00:59:09,CUST_06658,enterprise,chat,mobile_app,billing_problem,high,in_progress,standard,I downgraded my plan but I am still being billed for the higher tier.,Thanks for reaching out about the billing issue. We are prioritizing this and will update you as soon as possible.,,,0,positive,0,0,ios,APAC
TCKT_081685,2023-04-12 21:35:57,CUST_03773,small_business,email,billing,billing_problem,medium,resolved,standard,My invoice amount is incorrect compared to the plan I selected.,Thanks for reaching out about the billing issue. Our team is reviewing this and will follow up within 24 hours.,Adjusted the invoice and issued a refund where applicable.,18.68,0,very_negative,0,0,android,APAC
TCKT_081786,2023-04-25 14:03:32,CUST_00115,education,email,login_auth,bug,high,resolved,standard,The page keeps crashing whenever I try to open the login auth section.,Thanks for reporting this bug. We are prioritizing this and will update you as soon as possible.,Patched the bug and deployed a fix to production.,23.65,0,very_negative,1,1,android,MEA
TCKT_081819,2023-04-04 20:01:01,CUST_05027,small_business,phone_transcript,mobile_app,how_to,medium,in_progress,standard,How can I export my data from the mobile app section?,Happy to help with your question. Our team is reviewing this and will follow up within 24 hours.,,,0,very_positive,5,0,desktop_app,
TCKT_081824,2023-04-17 14:15:07,CUST_06042,enterprise,web_form,api_integration,performance,urgent,resolved,standard,The api integration page is very slow and takes a long time to load.,We understand performance issues can be frustrating. This has been escalated to our on-call team for immediate attention.,Optimized queries and increased resource allocation.,7.32,0,very_positive,5,1,api_client,EU
TCKT_081827,2023-04-25 18:35:32,CUST_03995,non_profit,web_form,login_auth,feature_request,low,resolved,platinum,Our team needs more advanced options for login auth.,Thanks for your feature suggestion. We will look into this and get back to you within the next 48 hours.,Captured the request and added it to the product backlog.,21.65,0,positive,0,0,web,APAC
TCKT_081828,2023-04-08 11:53:40,CUST_03322,individual,chat,api_integration,account_access,high,resolved,standard,I cannot log in; the system says my password is incorrect.,Sorry to hear you're having trouble accessing your account. We are prioritizing this and will update you as soon as possible.,Reset account credentials and confirmed successful login.,1.62,0,very_negative,1,0,desktop_app,APAC
TCKT_081997,2023-04-11 13:43:42,CUST_06748,non_profit,chat,billing,how_to,low,resolved,gold,Can you explain how to configure billing properly?,Happy to help with your question. We will look into this and get back to you within the next 48 hours.,Provided step-by-step instructions and relevant documentation.,29.82,0,negative,3,0,api_client,MEA
TCKT_082005,2023-04-03 08:33:41,CUST_01007,education,chat,login_auth,performance,low,resolved,gold,Overall performance has degraded in the last few days.,We understand performance issues can be frustrating. We will look into this and get back to you within the next 48 hours.,Optimized queries and increased resource allocation.,60.81,0,neutral,4,0,android,EU
TCKT_082019,2023-04-27 06:31:51,CUST_02252,enterprise,in_app,notifications,bug,low,resolved,gold,I am seeing an error message when I click on notifications.,Thanks for reporting this bug. We will look into this and get back to you within the next 48 hours.,Patched the bug and deployed a fix to production.,8.71,0,positive,4,0,android,MEA
TCKT_082126,2023-04-14 18:26:04,CUST_07026,non_profit,web_form,login_auth,account_access,low,resolved,gold,I cannot log in; the system says my password is incorrect.,Sorry to hear you're having trouble accessing your account. We will look into this and get back to you within the next 48 hours.,Reset account credentials and confirmed successful login.,18.5,0,neutral,0,0,android,
TCKT_082163,2023-04-09 08:15:40,CUST_07266,non_profit,chat,notifications,other,low,in_progress,gold,"Something seems off, can you please check my workspace?",Thanks for contacting support. We will look into this and get back to you within the next 48 hours.,,,0,negative,2,1,desktop_app,MEA
TCKT_082174,2023-04-11 13:33:52,CUST_08430,individual,chat,mobile_app,billing_problem,low,open,gold,I downgraded my plan but I am still being billed for the higher tier.,Thanks for reaching out about the billing issue. We will look into this and get back to you within the next 48 hours.,,,0,neutral,4,0,desktop_app,MEA
TCKT_082226,2023-04-01 16:48:41,CUST_03805,non_profit,in_app,api_integration,account_access,low,in_progress,standard,My 2FA code is not working when I try to sign in.,Sorry to hear you're having trouble accessing your account. We will look into this and get back to you within the next 48 hours.,,,0,neutral,4,0,desktop_app,APAC
TCKT_082229,2023-04-25 07:03:29,CUST_08544,individual,in_app,mobile_app,bug,medium,in_progress,gold,The mobile app feature is not saving my changes.,Thanks for reporting this bug. Our team is reviewing this and will follow up within 24 hours.,,,0,positive,0,0,android,APAC
TCKT_082251,2023-04-28 15:04:38,CUST_08390,education,in_app,data_export,other,medium,resolved,standard,"Something seems off, can you please check my workspace?",Thanks for contacting support. Our team is reviewing this and will follow up within 24 hours.,Provided general guidance and confirmed the issue was resolved.,4.58,0,neutral,0,0,web,LATAM
TCKT_082261,2023-04-05 17:57:02,CUST_02673,small_business,email,data_export,billing_problem,medium,in_progress,standard,My invoice amount is incorrect compared to the plan I selected.,Thanks for reaching out about the billing issue. Our team is reviewing this and will follow up within 24 hours.,,,0,neutral,3,1,desktop_app,LATAM
TCKT_082279,2023-04-20 10:46:06,CUST_00575,enterprise,phone_transcript,mobile_app,billing_problem,medium,resolved,gold,I was charged twice for my subscription this month.,Thanks for reaching out about the billing issue. Our team is reviewing this and will follow up within 24 hours.,Adjusted the invoice and issued a refund where applicable.,12.22,0,very_negative,2,0,api_client,
TCKT_082285,2023-04-05 03:02:22,CUST_09582,non_profit,in_app,notifications,other,medium,in_progress,standard,I have a general question about my account.,Thanks for contacting support. Our team is reviewing this and will follow up within 24 hours.,,,0,neutral,3,0,android,
TCKT_082424,2023-04-07 16:15:36,CUST_06643,education,in_app,analytics_dashboard,feature_request,urgent,resolved,standard,It would be great to have analytics dashboard support in your product.,Thanks for your feature suggestion. This has been escalated to our on-call team for immediate attention.,Captured the request and added it to the product backlog.,7.96,0,neutral,4,0,android,EU
TCKT_082474,2023-04-21 23:18:20,CUST_08358,enterprise,web_form,mobile_app,account_access,high,resolved,gold,My account was locked after multiple failed login attempts.,Sorry to hear you're having trouble accessing your account. We are prioritizing this and will update you as soon as possible.,Reset account credentials and confirmed successful login.,14.39,0,negative,2,0,ios,LATAM
TCKT_082525,2023-04-06 23:00:34,CUST_07105,individual,email,mobile_app,billing_problem,medium,resolved,standard,I was charged twice for my subscription this month.,Thanks for reaching out about the billing issue. Our team is reviewing this and will follow up within 24 hours.,Adjusted the invoice and issued a refund where applicable.,17.63,0,negative,0,0,android,LATAM
TCKT_082574,2023-04-02 20:41:07,CUST_08208,small_business,phone_transcript,billing,other,low,resolved,platinum,I need help but I'm not sure which category this fits in.,Thanks for contacting support. We will look into this and get back to you within the next 48 hours.,Provided general guidance and confirmed the issue was resolved.,43.42,0,neutral,4,0,ios,LATAM
TCKT_082626,2023-04-19 06:24:03,CUST_05187,enterprise,phone_transcript,notifications,other,low,in_progress,standard,"Something seems off, can you please check my workspace?",Thanks for contacting support. We will look into this and get back to you within the next 48 hours.,,,0,positive,4,1,android,EU
TCKT_082722,2023-04-12 07:07:52,CUST_05381,individual,chat,analytics_dashboard,account_access,medium,on_hold,standard,I cannot log in; the system says my password is incorrect.,Sorry to hear you're having trouble accessing your account. Our team is reviewing this and will follow up within 24 hours.,,,0,negative,2,0,api_client,
TCKT_082795,2023-04-13 17:31:52,CUST_00004,small_business,phone_transcript,notifications,account_access,low,in_progress,standard,My 2FA code is not working when I try to sign in.,Sorry to hear you're having trouble accessing your account. We will look into this and get back to you within the next 48 hours.,,,0,neutral,3,1,desktop_app,LATAM
TCKT_082828,2023-04-05 00:18:22,CUST_05299,enterprise,in_app,mobile_app,account_access,high,in_progress,gold,My 2FA code is not working when I try to sign in.,Sorry to hear you're having trouble accessing your account. We are prioritizing this and will update you as soon as possible.,,,0,positive,4,1,android,
TCKT_082871,2023-04-15 06:08:05,CUST_06864,small_business,web_form,api_integration,feature_request,low,resolved,gold,Can you add an option to customize api integration?,Thanks for your feature suggestion. We will look into this and get back to you within the next 48 hours.,Captured the request and added it to the product backlog.,66.7,0,very_positive,0,0,desktop_app,EU
TCKT_082910,2023-04-12 06:10:16,CUST_01491,small_business,email,login_auth,bug,medium,in_progress,platinum,The login auth feature is not saving my changes.,Thanks for reporting this bug. Our team is reviewing this and will follow up within 24 hours.,,,0,negative,0,1,ios,EU
TCKT_082974,2023-04-30 16:05:39,CUST_03718,enterprise,chat,api_integration,bug,low,in_progress,gold,The page keeps crashing whenever I try to open the api integration section.,Thanks for reporting this bug. We will look into this and get back to you within the next 48 hours.,,,0,very_negative,1,0,android,APAC
TCKT_083032,2023-04-23 02:27:58,CUST_01329,education,phone_transcript,mobile_app,security_concern,medium,resolved,platinum,I noticed a suspicious login on my account.,We take security very seriously. Our team is reviewing this and will follow up within 24 hours.,"Investigated logs, mitigated the issue, and updated security settings.",16.19,0,very_negative,2,1,api_client,MEA
TCKT_083040,2023-04-12 10:12:01,CUST_06722,small_business,in_app,notifications,account_access,medium,in_progress,standard,My account was locked after multiple failed login attempts.,Sorry to hear you're having trouble accessing your account. Our team is reviewing this and will follow up within 24 hours.,,,0,very_negative,0,0,desktop_app,MEA
TCKT_083060,2023-04-24 10:50:17,CUST_08478,non_profit,in_app,login_auth,bug,low,in_progress,standard,The login auth feature is not saving my changes.,Thanks for reporting this bug. We will look into this and get back to you within the next 48 hours.,,,0,negative,0,1,android,LATAM
TCKT_083286,2023-04-10 02:18:30,CUST_08871,individual,web_form,notifications,account_access,low,in_progress,gold,My account was locked after multiple failed login attempts.,Sorry to hear you're having trouble accessing your account. We will look into this and get back to you within the next 48 hours.,,,0,positive,0,1,ios,EU
TCKT_083416,2023-04-24 05:36:44,CUST_09796,non_profit,web_form,billing,bug,medium,resolved,standard,The billing feature is not saving my changes.,Thanks for reporting this bug. Our team is reviewing this and will follow up within 24 hours.,Patched the bug and deployed a fix to production.,25.98,0,neutral,4,0,android,
TCKT_083429,2023-04-24 09:38:25,CUST_00083,non_profit,chat,billing,account_access,medium,open,gold,My account was locked after multiple failed login attempts.,Sorry to hear you're having trouble accessing your account. Our team is reviewing this and will follow up within 24 hours.,,,0,negative,3,0,android,
TCKT_083494,2023-04-28 09:57:09,CUST_03186,non_profit,chat,data_export,security_concern,low,closed_no_action,standard,There seems to be a vulnerability in the data export functionality.,We take security very seriously. We will look into this and get back to you within the next 48 hours.,Ticket closed without further action after no response from the customer.,28.54,1,positive,4,0,api_client,EU
TCKT_083640,2023-04-19 00:35:04,CUST_02495,non_profit,chat,analytics_dashboard,billing_problem,low,in_progress,standard,I was charged twice for my subscription this month.,Thanks for reaching out about the billing issue. We will look into this and get back to you within the next 48 hours.,,,0,negative,2,0,desktop_app,MEA
TCKT_083674,2023-04-10 19:43:30,CUST_02623,individual,in_app,billing,other,medium,resolved,gold,"Something seems off, can you please check my workspace?",Thanks for contacting support. Our team is reviewing this and will follow up within 24 hours.,Provided general guidance and confirmed the issue was resolved.,24.09,0,neutral,4,1,ios,MEA
TCKT_083677,2023-04-18 05:54:06,CUST_02376,non_profit,phone_transcript,api_integration,how_to,medium,resolved,standard,I need help setting up api integration for my team.,Happy to help with your question. Our team is reviewing this and will follow up within 24 hours.,Provided step-by-step instructions and relevant documentation.,33.31,0,very_negative,0,0,desktop_app,MEA
TCKT_083680,2023-04-21 02:21:32,CUST_07137,individual,in_app,data_export,feature_request,medium,open,gold,It would be great to have data export support in your product.,Thanks for your feature suggestion. Our team is reviewing this and will follow up within 24 hours.,,,0,neutral,3,0,web,APAC
TCKT_083729,2023-04-07 17:57:04,CUST_08241,education,phone_transcript,login_auth,bug,medium,in_progress,standard,I am seeing an error message when I click on login auth.,Thanks for reporting this bug. Our team is reviewing this and will follow up within 24 hours.,,,0,positive,0,0,android,MEA
TCKT_083778,2023-04-29 22:45:38,CUST_07549,non_profit,in_app,billing,feature_request,medium,resolved,platinum,Our team needs more advanced options for billing.,Thanks for your feature suggestion. Our team is reviewing this and will follow up within 24 hours.,Captured the request and added it to the product backlog.,6.05,0,positive,4,0,web,MEA
TCKT_083782,2023-04-03 06:26:24,CUST_09036,non_profit,phone_transcript,notifications,account_access,urgent,resolved,platinum,I cannot log in; the system says my password is incorrect.,Sorry to hear you're having trouble accessing your account. This has been escalated to our on-call team for immediate attention.,Reset account credentials and confirmed successful login.,0.32,0,negative,3,0,desktop_app,
TCKT_083835,2023-04-21 17:09:03,CUST_01425,education,web_form,data_export,how_to,medium,in_progress,standard,How can I export my data from the data export section?,Happy to help with your question. Our team is reviewing this and will follow up within 24 hours.,,,0,neutral,3,0,web,MEA
TCKT_083969,2023-04-13 09:39:33,CUST_01722,small_business,chat,notifications,feature_request,high,resolved,standard,It would be great to have notifications support in your product.,Thanks for your feature suggestion. We are prioritizing this and will update you as soon as possible.,Captured the request and added it to the product backlog.,14.65,1,negative,3,0,web,MEA
TCKT_084013,2023-04-08 21:34:05,CUST_02433,enterprise,chat,notifications,security_concern,low,resolved,standard,We need details about your data encryption and compliance.,We take security very seriously. We will look into this and get back to you within the next 48 hours.,"Investigated logs, mitigated the issue, and updated security settings.",46.96,1,very_negative,2,0,android,MEA
TCKT_084038,2023-04-16 20:58:37,CUST_05425,individual,in_app,analytics_dashboard,billing_problem,high,in_progress,standard,My invoice amount is incorrect compared to the plan I selected.,Thanks for reaching out about the billing issue. We are prioritizing this and will update you as soon as possible.,,,0,negative,3,0,api_client,
TCKT_084108,2023-04-08 00:08:56,CUST_01338,enterprise,chat,analytics_dashboard,other,urgent,in_progress,standard,I need help but I'm not sure which category this fits in.,Thanks for contacting support. This has been escalated to our on-call team for immediate attention.,,,0,neutral,4,0,android,APAC
TCKT_084127,2023-04-28 14:35:38,CUST_01465,individual,phone_transcript,api_integration,how_to,low,open,standard,How can I export my data from the api integration section?,Happy to help with your question. We will look into this and get back to you within the next 48 hours.,,,0,neutral,0,0,android,MEA
TCKT_084129,2023-04-09 03:11:54,CUST_02638,education,web_form,api_integration,account_access,high,open,standard,My 2FA code is not working when I try to sign in.,Sorry to hear you're having trouble accessing your account. We are prioritizing this and will update you as soon as possible.,,,0,neutral,0,0,api_client,APAC
TCKT_084157,2023-04-15 18:04:34,CUST_09145,non_profit,chat,api_integration,how_to,high,closed_no_action,standard,I need help setting up api integration for my team.,Happy to help with your question. We are prioritizing this and will update you as soon as possible.,Ticket closed without further action after no response from the customer.,191.83,0,neutral,0,0,android,
TCKT_084201,2023-04-08 18:27:11,CUST_04062,small_business,email,billing,security_concern,medium,resolved,platinum,There seems to be a vulnerability in the billing functionality.,We take security very seriously. Our team is reviewing this and will follow up within 24 hours.,"Investigated logs, mitigated the issue, and updated security settings.",28.16,0,neutral,4,0,android,APAC
TCKT_084289,2023-04-07 19:27:40,CUST_01981,small_business,in_app,login_auth,billing_problem,low,in_progress,standard,My invoice amount is incorrect compared to the plan I selected.,Thanks for reaching out about the billing issue. We will look into this and get back to you within the next 48 hours.,,,0,very_positive,5,0,android,LATAM
TCKT_084292,2023-04-02 13:38:54,CUST_08446,education,chat,api_integration,security_concern,low,on_hold,standard,We need details about your data encryption and compliance.,We take security very seriously. We will look into this and get back to you within the next 48 hours.,,,0,negative,0,0,api_client,APAC
TCKT_084346,2023-04-29 20:39:29,CUST_03825,enterprise,phone_transcript,analytics_dashboard,bug,medium,resolved,gold,I am seeing an error message when I click on analytics dashboard.,Thanks for reporting this bug. Our team is reviewing this and will follow up within 24 hours.,Patched the bug and deployed a fix to production.,30.01,0,neutral,4,1,api_client,APAC
TCKT_084417,2023-04-11 09:56:15,CUST_00386,non_profit,email,data_export,performance,low,resolved,platinum,The data export page is very slow and takes a long time to load.,We understand performance issues can be frustrating. We will look into this and get back to you within the next 48 hours.,Optimized queries and increased resource allocation.,30.67,0,very_negative,2,0,desktop_app,
TCKT_084482,2023-04-11 22:21:29,CUST_07174,small_business,phone_transcript,data_export,account_access,low,on_hold,gold,My 2FA code is not working when I try to sign in.,Sorry to hear you're having trouble accessing your account. We will look into this and get back to you within the next 48 hours.,,,0,very_negative,1,1,desktop_app,MEA
TCKT_084562,2023-04-25 01:48:51,CUST_02799,non_profit,in_app,notifications,security_concern,medium,resolved,platinum,I noticed a suspicious login on my account.,We take security very seriously. Our team is reviewing this and will follow up within 24 hours.,"Investigated logs, mitigated the issue, and updated security settings.",41.75,1,neutral,4,0,android,APAC
TCKT_084623,2023-04-13 13:19:54,CUST_03408,non_profit,chat,api_integration,performance,high,resolved,gold,Queries in the api integration module are timing out.,We understand performance issues can be frustrating. We are prioritizing this and will update you as soon as possible.,Optimized queries and increased resource allocation.,17.88,0,positive,5,1,ios,
TCKT_084852,2023-04-10 21:28:03,CUST_01198,enterprise,chat,analytics_dashboard,bug,medium,resolved,gold,The analytics dashboard feature is not saving my changes.,Thanks for reporting this bug. Our team is reviewing this and will follow up within 24 hours.,Patched the bug and deployed a fix to production.,41.52,0,neutral,0,0,desktop_app,MEA
TCKT_084888,2023-04-16 08:47:56,CUST_05826,individual,web_form,analytics_dashboard,account_access,low,on_hold,gold,My 2FA code is not working when I try to sign in.,Sorry to hear you're having trouble accessing your account. We will look into this and get back to you within the next 48 hours.,,,0,neutral,3,1,web,
TCKT_084942,2023-04-26 17:31:36,CUST_01894,education,email,login_auth,feature_request,high,in_progress,standard,It would be great to have login auth support in your product.,Thanks for your feature suggestion. We are prioritizing this and will update you as soon as possible.,,,0,neutral,0,0,android,EU
TCKT_085010,2023-04-18 01:45:27,CUST_00490,education,phone_transcript,analytics_dashboard,account_access,low,closed_no_action,standard,I cannot log in; the system says my password is incorrect.,Sorry to hear you're having trouble accessing your account. We will look into this and get back to you within the next 48 hours.,Ticket closed without further action after no response from the customer.,197.89,0,neutral,3,0,api_client,
TCKT_085014,2023-04-27 12:03:09,CUST_04211,small_business,in_app,login_auth,performance,high,in_progress,gold,The login auth page is very slow and takes a long time to load.,We understand performance issues can be frustrating. We are prioritizing this and will update you as soon as possible.,,,0,neutral,4,0,ios,LATAM
TCKT_085042,2023-04-16 01:18:07,CUST_03822,enterprise,web_form,api_integration,account_access,low,resolved,platinum,My account was locked after multiple failed login attempts.,Sorry to hear you're having trouble accessing your account. We will look into this and get back to you within the next 48 hours.,Reset account credentials and confirmed successful login.,15.85,0,neutral,4,0,ios,MEA
TCKT_085052,2023-04-13 19:23:31,CUST_04040,enterprise,in_app,billing,security_concern,low,resolved,standard,We need details about your data encryption and compliance.,We take security very seriously. We will look into this and get back to you within the next 48 hours.,"Investigated logs, mitigated the issue, and updated security settings.",30.57,0,positive,0,0,api_client,MEA
TCKT_085060,2023-04-14 23:17:07,CUST_01935,education,phone_transcript,login_auth,other,medium,in_progress,gold,I have a general question about my account.,Thanks for contacting support. Our team is reviewing this and will follow up within 24 hours.,,,0,neutral,3,1,ios,
TCKT_085148,2023-04-05 20:25:12,CUST_08034,enterprise,phone_transcript,data_export,other,low,resolved,standard,I have a general question about my account.,Thanks for contacting support. We will look into this and get back to you within the next 48 hours.,Provided general guidance and confirmed the issue was resolved.,42.95,0,very_negative,0,0,android,
TCKT_085153,2023-04-15 18:49:03,CUST_01040,enterprise,phone_transcript,mobile_app,billing_problem,medium,resolved,platinum,I was charged twice for my subscription this month.,Thanks for reaching out about the billing issue. Our team is reviewing this and will follow up within 24 hours.,Adjusted the invoice and issued a refund where applicable.,39.3,0,negative,0,0,android,MEA
TCKT_085314,2023-04-04 19:24:26,CUST_01115,enterprise,chat,mobile_app,account_access,low,open,platinum,My 2FA code is not working when I try to sign in.,Sorry to hear you're having trouble accessing your account. We will look into this and get back to you within the next 48 hours.,,,0,positive,4,1,api_client,MEA
TCKT_085321,2023-04-24 17:05:48,CUST_05698,non_profit,web_form,api_integration,how_to,low,in_progress,platinum,Can you explain how to configure api integration properly?,Happy to help with your question. We will look into this and get back to you within the next 48 hours.,,,0,neutral,0,0,ios,EU
TCKT_085326,2023-04-17 07:11:45,CUST_07192,education,web_form,login_auth,account_access,high,in_progress,standard,My 2FA code is not working when I try to sign in.,Sorry to hear you're having trouble accessing your account. We are prioritizing this and will update you as soon as possible.,,,0,very_positive,5,0,api_client,MEA
TCKT_085329,2023-04-12 08:44:07,CUST_06629,enterprise,in_app,api_integration,billing_problem,low,resolved,gold,My invoice amount is incorrect compared to the plan I selected.,Thanks for reaching out about the billing issue. We will look into this and get back to you within the next 48 hours.,Adjusted the invoice and issued a refund where applicable.,58.01,0,negative,2,0,ios,EU
TCKT_085334,2023-04-05 03:57:23,CUST_07015,enterprise,web_form,api_integration,other,urgent,resolved,standard,I have a general question about my account.,Thanks for contacting support. This has been escalated to our on-call team for immediate attention.,Provided general guidance and confirmed the issue was resolved.,1.99,0,neutral,0,0,desktop_app,APAC
TCKT_085395,2023-04-19 16:33:19,CUST_07450,small_business,phone_transcript,data_export,account_access,medium,in_progress,gold,I cannot log in; the system says my password is incorrect.,Sorry to hear you're having trouble accessing your account. Our team is reviewing this and will follow up within 24 hours.,,,0,negative,2,1,android,LATAM
TCKT_085472,2023-04-08 19:18:30,CUST_08493,small_business,web_form,mobile_app,feature_request,medium,resolved,platinum,It would be great to have mobile app support in your product.,Thanks for your feature suggestion. Our team is reviewing this and will follow up within 24 hours.,Captured the request and added it to the product backlog.,45.1,0,negative,2,0,desktop_app,LATAM
TCKT_085521,2023-04-10 03:47:45,CUST_01759,small_business,chat,api_integration,feature_request,high,closed_no_action,gold,Our team needs more advanced options for api integration.,Thanks for your feature suggestion. We are prioritizing this and will update you as soon as possible.,Ticket closed without further action after no response from the customer.,36.39,0,negative,2,0,api_client,
TCKT_085553,2023-04-18 15:52:53,CUST_01798,non_profit,in_app,data_export,billing_problem,low,resolved,gold,I downgraded my plan but I am still being billed for the higher tier.,Thanks for reaching out about the billing issue. We will look into this and get back to you within the next 48 hours.,Adjusted the invoice and issued a refund where applicable.,10.22,0,very_negative,1,0,api_client,LATAM
TCKT_085590,2023-04-17 17:07:25,CUST_05560,small_business,in_app,billing,feature_request,high,resolved,standard,Can you add an option to customize billing?,Thanks for your feature suggestion. We are prioritizing this and will update you as soon as possible.,Captured the request and added it to the product backlog.,15.0,0,positive,4,1,android,EU
TCKT_085625,2023-04-17 08:38:59,CUST_07203,enterprise,in_app,data_export,billing_problem,low,resolved,standard,I was charged twice for my subscription this month.,Thanks for reaching out about the billing issue. We will look into this and get back to you within the next 48 hours.,Adjusted the invoice and issued a refund where applicable.,21.53,0,positive,5,1,api_client,EU
TCKT_085636,2023-04-06 02:44:27,CUST_04067,individual,chat,mobile_app,feature_request,medium,resolved,standard,It would be great to have mobile app support in your product.,Thanks for your feature suggestion. Our team is reviewing this and will follow up within 24 hours.,Captured the request and added it to the product backlog.,11.24,0,neutral,3,0,api_client,EU
TCKT_085644,2023-04-05 01:56:55,CUST_03749,enterprise,email,notifications,feature_request,medium,closed_no_action,gold,Our team needs more advanced options for notifications.,Thanks for your feature suggestion. Our team is reviewing this and will follow up within 24 hours.,Ticket closed without further action after no response from the customer.,193.53,0,positive,0,0,android,EU
TCKT_085829,2023-04-22 03:28:48,CUST_08300,individual,phone_transcript,mobile_app,how_to,medium,open,standard,How can I export my data from the mobile app section?,Happy to help with your question. Our team is reviewing this and will follow up within 24 hours.,,,0,neutral,0,0,api_client,EU
TCKT_085853,2023-04-13 18:38:21,CUST_05606,enterprise,email,api_integration,account_access,medium,resolved,standard,My 2FA code is not working when I try to sign in.,Sorry to hear you're having trouble accessing your account. Our team is reviewing this and will follow up within 24 hours.,Reset account credentials and confirmed successful login.,31.12,0,negative,0,1,android,
TCKT_085927,2023-04-20 15:13:45,CUST_02483,education,web_form,billing,other,medium,resolved,standard,I have a general question about my account.,Thanks for contacting support. Our team is reviewing this and will follow up within 24 hours.,Provided general guidance and confirmed the issue was resolved.,5.47,0,negative,0,1,ios,
TCKT_085945,2023-04-06 03:33:04,CUST_09917,enterprise,chat,billing,how_to,high,on_hold,gold,Can you explain how to configure billing properly?,Happy to help with your question. We are prioritizing this and will update you as soon as possible.,,,0,neutral,0,1,desktop_app,MEA
TCKT_086007,2023-04-04 21:22:53,CUST_05051,small_business,email,analytics_dashboard,other,low,open,gold,"Something seems off, can you please check my workspace?",Thanks for contacting support. We will look into this and get back to you within the next 48 hours.,,,0,very_positive,5,0,api_client,APAC
TCKT_086023,2023-04-15 14:58:16,CUST_03560,enterprise,web_form,notifications,bug,low,open,standard,The page keeps crashing whenever I try to open the notifications section.,Thanks for reporting this bug. We will look into this and get back to you within the next 48 hours.,,,0,neutral,4,0,android,LATAM
TCKT_086024,2023-04-12 04:26:13,CUST_00167,education,chat,mobile_app,performance,low,in_progress,gold,Overall performance has degraded in the last few days.,We understand performance issues can be frustrating. We will look into this and get back to you within the next 48 hours.,,,0,negative,0,0,desktop_app,MEA
TCKT_086042,2023-04-24 09:42:51,CUST_03390,small_business,in_app,analytics_dashboard,bug,high,on_hold,standard,The page keeps crashing whenever I try to open the analytics dashboard section.,Thanks for reporting this bug. We are prioritizing this and will update you as soon as possible.,,,0,neutral,0,0,ios,LATAM
TCKT_086093,2023-04-09 22:41:45,CUST_05260,individual,email,api_integration,other,high,resolved,standard,I need help but I'm not sure which category this fits in.,Thanks for contacting support. We are prioritizing this and will update you as soon as possible.,Provided general guidance and confirmed the issue was resolved.,7.24,0,neutral,3,0,api_client,LATAM
TCKT_086115,2023-04-23 13:55:43,CUST_00234,small_business,email,notifications,security_concern,low,in_progress,gold,There seems to be a vulnerability in the notifications functionality.,We take security very seriously. We will look into this and get back to you within the next 48 hours.,,,0,neutral,3,0,api_client,APAC
TCKT_086133,2023-04-23 05:30:59,CUST_00278,individual,chat,notifications,bug,high,in_progress,standard,I am seeing an error message when I click on notifications.,Thanks for reporting this bug. We are prioritizing this and will update you as soon as possible.,,,0,neutral,3,1,android,EU
TCKT_086158,2023-04-03 00:51:46,CUST_09229,non_profit,web_form,notifications,bug,medium,in_progress,gold,The notifications feature is not saving my changes.,Thanks for reporting this bug. Our team is reviewing this and will follow up within 24 hours.,,,0,negative,3,0,desktop_app,
TCKT_086171,2023-04-05 19:51:13,CUST_07681,non_profit,in_app,billing,account_access,high,resolved,standard,I cannot log in; the system says my password is incorrect.,Sorry to hear you're having trouble accessing your account. We are prioritizing this and will update you as soon as possible.,Reset account credentials and confirmed successful login.,12.37,0,negative,2,1,api_client,MEA
TCKT_086180,2023-04-13 10:58:39,CUST_05365,education,phone_transcript,notifications,performance,low,on_hold,standard,Overall performance has degraded in the last few days.,We understand performance issues can be frustrating. We will look into this and get back to you within the next 48 hours.,,,0,positive,4,0,ios,EU
TCKT_086291,2023-04-21 04:55:22,CUST_08532,education,email,billing,account_access,low,open,standard,My account was locked after multiple failed login attempts.,Sorry to hear you're having trouble accessing your account. We will look into this and get back to you within the next 48 hours.,,,0,negative,0,0,desktop_app,MEA
TCKT_086517,2023-04-18 22:35:13,CUST_02460,enterprise,web_form,notifications,account_access,medium,resolved,platinum,My 2FA code is not working when I try to sign in.,Sorry to hear you're having trouble accessing your account. Our team is reviewing this and will follow up within 24 hours.,Reset account credentials and confirmed successful login.,5.42,0,negative,0,0,web,APAC
TCKT_086531,2023-04-08 10:41:33,CUST_06281,enterprise,in_app,api_integration,how_to,low,closed_no_action,gold,How can I export my data from the api integration section?,Happy to help with your question. We will look into this and get back to you within the next 48 hours.,Ticket closed without further action after no response from the customer.,138.46,0,positive,0,1,android,LATAM
TCKT_086561,2023-04-27 21:04:22,CUST_02045,non_profit,phone_transcript,login_auth,bug,medium,resolved,standard,The page keeps crashing whenever I try to open the login auth section.,Thanks for reporting this bug. Our team is reviewing this and will follow up within 24 hours.,Patched the bug and deployed a fix to production.,25.45,0,neutral,4,0,android,MEA
TCKT_086779,2023-04-02 17:20:01,CUST_01270,education,email,data_export,other,medium,resolved,standard,I have a general question about my account.,Thanks for contacting support. Our team is reviewing this and will follow up within 24 hours.,Provided general guidance and confirmed the issue was resolved.,12.68,0,neutral,3,0,api_client,EU
TCKT_086830,2023-04-19 00:16:32,CUST_00067,education,chat,notifications,account_access,medium,in_progress,standard,My account was locked after multiple failed login attempts.,Sorry to hear you're having trouble accessing your account. Our team is reviewing this and will follow up within 24 hours.,,,0,positive,5,0,desktop_app,LATAM
TCKT_087106,2023-04-08 07:17:45,CUST_05867,small_business,in_app,analytics_dashboard,performance,high,closed_no_action,standard,Overall performance has degraded in the last few days.,We understand performance issues can be frustrating. We are prioritizing this and will update you as soon as possible.,Ticket closed without further action after no response from the customer.,93.83,0,neutral,4,0,ios,MEA
TCKT_087112,2023-04-14 09:58:44,CUST_07187,non_profit,in_app,data_export,bug,low,resolved,gold,The page keeps crashing whenever I try to open the data export section.,Thanks for reporting this bug. We will look into this and get back to you within the next 48 hours.,Patched the bug and deployed a fix to production.,71.73,0,very_negative,2,0,web,APAC
TCKT_087140,2023-04-23 23:56:03,CUST_09619,enterprise,in_app,billing,security_concern,high,resolved,standard,We need details about your data encryption and compliance.,We take security very seriously. We are prioritizing this and will update you as soon as possible.,"Investigated logs, mitigated the issue, and updated security settings.",21.16,0,negative,2,1,web,EU
TCKT_087147,2023-04-15 13:17:56,CUST_02501,small_business,web_form,billing,security_concern,low,resolved,standard,I noticed a suspicious login on my account.,We take security very seriously. We will look into this and get back to you within the next 48 hours.,"Investigated logs, mitigated the issue, and updated security settings.",59.28,0,negative,3,0,android,MEA
TCKT_087158,2023-04-27 00:22:32,CUST_08632,education,in_app,data_export,other,medium,resolved,standard,I need help but I'm not sure which category this fits in.,Thanks for contacting support. Our team is reviewing this and will follow up within 24 hours.,Provided general guidance and confirmed the issue was resolved.,39.28,0,very_negative,2,0,desktop_app,LATAM
TCKT_087212,2023-04-25 14:11:36,CUST_05330,education,in_app,login_auth,performance,medium,resolved,gold,Queries in the login auth module are timing out.,We understand performance issues can be frustrating. Our team is reviewing this and will follow up within 24 hours.,Optimized queries and increased resource allocation.,34.89,0,neutral,0,0,api_client,EU
TCKT_087307,2023-04-06 04:55:21,CUST_09971,enterprise,in_app,notifications,bug,medium,resolved,platinum,The notifications feature is not saving my changes.,Thanks for reporting this bug. Our team is reviewing this and will follow up within 24 hours.,Patched the bug and deployed a fix to production.,35.94,0,positive,5,0,ios,MEA
TCKT_087435,2023-04-05 21:14:31,CUST_02310,non_profit,web_form,analytics_dashboard,performance,low,open,standard,Queries in the analytics dashboard module are timing out.,We understand performance issues can be frustrating. We will look into this and get back to you within the next 48 hours.,,,0,very_negative,0,1,ios,LATAM
TCKT_087470,2023-04-21 10:12:10,CUST_08557,enterprise,web_form,notifications,account_access,high,on_hold,standard,My 2FA code is not working when I try to sign in.,Sorry to hear you're having trouble accessing your account. We are prioritizing this and will update you as soon as possible.,,,0,neutral,4,0,api_client,MEA
TCKT_087532,2023-04-01 06:25:36,CUST_05839,non_profit,web_form,data_export,account_access,low,resolved,gold,My 2FA code is not working when I try to sign in.,Sorry to hear you're having trouble accessing your account. We will look into this and get back to you within the next 48 hours.,Reset account credentials and confirmed successful login.,55.75,0,negative,0,1,api_client,APAC
TCKT_087628,2023-04-28 03:39:35,CUST_04326,individual,email,analytics_dashboard,other,high,resolved,gold,I have a general question about my account.,Thanks for contacting support. We are prioritizing this and will update you as soon as possible.,Provided general guidance and confirmed the issue was resolved.,17.92,0,negative,0,1,desktop_app,
TCKT_087691,2023-04-28 16:10:16,CUST_08752,education,email,data_export,feature_request,high,resolved,gold,It would be great to have data export support in your product.,Thanks for your feature suggestion. We are prioritizing this and will update you as soon as possible.,Captured the request and added it to the product backlog.,13.52,0,very_negative,2,0,web,EU
TCKT_087784,2023-04-12 17:46:57,CUST_06413,non_profit,web_form,analytics_dashboard,bug,high,resolved,gold,I am seeing an error message when I click on analytics dashboard.,Thanks for reporting this bug. We are prioritizing this and will update you as soon as possible.,Patched the bug and deployed a fix to production.,3.63,0,negative,0,0,android,LATAM
TCKT_087840,2023-04-07 02:55:15,CUST_08071,non_profit,phone_transcript,mobile_app,how_to,medium,in_progress,gold,Can you explain how to configure mobile app properly?,Happy to help with your question. Our team is reviewing this and will follow up within 24 hours.,,,1,very_positive,5,0,ios,MEA
TCKT_087913,2023-04-24 05:03:53,CUST_09292,non_profit,phone_transcript,mobile_app,account_access,medium,resolved,gold,My 2FA code is not working when I try to sign in.,Sorry to hear you're having trouble accessing your account. Our team is reviewing this and will follow up within 24 hours.,Reset account credentials and confirmed successful login.,13.2,0,negative,3,1,android,EU
TCKT_087914,2023-04-27 11:09:32,CUST_02629,non_profit,phone_transcript,login_auth,billing_problem,urgent,resolved,gold,My invoice amount is incorrect compared to the plan I selected.,Thanks for reaching out about the billing issue. This has been escalated to our on-call team for immediate attention.,Adjusted the invoice and issued a refund where applicable.,1.18,0,positive,0,0,android,LATAM
TCKT_087943,2023-04-03 05:14:04,CUST_07597,non_profit,phone_transcript,data_export,how_to,low,resolved,standard,How can I export my data from the data export section?,Happy to help with your question. We will look into this and get back to you within the next 48 hours.,Provided step-by-step instructions and relevant documentation.,54.09,0,neutral,0,1,desktop_app,EU
TCKT_087955,2023-04-16 15:54:28,CUST_09557,enterprise,chat,billing,feature_request,low,resolved,standard,Can you add an option to customize billing?,Thanks for your feature suggestion. We will look into this and get back to you within the next 48 hours.,Captured the request and added it to the product backlog.,10.43,0,neutral,4,0,web,APAC
TCKT_087992,2023-04-01 12:44:43,CUST_07585,non_profit,chat,mobile_app,other,low,in_progress,standard,I need help but I'm not sure which category this fits in.,Thanks for contacting support. We will look into this and get back to you within the next 48 hours.,,,0,negative,3,0,desktop_app,APAC
TCKT_088143,2023-04-20 00:01:47,CUST_05807,individual,email,data_export,account_access,high,in_progress,standard,I cannot log in; the system says my password is incorrect.,Sorry to hear you're having trouble accessing your account. We are prioritizing this and will update you as soon as possible.,,,0,negative,3,0,api_client,
TCKT_088153,2023-04-16 00:27:10,CUST_05972,individual,email,billing,bug,urgent,resolved,gold,I am seeing an error message when I click on billing.,Thanks for reporting this bug. This has been escalated to our on-call team for immediate attention.,Patched the bug and deployed a fix to production.,6.21,0,negative,2,1,android,LATAM
TCKT_088179,2023-04-21 07:00:27,CUST_06031,individual,chat,notifications,feature_request,low,resolved,standard,Our team needs more advanced options for notifications.,Thanks for your feature suggestion. We will look into this and get back to you within the next 48 hours.,Captured the request and added it to the product backlog.,23.4,0,neutral,0,0,web,LATAM
TCKT_088232,2023-04-29 08:14:01,CUST_01424,small_business,web_form,api_integration,bug,medium,resolved,standard,The page keeps crashing whenever I try to open the api integration section.,Thanks for reporting this bug. Our team is reviewing this and will follow up within 24 hours.,Patched the bug and deployed a fix to production.,42.22,0,very_negative,2,1,android,MEA
TCKT_088466,2023-04-13 16:44:14,CUST_09449,individual,email,mobile_app,billing_problem,high,resolved,standard,I downgraded my plan but I am still being billed for the higher tier.,Thanks for reaching out about the billing issue. We are prioritizing this and will update you as soon as possible.,Adjusted the invoice and issued a refund where applicable.,2.57,0,negative,3,0,ios,APAC
TCKT_088472,2023-04-29 03:19:18,CUST_01184,non_profit,phone_transcript,billing,security_concern,low,resolved,platinum,I noticed a suspicious login on my account.,We take security very seriously. We will look into this and get back to you within the next 48 hours.,"Investigated logs, mitigated the issue, and updated security settings.",49.81,0,negative,2,1,desktop_app,APAC
TCKT_088499,2023-04-26 05:05:32,CUST_05297,small_business,in_app,mobile_app,feature_request,medium,closed_no_action,standard,It would be great to have mobile app support in your product.,Thanks for your feature suggestion. Our team is reviewing this and will follow up within 24 hours.,Ticket closed without further action after no response from the customer.,89.38,0,negative,2,0,ios,APAC
TCKT_088554,2023-04-26 21:19:36,CUST_08591,education,phone_transcript,mobile_app,security_concern,medium,in_progress,gold,We need details about your data encryption and compliance.,We take security very seriously. Our team is reviewing this and will follow up within 24 hours.,,,0,neutral,0,0,desktop_app,
TCKT_088560,2023-04-29 13:52:05,CUST_09753,individual,phone_transcript,mobile_app,how_to,medium,in_progress,gold,Can you explain how to configure mobile app properly?,Happy to help with your question. Our team is reviewing this and will follow up within 24 hours.,,,0,neutral,0,0,web,
TCKT_088622,2023-04-28 00:33:58,CUST_02805,small_business,phone_transcript,analytics_dashboard,performance,urgent,resolved,standard,The analytics dashboard page is very slow and takes a long time to load.,We understand performance issues can be frustrating. This has been escalated to our on-call team for immediate attention.,Optimized queries and increased resource allocation.,1.45,0,very_negative,2,0,ios,EU
TCKT_088739,2023-04-20 05:04:21,CUST_01880,enterprise,web_form,notifications,account_access,medium,closed_no_action,standard,My 2FA code is not working when I try to sign in.,Sorry to hear you're having trouble accessing your account. Our team is reviewing this and will follow up within 24 hours.,Ticket closed without further action after no response from the customer.,52.9,0,neutral,4,0,web,
TCKT_088740,2023-04-06 16:53:28,CUST_02357,small_business,web_form,login_auth,account_access,low,open,gold,My account was locked after multiple failed login attempts.,Sorry to hear you're having trouble accessing your account. We will look into this and get back to you within the next 48 hours.,,,0,neutral,4,0,web,EU
TCKT_088774,2023-04-28 05:13:34,CUST_08641,enterprise,in_app,api_integration,how_to,urgent,resolved,gold,How can I export my data from the api integration section?,Happy to help with your question. This has been escalated to our on-call team for immediate attention.,Provided step-by-step instructions and relevant documentation.,2.19,0,neutral,4,0,desktop_app,MEA
TCKT_088985,2023-04-21 01:25:27,CUST_06945,non_profit,chat,billing,bug,low,resolved,gold,The page keeps crashing whenever I try to open the billing section.,Thanks for reporting this bug. We will look into this and get back to you within the next 48 hours.,Patched the bug and deployed a fix to production.,17.69,0,negative,3,0,android,
TCKT_088989,2023-04-02 03:31:49,CUST_07995,individual,email,billing,other,low,resolved,standard,I need help but I'm not sure which category this fits in.,Thanks for contacting support. We will look into this and get back to you within the next 48 hours.,Provided general guidance and confirmed the issue was resolved.,45.36,0,neutral,0,0,ios,LATAM
TCKT_089018,2023-04-10 09:13:28,CUST_04284,education,web_form,mobile_app,other,medium,resolved,gold,I have a general question about my account.,Thanks for contacting support. Our team is reviewing this and will follow up within 24 hours.,Provided general guidance and confirmed the issue was resolved.,34.8,0,positive,0,0,desktop_app,MEA
TCKT_089032,2023-04-23 05:53:23,CUST_01620,enterprise,in_app,analytics_dashboard,performance,low,in_progress,standard,Queries in the analytics dashboard module are timing out.,We understand performance issues can be frustrating. We will look into this and get back to you within the next 48 hours.,,,0,neutral,4,0,android,EU
TCKT_089037,2023-04-06 02:12:30,CUST_01251,individual,web_form,billing,billing_problem,high,on_hold,standard,My invoice amount is incorrect compared to the plan I selected.,Thanks for reaching out about the billing issue. We are prioritizing this and will update you as soon as possible.,,,0,neutral,3,1,web,MEA
TCKT_089065,2023-04-13 02:27:27,CUST_09415,individual,phone_transcript,billing,how_to,high,open,standard,I need help setting up billing for my team.,Happy to help with your question. We are prioritizing this and will update you as soon as possible.,,,1,positive,4,0,ios,EU
TCKT_089074,2023-04-29 22:35:56,CUST_01212,non_profit,in_app,analytics_dashboard,performance,low,resolved,gold,The analytics dashboard page is very slow and takes a long time to load.,We understand performance issues can be frustrating. We will look into this and get back to you within the next 48 hours.,Optimized queries and increased resource allocation.,12.16,0,neutral,4,1,desktop_app,APAC
TCKT_089176,2023-04-30 15:04:53,CUST_04853,individual,chat,api_integration,how_to,medium,resolved,standard,I need help setting up api integration for my team.,Happy to help with your question. Our team is reviewing this and will follow up within 24 hours.,Provided step-by-step instructions and relevant documentation.,20.61,0,neutral,3,1,api_client,MEA
TCKT_089233,2023-04-17 20:38:14,CUST_06852,individual,in_app,mobile_app,security_concern,high,resolved,standard,There seems to be a vulnerability in the mobile app functionality.,We take security very seriously. We are prioritizing this and will update you as soon as possible.,"Investigated logs, mitigated the issue, and updated security settings.",10.33,0,neutral,3,0,android,EU
TCKT_089258,2023-04-29 21:49:37,CUST_04777,enterprise,email,api_integration,performance,low,resolved,standard,The api integration page is very slow and takes a long time to load.,We understand performance issues can be frustrating. We will look into this and get back to you within the next 48 hours.,Optimized queries and increased resource allocation.,28.64,0,neutral,3,0,api_client,LATAM
TCKT_089263,2023-04-27 21:07:17,CUST_01467,enterprise,phone_transcript,api_integration,bug,medium,resolved,gold,I am seeing an error message when I click on api integration.,Thanks for reporting this bug. Our team is reviewing this and will follow up within 24 hours.,Patched the bug and deployed a fix to production.,43.04,1,very_negative,0,0,web,LATAM
TCKT_089269,2023-04-13 06:04:15,CUST_05635,small_business,chat,data_export,other,high,resolved,standard,"Something seems off, can you please check my workspace?",Thanks for contacting support. We are prioritizing this and will update you as soon as possible.,Provided general guidance and confirmed the issue was resolved.,16.65,0,neutral,0,0,ios,LATAM
TCKT_089288,2023-04-05 06:22:17,CUST_03787,non_profit,email,api_integration,feature_request,low,resolved,standard,Our team needs more advanced options for api integration.,Thanks for your feature suggestion. We will look into this and get back to you within the next 48 hours.,Captured the request and added it to the product backlog.,30.07,0,positive,5,0,api_client,APAC
TCKT_089364,2023-04-14 06:42:37,CUST_04191,individual,email,login_auth,feature_request,low,closed_no_action,gold,Can you add an option to customize login auth?,Thanks for your feature suggestion. We will look into this and get back to you within the next 48 hours.,Ticket closed without further action after no response from the customer.,160.43,0,neutral,3,1,android,APAC
TCKT_089389,2023-04-02 00:53:01,CUST_02775,small_business,in_app,mobile_app,security_concern,low,in_progress,standard,We need details about your data encryption and compliance.,We take security very seriously. We will look into this and get back to you within the next 48 hours.,,,0,very_negative,1,0,ios,
TCKT_089396,2023-04-13 22:26:16,CUST_08041,enterprise,chat,login_auth,other,low,resolved,gold,I have a general question about my account.,Thanks for contacting support. We will look into this and get back to you within the next 48 hours.,Provided general guidance and confirmed the issue was resolved.,18.83,0,neutral,0,1,desktop_app,
TCKT_089456,2023-04-27 00:31:29,CUST_01435,enterprise,phone_transcript,analytics_dashboard,other,high,closed_no_action,standard,"Something seems off, can you please check my workspace?",Thanks for contacting support. We are prioritizing this and will update you as soon as possible.,Ticket closed without further action after no response from the customer.,46.62,0,very_negative,0,0,desktop_app,
TCKT_089472,2023-04-04 05:01:26,CUST_05569,individual,phone_transcript,data_export,billing_problem,high,resolved,gold,I was charged twice for my subscription this month.,Thanks for reaching out about the billing issue. We are prioritizing this and will update you as soon as possible.,Adjusted the invoice and issued a refund where applicable.,9.51,0,very_positive,5,1,android,LATAM
TCKT_089487,2023-04-23 04:48:51,CUST_06418,individual,web_form,mobile_app,feature_request,low,resolved,gold,Our team needs more advanced options for mobile app.,Thanks for your feature suggestion. We will look into this and get back to you within the next 48 hours.,Captured the request and added it to the product backlog.,67.21,0,very_positive,5,1,web,LATAM
TCKT_089489,2023-04-17 00:18:34,CUST_06744,enterprise,phone_transcript,data_export,account_access,urgent,open,gold,I cannot log in; the system says my password is incorrect.,Sorry to hear you're having trouble accessing your account. This has been escalated to our on-call team for immediate attention.,,,0,very_negative,0,0,ios,MEA
TCKT_089660,2023-04-13 03:16:44,CUST_03259,non_profit,phone_transcript,mobile_app,how_to,medium,resolved,gold,Can you explain how to configure mobile app properly?,Happy to help with your question. Our team is reviewing this and will follow up within 24 hours.,Provided step-by-step instructions and relevant documentation.,21.74,0,very_positive,5,0,ios,LATAM
TCKT_089783,2023-04-26 22:45:18,CUST_03685,enterprise,email,billing,feature_request,low,resolved,standard,Our team needs more advanced options for billing.,Thanks for your feature suggestion. We will look into this and get back to you within the next 48 hours.,Captured the request and added it to the product backlog.,55.35,0,neutral,3,0,ios,LATAM
TCKT_089857,2023-04-03 21:58:39,CUST_07464,enterprise,chat,login_auth,other,low,closed_no_action,standard,I have a general question about my account.,Thanks for contacting support. We will look into this and get back to you within the next 48 hours.,Ticket closed without further action after no response from the customer.,30.24,0,positive,0,0,desktop_app,APAC
TCKT_089871,2023-04-23 18:37:40,CUST_06493,enterprise,phone_transcript,notifications,security_concern,high,in_progress,platinum,We need details about your data encryption and compliance.,We take security very seriously. We are prioritizing this and will update you as soon as possible.,,,0,negative,3,0,desktop_app,MEA
TCKT_090019,2023-04-15 04:30:19,CUST_08235,non_profit,chat,mobile_app,performance,high,open,platinum,The mobile app page is very slow and takes a long time to load.,We understand performance issues can be frustrating. We are prioritizing this and will update you as soon as possible.,,,0,very_negative,2,0,web,
TCKT_090065,2023-04-27 12:54:59,CUST_05832,education,web_form,analytics_dashboard,bug,medium,resolved,standard,The page keeps crashing whenever I try to open the analytics dashboard section.,Thanks for reporting this bug. Our team is reviewing this and will follow up within 24 hours.,Patched the bug and deployed a fix to production.,18.27,0,neutral,0,0,ios,APAC
TCKT_090082,2023-04-18 14:02:13,CUST_00023,enterprise,email,api_integration,performance,medium,resolved,gold,The api integration page is very slow and takes a long time to load.,We understand performance issues can be frustrating. Our team is reviewing this and will follow up within 24 hours.,Optimized queries and increased resource allocation.,23.58,0,negative,2,0,web,MEA
TCKT_090276,2023-04-04 14:44:49,CUST_06713,individual,phone_transcript,analytics_dashboard,how_to,medium,resolved,platinum,I need help setting up analytics dashboard for my team.,Happy to help with your question. Our team is reviewing this and will follow up within 24 hours.,Provided step-by-step instructions and relevant documentation.,18.58,0,neutral,4,1,android,EU
TCKT_090289,2023-04-07 01:00:42,CUST_06948,non_profit,phone_transcript,api_integration,how_to,low,on_hold,standard,How can I export my data from the api integration section?,Happy to help with your question. We will look into this and get back to you within the next 48 hours.,,,0,neutral,4,1,api_client,APAC
TCKT_090327,2023-04-14 13:52:02,CUST_01822,education,in_app,data_export,how_to,low,resolved,platinum,Can you explain how to configure data export properly?,Happy to help with your question. We will look into this and get back to you within the next 48 hours.,Provided step-by-step instructions and relevant documentation.,55.45,0,neutral,4,1,api_client,APAC
TCKT_090346,2023-04-09 22:43:42,CUST_06986,individual,in_app,mobile_app,performance,low,open,standard,Overall performance has degraded in the last few days.,We understand performance issues can be frustrating. We will look into this and get back to you within the next 48 hours.,,,0,neutral,3,0,api_client,EU
TCKT_090388,2023-04-10 18:44:32,CUST_03477,enterprise,in_app,billing,billing_problem,low,resolved,standard,I was charged twice for my subscription this month.,Thanks for reaching out about the billing issue. We will look into this and get back to you within the next 48 hours.,Adjusted the invoice and issued a refund where applicable.,11.81,0,very_negative,2,1,desktop_app,LATAM
TCKT_090398,2023-04-29 23:32:40,CUST_01837,small_business,phone_transcript,api_integration,security_concern,medium,resolved,gold,I noticed a suspicious login on my account.,We take security very seriously. Our team is reviewing this and will follow up within 24 hours.,"Investigated logs, mitigated the issue, and updated security settings.",17.54,0,very_negative,1,0,api_client,MEA
TCKT_090470,2023-04-18 23:47:06,CUST_05743,non_profit,phone_transcript,data_export,feature_request,low,on_hold,platinum,Our team needs more advanced options for data export.,Thanks for your feature suggestion. We will look into this and get back to you within the next 48 hours.,,,0,positive,4,0,web,
TCKT_090584,2023-04-26 13:49:51,CUST_01548,education,email,notifications,account_access,medium,resolved,standard,My account was locked after multiple failed login attempts.,Sorry to hear you're having trouble accessing your account. Our team is reviewing this and will follow up within 24 hours.,Reset account credentials and confirmed successful login.,44.05,0,negative,0,0,web,EU
TCKT_090586,2023-04-03 05:08:53,CUST_02946,education,email,login_auth,billing_problem,high,resolved,standard,My invoice amount is incorrect compared to the plan I selected.,Thanks for reaching out about the billing issue. We are prioritizing this and will update you as soon as possible.,Adjusted the invoice and issued a refund where applicable.,23.02,0,very_negative,1,1,android,
TCKT_090645,2023-04-18 20:30:31,CUST_06758,individual,phone_transcript,mobile_app,billing_problem,medium,closed_no_action,gold,I downgraded my plan but I am still being billed for the higher tier.,Thanks for reaching out about the billing issue. Our team is reviewing this and will follow up within 24 hours.,Ticket closed without further action after no response from the customer.,42.33,0,neutral,4,0,web,LATAM
TCKT_090746,2023-04-14 11:51:19,CUST_04300,small_business,email,data_export,how_to,medium,resolved,standard,Can you explain how to configure data export properly?,Happy to help with your question. Our team is reviewing this and will follow up within 24 hours.,Provided step-by-step instructions and relevant documentation.,38.88,0,very_positive,0,0,android,MEA
TCKT_090758,2023-04-01 20:05:10,CUST_09058,education,phone_transcript,analytics_dashboard,account_access,low,open,standard,I cannot log in; the system says my password is incorrect.,Sorry to hear you're having trouble accessing your account. We will look into this and get back to you within the next 48 hours.,,,0,negative,0,0,web,LATAM
TCKT_090765,2023-04-06 01:57:06,CUST_08514,small_business,chat,analytics_dashboard,account_access,low,resolved,standard,My account was locked after multiple failed login attempts.,Sorry to hear you're having trouble accessing your account. We will look into this and get back to you within the next 48 hours.,Reset account credentials and confirmed successful login.,43.9,0,very_negative,0,1,desktop_app,EU
TCKT_090877,2023-04-25 09:32:23,CUST_03397,enterprise,phone_transcript,notifications,account_access,low,resolved,standard,My account was locked after multiple failed login attempts.,Sorry to hear you're having trouble accessing your account. We will look into this and get back to you within the next 48 hours.,Reset account credentials and confirmed successful login.,9.33,0,negative,2,0,desktop_app,LATAM
TCKT_090926,2023-04-03 19:03:45,CUST_03096,individual,chat,analytics_dashboard,bug,low,resolved,standard,The analytics dashboard feature is not saving my changes.,Thanks for reporting this bug. We will look into this and get back to you within the next 48 hours.,Patched the bug and deployed a fix to production.,68.37,0,positive,0,0,web,EU
TCKT_090937,2023-04-26 07:15:02,CUST_06373,enterprise,chat,billing,security_concern,high,on_hold,gold,There seems to be a vulnerability in the billing functionality.,We take security very seriously. We are prioritizing this and will update you as soon as possible.,,,0,very_negative,1,0,web,EU
TCKT_091080,2023-04-21 10:08:18,CUST_03666,education,phone_transcript,login_auth,account_access,low,resolved,standard,My account was locked after multiple failed login attempts.,Sorry to hear you're having trouble accessing your account. We will look into this and get back to you within the next 48 hours.,Reset account credentials and confirmed successful login.,57.54,0,very_positive,5,0,web,LATAM
TCKT_091145,2023-04-19 21:38:45,CUST_09980,small_business,phone_transcript,data_export,performance,medium,open,gold,The data export page is very slow and takes a long time to load.,We understand performance issues can be frustrating. Our team is reviewing this and will follow up within 24 hours.,,,0,negative,2,0,web,APAC
TCKT_091154,2023-04-18 11:33:23,CUST_04510,small_business,in_app,api_integration,account_access,high,resolved,standard,I cannot log in; the system says my password is incorrect.,Sorry to hear you're having trouble accessing your account. We are prioritizing this and will update you as soon as possible.,Reset account credentials and confirmed successful login.,6.55,0,neutral,0,0,ios,
TCKT_091163,2023-04-03 03:40:18,CUST_08798,non_profit,chat,notifications,account_access,medium,resolved,gold,My 2FA code is not working when I try to sign in.,Sorry to hear you're having trouble accessing your account. Our team is reviewing this and will follow up within 24 hours.,Reset account credentials and confirmed successful login.,28.71,0,very_negative,1,0,desktop_app,EU
TCKT_091200,2023-04-27 00:46:16,CUST_07581,small_business,email,notifications,billing_problem,low,in_progress,gold,I was charged twice for my subscription this month.,Thanks for reaching out about the billing issue. We will look into this and get back to you within the next 48 hours.,,,0,negative,2,0,ios,MEA
TCKT_091207,2023-04-02 22:07:23,CUST_09627,enterprise,email,mobile_app,account_access,medium,resolved,standard,My 2FA code is not working when I try to sign in.,Sorry to hear you're having trouble accessing your account. Our team is reviewing this and will follow up within 24 hours.,Reset account credentials and confirmed successful login.,28.53,0,negative,3,1,android,APAC
TCKT_091269,2023-04-26 03:06:18,CUST_02652,education,chat,billing,account_access,low,open,gold,My account was locked after multiple failed login attempts.,Sorry to hear you're having trouble accessing your account. We will look into this and get back to you within the next 48 hours.,,,0,negative,3,0,ios,LATAM
TCKT_091359,2023-04-15 14:48:42,CUST_03592,small_business,phone_transcript,mobile_app,billing_problem,medium,resolved,gold,My invoice amount is incorrect compared to the plan I selected.,Thanks for reaching out about the billing issue. Our team is reviewing this and will follow up within 24 hours.,Adjusted the invoice and issued a refund where applicable.,40.83,0,very_negative,2,1,android,
TCKT_091362,2023-04-23 14:09:30,CUST_07217,individual,email,notifications,security_concern,low,resolved,platinum,There seems to be a vulnerability in the notifications functionality.,We take security very seriously. We will look into this and get back to you within the next 48 hours.,"Investigated logs, mitigated the issue, and updated security settings.",46.23,1,neutral,4,0,web,EU
TCKT_091397,2023-04-12 02:15:23,CUST_05312,education,web_form,api_integration,account_access,low,in_progress,standard,My 2FA code is not working when I try to sign in.,Sorry to hear you're having trouble accessing your account. We will look into this and get back to you within the next 48 hours.,,,0,positive,0,0,ios,LATAM
TCKT_091469,2023-04-26 06:08:32,CUST_02564,small_business,in_app,analytics_dashboard,account_access,high,resolved,gold,My 2FA code is not working when I try to sign in.,Sorry to hear you're having trouble accessing your account. We are prioritizing this and will update you as soon as possible.,Reset account credentials and confirmed successful login.,21.76,0,positive,4,0,desktop_app,MEA
TCKT_091522,2023-04-07 13:25:28,CUST_01711,small_business,in_app,api_integration,performance,low,resolved,standard,Queries in the api integration module are timing out.,We understand performance issues can be frustrating. We will look into this and get back to you within the next 48 hours.,Optimized queries and increased resource allocation.,64.94,0,negative,2,0,web,LATAM
TCKT_091581,2023-04-22 03:39:12,CUST_09603,enterprise,web_form,analytics_dashboard,account_access,low,on_hold,gold,I cannot log in; the system says my password is incorrect.,Sorry to hear you're having trouble accessing your account. We will look into this and get back to you within the next 48 hours.,,,1,very_negative,1,0,web,LATAM
TCKT_091591,2023-04-29 09:29:30,CUST_04250,non_profit,phone_transcript,notifications,how_to,high,resolved,standard,How can I export my data from the notifications section?,Happy to help with your question. We are prioritizing this and will update you as soon as possible.,Provided step-by-step instructions and relevant documentation.,16.39,0,negative,0,0,ios,
TCKT_091602,2023-04-03 05:14:34,CUST_08970,non_profit,phone_transcript,api_integration,account_access,low,in_progress,standard,My account was locked after multiple failed login attempts.,Sorry to hear you're having trouble accessing your account. We will look into this and get back to you within the next 48 hours.,,,0,positive,0,0,web,LATAM
TCKT_091689,2023-04-14 00:02:05,CUST_03674,small_business,web_form,login_auth,bug,low,in_progress,standard,The page keeps crashing whenever I try to open the login auth section.,Thanks for reporting this bug. We will look into this and get back to you within the next 48 hours.,,,0,negative,2,0,ios,MEA
TCKT_091836,2023-04-03 20:40:29,CUST_03251,individual,in_app,notifications,performance,low,open,standard,Queries in the notifications module are timing out.,We understand performance issues can be frustrating. We will look into this and get back to you within the next 48 hours.,,,0,positive,0,0,desktop_app,LATAM
TCKT_091837,2023-04-06 15:41:06,CUST_07766,education,in_app,data_export,other,urgent,on_hold,standard,"Something seems off, can you please check my workspace?",Thanks for contacting support. This has been escalated to our on-call team for immediate attention.,,,0,neutral,0,0,web,APAC
TCKT_091838,2023-04-18 17:52:47,CUST_05416,non_profit,phone_transcript,analytics_dashboard,bug,low,resolved,gold,The page keeps crashing whenever I try to open the analytics dashboard section.,Thanks for reporting this bug. We will look into this and get back to you within the next 48 hours.,Patched the bug and deployed a fix to production.,41.54,0,neutral,3,1,desktop_app,
TCKT_092080,2023-04-06 05:57:02,CUST_03514,enterprise,email,mobile_app,billing_problem,low,resolved,gold,My invoice amount is incorrect compared to the plan I selected.,Thanks for reaching out about the billing issue. We will look into this and get back to you within the next 48 hours.,Adjusted the invoice and issued a refund where applicable.,51.02,0,negative,0,0,api_client,APAC
TCKT_092093,2023-04-24 01:17:06,CUST_06217,education,email,mobile_app,bug,high,resolved,standard,I am seeing an error message when I click on mobile app.,Thanks for reporting this bug. We are prioritizing this and will update you as soon as possible.,Patched the bug and deployed a fix to production.,1.36,0,positive,4,1,api_client,LATAM
TCKT_092095,2023-04-11 21:30:01,CUST_06121,education,web_form,analytics_dashboard,how_to,low,closed_no_action,gold,I need help setting up analytics dashboard for my team.,Happy to help with your question. We will look into this and get back to you within the next 48 hours.,Ticket closed without further action after no response from the customer.,50.49,0,neutral,3,1,web,APAC
TCKT_092108,2023-04-03 14:45:34,CUST_09557,individual,phone_transcript,login_auth,how_to,urgent,in_progress,standard,I need help setting up login auth for my team.,Happy to help with your question. This has been escalated to our on-call team for immediate attention.,,,0,positive,5,1,api_client,LATAM
TCKT_092173,2023-04-05 00:44:07,CUST_01591,non_profit,phone_transcript,mobile_app,billing_problem,medium,in_progress,standard,I was charged twice for my subscription this month.,Thanks for reaching out about the billing issue. Our team is reviewing this and will follow up within 24 hours.,,,0,very_negative,0,0,web,APAC
TCKT_092225,2023-04-21 10:06:42,CUST_06607,enterprise,phone_transcript,data_export,bug,medium,resolved,standard,The page keeps crashing whenever I try to open the data export section.,Thanks for reporting this bug. Our team is reviewing this and will follow up within 24 hours.,Patched the bug and deployed a fix to production.,37.79,0,neutral,0,1,api_client,MEA
TCKT_092255,2023-04-25 15:16:40,CUST_06210,small_business,web_form,data_export,bug,medium,closed_no_action,gold,I am seeing an error message when I click on data export.,Thanks for reporting this bug. Our team is reviewing this and will follow up within 24 hours.,Ticket closed without further action after no response from the customer.,34.72,0,negative,0,0,desktop_app,APAC
TCKT_092277,2023-04-17 08:52:05,CUST_09762,education,web_form,analytics_dashboard,feature_request,high,in_progress,standard,Our team needs more advanced options for analytics dashboard.,Thanks for your feature suggestion. We are prioritizing this and will update you as soon as possible.,,,0,very_positive,5,0,ios,MEA
TCKT_092298,2023-04-26 07:53:32,CUST_09721,small_business,chat,analytics_dashboard,performance,low,resolved,gold,The analytics dashboard page is very slow and takes a long time to load.,We understand performance issues can be frustrating. We will look into this and get back to you within the next 48 hours.,Optimized queries and increased resource allocation.,9.31,0,negative,3,0,android,MEA
TCKT_092422,2023-04-25 21:20:07,CUST_03845,individual,chat,mobile_app,security_concern,medium,in_progress,gold,We need details about your data encryption and compliance.,We take security very seriously. Our team is reviewing this and will follow up within 24 hours.,,,0,very_negative,1,0,desktop_app,APAC
TCKT_092448,2023-04-25 04:53:35,CUST_08764,enterprise,chat,mobile_app,feature_request,medium,closed_no_action,standard,Can you add an option to customize mobile app?,Thanks for your feature suggestion. Our team is reviewing this and will follow up within 24 hours.,Ticket closed without further action after no response from the customer.,43.41,0,neutral,0,1,ios,LATAM
TCKT_092534,2023-04-27 01:02:18,CUST_00570,small_business,chat,analytics_dashboard,bug,high,in_progress,gold,The analytics dashboard feature is not saving my changes.,Thanks for reporting this bug. We are prioritizing this and will update you as soon as possible.,,,0,very_negative,0,0,api_client,EU
TCKT_092551,2023-04-28 03:11:27,CUST_04675,enterprise,chat,notifications,feature_request,high,closed_no_action,platinum,It would be great to have notifications support in your product.,Thanks for your feature suggestion. We are prioritizing this and will update you as soon as possible.,Ticket closed without further action after no response from the customer.,182.8,0,negative,0,0,ios,
TCKT_092754,2023-04-21 21:36:02,CUST_00587,individual,phone_transcript,api_integration,how_to,medium,resolved,standard,How can I export my data from the api integration section?,Happy to help with your question. Our team is reviewing this and will follow up within 24 hours.,Provided step-by-step instructions and relevant documentation.,31.93,0,neutral,4,0,desktop_app,LATAM
TCKT_092778,2023-04-08 09:23:27,CUST_06007,education,chat,notifications,feature_request,high,closed_no_action,gold,Our team needs more advanced options for notifications.,Thanks for your feature suggestion. We are prioritizing this and will update you as soon as possible.,Ticket closed without further action after no response from the customer.,120.13,0,negative,0,1,android,MEA
TCKT_092793,2023-04-06 13:49:37,CUST_08151,enterprise,email,mobile_app,account_access,low,in_progress,gold,I cannot log in; the system says my password is incorrect.,Sorry to hear you're having trouble accessing your account. We will look into this and get back to you within the next 48 hours.,,,0,negative,0,1,api_client,MEA
TCKT_092814,2023-04-03 00:45:52,CUST_09061,individual,in_app,notifications,performance,medium,closed_no_action,standard,Overall performance has degraded in the last few days.,We understand performance issues can be frustrating. Our team is reviewing this and will follow up within 24 hours.,Ticket closed without further action after no response from the customer.,187.79,0,positive,5,0,desktop_app,MEA
TCKT_092882,2023-04-23 16:42:53,CUST_05526,small_business,phone_transcript,api_integration,security_concern,low,closed_no_action,gold,We need details about your data encryption and compliance.,We take security very seriously. We will look into this and get back to you within the next 48 hours.,Ticket closed without further action after no response from the customer.,106.87,0,very_negative,2,0,web,MEA
TCKT_092887,2023-04-26 00:39:32,CUST_04109,small_business,chat,mobile_app,security_concern,low,on_hold,standard,I noticed a suspicious login on my account.,We take security very seriously. We will look into this and get back to you within the next 48 hours.,,,0,positive,5,0,api_client,
TCKT_092893,2023-04-10 11:10:04,CUST_04554,non_profit,phone_transcript,mobile_app,bug,low,in_progress,gold,The mobile app feature is not saving my changes.,Thanks for reporting this bug. We will look into this and get back to you within the next 48 hours.,,,0,neutral,0,1,api_client,LATAM
TCKT_092934,2023-04-07 11:07:36,CUST_04748,individual,in_app,billing,bug,high,resolved,standard,The billing feature is not saving my changes.,Thanks for reporting this bug. We are prioritizing this and will update you as soon as possible.,Patched the bug and deployed a fix to production.,6.77,0,positive,5,0,api_client,LATAM
TCKT_093036,2023-04-11 11:22:50,CUST_03438,non_profit,phone_transcript,analytics_dashboard,other,low,resolved,platinum,"Something seems off, can you please check my workspace?",Thanks for contacting support. We will look into this and get back to you within the next 48 hours.,Provided general guidance and confirmed the issue was resolved.,32.1,0,negative,0,0,ios,MEA
TCKT_093040,2023-04-22 20:13:58,CUST_07996,enterprise,chat,billing,how_to,high,resolved,standard,How can I export my data from the billing section?,Happy to help with your question. We are prioritizing this and will update you as soon as possible.,Provided step-by-step instructions and relevant documentation.,10.65,0,positive,0,0,web,LATAM
TCKT_093078,2023-04-14 07:00:42,CUST_02633,education,in_app,billing,account_access,low,in_progress,gold,My 2FA code is not working when I try to sign in.,Sorry to hear you're having trouble accessing your account. We will look into this and get back to you within the next 48 hours.,,,0,very_negative,2,0,api_client,MEA
TCKT_093081,2023-04-05 11:40:05,CUST_05580,small_business,phone_transcript,billing,bug,high,resolved,standard,I am seeing an error message when I click on billing.,Thanks for reporting this bug. We are prioritizing this and will update you as soon as possible.,Patched the bug and deployed a fix to production.,8.81,0,positive,5,0,api_client,APAC
TCKT_093094,2023-04-18 09:04:46,CUST_07098,individual,phone_transcript,api_integration,feature_request,low,resolved,standard,Can you add an option to customize api integration?,Thanks for your feature suggestion. We will look into this and get back to you within the next 48 hours.,Captured the request and added it to the product backlog.,19.68,0,neutral,4,0,web,APAC
TCKT_093102,2023-04-10 08:20:36,CUST_03857,small_business,phone_transcript,api_integration,other,medium,in_progress,standard,I need help but I'm not sure which category this fits in.,Thanks for contacting support. Our team is reviewing this and will follow up within 24 hours.,,,0,neutral,3,0,ios,EU
TCKT_093122,2023-04-22 16:39:59,CUST_01565,non_profit,phone_transcript,notifications,account_access,medium,in_progress,standard,My 2FA code is not working when I try to sign in.,Sorry to hear you're having trouble accessing your account. Our team is reviewing this and will follow up within 24 hours.,,,0,positive,5,0,ios,APAC
TCKT_093162,2023-04-05 15:01:08,CUST_03811,enterprise,email,notifications,bug,medium,on_hold,standard,The notifications feature is not saving my changes.,Thanks for reporting this bug. Our team is reviewing this and will follow up within 24 hours.,,,0,neutral,3,1,ios,
TCKT_093284,2023-04-28 11:28:16,CUST_04508,small_business,in_app,api_integration,performance,low,resolved,standard,Queries in the api integration module are timing out.,We understand performance issues can be frustrating. We will look into this and get back to you within the next 48 hours.,Optimized queries and increased resource allocation.,45.4,0,negative,3,0,api_client,APAC
TCKT_093302,2023-04-23 23:16:18,CUST_02351,non_profit,web_form,data_export,account_access,low,resolved,standard,My 2FA code is not working when I try to sign in.,Sorry to hear you're having trouble accessing your account. We will look into this and get back to you within the next 48 hours.,Reset account credentials and confirmed successful login.,53.83,0,very_negative,0,0,ios,
TCKT_093309,2023-04-08 08:30:59,CUST_07512,non_profit,phone_transcript,data_export,how_to,medium,resolved,gold,I need help setting up data export for my team.,Happy to help with your question. Our team is reviewing this and will follow up within 24 hours.,Provided step-by-step instructions and relevant documentation.,9.78,0,positive,0,1,desktop_app,LATAM
TCKT_093313,2023-04-19 13:45:08,CUST_01011,enterprise,in_app,analytics_dashboard,feature_request,low,resolved,gold,Can you add an option to customize analytics dashboard?,Thanks for your feature suggestion. We will look into this and get back to you within the next 48 hours.,Captured the request and added it to the product backlog.,42.92,0,positive,5,0,web,MEA
TCKT_093482,2023-04-19 01:56:58,CUST_09024,education,in_app,data_export,performance,low,open,standard,Queries in the data export module are timing out.,We understand performance issues can be frustrating. We will look into this and get back to you within the next 48 hours.,,,0,very_positive,5,0,web,
TCKT_093602,2023-04-17 11:28:15,CUST_00936,individual,email,analytics_dashboard,security_concern,high,closed_no_action,standard,We need details about your data encryption and compliance.,We take security very seriously. We are prioritizing this and will update you as soon as possible.,Ticket closed without further action after no response from the customer.,217.94,0,very_negative,1,0,android,APAC
TCKT_093650,2023-04-25 19:23:26,CUST_05442,education,phone_transcript,notifications,bug,low,resolved,standard,I am seeing an error message when I click on notifications.,Thanks for reporting this bug. We will look into this and get back to you within the next 48 hours.,Patched the bug and deployed a fix to production.,70.46,0,very_negative,2,0,api_client,EU
TCKT_093740,2023-04-09 23:29:49,CUST_00635,small_business,phone_transcript,login_auth,other,urgent,on_hold,standard,I have a general question about my account.,Thanks for contacting support. This has been escalated to our on-call team for immediate attention.,,,0,neutral,4,0,web,EU
TCKT_093762,2023-04-09 10:11:24,CUST_07340,education,web_form,api_integration,account_access,medium,resolved,standard,My 2FA code is not working when I try to sign in.,Sorry to hear you're having trouble accessing your account. Our team is reviewing this and will follow up within 24 hours.,Reset account credentials and confirmed successful login.,8.91,0,neutral,0,0,ios,APAC
TCKT_093777,2023-04-03 19:46:09,CUST_06434,education,in_app,login_auth,feature_request,low,closed_no_action,gold,Our team needs more advanced options for login auth.,Thanks for your feature suggestion. We will look into this and get back to you within the next 48 hours.,Ticket closed without further action after no response from the customer.,68.05,0,positive,5,0,web,LATAM
TCKT_093815,2023-04-09 13:48:12,CUST_00038,enterprise,email,billing,performance,low,in_progress,standard,Queries in the billing module are timing out.,We understand performance issues can be frustrating. We will look into this and get back to you within the next 48 hours.,,,0,very_negative,2,0,api_client,MEA
TCKT_093825,2023-04-22 01:04:34,CUST_08505,small_business,chat,login_auth,account_access,high,closed_no_action,standard,My account was locked after multiple failed login attempts.,Sorry to hear you're having trouble accessing your account. We are prioritizing this and will update you as soon as possible.,Ticket closed without further action after no response from the customer.,222.23,0,negative,2,1,api_client,EU
TCKT_093945,2023-04-28 01:47:08,CUST_07184,education,in_app,notifications,account_access,low,resolved,gold,I cannot log in; the system says my password is incorrect.,Sorry to hear you're having trouble accessing your account. We will look into this and get back to you within the next 48 hours.,Reset account credentials and confirmed successful login.,11.41,0,neutral,0,0,api_client,MEA
TCKT_093951,2023-04-27 20:53:35,CUST_00719,enterprise,phone_transcript,api_integration,performance,low,resolved,standard,The api integration page is very slow and takes a long time to load.,We understand performance issues can be frustrating. We will look into this and get back to you within the next 48 hours.,Optimized queries and increased resource allocation.,71.07,0,negative,3,0,android,APAC
TCKT_094098,2023-04-20 19:10:38,CUST_03837,individual,in_app,notifications,other,low,resolved,standard,I need help but I'm not sure which category this fits in.,Thanks for contacting support. We will look into this and get back to you within the next 48 hours.,Provided general guidance and confirmed the issue was resolved.,55.52,0,positive,4,1,web,EU
TCKT_094106,2023-04-17 00:45:25,CUST_07318,individual,email,data_export,bug,medium,resolved,standard,I am seeing an error message when I click on data export.,Thanks for reporting this bug. Our team is reviewing this and will follow up within 24 hours.,Patched the bug and deployed a fix to production.,21.49,0,positive,5,0,ios,EU
TCKT_094116,2023-04-19 03:35:34,CUST_02426,non_profit,web_form,billing,performance,low,resolved,gold,Overall performance has degraded in the last few days.,We understand performance issues can be frustrating. We will look into this and get back to you within the next 48 hours.,Optimized queries and increased resource allocation.,46.78,0,very_positive,0,0,desktop_app,MEA
TCKT_094130,2023-04-11 03:22:08,CUST_06878,small_business,phone_transcript,billing,other,high,closed_no_action,gold,I need help but I'm not sure which category this fits in.,Thanks for contacting support. We are prioritizing this and will update you as soon as possible.,Ticket closed without further action after no response from the customer.,79.65,0,neutral,0,0,ios,MEA
TCKT_094143,2023-04-01 15:11:23,CUST_01008,non_profit,phone_transcript,api_integration,feature_request,low,open,gold,It would be great to have api integration support in your product.,Thanks for your feature suggestion. We will look into this and get back to you within the next 48 hours.,,,0,very_negative,1,0,ios,APAC
TCKT_094164,2023-04-04 22:35:23,CUST_00677,enterprise,phone_transcript,login_auth,account_access,medium,resolved,standard,My 2FA code is not working when I try to sign in.,Sorry to hear you're having trouble accessing your account. Our team is reviewing this and will follow up within 24 hours.,Reset account credentials and confirmed successful login.,4.81,0,negative,3,0,desktop_app,LATAM
TCKT_094239,2023-04-04 21:51:36,CUST_06498,education,in_app,data_export,performance,medium,in_progress,gold,Queries in the data export module are timing out.,We understand performance issues can be frustrating. Our team is reviewing this and will follow up within 24 hours.,,,0,very_negative,0,0,android,EU
TCKT_094359,2023-04-15 23:23:17,CUST_02481,enterprise,phone_transcript,mobile_app,performance,high,resolved,standard,Queries in the mobile app module are timing out.,We understand performance issues can be frustrating. We are prioritizing this and will update you as soon as possible.,Optimized queries and increased resource allocation.,7.77,0,negative,2,0,api_client,APAC
TCKT_094368,2023-04-30 01:12:30,CUST_02770,individual,email,login_auth,other,low,in_progress,standard,"Something seems off, can you please check my workspace?",Thanks for contacting support. We will look into this and get back to you within the next 48 hours.,,,0,negative,3,0,web,MEA
TCKT_094429,2023-04-19 13:31:03,CUST_08212,non_profit,in_app,data_export,billing_problem,low,resolved,standard,I was charged twice for my subscription this month.,Thanks for reaching out about the billing issue. We will look into this and get back to you within the next 48 hours.,Adjusted the invoice and issued a refund where applicable.,59.37,0,negative,3,1,ios,APAC
TCKT_094455,2023-04-10 19:03:30,CUST_08537,enterprise,phone_transcript,login_auth,bug,low,resolved,gold,The page keeps crashing whenever I try to open the login auth section.,Thanks for reporting this bug. We will look into this and get back to you within the next 48 hours.,Patched the bug and deployed a fix to production.,18.65,0,neutral,3,1,api_client,
TCKT_094482,2023-04-18 06:03:51,CUST_03056,education,in_app,billing,performance,high,in_progress,standard,Queries in the billing module are timing out.,We understand performance issues can be frustrating. We are prioritizing this and will update you as soon as possible.,,,0,negative,2,0,api_client,
TCKT_094550,2023-04-25 02:48:15,CUST_01856,non_profit,web_form,notifications,how_to,medium,resolved,gold,Can you explain how to configure notifications properly?,Happy to help with your question. Our team is reviewing this and will follow up within 24 hours.,Provided step-by-step instructions and relevant documentation.,40.28,0,negative,2,0,android,
TCKT_094578,2023-04-02 22:03:12,CUST_01779,enterprise,chat,billing,security_concern,urgent,resolved,standard,There seems to be a vulnerability in the billing functionality.,We take security very seriously. This has been escalated to our on-call team for immediate attention.,"Investigated logs, mitigated the issue, and updated security settings.",5.93,0,very_negative,0,0,api_client,
TCKT_094645,2023-04-19 23:55:34,CUST_05033,small_business,web_form,data_export,performance,low,resolved,standard,Overall performance has degraded in the last few days.,We understand performance issues can be frustrating. We will look into this and get back to you within the next 48 hours.,Optimized queries and increased resource allocation.,35.94,0,negative,2,0,web,LATAM
TCKT_094704,2023-04-17 12:23:23,CUST_07068,non_profit,in_app,api_integration,performance,medium,open,standard,Overall performance has degraded in the last few days.,We understand performance issues can be frustrating. Our team is reviewing this and will follow up within 24 hours.,,,0,neutral,3,0,android,MEA
TCKT_094731,2023-04-01 17:10:45,CUST_02745,education,chat,login_auth,billing_problem,medium,resolved,standard,I was charged twice for my subscription this month.,Thanks for reaching out about the billing issue. Our team is reviewing this and will follow up within 24 hours.,Adjusted the invoice and issued a refund where applicable.,12.89,0,neutral,4,0,web,EU
TCKT_094811,2023-04-01 19:18:13,CUST_03129,small_business,web_form,data_export,billing_problem,low,resolved,gold,I was charged twice for my subscription this month.,Thanks for reaching out about the billing issue. We will look into this and get back to you within the next 48 hours.,Adjusted the invoice and issued a refund where applicable.,68.25,0,very_negative,1,1,desktop_app,EU
TCKT_094815,2023-04-26 15:20:51,CUST_06173,non_profit,chat,login_auth,how_to,high,on_hold,standard,Can you explain how to configure login auth properly?,Happy to help with your question. We are prioritizing this and will update you as soon as possible.,,,0,positive,0,0,desktop_app,EU
TCKT_094865,2023-04-24 14:33:33,CUST_09083,individual,email,analytics_dashboard,performance,high,in_progress,standard,Overall performance has degraded in the last few days.,We understand performance issues can be frustrating. We are prioritizing this and will update you as soon as possible.,,,0,neutral,3,0,ios,LATAM
TCKT_094906,2023-04-18 17:45:52,CUST_03322,small_business,phone_transcript,api_integration,other,urgent,resolved,gold,"Something seems off, can you please check my workspace?",Thanks for contacting support. This has been escalated to our on-call team for immediate attention.,Provided general guidance and confirmed the issue was resolved.,4.26,0,negative,2,0,ios,APAC
TCKT_095013,2023-04-26 06:32:35,CUST_00246,small_business,email,notifications,performance,low,resolved,standard,The notifications page is very slow and takes a long time to load.,We understand performance issues can be frustrating. We will look into this and get back to you within the next 48 hours.,Optimized queries and increased resource allocation.,14.82,0,very_negative,1,0,api_client,MEA
TCKT_095027,2023-04-13 18:07:04,CUST_00845,small_business,chat,notifications,account_access,medium,in_progress,gold,My account was locked after multiple failed login attempts.,Sorry to hear you're having trouble accessing your account. Our team is reviewing this and will follow up within 24 hours.,,,0,very_negative,1,0,web,LATAM
TCKT_095126,2023-04-26 02:35:02,CUST_09586,small_business,in_app,notifications,performance,low,resolved,standard,The notifications page is very slow and takes a long time to load.,We understand performance issues can be frustrating. We will look into this and get back to you within the next 48 hours.,Optimized queries and increased resource allocation.,12.89,0,negative,3,0,api_client,LATAM
TCKT_095165,2023-04-04 15:07:14,CUST_00438,small_business,chat,billing,security_concern,medium,in_progress,platinum,I noticed a suspicious login on my account.,We take security very seriously. Our team is reviewing this and will follow up within 24 hours.,,,0,neutral,4,0,android,EU
TCKT_095184,2023-04-18 11:40:30,CUST_09668,education,phone_transcript,login_auth,feature_request,medium,resolved,standard,Our team needs more advanced options for login auth.,Thanks for your feature suggestion. Our team is reviewing this and will follow up within 24 hours.,Captured the request and added it to the product backlog.,34.6,0,neutral,0,0,desktop_app,
TCKT_095191,2023-04-04 05:21:44,CUST_09887,individual,phone_transcript,billing,bug,high,closed_no_action,standard,I am seeing an error message when I click on billing.,Thanks for reporting this bug. We are prioritizing this and will update you as soon as possible.,Ticket closed without further action after no response from the customer.,50.54,0,neutral,4,0,ios,APAC
TCKT_095195,2023-04-21 00:25:21,CUST_06051,small_business,chat,api_integration,feature_request,low,open,gold,Can you add an option to customize api integration?,Thanks for your feature suggestion. We will look into this and get back to you within the next 48 hours.,,,0,neutral,0,0,android,
TCKT_095218,2023-04-24 17:43:50,CUST_09559,education,web_form,analytics_dashboard,how_to,high,resolved,standard,How can I export my data from the analytics dashboard section?,Happy to help with your question. We are prioritizing this and will update you as soon as possible.,Provided step-by-step instructions and relevant documentation.,9.58,0,neutral,0,1,ios,APAC
TCKT_095247,2023-04-01 10:17:34,CUST_06407,enterprise,email,billing,account_access,medium,resolved,standard,My 2FA code is not working when I try to sign in.,Sorry to hear you're having trouble accessing your account. Our team is reviewing this and will follow up within 24 hours.,Reset account credentials and confirmed successful login.,39.28,0,very_negative,1,0,api_client,
TCKT_095329,2023-04-05 09:02:00,CUST_07139,non_profit,email,billing,billing_problem,high,in_progress,gold,My invoice amount is incorrect compared to the plan I selected.,Thanks for reaching out about the billing issue. We are prioritizing this and will update you as soon as possible.,,,0,negative,2,0,desktop_app,EU
TCKT_095400,2023-04-22 22:37:38,CUST_02247,enterprise,web_form,api_integration,other,low,closed_no_action,standard,I need help but I'm not sure which category this fits in.,Thanks for contacting support. We will look into this and get back to you within the next 48 hours.,Ticket closed without further action after no response from the customer.,181.95,1,neutral,3,0,web,LATAM
TCKT_095634,2023-04-28 18:15:59,CUST_02492,enterprise,email,analytics_dashboard,bug,medium,in_progress,standard,The analytics dashboard feature is not saving my changes.,Thanks for reporting this bug. Our team is reviewing this and will follow up within 24 hours.,,,0,negative,0,0,api_client,EU
TCKT_095648,2023-04-22 11:36:19,CUST_02917,enterprise,in_app,mobile_app,security_concern,high,in_progress,gold,I noticed a suspicious login on my account.,We take security very seriously. We are prioritizing this and will update you as soon as possible.,,,0,very_positive,5,0,ios,MEA
TCKT_095655,2023-04-17 17:06:14,CUST_03163,small_business,email,data_export,performance,high,resolved,gold,The data export page is very slow and takes a long time to load.,We understand performance issues can be frustrating. We are prioritizing this and will update you as soon as possible.,Optimized queries and increased resource allocation.,18.98,0,negative,3,1,api_client,EU
TCKT_095690,2023-04-29 07:37:40,CUST_07812,education,chat,billing,bug,high,in_progress,standard,The billing feature is not saving my changes.,Thanks for reporting this bug. We are prioritizing this and will update you as soon as possible.,,,0,negative,2,1,desktop_app,
TCKT_095732,2023-04-30 16:42:13,CUST_07165,enterprise,email,notifications,how_to,low,in_progress,standard,I need help setting up notifications for my team.,Happy to help with your question. We will look into this and get back to you within the next 48 hours.,,,0,positive,4,0,ios,
TCKT_095787,2023-04-24 21:45:35,CUST_03995,non_profit,email,login_auth,other,high,in_progress,gold,I need help but I'm not sure which category this fits in.,Thanks for contacting support. We are prioritizing this and will update you as soon as possible.,,,0,positive,0,0,desktop_app,
TCKT_095822,2023-04-07 06:50:45,CUST_01293,non_profit,email,mobile_app,billing_problem,medium,open,gold,I was charged twice for my subscription this month.,Thanks for reaching out about the billing issue. Our team is reviewing this and will follow up within 24 hours.,,,0,very_negative,2,0,android,MEA
TCKT_095913,2023-04-19 10:28:18,CUST_06801,non_profit,email,notifications,other,medium,resolved,standard,"Something seems off, can you please check my workspace?",Thanks for contacting support. Our team is reviewing this and will follow up within 24 hours.,Provided general guidance and confirmed the issue was resolved.,41.56,0,negative,0,0,android,
TCKT_095916,2023-04-06 00:01:52,CUST_03837,small_business,web_form,notifications,bug,low,resolved,standard,The page keeps crashing whenever I try to open the notifications section.,Thanks for reporting this bug. We will look into this and get back to you within the next 48 hours.,Patched the bug and deployed a fix to production.,28.8,0,positive,4,1,ios,
TCKT_095955,2023-04-18 15:50:56,CUST_09520,non_profit,web_form,analytics_dashboard,billing_problem,low,on_hold,gold,I was charged twice for my subscription this month.,Thanks for reaching out about the billing issue. We will look into this and get back to you within the next 48 hours.,,,0,negative,2,1,android,EU
TCKT_095973,2023-04-25 22:38:36,CUST_08970,individual,phone_transcript,billing,account_access,urgent,closed_no_action,standard,My 2FA code is not working when I try to sign in.,Sorry to hear you're having trouble accessing your account. This has been escalated to our on-call team for immediate attention.,Ticket closed without further action after no response from the customer.,169.98,0,neutral,3,0,api_client,EU
TCKT_096003,2023-04-10 14:54:03,CUST_03679,education,email,data_export,feature_request,low,resolved,gold,Our team needs more advanced options for data export.,Thanks for your feature suggestion. We will look into this and get back to you within the next 48 hours.,Captured the request and added it to the product backlog.,25.24,0,neutral,3,0,ios,EU
TCKT_096013,2023-04-07 21:55:48,CUST_09960,small_business,in_app,billing,bug,low,resolved,standard,The page keeps crashing whenever I try to open the billing section.,Thanks for reporting this bug. We will look into this and get back to you within the next 48 hours.,Patched the bug and deployed a fix to production.,47.48,0,very_negative,2,0,ios,APAC
TCKT_096064,2023-04-14 01:17:14,CUST_03263,education,web_form,data_export,how_to,medium,resolved,gold,Can you explain how to configure data export properly?,Happy to help with your question. Our team is reviewing this and will follow up within 24 hours.,Provided step-by-step instructions and relevant documentation.,16.55,1,negative,2,0,ios,LATAM
TCKT_096100,2023-04-16 17:45:13,CUST_05188,individual,chat,api_integration,feature_request,medium,closed_no_action,platinum,It would be great to have api integration support in your product.,Thanks for your feature suggestion. Our team is reviewing this and will follow up within 24 hours.,Ticket closed without further action after no response from the customer.,108.69,1,neutral,3,1,web,LATAM
TCKT_096101,2023-04-03 19:06:38,CUST_00968,enterprise,in_app,billing,feature_request,medium,resolved,standard,Our team needs more advanced options for billing.,Thanks for your feature suggestion. Our team is reviewing this and will follow up within 24 hours.,Captured the request and added it to the product backlog.,6.67,0,negative,2,1,android,
TCKT_096195,2023-04-09 21:00:43,CUST_05845,education,chat,analytics_dashboard,account_access,low,closed_no_action,platinum,My account was locked after multiple failed login attempts.,Sorry to hear you're having trouble accessing your account. We will look into this and get back to you within the next 48 hours.,Ticket closed without further action after no response from the customer.,179.0,0,neutral,4,0,ios,EU
TCKT_096202,2023-04-28 12:48:02,CUST_00632,small_business,web_form,notifications,billing_problem,low,in_progress,standard,My invoice amount is incorrect compared to the plan I selected.,Thanks for reaching out about the billing issue. We will look into this and get back to you within the next 48 hours.,,,0,neutral,0,0,api_client,EU
TCKT_096288,2023-04-13 15:51:55,CUST_00834,small_business,chat,login_auth,performance,medium,resolved,standard,Queries in the login auth module are timing out.,We understand performance issues can be frustrating. Our team is reviewing this and will follow up within 24 hours.,Optimized queries and increased resource allocation.,41.17,0,very_negative,0,0,desktop_app,EU
TCKT_096319,2023-04-28 06:14:31,CUST_05014,individual,phone_transcript,data_export,performance,high,closed_no_action,standard,Overall performance has degraded in the last few days.,We understand performance issues can be frustrating. We are prioritizing this and will update you as soon as possible.,Ticket closed without further action after no response from the customer.,225.67,0,negative,0,0,api_client,LATAM
TCKT_096327,2023-04-03 02:12:05,CUST_03641,education,email,analytics_dashboard,bug,low,in_progress,standard,The page keeps crashing whenever I try to open the analytics dashboard section.,Thanks for reporting this bug. We will look into this and get back to you within the next 48 hours.,,,0,negative,2,1,desktop_app,APAC
TCKT_096369,2023-04-04 18:05:00,CUST_01934,individual,web_form,api_integration,security_concern,low,on_hold,standard,I noticed a suspicious login on my account.,We take security very seriously. We will look into this and get back to you within the next 48 hours.,,,0,negative,0,0,web,APAC
TCKT_096399,2023-04-27 10:58:20,CUST_08048,individual,email,data_export,feature_request,urgent,in_progress,gold,Can you add an option to customize data export?,Thanks for your feature suggestion. This has been escalated to our on-call team for immediate attention.,,,0,neutral,0,0,api_client,MEA
TCKT_096499,2023-04-30 23:09:07,CUST_00328,education,web_form,analytics_dashboard,performance,low,closed_no_action,gold,Queries in the analytics dashboard module are timing out.,We understand performance issues can be frustrating. We will look into this and get back to you within the next 48 hours.,Ticket closed without further action after no response from the customer.,119.78,0,very_negative,0,0,ios,APAC
TCKT_096514,2023-04-12 16:01:02,CUST_00452,non_profit,web_form,mobile_app,performance,medium,on_hold,gold,The mobile app page is very slow and takes a long time to load.,We understand performance issues can be frustrating. Our team is reviewing this and will follow up within 24 hours.,,,0,very_negative,0,1,ios,EU
TCKT_096552,2023-04-11 01:00:05,CUST_01309,small_business,in_app,analytics_dashboard,other,medium,in_progress,standard,"Something seems off, can you please check my workspace?",Thanks for contacting support. Our team is reviewing this and will follow up within 24 hours.,,,0,positive,4,0,api_client,EU
TCKT_096558,2023-04-02 17:16:57,CUST_01937,non_profit,chat,login_auth,billing_problem,medium,resolved,standard,I downgraded my plan but I am still being billed for the higher tier.,Thanks for reaching out about the billing issue. Our team is reviewing this and will follow up within 24 hours.,Adjusted the invoice and issued a refund where applicable.,36.3,0,very_negative,2,0,desktop_app,
TCKT_096578,2023-04-29 17:49:41,CUST_02885,small_business,web_form,billing,billing_problem,high,on_hold,standard,I downgraded my plan but I am still being billed for the higher tier.,Thanks for reaching out about the billing issue. We are prioritizing this and will update you as soon as possible.,,,0,positive,4,0,android,LATAM
TCKT_096609,2023-04-11 21:34:08,CUST_02065,non_profit,email,notifications,how_to,medium,resolved,gold,I need help setting up notifications for my team.,Happy to help with your question. Our team is reviewing this and will follow up within 24 hours.,Provided step-by-step instructions and relevant documentation.,15.97,0,neutral,0,0,api_client,EU
TCKT_096681,2023-04-25 17:14:22,CUST_00113,non_profit,email,login_auth,bug,low,resolved,standard,The page keeps crashing whenever I try to open the login auth section.,Thanks for reporting this bug. We will look into this and get back to you within the next 48 hours.,Patched the bug and deployed a fix to production.,39.59,0,neutral,4,0,api_client,
TCKT_096692,2023-04-04 11:12:27,CUST_07407,small_business,email,mobile_app,feature_request,high,resolved,standard,Can you add an option to customize mobile app?,Thanks for your feature suggestion. We are prioritizing this and will update you as soon as possible.,Captured the request and added it to the product backlog.,5.16,0,negative,3,0,desktop_app,APAC
TCKT_096716,2023-04-18 09:24:01,CUST_08520,education,web_form,login_auth,how_to,high,in_progress,gold,Can you explain how to configure login auth properly?,Happy to help with your question. We are prioritizing this and will update you as soon as possible.,,,0,positive,0,0,web,
TCKT_096809,2023-04-27 14:25:07,CUST_01831,enterprise,phone_transcript,billing,billing_problem,medium,resolved,gold,My invoice amount is incorrect compared to the plan I selected.,Thanks for reaching out about the billing issue. Our team is reviewing this and will follow up within 24 hours.,Adjusted the invoice and issued a refund where applicable.,29.24,0,negative,2,1,ios,APAC
TCKT_096814,2023-04-30 09:43:47,CUST_05900,non_profit,chat,login_auth,other,medium,resolved,standard,I have a general question about my account.,Thanks for contacting support. Our team is reviewing this and will follow up within 24 hours.,Provided general guidance and confirmed the issue was resolved.,5.42,0,negative,0,1,desktop_app,APAC
TCKT_096826,2023-04-09 11:42:57,CUST_09340,individual,email,data_export,performance,low,resolved,platinum,The data export page is very slow and takes a long time to load.,We understand performance issues can be frustrating. We will look into this and get back to you within the next 48 hours.,Optimized queries and increased resource allocation.,18.7,0,very_negative,1,1,api_client,
TCKT_096889,2023-04-16 14:46:06,CUST_08265,enterprise,email,data_export,bug,medium,resolved,platinum,The page keeps crashing whenever I try to open the data export section.,Thanks for reporting this bug. Our team is reviewing this and will follow up within 24 hours.,Patched the bug and deployed a fix to production.,9.37,0,positive,0,1,desktop_app,
TCKT_096892,2023-04-07 07:51:49,CUST_05864,small_business,chat,analytics_dashboard,feature_request,high,resolved,standard,Our team needs more advanced options for analytics dashboard.,Thanks for your feature suggestion. We are prioritizing this and will update you as soon as possible.,Captured the request and added it to the product backlog.,3.1,0,very_positive,5,1,android,LATAM
TCKT_096950,2023-04-07 19:24:12,CUST_06710,small_business,chat,mobile_app,account_access,high,resolved,standard,My account was locked after multiple failed login attempts.,Sorry to hear you're having trouble accessing your account. We are prioritizing this and will update you as soon as possible.,Reset account credentials and confirmed successful login.,21.16,0,negative,3,0,api_client,LATAM
TCKT_096979,2023-04-02 05:40:47,CUST_05178,education,email,analytics_dashboard,billing_problem,medium,resolved,standard,I downgraded my plan but I am still being billed for the higher tier.,Thanks for reaching out about the billing issue. Our team is reviewing this and will follow up within 24 hours.,Adjusted the invoice and issued a refund where applicable.,12.78,0,negative,0,0,desktop_app,APAC
TCKT_096989,2023-04-04 07:37:45,CUST_07527,small_business,phone_transcript,notifications,bug,low,on_hold,standard,I am seeing an error message when I click on notifications.,Thanks for reporting this bug. We will look into this and get back to you within the next 48 hours.,,,0,neutral,0,1,web,LATAM
TCKT_097011,2023-04-13 11:08:53,CUST_07329,education,web_form,analytics_dashboard,how_to,medium,resolved,standard,Can you explain how to configure analytics dashboard properly?,Happy to help with your question. Our team is reviewing this and will follow up within 24 hours.,Provided step-by-step instructions and relevant documentation.,18.59,0,very_positive,0,1,web,LATAM
TCKT_097044,2023-04-11 04:00:10,CUST_00248,individual,in_app,billing,how_to,low,resolved,standard,Can you explain how to configure billing properly?,Happy to help with your question. We will look into this and get back to you within the next 48 hours.,Provided step-by-step instructions and relevant documentation.,28.59,0,neutral,4,1,android,
TCKT_097059,2023-04-10 15:09:56,CUST_00093,non_profit,in_app,analytics_dashboard,account_access,medium,in_progress,standard,I cannot log in; the system says my password is incorrect.,Sorry to hear you're having trouble accessing your account. Our team is reviewing this and will follow up within 24 hours.,,,0,positive,4,0,ios,EU
TCKT_097078,2023-04-21 13:03:08,CUST_06882,non_profit,phone_transcript,api_integration,billing_problem,low,resolved,standard,My invoice amount is incorrect compared to the plan I selected.,Thanks for reaching out about the billing issue. We will look into this and get back to you within the next 48 hours.,Adjusted the invoice and issued a refund where applicable.,45.31,0,positive,4,0,desktop_app,APAC
TCKT_097096,2023-04-15 14:22:34,CUST_02409,small_business,in_app,api_integration,account_access,high,resolved,standard,My 2FA code is not working when I try to sign in.,Sorry to hear you're having trouble accessing your account. We are prioritizing this and will update you as soon as possible.,Reset account credentials and confirmed successful login.,21.26,0,neutral,4,0,ios,LATAM
TCKT_097148,2023-04-04 02:35:24,CUST_09179,non_profit,email,analytics_dashboard,feature_request,low,open,standard,Our team needs more advanced options for analytics dashboard.,Thanks for your feature suggestion. We will look into this and get back to you within the next 48 hours.,,,0,negative,2,1,desktop_app,
TCKT_097211,2023-04-28 00:12:27,CUST_03434,small_business,web_form,mobile_app,how_to,low,resolved,gold,How can I export my data from the mobile app section?,Happy to help with your question. We will look into this and get back to you within the next 48 hours.,Provided step-by-step instructions and relevant documentation.,62.31,0,neutral,3,0,api_client,MEA
TCKT_097290,2023-04-21 14:10:10,CUST_00623,education,email,mobile_app,performance,high,resolved,standard,Overall performance has degraded in the last few days.,We understand performance issues can be frustrating. We are prioritizing this and will update you as soon as possible.,Optimized queries and increased resource allocation.,1.44,0,very_negative,1,0,android,MEA
TCKT_097370,2023-04-26 01:18:24,CUST_04935,individual,email,mobile_app,billing_problem,high,in_progress,gold,I was charged twice for my subscription this month.,Thanks for reaching out about the billing issue. We are prioritizing this and will update you as soon as possible.,,,0,negative,2,0,android,
TCKT_097426,2023-04-09 04:57:04,CUST_00691,education,email,login_auth,other,low,in_progress,standard,I have a general question about my account.,Thanks for contacting support. We will look into this and get back to you within the next 48 hours.,,,0,neutral,3,0,api_client,APAC
TCKT_097442,2023-04-23 18:35:45,CUST_04700,small_business,email,api_integration,security_concern,medium,open,gold,There seems to be a vulnerability in the api integration functionality.,We take security very seriously. Our team is reviewing this and will follow up within 24 hours.,,,0,neutral,3,0,android,LATAM
TCKT_097467,2023-04-23 14:17:50,CUST_01801,education,email,api_integration,bug,medium,resolved,standard,I am seeing an error message when I click on api integration.,Thanks for reporting this bug. Our team is reviewing this and will follow up within 24 hours.,Patched the bug and deployed a fix to production.,39.78,0,neutral,3,0,android,APAC
TCKT_097542,2023-04-27 19:47:05,CUST_03228,small_business,email,analytics_dashboard,security_concern,medium,on_hold,standard,We need details about your data encryption and compliance.,We take security very seriously. Our team is reviewing this and will follow up within 24 hours.,,,1,very_negative,2,0,web,MEA
TCKT_097611,2023-04-29 16:58:37,CUST_02357,individual,phone_transcript,mobile_app,performance,low,resolved,gold,Overall performance has degraded in the last few days.,We understand performance issues can be frustrating. We will look into this and get back to you within the next 48 hours.,Optimized queries and increased resource allocation.,63.04,0,neutral,3,0,web,APAC
TCKT_097655,2023-04-30 23:51:50,CUST_03522,small_business,email,login_auth,other,low,resolved,gold,"Something seems off, can you please check my workspace?",Thanks for contacting support. We will look into this and get back to you within the next 48 hours.,Provided general guidance and confirmed the issue was resolved.,12.87,0,negative,2,0,desktop_app,
TCKT_097721,2023-04-09 15:10:39,CUST_04409,small_business,email,login_auth,feature_request,medium,resolved,platinum,Our team needs more advanced options for login auth.,Thanks for your feature suggestion. Our team is reviewing this and will follow up within 24 hours.,Captured the request and added it to the product backlog.,28.26,0,negative,3,0,api_client,
TCKT_097751,2023-04-22 01:00:09,CUST_01883,enterprise,phone_transcript,login_auth,feature_request,low,resolved,standard,It would be great to have login auth support in your product.,Thanks for your feature suggestion. We will look into this and get back to you within the next 48 hours.,Captured the request and added it to the product backlog.,33.3,0,neutral,0,0,desktop_app,
TCKT_097768,2023-04-30 12:39:40,CUST_04797,enterprise,chat,billing,how_to,low,resolved,platinum,I need help setting up billing for my team.,Happy to help with your question. We will look into this and get back to you within the next 48 hours.,Provided step-by-step instructions and relevant documentation.,27.72,0,neutral,0,0,api_client,EU
TCKT_097846,2023-04-24 05:24:54,CUST_05981,education,in_app,data_export,feature_request,low,on_hold,gold,Can you add an option to customize data export?,Thanks for your feature suggestion. We will look into this and get back to you within the next 48 hours.,,,0,neutral,0,0,android,APAC
TCKT_097879,2023-04-28 17:55:21,CUST_09437,enterprise,phone_transcript,notifications,how_to,low,in_progress,standard,Can you explain how to configure notifications properly?,Happy to help with your question. We will look into this and get back to you within the next 48 hours.,,,0,neutral,4,0,android,
TCKT_097882,2023-04-18 11:41:34,CUST_06976,education,email,api_integration,bug,medium,closed_no_action,standard,I am seeing an error message when I click on api integration.,Thanks for reporting this bug. Our team is reviewing this and will follow up within 24 hours.,Ticket closed without further action after no response from the customer.,61.11,0,neutral,3,0,ios,MEA
TCKT_097954,2023-04-24 19:57:52,CUST_03244,non_profit,web_form,analytics_dashboard,feature_request,low,open,standard,It would be great to have analytics dashboard support in your product.,Thanks for your feature suggestion. We will look into this and get back to you within the next 48 hours.,,,0,positive,4,0,api_client,LATAM
TCKT_097963,2023-04-14 13:50:12,CUST_04210,enterprise,email,data_export,feature_request,high,resolved,standard,Our team needs more advanced options for data export.,Thanks for your feature suggestion. We are prioritizing this and will update you as soon as possible.,Captured the request and added it to the product backlog.,10.21,0,positive,4,1,api_client,EU
TCKT_097992,2023-04-12 06:00:49,CUST_01961,enterprise,web_form,analytics_dashboard,performance,low,resolved,gold,The analytics dashboard page is very slow and takes a long time to load.,We understand performance issues can be frustrating. We will look into this and get back to you within the next 48 hours.,Optimized queries and increased resource allocation.,65.62,0,negative,3,0,ios,APAC
TCKT_097994,2023-04-03 10:06:21,CUST_08512,individual,in_app,data_export,how_to,low,resolved,standard,Can you explain how to configure data export properly?,Happy to help with your question. We will look into this and get back to you within the next 48 hours.,Provided step-by-step instructions and relevant documentation.,29.38,0,negative,2,0,ios,LATAM
TCKT_098030,2023-04-09 10:12:25,CUST_04501,education,chat,notifications,performance,low,open,gold,The notifications page is very slow and takes a long time to load.,We understand performance issues can be frustrating. We will look into this and get back to you within the next 48 hours.,,,0,negative,3,0,android,APAC
TCKT_098081,2023-04-11 02:25:43,CUST_00278,small_business,email,data_export,security_concern,low,resolved,standard,I noticed a suspicious login on my account.,We take security very seriously. We will look into this and get back to you within the next 48 hours.,"Investigated logs, mitigated the issue, and updated security settings.",59.91,0,very_negative,1,0,desktop_app,LATAM
TCKT_098100,2023-04-16 06:02:46,CUST_02442,enterprise,chat,analytics_dashboard,other,low,on_hold,standard,I have a general question about my account.,Thanks for contacting support. We will look into this and get back to you within the next 48 hours.,,,0,neutral,4,0,desktop_app,EU
TCKT_098129,2023-04-04 00:58:29,CUST_06850,individual,web_form,login_auth,other,low,resolved,standard,I have a general question about my account.,Thanks for contacting support. We will look into this and get back to you within the next 48 hours.,Provided general guidance and confirmed the issue was resolved.,34.87,0,neutral,4,1,web,MEA
TCKT_098164,2023-04-04 15:50:20,CUST_00215,individual,in_app,login_auth,how_to,low,open,standard,How can I export my data from the login auth section?,Happy to help with your question. We will look into this and get back to you within the next 48 hours.,,,0,negative,3,0,desktop_app,LATAM
TCKT_098180,2023-04-10 07:35:41,CUST_00167,individual,phone_transcript,notifications,feature_request,medium,resolved,standard,Our team needs more advanced options for notifications.,Thanks for your feature suggestion. Our team is reviewing this and will follow up within 24 hours.,Captured the request and added it to the product backlog.,43.61,1,negative,3,1,desktop_app,APAC
TCKT_098198,2023-04-23 01:49:49,CUST_03501,individual,phone_transcript,notifications,billing_problem,medium,closed_no_action,standard,My invoice amount is incorrect compared to the plan I selected.,Thanks for reaching out about the billing issue. Our team is reviewing this and will follow up within 24 hours.,Ticket closed without further action after no response from the customer.,72.2,1,neutral,0,0,ios,MEA
TCKT_098251,2023-04-02 00:01:32,CUST_00749,non_profit,web_form,billing,other,medium,resolved,gold,I need help but I'm not sure which category this fits in.,Thanks for contacting support. Our team is reviewing this and will follow up within 24 hours.,Provided general guidance and confirmed the issue was resolved.,25.21,0,neutral,4,0,android,LATAM
TCKT_098258,2023-04-05 11:39:39,CUST_08429,individual,chat,login_auth,other,medium,in_progress,platinum,I have a general question about my account.,Thanks for contacting support. Our team is reviewing this and will follow up within 24 hours.,,,0,neutral,4,0,ios,MEA
TCKT_098314,2023-04-12 12:54:01,CUST_05277,non_profit,chat,billing,how_to,low,resolved,gold,How can I export my data from the billing section?,Happy to help with your question. We will look into this and get back to you within the next 48 hours.,Provided step-by-step instructions and relevant documentation.,11.49,0,negative,0,0,ios,
TCKT_098350,2023-04-22 02:09:59,CUST_06483,non_profit,in_app,data_export,billing_problem,low,resolved,standard,My invoice amount is incorrect compared to the plan I selected.,Thanks for reaching out about the billing issue. We will look into this and get back to you within the next 48 hours.,Adjusted the invoice and issued a refund where applicable.,51.53,0,very_positive,5,0,android,LATAM
TCKT_098359,2023-04-11 15:03:28,CUST_09920,enterprise,email,login_auth,performance,high,resolved,standard,Overall performance has degraded in the last few days.,We understand performance issues can be frustrating. We are prioritizing this and will update you as soon as possible.,Optimized queries and increased resource allocation.,4.85,0,neutral,3,0,web,
TCKT_098361,2023-04-26 07:56:56,CUST_02467,non_profit,chat,analytics_dashboard,account_access,urgent,on_hold,gold,I cannot log in; the system says my password is incorrect.,Sorry to hear you're having trouble accessing your account. This has been escalated to our on-call team for immediate attention.,,,0,neutral,3,0,web,LATAM
TCKT_098376,2023-04-18 07:23:30,CUST_08816,enterprise,chat,notifications,performance,medium,resolved,standard,Queries in the notifications module are timing out.,We understand performance issues can be frustrating. Our team is reviewing this and will follow up within 24 hours.,Optimized queries and increased resource allocation.,5.99,0,negative,3,0,ios,
TCKT_098557,2023-04-27 18:09:51,CUST_06022,individual,web_form,analytics_dashboard,other,medium,resolved,standard,"Something seems off, can you please check my workspace?",Thanks for contacting support. Our team is reviewing this and will follow up within 24 hours.,Provided general guidance and confirmed the issue was resolved.,23.86,0,neutral,4,0,android,EU
TCKT_098571,2023-04-10 00:37:01,CUST_06482,individual,email,analytics_dashboard,security_concern,medium,on_hold,platinum,We need details about your data encryption and compliance.,We take security very seriously. Our team is reviewing this and will follow up within 24 hours.,,,0,negative,3,1,android,
TCKT_098575,2023-04-15 20:37:24,CUST_07272,non_profit,chat,login_auth,performance,medium,in_progress,standard,The login auth page is very slow and takes a long time to load.,We understand performance issues can be frustrating. Our team is reviewing this and will follow up within 24 hours.,,,0,neutral,4,0,api_client,EU
TCKT_098605,2023-04-10 23:07:26,CUST_02725,education,in_app,data_export,account_access,medium,resolved,standard,My 2FA code is not working when I try to sign in.,Sorry to hear you're having trouble accessing your account. Our team is reviewing this and will follow up within 24 hours.,Reset account credentials and confirmed successful login.,40.28,1,positive,5,1,desktop_app,MEA
TCKT_098647,2023-04-04 10:38:05,CUST_08178,enterprise,web_form,data_export,feature_request,medium,open,gold,Our team needs more advanced options for data export.,Thanks for your feature suggestion. Our team is reviewing this and will follow up within 24 hours.,,,0,positive,0,1,desktop_app,EU
TCKT_098662,2023-04-18 02:33:37,CUST_00424,individual,chat,data_export,bug,high,resolved,standard,The page keeps crashing whenever I try to open the data export section.,Thanks for reporting this bug. We are prioritizing this and will update you as soon as possible.,Patched the bug and deployed a fix to production.,14.61,0,neutral,0,0,api_client,APAC
TCKT_098705,2023-04-07 16:30:36,CUST_03494,individual,phone_transcript,analytics_dashboard,account_access,low,resolved,standard,My account was locked after multiple failed login attempts.,Sorry to hear you're having trouble accessing your account. We will look into this and get back to you within the next 48 hours.,Reset account credentials and confirmed successful login.,41.7,0,positive,4,0,desktop_app,MEA
TCKT_098772,2023-04-24 08:47:36,CUST_06371,education,phone_transcript,login_auth,security_concern,high,resolved,platinum,There seems to be a vulnerability in the login auth functionality.,We take security very seriously. We are prioritizing this and will update you as soon as possible.,"Investigated logs, mitigated the issue, and updated security settings.",12.36,0,neutral,3,1,android,MEA
TCKT_098799,2023-04-26 17:17:24,CUST_04561,education,chat,api_integration,how_to,low,open,standard,How can I export my data from the api integration section?,Happy to help with your question. We will look into this and get back to you within the next 48 hours.,,,0,negative,0,0,ios,MEA
TCKT_098815,2023-04-08 18:30:49,CUST_01856,small_business,chat,billing,other,medium,resolved,standard,I need help but I'm not sure which category this fits in.,Thanks for contacting support. Our team is reviewing this and will follow up within 24 hours.,Provided general guidance and confirmed the issue was resolved.,25.27,0,neutral,3,0,ios,
TCKT_098823,2023-04-09 12:53:15,CUST_04974,non_profit,in_app,analytics_dashboard,bug,low,resolved,gold,The analytics dashboard feature is not saving my changes.,Thanks for reporting this bug. We will look into this and get back to you within the next 48 hours.,Patched the bug and deployed a fix to production.,44.31,0,very_negative,0,0,ios,LATAM
TCKT_098851,2023-04-03 06:39:53,CUST_00475,small_business,in_app,notifications,feature_request,high,in_progress,gold,Can you add an option to customize notifications?,Thanks for your feature suggestion. We are prioritizing this and will update you as soon as possible.,,,0,neutral,4,0,android,MEA
TCKT_098917,2023-04-09 02:12:25,CUST_00924,small_business,email,analytics_dashboard,account_access,urgent,on_hold,standard,My account was locked after multiple failed login attempts.,Sorry to hear you're having trouble accessing your account. This has been escalated to our on-call team for immediate attention.,,,0,negative,3,0,ios,MEA
TCKT_098974,2023-04-16 16:15:55,CUST_03285,education,email,analytics_dashboard,bug,low,in_progress,gold,The analytics dashboard feature is not saving my changes.,Thanks for reporting this bug. We will look into this and get back to you within the next 48 hours.,,,0,very_negative,0,0,api_client,APAC
TCKT_098990,2023-04-12 21:55:42,CUST_08107,education,email,analytics_dashboard,other,high,resolved,standard,"Something seems off, can you please check my workspace?",Thanks for contacting support. We are prioritizing this and will update you as soon as possible.,Provided general guidance and confirmed the issue was resolved.,17.72,0,very_negative,0,0,android,MEA
TCKT_099037,2023-04-02 19:18:27,CUST_02589,non_profit,phone_transcript,mobile_app,account_access,urgent,resolved,gold,I cannot log in; the system says my password is incorrect.,Sorry to hear you're having trouble accessing your account. This has been escalated to our on-call team for immediate attention.,Reset account credentials and confirmed successful login.,0.13,0,positive,0,0,api_client,
TCKT_099048,2023-04-02 10:16:27,CUST_00290,small_business,email,notifications,billing_problem,low,resolved,gold,I downgraded my plan but I am still being billed for the higher tier.,Thanks for reaching out about the billing issue. We will look into this and get back to you within the next 48 hours.,Adjusted the invoice and issued a refund where applicable.,21.39,1,very_negative,0,0,android,LATAM
TCKT_099050,2023-04-26 19:45:38,CUST_05698,enterprise,web_form,analytics_dashboard,how_to,medium,open,gold,I need help setting up analytics dashboard for my team.,Happy to help with your question. Our team is reviewing this and will follow up within 24 hours.,,,0,positive,5,0,android,
TCKT_099092,2023-04-23 04:11:36,CUST_03742,enterprise,chat,mobile_app,feature_request,low,resolved,gold,Can you add an option to customize mobile app?,Thanks for your feature suggestion. We will look into this and get back to you within the next 48 hours.,Captured the request and added it to the product backlog.,42.96,0,neutral,3,0,android,LATAM
TCKT_099109,2023-04-01 23:56:47,CUST_09295,small_business,web_form,api_integration,feature_request,high,open,standard,Our team needs more advanced options for api integration.,Thanks for your feature suggestion. We are prioritizing this and will update you as soon as possible.,,,0,positive,4,0,api_client,MEA
TCKT_099143,2023-04-04 23:13:02,CUST_09725,non_profit,chat,billing,other,urgent,resolved,standard,I need help but I'm not sure which category this fits in.,Thanks for contacting support. This has been escalated to our on-call team for immediate attention.,Provided general guidance and confirmed the issue was resolved.,3.25,0,neutral,4,0,web,MEA
TCKT_099183,2023-04-26 09:48:47,CUST_00887,individual,chat,billing,how_to,high,resolved,standard,How can I export my data from the billing section?,Happy to help with your question. We are prioritizing this and will update you as soon as possible.,Provided step-by-step instructions and relevant documentation.,23.46,0,negative,0,0,desktop_app,EU
TCKT_099242,2023-04-27 01:08:21,CUST_07657,education,chat,data_export,bug,low,on_hold,platinum,The page keeps crashing whenever I try to open the data export section.,Thanks for reporting this bug. We will look into this and get back to you within the next 48 hours.,,,0,positive,0,0,web,EU
TCKT_099339,2023-04-17 20:07:12,CUST_01734,enterprise,web_form,notifications,feature_request,medium,open,platinum,Can you add an option to customize notifications?,Thanks for your feature suggestion. Our team is reviewing this and will follow up within 24 hours.,,,0,negative,0,1,desktop_app,MEA
TCKT_099515,2023-04-26 08:10:27,CUST_03764,individual,chat,billing,bug,medium,resolved,gold,The page keeps crashing whenever I try to open the billing section.,Thanks for reporting this bug. Our team is reviewing this and will follow up within 24 hours.,Patched the bug and deployed a fix to production.,38.99,0,neutral,4,1,desktop_app,EU
TCKT_099534,2023-04-10 13:14:36,CUST_09592,individual,phone_transcript,billing,security_concern,medium,resolved,standard,We need details about your data encryption and compliance.,We take security very seriously. Our team is reviewing this and will follow up within 24 hours.,"Investigated logs, mitigated the issue, and updated security settings.",20.76,0,very_negative,2,1,api_client,APAC
TCKT_099605,2023-04-23 10:46:53,CUST_00335,enterprise,in_app,api_integration,account_access,high,resolved,gold,My 2FA code is not working when I try to sign in.,Sorry to hear you're having trouble accessing your account. We are prioritizing this and will update you as soon as possible.,Reset account credentials and confirmed successful login.,4.89,0,very_positive,0,0,ios,
TCKT_099645,2023-04-18 17:13:18,CUST_07404,enterprise,chat,data_export,other,medium,in_progress,gold,I need help but I'm not sure which category this fits in.,Thanks for contacting support. Our team is reviewing this and will follow up within 24 hours.,,,0,neutral,4,1,android,MEA
TCKT_099779,2023-04-04 05:15:21,CUST_01876,education,phone_transcript,analytics_dashboard,how_to,low,resolved,gold,I need help setting up analytics dashboard for my team.,Happy to help with your question. We will look into this and get back to you within the next 48 hours.,Provided step-by-step instructions and relevant documentation.,29.69,0,very_positive,5,1,api_client,MEA
TCKT_099801,2023-04-17 18:00:52,CUST_07353,education,email,billing,other,low,in_progress,standard,I need help but I'm not sure which category this fits in.,Thanks for contacting support. We will look into this and get back to you within the next 48 hours.,,,0,very_negative,0,0,web,LATAM
TCKT_099838,2023-04-22 22:02:47,CUST_03767,enterprise,email,billing,account_access,low,resolved,gold,My 2FA code is not working when I try to sign in.,Sorry to hear you're having trouble accessing your account. We will look into this and get back to you within the next 48 hours.,Reset account credentials and confirmed successful login.,39.87,0,negative,3,0,web,MEA
TCKT_099986,2023-04-24 14:10:00,CUST_09868,education,in_app,mobile_app,bug,medium,resolved,standard,The page keeps crashing whenever I try to open the mobile app section.,Thanks for reporting this bug. Our team is reviewing this and will follow up within 24 hours.,Patched the bug and deployed a fix to production.,20.63,0,neutral,4,0,desktop_app,EU
TCKT_099987,2023-04-29 05:02:49,CUST_08349,non_profit,email,api_integration,how_to,low,resolved,standard,I need help setting up api integration for my team.,Happy to help with your question. We will look into this and get back to you within the next 48 hours.,Provided step-by-step instructions and relevant documentation.,71.58,0,very_positive,0,0,web,EU
